[2026-04-01 00:00:00] Checking 9 active tasks...
[2026-04-01 00:00:00]   Task dogfood-qa-week4: age 29583600m (timeout 120m)
[2026-04-01 00:00:00]     ⚠️  STALE (exceeded timeout)
[2026-04-01 00:00:00]   Task fix-dogfood-week4: age 29583600m (timeout 120m)
[2026-04-01 00:00:00]     ⚠️  STALE (exceeded timeout)
[2026-04-01 00:00:00]   Task test-opt-parallel-logger: age 29583600m (timeout 120m)
[2026-04-01 00:00:00]     ⚠️  STALE (exceeded timeout)
[2026-04-01 00:00:00]   Task test-opt-parallel-error: age 29583600m (timeout 120m)
[2026-04-01 00:00:00]     ⚠️  STALE (exceeded timeout)
[2026-04-01 00:00:00]   Task audit-all-work: age 29583600m (timeout 120m)
[2026-04-01 00:00:00]     ⚠️  STALE (exceeded timeout)
[2026-04-01 00:00:00]   Task workqueue-automation: age 29583600m (timeout 120m)
[2026-04-01 00:00:00]     ⚠️  STALE (exceeded timeout)
[2026-04-01 00:00:01]   Task test-opt-analytics-opus: age 29583600m (timeout 120m)
[2026-04-01 00:00:01]     ⚠️  STALE (exceeded timeout)
[2026-04-01 00:00:01]   Task fix-trade-builder-403: age 29583600m (timeout 120m)
[2026-04-01 00:00:01]     ⚠️  STALE (exceeded timeout)
[2026-04-01 00:00:01]   Task fix-all-trade-issues: age 29583600m (timeout 120m)
[2026-04-01 00:00:01]     ⚠️  STALE (exceeded timeout)
[2026-04-01 00:00:01] Archiving 9 stale + 0 completed tasks...
[2026-04-01 00:10:01] Checking 9 active tasks...
[2026-04-01 00:10:01]   Task dogfood-qa-week4: age 29583610m (timeout 120m)
[2026-04-01 00:10:01]     ⚠️  STALE (exceeded timeout)
[2026-04-01 00:10:01]   Task fix-dogfood-week4: age 29583610m (timeout 120m)
[2026-04-01 00:10:01]     ⚠️  STALE (exceeded timeout)
[2026-04-01 00:10:01]   Task test-opt-parallel-logger: age 29583610m (timeout 120m)
[2026-04-01 00:10:01]     ⚠️  STALE (exceeded timeout)
[2026-04-01 00:10:01]   Task test-opt-parallel-error: age 29583610m (timeout 120m)
[2026-04-01 00:10:01]     ⚠️  STALE (exceeded timeout)
[2026-04-01 00:10:01]   Task audit-all-work: age 29583610m (timeout 120m)
[2026-04-01 00:10:01]     ⚠️  STALE (exceeded timeout)
[2026-04-01 00:10:01]   Task workqueue-automation: age 29583610m (timeout 120m)
[2026-04-01 00:10:01]     ⚠️  STALE (exceeded timeout)
[2026-04-01 00:10:01]   Task test-opt-analytics-opus: age 29583610m (timeout 120m)
[2026-04-01 00:10:01]     ⚠️  STALE (exceeded timeout)
[2026-04-01 00:10:01]   Task fix-trade-builder-403: age 29583610m (timeout 120m)
[2026-04-01 00:10:01]     ⚠️  STALE (exceeded timeout)
[2026-04-01 00:10:01]   Task fix-all-trade-issues: age 29583610m (timeout 120m)
[2026-04-01 00:10:01]     ⚠️  STALE (exceeded timeout)
[2026-04-01 00:10:01] Archiving 9 stale + 0 completed tasks...
[2026-04-01 00:20:01] Checking 9 active tasks...
[2026-04-01 00:20:01]   Task dogfood-qa-week4: age 29583620m (timeout 120m)
[2026-04-01 00:20:01]     ⚠️  STALE (exceeded timeout)
[2026-04-01 00:20:01]   Task fix-dogfood-week4: age 29583620m (timeout 120m)
[2026-04-01 00:20:01]     ⚠️  STALE (exceeded timeout)
[2026-04-01 00:20:01]   Task test-opt-parallel-logger: age 29583620m (timeout 120m)
[2026-04-01 00:20:01]     ⚠️  STALE (exceeded timeout)
[2026-04-01 00:20:01]   Task test-opt-parallel-error: age 29583620m (timeout 120m)
[2026-04-01 00:20:01]     ⚠️  STALE (exceeded timeout)
[2026-04-01 00:20:01]   Task audit-all-work: age 29583620m (timeout 120m)
[2026-04-01 00:20:01]     ⚠️  STALE (exceeded timeout)
[2026-04-01 00:20:01]   Task workqueue-automation: age 29583620m (timeout 120m)
[2026-04-01 00:20:01]     ⚠️  STALE (exceeded timeout)
[2026-04-01 00:20:01]   Task test-opt-analytics-opus: age 29583620m (timeout 120m)
[2026-04-01 00:20:01]     ⚠️  STALE (exceeded timeout)
[2026-04-01 00:20:01]   Task fix-trade-builder-403: age 29583620m (timeout 120m)
[2026-04-01 00:20:01]     ⚠️  STALE (exceeded timeout)
[2026-04-01 00:20:01]   Task fix-all-trade-issues: age 29583620m (timeout 120m)
[2026-04-01 00:20:01]     ⚠️  STALE (exceeded timeout)
[2026-04-01 00:20:01] Archiving 9 stale + 0 completed tasks...
[2026-04-01 00:30:00] Checking 9 active tasks...
[2026-04-01 00:30:00]   Task dogfood-qa-week4: age 29583630m (timeout 120m)
[2026-04-01 00:30:00]     ⚠️  STALE (exceeded timeout)
[2026-04-01 00:30:00]   Task fix-dogfood-week4: age 29583630m (timeout 120m)
[2026-04-01 00:30:00]     ⚠️  STALE (exceeded timeout)
[2026-04-01 00:30:00]   Task test-opt-parallel-logger: age 29583630m (timeout 120m)
[2026-04-01 00:30:00]     ⚠️  STALE (exceeded timeout)
[2026-04-01 00:30:01]   Task test-opt-parallel-error: age 29583630m (timeout 120m)
[2026-04-01 00:30:01]     ⚠️  STALE (exceeded timeout)
[2026-04-01 00:30:01]   Task audit-all-work: age 29583630m (timeout 120m)
[2026-04-01 00:30:01]     ⚠️  STALE (exceeded timeout)
[2026-04-01 00:30:01]   Task workqueue-automation: age 29583630m (timeout 120m)
[2026-04-01 00:30:01]     ⚠️  STALE (exceeded timeout)
[2026-04-01 00:30:01]   Task test-opt-analytics-opus: age 29583630m (timeout 120m)
[2026-04-01 00:30:01]     ⚠️  STALE (exceeded timeout)
[2026-04-01 00:30:01]   Task fix-trade-builder-403: age 29583630m (timeout 120m)
[2026-04-01 00:30:01]     ⚠️  STALE (exceeded timeout)
[2026-04-01 00:30:01]   Task fix-all-trade-issues: age 29583630m (timeout 120m)
[2026-04-01 00:30:01]     ⚠️  STALE (exceeded timeout)
[2026-04-01 00:30:01] Archiving 9 stale + 0 completed tasks...
[2026-04-01 00:40:00] Checking 9 active tasks...
[2026-04-01 00:40:00]   Task dogfood-qa-week4: age 29583640m (timeout 120m)
[2026-04-01 00:40:00]     ⚠️  STALE (exceeded timeout)
[2026-04-01 00:40:00]   Task fix-dogfood-week4: age 29583640m (timeout 120m)
[2026-04-01 00:40:00]     ⚠️  STALE (exceeded timeout)
[2026-04-01 00:40:00]   Task test-opt-parallel-logger: age 29583640m (timeout 120m)
[2026-04-01 00:40:00]     ⚠️  STALE (exceeded timeout)
[2026-04-01 00:40:01]   Task test-opt-parallel-error: age 29583640m (timeout 120m)
[2026-04-01 00:40:01]     ⚠️  STALE (exceeded timeout)
[2026-04-01 00:40:01]   Task audit-all-work: age 29583640m (timeout 120m)
[2026-04-01 00:40:01]     ⚠️  STALE (exceeded timeout)
[2026-04-01 00:40:01]   Task workqueue-automation: age 29583640m (timeout 120m)
[2026-04-01 00:40:01]     ⚠️  STALE (exceeded timeout)
[2026-04-01 00:40:01]   Task test-opt-analytics-opus: age 29583640m (timeout 120m)
[2026-04-01 00:40:01]     ⚠️  STALE (exceeded timeout)
[2026-04-01 00:40:01]   Task fix-trade-builder-403: age 29583640m (timeout 120m)
[2026-04-01 00:40:01]     ⚠️  STALE (exceeded timeout)
[2026-04-01 00:40:01]   Task fix-all-trade-issues: age 29583640m (timeout 120m)
[2026-04-01 00:40:01]     ⚠️  STALE (exceeded timeout)
[2026-04-01 00:40:01] Archiving 9 stale + 0 completed tasks...
[2026-04-01 00:50:00] Checking 9 active tasks...
[2026-04-01 00:50:00]   Task dogfood-qa-week4: age 29583650m (timeout 120m)
[2026-04-01 00:50:00]     ⚠️  STALE (exceeded timeout)
[2026-04-01 00:50:00]   Task fix-dogfood-week4: age 29583650m (timeout 120m)
[2026-04-01 00:50:00]     ⚠️  STALE (exceeded timeout)
[2026-04-01 00:50:01]   Task test-opt-parallel-logger: age 29583650m (timeout 120m)
[2026-04-01 00:50:01]     ⚠️  STALE (exceeded timeout)
[2026-04-01 00:50:01]   Task test-opt-parallel-error: age 29583650m (timeout 120m)
[2026-04-01 00:50:01]     ⚠️  STALE (exceeded timeout)
[2026-04-01 00:50:01]   Task audit-all-work: age 29583650m (timeout 120m)
[2026-04-01 00:50:01]     ⚠️  STALE (exceeded timeout)
[2026-04-01 00:50:01]   Task workqueue-automation: age 29583650m (timeout 120m)
[2026-04-01 00:50:01]     ⚠️  STALE (exceeded timeout)
[2026-04-01 00:50:01]   Task test-opt-analytics-opus: age 29583650m (timeout 120m)
[2026-04-01 00:50:01]     ⚠️  STALE (exceeded timeout)
[2026-04-01 00:50:01]   Task fix-trade-builder-403: age 29583650m (timeout 120m)
[2026-04-01 00:50:01]     ⚠️  STALE (exceeded timeout)
[2026-04-01 00:50:01]   Task fix-all-trade-issues: age 29583650m (timeout 120m)
[2026-04-01 00:50:01]     ⚠️  STALE (exceeded timeout)
[2026-04-01 00:50:01] Archiving 9 stale + 0 completed tasks...
[2026-04-01 01:00:00] Checking 9 active tasks...
[2026-04-01 01:00:00]   Task dogfood-qa-week4: age 29583660m (timeout 120m)
[2026-04-01 01:00:00]     ⚠️  STALE (exceeded timeout)
[2026-04-01 01:00:00]   Task fix-dogfood-week4: age 29583660m (timeout 120m)
[2026-04-01 01:00:00]     ⚠️  STALE (exceeded timeout)
[2026-04-01 01:00:00]   Task test-opt-parallel-logger: age 29583660m (timeout 120m)
[2026-04-01 01:00:00]     ⚠️  STALE (exceeded timeout)
[2026-04-01 01:00:00]   Task test-opt-parallel-error: age 29583660m (timeout 120m)
[2026-04-01 01:00:00]     ⚠️  STALE (exceeded timeout)
[2026-04-01 01:00:00]   Task audit-all-work: age 29583660m (timeout 120m)
[2026-04-01 01:00:00]     ⚠️  STALE (exceeded timeout)
[2026-04-01 01:00:01]   Task workqueue-automation: age 29583660m (timeout 120m)
[2026-04-01 01:00:01]     ⚠️  STALE (exceeded timeout)
[2026-04-01 01:00:01]   Task test-opt-analytics-opus: age 29583660m (timeout 120m)
[2026-04-01 01:00:01]     ⚠️  STALE (exceeded timeout)
[2026-04-01 01:00:01]   Task fix-trade-builder-403: age 29583660m (timeout 120m)
[2026-04-01 01:00:01]     ⚠️  STALE (exceeded timeout)
[2026-04-01 01:00:01]   Task fix-all-trade-issues: age 29583660m (timeout 120m)
[2026-04-01 01:00:01]     ⚠️  STALE (exceeded timeout)
[2026-04-01 01:00:01] Archiving 9 stale + 0 completed tasks...
[2026-04-01 01:10:00] Checking 9 active tasks...
[2026-04-01 01:10:00]   Task dogfood-qa-week4: age 29583670m (timeout 120m)
[2026-04-01 01:10:00]     ⚠️  STALE (exceeded timeout)
[2026-04-01 01:10:00]   Task fix-dogfood-week4: age 29583670m (timeout 120m)
[2026-04-01 01:10:00]     ⚠️  STALE (exceeded timeout)
[2026-04-01 01:10:00]   Task test-opt-parallel-logger: age 29583670m (timeout 120m)
[2026-04-01 01:10:00]     ⚠️  STALE (exceeded timeout)
[2026-04-01 01:10:00]   Task test-opt-parallel-error: age 29583670m (timeout 120m)
[2026-04-01 01:10:00]     ⚠️  STALE (exceeded timeout)
[2026-04-01 01:10:00]   Task audit-all-work: age 29583670m (timeout 120m)
[2026-04-01 01:10:00]     ⚠️  STALE (exceeded timeout)
[2026-04-01 01:10:01]   Task workqueue-automation: age 29583670m (timeout 120m)
[2026-04-01 01:10:01]     ⚠️  STALE (exceeded timeout)
[2026-04-01 01:10:01]   Task test-opt-analytics-opus: age 29583670m (timeout 120m)
[2026-04-01 01:10:01]     ⚠️  STALE (exceeded timeout)
[2026-04-01 01:10:01]   Task fix-trade-builder-403: age 29583670m (timeout 120m)
[2026-04-01 01:10:01]     ⚠️  STALE (exceeded timeout)
[2026-04-01 01:10:01]   Task fix-all-trade-issues: age 29583670m (timeout 120m)
[2026-04-01 01:10:01]     ⚠️  STALE (exceeded timeout)
[2026-04-01 01:10:01] Archiving 9 stale + 0 completed tasks...
[2026-04-01 01:20:00] Checking 9 active tasks...
[2026-04-01 01:20:00]   Task dogfood-qa-week4: age 29583680m (timeout 120m)
[2026-04-01 01:20:00]     ⚠️  STALE (exceeded timeout)
[2026-04-01 01:20:00]   Task fix-dogfood-week4: age 29583680m (timeout 120m)
[2026-04-01 01:20:00]     ⚠️  STALE (exceeded timeout)
[2026-04-01 01:20:00]   Task test-opt-parallel-logger: age 29583680m (timeout 120m)
[2026-04-01 01:20:00]     ⚠️  STALE (exceeded timeout)
[2026-04-01 01:20:00]   Task test-opt-parallel-error: age 29583680m (timeout 120m)
[2026-04-01 01:20:00]     ⚠️  STALE (exceeded timeout)
[2026-04-01 01:20:00]   Task audit-all-work: age 29583680m (timeout 120m)
[2026-04-01 01:20:00]     ⚠️  STALE (exceeded timeout)
[2026-04-01 01:20:00]   Task workqueue-automation: age 29583680m (timeout 120m)
[2026-04-01 01:20:00]     ⚠️  STALE (exceeded timeout)
[2026-04-01 01:20:00]   Task test-opt-analytics-opus: age 29583680m (timeout 120m)
[2026-04-01 01:20:00]     ⚠️  STALE (exceeded timeout)
[2026-04-01 01:20:00]   Task fix-trade-builder-403: age 29583680m (timeout 120m)
[2026-04-01 01:20:00]     ⚠️  STALE (exceeded timeout)
[2026-04-01 01:20:00]   Task fix-all-trade-issues: age 29583680m (timeout 120m)
[2026-04-01 01:20:00]     ⚠️  STALE (exceeded timeout)
[2026-04-01 01:20:00] Archiving 9 stale + 0 completed tasks...
[2026-04-01 01:30:00] Checking 9 active tasks...
[2026-04-01 01:30:00]   Task dogfood-qa-week4: age 29583690m (timeout 120m)
[2026-04-01 01:30:00]     ⚠️  STALE (exceeded timeout)
[2026-04-01 01:30:00]   Task fix-dogfood-week4: age 29583690m (timeout 120m)
[2026-04-01 01:30:00]     ⚠️  STALE (exceeded timeout)
[2026-04-01 01:30:00]   Task test-opt-parallel-logger: age 29583690m (timeout 120m)
[2026-04-01 01:30:00]     ⚠️  STALE (exceeded timeout)
[2026-04-01 01:30:00]   Task test-opt-parallel-error: age 29583690m (timeout 120m)
[2026-04-01 01:30:00]     ⚠️  STALE (exceeded timeout)
[2026-04-01 01:30:00]   Task audit-all-work: age 29583690m (timeout 120m)
[2026-04-01 01:30:00]     ⚠️  STALE (exceeded timeout)
[2026-04-01 01:30:00]   Task workqueue-automation: age 29583690m (timeout 120m)
[2026-04-01 01:30:00]     ⚠️  STALE (exceeded timeout)
[2026-04-01 01:30:00]   Task test-opt-analytics-opus: age 29583690m (timeout 120m)
[2026-04-01 01:30:00]     ⚠️  STALE (exceeded timeout)
[2026-04-01 01:30:01]   Task fix-trade-builder-403: age 29583690m (timeout 120m)
[2026-04-01 01:30:01]     ⚠️  STALE (exceeded timeout)
[2026-04-01 01:30:01]   Task fix-all-trade-issues: age 29583690m (timeout 120m)
[2026-04-01 01:30:01]     ⚠️  STALE (exceeded timeout)
[2026-04-01 01:30:01] Archiving 9 stale + 0 completed tasks...
[2026-04-01 01:40:00] Checking 9 active tasks...
[2026-04-01 01:40:00]   Task dogfood-qa-week4: age 29583700m (timeout 120m)
[2026-04-01 01:40:00]     ⚠️  STALE (exceeded timeout)
[2026-04-01 01:40:00]   Task fix-dogfood-week4: age 29583700m (timeout 120m)
[2026-04-01 01:40:00]     ⚠️  STALE (exceeded timeout)
[2026-04-01 01:40:00]   Task test-opt-parallel-logger: age 29583700m (timeout 120m)
[2026-04-01 01:40:00]     ⚠️  STALE (exceeded timeout)
[2026-04-01 01:40:00]   Task test-opt-parallel-error: age 29583700m (timeout 120m)
[2026-04-01 01:40:00]     ⚠️  STALE (exceeded timeout)
[2026-04-01 01:40:00]   Task audit-all-work: age 29583700m (timeout 120m)
[2026-04-01 01:40:00]     ⚠️  STALE (exceeded timeout)
[2026-04-01 01:40:00]   Task workqueue-automation: age 29583700m (timeout 120m)
[2026-04-01 01:40:00]     ⚠️  STALE (exceeded timeout)
[2026-04-01 01:40:00]   Task test-opt-analytics-opus: age 29583700m (timeout 120m)
[2026-04-01 01:40:00]     ⚠️  STALE (exceeded timeout)
[2026-04-01 01:40:00]   Task fix-trade-builder-403: age 29583700m (timeout 120m)
[2026-04-01 01:40:00]     ⚠️  STALE (exceeded timeout)
[2026-04-01 01:40:01]   Task fix-all-trade-issues: age 29583700m (timeout 120m)
[2026-04-01 01:40:01]     ⚠️  STALE (exceeded timeout)
[2026-04-01 01:40:01] Archiving 9 stale + 0 completed tasks...
[2026-04-01 01:50:00] Checking 9 active tasks...
[2026-04-01 01:50:00]   Task dogfood-qa-week4: age 29583710m (timeout 120m)
[2026-04-01 01:50:00]     ⚠️  STALE (exceeded timeout)
[2026-04-01 01:50:00]   Task fix-dogfood-week4: age 29583710m (timeout 120m)
[2026-04-01 01:50:00]     ⚠️  STALE (exceeded timeout)
[2026-04-01 01:50:00]   Task test-opt-parallel-logger: age 29583710m (timeout 120m)
[2026-04-01 01:50:00]     ⚠️  STALE (exceeded timeout)
[2026-04-01 01:50:00]   Task test-opt-parallel-error: age 29583710m (timeout 120m)
[2026-04-01 01:50:00]     ⚠️  STALE (exceeded timeout)
[2026-04-01 01:50:00]   Task audit-all-work: age 29583710m (timeout 120m)
[2026-04-01 01:50:00]     ⚠️  STALE (exceeded timeout)
[2026-04-01 01:50:00]   Task workqueue-automation: age 29583710m (timeout 120m)
[2026-04-01 01:50:00]     ⚠️  STALE (exceeded timeout)
[2026-04-01 01:50:00]   Task test-opt-analytics-opus: age 29583710m (timeout 120m)
[2026-04-01 01:50:00]     ⚠️  STALE (exceeded timeout)
[2026-04-01 01:50:00]   Task fix-trade-builder-403: age 29583710m (timeout 120m)
[2026-04-01 01:50:00]     ⚠️  STALE (exceeded timeout)
[2026-04-01 01:50:01]   Task fix-all-trade-issues: age 29583710m (timeout 120m)
[2026-04-01 01:50:01]     ⚠️  STALE (exceeded timeout)
[2026-04-01 01:50:01] Archiving 9 stale + 0 completed tasks...
[2026-04-01 02:00:00] Checking 9 active tasks...
[2026-04-01 02:00:00]   Task dogfood-qa-week4: age 29583720m (timeout 120m)
[2026-04-01 02:00:00]     ⚠️  STALE (exceeded timeout)
[2026-04-01 02:00:00]   Task fix-dogfood-week4: age 29583720m (timeout 120m)
[2026-04-01 02:00:00]     ⚠️  STALE (exceeded timeout)
[2026-04-01 02:00:00]   Task test-opt-parallel-logger: age 29583720m (timeout 120m)
[2026-04-01 02:00:00]     ⚠️  STALE (exceeded timeout)
[2026-04-01 02:00:00]   Task test-opt-parallel-error: age 29583720m (timeout 120m)
[2026-04-01 02:00:00]     ⚠️  STALE (exceeded timeout)
[2026-04-01 02:00:00]   Task audit-all-work: age 29583720m (timeout 120m)
[2026-04-01 02:00:00]     ⚠️  STALE (exceeded timeout)
[2026-04-01 02:00:00]   Task workqueue-automation: age 29583720m (timeout 120m)
[2026-04-01 02:00:00]     ⚠️  STALE (exceeded timeout)
[2026-04-01 02:00:01]   Task test-opt-analytics-opus: age 29583720m (timeout 120m)
[2026-04-01 02:00:01]     ⚠️  STALE (exceeded timeout)
[2026-04-01 02:00:01]   Task fix-trade-builder-403: age 29583720m (timeout 120m)
[2026-04-01 02:00:01]     ⚠️  STALE (exceeded timeout)
[2026-04-01 02:00:01]   Task fix-all-trade-issues: age 29583720m (timeout 120m)
[2026-04-01 02:00:01]     ⚠️  STALE (exceeded timeout)
[2026-04-01 02:00:01] Archiving 9 stale + 0 completed tasks...
[2026-04-01 02:10:00] Checking 9 active tasks...
[2026-04-01 02:10:01]   Task dogfood-qa-week4: age 29583730m (timeout 120m)
[2026-04-01 02:10:01]     ⚠️  STALE (exceeded timeout)
[2026-04-01 02:10:01]   Task fix-dogfood-week4: age 29583730m (timeout 120m)
[2026-04-01 02:10:01]     ⚠️  STALE (exceeded timeout)
[2026-04-01 02:10:01]   Task test-opt-parallel-logger: age 29583730m (timeout 120m)
[2026-04-01 02:10:01]     ⚠️  STALE (exceeded timeout)
[2026-04-01 02:10:01]   Task test-opt-parallel-error: age 29583730m (timeout 120m)
[2026-04-01 02:10:01]     ⚠️  STALE (exceeded timeout)
[2026-04-01 02:10:01]   Task audit-all-work: age 29583730m (timeout 120m)
[2026-04-01 02:10:01]     ⚠️  STALE (exceeded timeout)
[2026-04-01 02:10:01]   Task workqueue-automation: age 29583730m (timeout 120m)
[2026-04-01 02:10:01]     ⚠️  STALE (exceeded timeout)
[2026-04-01 02:10:01]   Task test-opt-analytics-opus: age 29583730m (timeout 120m)
[2026-04-01 02:10:01]     ⚠️  STALE (exceeded timeout)
[2026-04-01 02:10:01]   Task fix-trade-builder-403: age 29583730m (timeout 120m)
[2026-04-01 02:10:01]     ⚠️  STALE (exceeded timeout)
[2026-04-01 02:10:01]   Task fix-all-trade-issues: age 29583730m (timeout 120m)
[2026-04-01 02:10:01]     ⚠️  STALE (exceeded timeout)
[2026-04-01 02:10:01] Archiving 9 stale + 0 completed tasks...
[2026-04-01 02:20:01] Checking 9 active tasks...
[2026-04-01 02:20:01]   Task dogfood-qa-week4: age 29583740m (timeout 120m)
[2026-04-01 02:20:01]     ⚠️  STALE (exceeded timeout)
[2026-04-01 02:20:01]   Task fix-dogfood-week4: age 29583740m (timeout 120m)
[2026-04-01 02:20:01]     ⚠️  STALE (exceeded timeout)
[2026-04-01 02:20:01]   Task test-opt-parallel-logger: age 29583740m (timeout 120m)
[2026-04-01 02:20:01]     ⚠️  STALE (exceeded timeout)
[2026-04-01 02:20:01]   Task test-opt-parallel-error: age 29583740m (timeout 120m)
[2026-04-01 02:20:01]     ⚠️  STALE (exceeded timeout)
[2026-04-01 02:20:01]   Task audit-all-work: age 29583740m (timeout 120m)
[2026-04-01 02:20:01]     ⚠️  STALE (exceeded timeout)
[2026-04-01 02:20:01]   Task workqueue-automation: age 29583740m (timeout 120m)
[2026-04-01 02:20:01]     ⚠️  STALE (exceeded timeout)
[2026-04-01 02:20:01]   Task test-opt-analytics-opus: age 29583740m (timeout 120m)
[2026-04-01 02:20:01]     ⚠️  STALE (exceeded timeout)
[2026-04-01 02:20:01]   Task fix-trade-builder-403: age 29583740m (timeout 120m)
[2026-04-01 02:20:01]     ⚠️  STALE (exceeded timeout)
[2026-04-01 02:20:01]   Task fix-all-trade-issues: age 29583740m (timeout 120m)
[2026-04-01 02:20:01]     ⚠️  STALE (exceeded timeout)
[2026-04-01 02:20:01] Archiving 9 stale + 0 completed tasks...
[2026-04-01 02:30:00] Checking 9 active tasks...
[2026-04-01 02:30:00]   Task dogfood-qa-week4: age 29583750m (timeout 120m)
[2026-04-01 02:30:00]     ⚠️  STALE (exceeded timeout)
[2026-04-01 02:30:00]   Task fix-dogfood-week4: age 29583750m (timeout 120m)
[2026-04-01 02:30:00]     ⚠️  STALE (exceeded timeout)
[2026-04-01 02:30:00]   Task test-opt-parallel-logger: age 29583750m (timeout 120m)
[2026-04-01 02:30:00]     ⚠️  STALE (exceeded timeout)
[2026-04-01 02:30:00]   Task test-opt-parallel-error: age 29583750m (timeout 120m)
[2026-04-01 02:30:00]     ⚠️  STALE (exceeded timeout)
[2026-04-01 02:30:00]   Task audit-all-work: age 29583750m (timeout 120m)
[2026-04-01 02:30:00]     ⚠️  STALE (exceeded timeout)
[2026-04-01 02:30:00]   Task workqueue-automation: age 29583750m (timeout 120m)
[2026-04-01 02:30:00]     ⚠️  STALE (exceeded timeout)
[2026-04-01 02:30:00]   Task test-opt-analytics-opus: age 29583750m (timeout 120m)
[2026-04-01 02:30:00]     ⚠️  STALE (exceeded timeout)
[2026-04-01 02:30:00]   Task fix-trade-builder-403: age 29583750m (timeout 120m)
[2026-04-01 02:30:00]     ⚠️  STALE (exceeded timeout)
[2026-04-01 02:30:00]   Task fix-all-trade-issues: age 29583750m (timeout 120m)
[2026-04-01 02:30:01]     ⚠️  STALE (exceeded timeout)
[2026-04-01 02:30:01] Archiving 9 stale + 0 completed tasks...
[2026-04-01 02:40:01] Checking 9 active tasks...
[2026-04-01 02:40:01]   Task dogfood-qa-week4: age 29583760m (timeout 120m)
[2026-04-01 02:40:01]     ⚠️  STALE (exceeded timeout)
[2026-04-01 02:40:01]   Task fix-dogfood-week4: age 29583760m (timeout 120m)
[2026-04-01 02:40:01]     ⚠️  STALE (exceeded timeout)
[2026-04-01 02:40:01]   Task test-opt-parallel-logger: age 29583760m (timeout 120m)
[2026-04-01 02:40:01]     ⚠️  STALE (exceeded timeout)
[2026-04-01 02:40:01]   Task test-opt-parallel-error: age 29583760m (timeout 120m)
[2026-04-01 02:40:01]     ⚠️  STALE (exceeded timeout)
[2026-04-01 02:40:01]   Task audit-all-work: age 29583760m (timeout 120m)
[2026-04-01 02:40:01]     ⚠️  STALE (exceeded timeout)
[2026-04-01 02:40:01]   Task workqueue-automation: age 29583760m (timeout 120m)
[2026-04-01 02:40:01]     ⚠️  STALE (exceeded timeout)
[2026-04-01 02:40:01]   Task test-opt-analytics-opus: age 29583760m (timeout 120m)
[2026-04-01 02:40:01]     ⚠️  STALE (exceeded timeout)
[2026-04-01 02:40:01]   Task fix-trade-builder-403: age 29583760m (timeout 120m)
[2026-04-01 02:40:01]     ⚠️  STALE (exceeded timeout)
[2026-04-01 02:40:01]   Task fix-all-trade-issues: age 29583760m (timeout 120m)
[2026-04-01 02:40:01]     ⚠️  STALE (exceeded timeout)
[2026-04-01 02:40:01] Archiving 9 stale + 0 completed tasks...
[2026-04-01 02:50:01] Checking 9 active tasks...
[2026-04-01 02:50:01]   Task dogfood-qa-week4: age 29583770m (timeout 120m)
[2026-04-01 02:50:01]     ⚠️  STALE (exceeded timeout)
[2026-04-01 02:50:01]   Task fix-dogfood-week4: age 29583770m (timeout 120m)
[2026-04-01 02:50:01]     ⚠️  STALE (exceeded timeout)
[2026-04-01 02:50:01]   Task test-opt-parallel-logger: age 29583770m (timeout 120m)
[2026-04-01 02:50:01]     ⚠️  STALE (exceeded timeout)
[2026-04-01 02:50:01]   Task test-opt-parallel-error: age 29583770m (timeout 120m)
[2026-04-01 02:50:01]     ⚠️  STALE (exceeded timeout)
[2026-04-01 02:50:01]   Task audit-all-work: age 29583770m (timeout 120m)
[2026-04-01 02:50:01]     ⚠️  STALE (exceeded timeout)
[2026-04-01 02:50:01]   Task workqueue-automation: age 29583770m (timeout 120m)
[2026-04-01 02:50:01]     ⚠️  STALE (exceeded timeout)
[2026-04-01 02:50:01]   Task test-opt-analytics-opus: age 29583770m (timeout 120m)
[2026-04-01 02:50:01]     ⚠️  STALE (exceeded timeout)
[2026-04-01 02:50:01]   Task fix-trade-builder-403: age 29583770m (timeout 120m)
[2026-04-01 02:50:01]     ⚠️  STALE (exceeded timeout)
[2026-04-01 02:50:01]   Task fix-all-trade-issues: age 29583770m (timeout 120m)
[2026-04-01 02:50:01]     ⚠️  STALE (exceeded timeout)
[2026-04-01 02:50:01] Archiving 9 stale + 0 completed tasks...
[2026-04-01 03:00:00] Checking 9 active tasks...
[2026-04-01 03:00:00]   Task dogfood-qa-week4: age 29583780m (timeout 120m)
[2026-04-01 03:00:00]     ⚠️  STALE (exceeded timeout)
[2026-04-01 03:00:00]   Task fix-dogfood-week4: age 29583780m (timeout 120m)
[2026-04-01 03:00:00]     ⚠️  STALE (exceeded timeout)
[2026-04-01 03:00:00]   Task test-opt-parallel-logger: age 29583780m (timeout 120m)
[2026-04-01 03:00:00]     ⚠️  STALE (exceeded timeout)
[2026-04-01 03:00:00]   Task test-opt-parallel-error: age 29583780m (timeout 120m)
[2026-04-01 03:00:00]     ⚠️  STALE (exceeded timeout)
[2026-04-01 03:00:00]   Task audit-all-work: age 29583780m (timeout 120m)
[2026-04-01 03:00:00]     ⚠️  STALE (exceeded timeout)
[2026-04-01 03:00:00]   Task workqueue-automation: age 29583780m (timeout 120m)
[2026-04-01 03:00:00]     ⚠️  STALE (exceeded timeout)
[2026-04-01 03:00:00]   Task test-opt-analytics-opus: age 29583780m (timeout 120m)
[2026-04-01 03:00:00]     ⚠️  STALE (exceeded timeout)
[2026-04-01 03:00:00]   Task fix-trade-builder-403: age 29583780m (timeout 120m)
[2026-04-01 03:00:00]     ⚠️  STALE (exceeded timeout)
[2026-04-01 03:00:01]   Task fix-all-trade-issues: age 29583780m (timeout 120m)
[2026-04-01 03:00:01]     ⚠️  STALE (exceeded timeout)
[2026-04-01 03:00:01] Archiving 9 stale + 0 completed tasks...
[2026-04-01 03:10:00] Checking 9 active tasks...
[2026-04-01 03:10:00]   Task dogfood-qa-week4: age 29583790m (timeout 120m)
[2026-04-01 03:10:00]     ⚠️  STALE (exceeded timeout)
[2026-04-01 03:10:00]   Task fix-dogfood-week4: age 29583790m (timeout 120m)
[2026-04-01 03:10:00]     ⚠️  STALE (exceeded timeout)
[2026-04-01 03:10:00]   Task test-opt-parallel-logger: age 29583790m (timeout 120m)
[2026-04-01 03:10:00]     ⚠️  STALE (exceeded timeout)
[2026-04-01 03:10:00]   Task test-opt-parallel-error: age 29583790m (timeout 120m)
[2026-04-01 03:10:00]     ⚠️  STALE (exceeded timeout)
[2026-04-01 03:10:00]   Task audit-all-work: age 29583790m (timeout 120m)
[2026-04-01 03:10:00]     ⚠️  STALE (exceeded timeout)
[2026-04-01 03:10:00]   Task workqueue-automation: age 29583790m (timeout 120m)
[2026-04-01 03:10:00]     ⚠️  STALE (exceeded timeout)
[2026-04-01 03:10:01]   Task test-opt-analytics-opus: age 29583790m (timeout 120m)
[2026-04-01 03:10:01]     ⚠️  STALE (exceeded timeout)
[2026-04-01 03:10:01]   Task fix-trade-builder-403: age 29583790m (timeout 120m)
[2026-04-01 03:10:01]     ⚠️  STALE (exceeded timeout)
[2026-04-01 03:10:01]   Task fix-all-trade-issues: age 29583790m (timeout 120m)
[2026-04-01 03:10:01]     ⚠️  STALE (exceeded timeout)
[2026-04-01 03:10:01] Archiving 9 stale + 0 completed tasks...
[2026-04-01 03:20:00] Checking 9 active tasks...
[2026-04-01 03:20:00]   Task dogfood-qa-week4: age 29583800m (timeout 120m)
[2026-04-01 03:20:00]     ⚠️  STALE (exceeded timeout)
[2026-04-01 03:20:00]   Task fix-dogfood-week4: age 29583800m (timeout 120m)
[2026-04-01 03:20:00]     ⚠️  STALE (exceeded timeout)
[2026-04-01 03:20:00]   Task test-opt-parallel-logger: age 29583800m (timeout 120m)
[2026-04-01 03:20:00]     ⚠️  STALE (exceeded timeout)
[2026-04-01 03:20:00]   Task test-opt-parallel-error: age 29583800m (timeout 120m)
[2026-04-01 03:20:00]     ⚠️  STALE (exceeded timeout)
[2026-04-01 03:20:00]   Task audit-all-work: age 29583800m (timeout 120m)
[2026-04-01 03:20:00]     ⚠️  STALE (exceeded timeout)
[2026-04-01 03:20:01]   Task workqueue-automation: age 29583800m (timeout 120m)
[2026-04-01 03:20:01]     ⚠️  STALE (exceeded timeout)
[2026-04-01 03:20:01]   Task test-opt-analytics-opus: age 29583800m (timeout 120m)
[2026-04-01 03:20:01]     ⚠️  STALE (exceeded timeout)
[2026-04-01 03:20:01]   Task fix-trade-builder-403: age 29583800m (timeout 120m)
[2026-04-01 03:20:01]     ⚠️  STALE (exceeded timeout)
[2026-04-01 03:20:01]   Task fix-all-trade-issues: age 29583800m (timeout 120m)
[2026-04-01 03:20:01]     ⚠️  STALE (exceeded timeout)
[2026-04-01 03:20:01] Archiving 9 stale + 0 completed tasks...
[2026-04-01 03:30:00] Checking 9 active tasks...
[2026-04-01 03:30:00]   Task dogfood-qa-week4: age 29583810m (timeout 120m)
[2026-04-01 03:30:00]     ⚠️  STALE (exceeded timeout)
[2026-04-01 03:30:01]   Task fix-dogfood-week4: age 29583810m (timeout 120m)
[2026-04-01 03:30:01]     ⚠️  STALE (exceeded timeout)
[2026-04-01 03:30:01]   Task test-opt-parallel-logger: age 29583810m (timeout 120m)
[2026-04-01 03:30:01]     ⚠️  STALE (exceeded timeout)
[2026-04-01 03:30:01]   Task test-opt-parallel-error: age 29583810m (timeout 120m)
[2026-04-01 03:30:01]     ⚠️  STALE (exceeded timeout)
[2026-04-01 03:30:01]   Task audit-all-work: age 29583810m (timeout 120m)
[2026-04-01 03:30:01]     ⚠️  STALE (exceeded timeout)
[2026-04-01 03:30:01]   Task workqueue-automation: age 29583810m (timeout 120m)
[2026-04-01 03:30:01]     ⚠️  STALE (exceeded timeout)
[2026-04-01 03:30:01]   Task test-opt-analytics-opus: age 29583810m (timeout 120m)
[2026-04-01 03:30:01]     ⚠️  STALE (exceeded timeout)
[2026-04-01 03:30:01]   Task fix-trade-builder-403: age 29583810m (timeout 120m)
[2026-04-01 03:30:01]     ⚠️  STALE (exceeded timeout)
[2026-04-01 03:30:01]   Task fix-all-trade-issues: age 29583810m (timeout 120m)
[2026-04-01 03:30:01]     ⚠️  STALE (exceeded timeout)
[2026-04-01 03:30:01] Archiving 9 stale + 0 completed tasks...
[2026-04-01 03:40:00] Checking 9 active tasks...
[2026-04-01 03:40:00]   Task dogfood-qa-week4: age 29583820m (timeout 120m)
[2026-04-01 03:40:00]     ⚠️  STALE (exceeded timeout)
[2026-04-01 03:40:00]   Task fix-dogfood-week4: age 29583820m (timeout 120m)
[2026-04-01 03:40:00]     ⚠️  STALE (exceeded timeout)
[2026-04-01 03:40:00]   Task test-opt-parallel-logger: age 29583820m (timeout 120m)
[2026-04-01 03:40:00]     ⚠️  STALE (exceeded timeout)
[2026-04-01 03:40:00]   Task test-opt-parallel-error: age 29583820m (timeout 120m)
[2026-04-01 03:40:00]     ⚠️  STALE (exceeded timeout)
[2026-04-01 03:40:00]   Task audit-all-work: age 29583820m (timeout 120m)
[2026-04-01 03:40:00]     ⚠️  STALE (exceeded timeout)
[2026-04-01 03:40:00]   Task workqueue-automation: age 29583820m (timeout 120m)
[2026-04-01 03:40:00]     ⚠️  STALE (exceeded timeout)
[2026-04-01 03:40:00]   Task test-opt-analytics-opus: age 29583820m (timeout 120m)
[2026-04-01 03:40:00]     ⚠️  STALE (exceeded timeout)
[2026-04-01 03:40:00]   Task fix-trade-builder-403: age 29583820m (timeout 120m)
[2026-04-01 03:40:00]     ⚠️  STALE (exceeded timeout)
[2026-04-01 03:40:00]   Task fix-all-trade-issues: age 29583820m (timeout 120m)
[2026-04-01 03:40:00]     ⚠️  STALE (exceeded timeout)
[2026-04-01 03:40:00] Archiving 9 stale + 0 completed tasks...
[2026-04-01 03:50:00] Checking 9 active tasks...
[2026-04-01 03:50:00]   Task dogfood-qa-week4: age 29583830m (timeout 120m)
[2026-04-01 03:50:00]     ⚠️  STALE (exceeded timeout)
[2026-04-01 03:50:00]   Task fix-dogfood-week4: age 29583830m (timeout 120m)
[2026-04-01 03:50:00]     ⚠️  STALE (exceeded timeout)
[2026-04-01 03:50:00]   Task test-opt-parallel-logger: age 29583830m (timeout 120m)
[2026-04-01 03:50:00]     ⚠️  STALE (exceeded timeout)
[2026-04-01 03:50:00]   Task test-opt-parallel-error: age 29583830m (timeout 120m)
[2026-04-01 03:50:00]     ⚠️  STALE (exceeded timeout)
[2026-04-01 03:50:00]   Task audit-all-work: age 29583830m (timeout 120m)
[2026-04-01 03:50:00]     ⚠️  STALE (exceeded timeout)
[2026-04-01 03:50:00]   Task workqueue-automation: age 29583830m (timeout 120m)
[2026-04-01 03:50:00]     ⚠️  STALE (exceeded timeout)
[2026-04-01 03:50:00]   Task test-opt-analytics-opus: age 29583830m (timeout 120m)
[2026-04-01 03:50:00]     ⚠️  STALE (exceeded timeout)
[2026-04-01 03:50:01]   Task fix-trade-builder-403: age 29583830m (timeout 120m)
[2026-04-01 03:50:01]     ⚠️  STALE (exceeded timeout)
[2026-04-01 03:50:01]   Task fix-all-trade-issues: age 29583830m (timeout 120m)
[2026-04-01 03:50:01]     ⚠️  STALE (exceeded timeout)
[2026-04-01 03:50:01] Archiving 9 stale + 0 completed tasks...
[2026-04-01 04:00:00] Checking 9 active tasks...
[2026-04-01 04:00:00]   Task dogfood-qa-week4: age 29583840m (timeout 120m)
[2026-04-01 04:00:00]     ⚠️  STALE (exceeded timeout)
[2026-04-01 04:00:00]   Task fix-dogfood-week4: age 29583840m (timeout 120m)
[2026-04-01 04:00:00]     ⚠️  STALE (exceeded timeout)
[2026-04-01 04:00:00]   Task test-opt-parallel-logger: age 29583840m (timeout 120m)
[2026-04-01 04:00:00]     ⚠️  STALE (exceeded timeout)
[2026-04-01 04:00:00]   Task test-opt-parallel-error: age 29583840m (timeout 120m)
[2026-04-01 04:00:00]     ⚠️  STALE (exceeded timeout)
[2026-04-01 04:00:00]   Task audit-all-work: age 29583840m (timeout 120m)
[2026-04-01 04:00:00]     ⚠️  STALE (exceeded timeout)
[2026-04-01 04:00:00]   Task workqueue-automation: age 29583840m (timeout 120m)
[2026-04-01 04:00:00]     ⚠️  STALE (exceeded timeout)
[2026-04-01 04:00:00]   Task test-opt-analytics-opus: age 29583840m (timeout 120m)
[2026-04-01 04:00:01]     ⚠️  STALE (exceeded timeout)
[2026-04-01 04:00:01]   Task fix-trade-builder-403: age 29583840m (timeout 120m)
[2026-04-01 04:00:01]     ⚠️  STALE (exceeded timeout)
[2026-04-01 04:00:01]   Task fix-all-trade-issues: age 29583840m (timeout 120m)
[2026-04-01 04:00:01]     ⚠️  STALE (exceeded timeout)
[2026-04-01 04:00:01] Archiving 9 stale + 0 completed tasks...
[2026-04-01 04:10:00] Checking 9 active tasks...
[2026-04-01 04:10:00]   Task dogfood-qa-week4: age 29583850m (timeout 120m)
[2026-04-01 04:10:00]     ⚠️  STALE (exceeded timeout)
[2026-04-01 04:10:01]   Task fix-dogfood-week4: age 29583850m (timeout 120m)
[2026-04-01 04:10:01]     ⚠️  STALE (exceeded timeout)
[2026-04-01 04:10:01]   Task test-opt-parallel-logger: age 29583850m (timeout 120m)
[2026-04-01 04:10:01]     ⚠️  STALE (exceeded timeout)
[2026-04-01 04:10:01]   Task test-opt-parallel-error: age 29583850m (timeout 120m)
[2026-04-01 04:10:01]     ⚠️  STALE (exceeded timeout)
[2026-04-01 04:10:01]   Task audit-all-work: age 29583850m (timeout 120m)
[2026-04-01 04:10:01]     ⚠️  STALE (exceeded timeout)
[2026-04-01 04:10:01]   Task workqueue-automation: age 29583850m (timeout 120m)
[2026-04-01 04:10:01]     ⚠️  STALE (exceeded timeout)
[2026-04-01 04:10:01]   Task test-opt-analytics-opus: age 29583850m (timeout 120m)
[2026-04-01 04:10:01]     ⚠️  STALE (exceeded timeout)
[2026-04-01 04:10:01]   Task fix-trade-builder-403: age 29583850m (timeout 120m)
[2026-04-01 04:10:01]     ⚠️  STALE (exceeded timeout)
[2026-04-01 04:10:01]   Task fix-all-trade-issues: age 29583850m (timeout 120m)
[2026-04-01 04:10:01]     ⚠️  STALE (exceeded timeout)
[2026-04-01 04:10:01] Archiving 9 stale + 0 completed tasks...
[2026-04-01 04:20:00] Checking 9 active tasks...
[2026-04-01 04:20:00]   Task dogfood-qa-week4: age 29583860m (timeout 120m)
[2026-04-01 04:20:00]     ⚠️  STALE (exceeded timeout)
[2026-04-01 04:20:00]   Task fix-dogfood-week4: age 29583860m (timeout 120m)
[2026-04-01 04:20:00]     ⚠️  STALE (exceeded timeout)
[2026-04-01 04:20:00]   Task test-opt-parallel-logger: age 29583860m (timeout 120m)
[2026-04-01 04:20:00]     ⚠️  STALE (exceeded timeout)
[2026-04-01 04:20:00]   Task test-opt-parallel-error: age 29583860m (timeout 120m)
[2026-04-01 04:20:00]     ⚠️  STALE (exceeded timeout)
[2026-04-01 04:20:00]   Task audit-all-work: age 29583860m (timeout 120m)
[2026-04-01 04:20:00]     ⚠️  STALE (exceeded timeout)
[2026-04-01 04:20:00]   Task workqueue-automation: age 29583860m (timeout 120m)
[2026-04-01 04:20:00]     ⚠️  STALE (exceeded timeout)
[2026-04-01 04:20:00]   Task test-opt-analytics-opus: age 29583860m (timeout 120m)
[2026-04-01 04:20:00]     ⚠️  STALE (exceeded timeout)
[2026-04-01 04:20:00]   Task fix-trade-builder-403: age 29583860m (timeout 120m)
[2026-04-01 04:20:00]     ⚠️  STALE (exceeded timeout)
[2026-04-01 04:20:01]   Task fix-all-trade-issues: age 29583860m (timeout 120m)
[2026-04-01 04:20:01]     ⚠️  STALE (exceeded timeout)
[2026-04-01 04:20:01] Archiving 9 stale + 0 completed tasks...
[2026-04-01 04:30:00] Checking 9 active tasks...
[2026-04-01 04:30:00]   Task dogfood-qa-week4: age 29583870m (timeout 120m)
[2026-04-01 04:30:00]     ⚠️  STALE (exceeded timeout)
[2026-04-01 04:30:00]   Task fix-dogfood-week4: age 29583870m (timeout 120m)
[2026-04-01 04:30:00]     ⚠️  STALE (exceeded timeout)
[2026-04-01 04:30:00]   Task test-opt-parallel-logger: age 29583870m (timeout 120m)
[2026-04-01 04:30:00]     ⚠️  STALE (exceeded timeout)
[2026-04-01 04:30:00]   Task test-opt-parallel-error: age 29583870m (timeout 120m)
[2026-04-01 04:30:00]     ⚠️  STALE (exceeded timeout)
[2026-04-01 04:30:00]   Task audit-all-work: age 29583870m (timeout 120m)
[2026-04-01 04:30:00]     ⚠️  STALE (exceeded timeout)
[2026-04-01 04:30:00]   Task workqueue-automation: age 29583870m (timeout 120m)
[2026-04-01 04:30:00]     ⚠️  STALE (exceeded timeout)
[2026-04-01 04:30:00]   Task test-opt-analytics-opus: age 29583870m (timeout 120m)
[2026-04-01 04:30:00]     ⚠️  STALE (exceeded timeout)
[2026-04-01 04:30:00]   Task fix-trade-builder-403: age 29583870m (timeout 120m)
[2026-04-01 04:30:00]     ⚠️  STALE (exceeded timeout)
[2026-04-01 04:30:01]   Task fix-all-trade-issues: age 29583870m (timeout 120m)
[2026-04-01 04:30:01]     ⚠️  STALE (exceeded timeout)
[2026-04-01 04:30:01] Archiving 9 stale + 0 completed tasks...
[2026-04-01 04:40:00] Checking 9 active tasks...
[2026-04-01 04:40:00]   Task dogfood-qa-week4: age 29583880m (timeout 120m)
[2026-04-01 04:40:00]     ⚠️  STALE (exceeded timeout)
[2026-04-01 04:40:00]   Task fix-dogfood-week4: age 29583880m (timeout 120m)
[2026-04-01 04:40:00]     ⚠️  STALE (exceeded timeout)
[2026-04-01 04:40:00]   Task test-opt-parallel-logger: age 29583880m (timeout 120m)
[2026-04-01 04:40:00]     ⚠️  STALE (exceeded timeout)
[2026-04-01 04:40:00]   Task test-opt-parallel-error: age 29583880m (timeout 120m)
[2026-04-01 04:40:00]     ⚠️  STALE (exceeded timeout)
[2026-04-01 04:40:00]   Task audit-all-work: age 29583880m (timeout 120m)
[2026-04-01 04:40:00]     ⚠️  STALE (exceeded timeout)
[2026-04-01 04:40:00]   Task workqueue-automation: age 29583880m (timeout 120m)
[2026-04-01 04:40:00]     ⚠️  STALE (exceeded timeout)
[2026-04-01 04:40:00]   Task test-opt-analytics-opus: age 29583880m (timeout 120m)
[2026-04-01 04:40:00]     ⚠️  STALE (exceeded timeout)
[2026-04-01 04:40:00]   Task fix-trade-builder-403: age 29583880m (timeout 120m)
[2026-04-01 04:40:01]     ⚠️  STALE (exceeded timeout)
[2026-04-01 04:40:01]   Task fix-all-trade-issues: age 29583880m (timeout 120m)
[2026-04-01 04:40:01]     ⚠️  STALE (exceeded timeout)
[2026-04-01 04:40:01] Archiving 9 stale + 0 completed tasks...
[2026-04-01 04:50:00] Checking 9 active tasks...
[2026-04-01 04:50:00]   Task dogfood-qa-week4: age 29583890m (timeout 120m)
[2026-04-01 04:50:00]     ⚠️  STALE (exceeded timeout)
[2026-04-01 04:50:00]   Task fix-dogfood-week4: age 29583890m (timeout 120m)
[2026-04-01 04:50:00]     ⚠️  STALE (exceeded timeout)
[2026-04-01 04:50:00]   Task test-opt-parallel-logger: age 29583890m (timeout 120m)
[2026-04-01 04:50:00]     ⚠️  STALE (exceeded timeout)
[2026-04-01 04:50:00]   Task test-opt-parallel-error: age 29583890m (timeout 120m)
[2026-04-01 04:50:00]     ⚠️  STALE (exceeded timeout)
[2026-04-01 04:50:00]   Task audit-all-work: age 29583890m (timeout 120m)
[2026-04-01 04:50:00]     ⚠️  STALE (exceeded timeout)
[2026-04-01 04:50:00]   Task workqueue-automation: age 29583890m (timeout 120m)
[2026-04-01 04:50:00]     ⚠️  STALE (exceeded timeout)
[2026-04-01 04:50:01]   Task test-opt-analytics-opus: age 29583890m (timeout 120m)
[2026-04-01 04:50:01]     ⚠️  STALE (exceeded timeout)
[2026-04-01 04:50:01]   Task fix-trade-builder-403: age 29583890m (timeout 120m)
[2026-04-01 04:50:01]     ⚠️  STALE (exceeded timeout)
[2026-04-01 04:50:01]   Task fix-all-trade-issues: age 29583890m (timeout 120m)
[2026-04-01 04:50:01]     ⚠️  STALE (exceeded timeout)
[2026-04-01 04:50:01] Archiving 9 stale + 0 completed tasks...
[2026-04-01 05:00:00] Checking 9 active tasks...
[2026-04-01 05:00:00]   Task dogfood-qa-week4: age 29583900m (timeout 120m)
[2026-04-01 05:00:00]     ⚠️  STALE (exceeded timeout)
[2026-04-01 05:00:00]   Task fix-dogfood-week4: age 29583900m (timeout 120m)
[2026-04-01 05:00:00]     ⚠️  STALE (exceeded timeout)
[2026-04-01 05:00:00]   Task test-opt-parallel-logger: age 29583900m (timeout 120m)
[2026-04-01 05:00:00]     ⚠️  STALE (exceeded timeout)
[2026-04-01 05:00:01]   Task test-opt-parallel-error: age 29583900m (timeout 120m)
[2026-04-01 05:00:01]     ⚠️  STALE (exceeded timeout)
[2026-04-01 05:00:01]   Task audit-all-work: age 29583900m (timeout 120m)
[2026-04-01 05:00:01]     ⚠️  STALE (exceeded timeout)
[2026-04-01 05:00:01]   Task workqueue-automation: age 29583900m (timeout 120m)
[2026-04-01 05:00:01]     ⚠️  STALE (exceeded timeout)
[2026-04-01 05:00:01]   Task test-opt-analytics-opus: age 29583900m (timeout 120m)
[2026-04-01 05:00:01]     ⚠️  STALE (exceeded timeout)
[2026-04-01 05:00:01]   Task fix-trade-builder-403: age 29583900m (timeout 120m)
[2026-04-01 05:00:01]     ⚠️  STALE (exceeded timeout)
[2026-04-01 05:00:01]   Task fix-all-trade-issues: age 29583900m (timeout 120m)
[2026-04-01 05:00:01]     ⚠️  STALE (exceeded timeout)
[2026-04-01 05:00:01] Archiving 9 stale + 0 completed tasks...
[2026-04-01 05:10:00] Checking 9 active tasks...
[2026-04-01 05:10:00]   Task dogfood-qa-week4: age 29583910m (timeout 120m)
[2026-04-01 05:10:00]     ⚠️  STALE (exceeded timeout)
[2026-04-01 05:10:00]   Task fix-dogfood-week4: age 29583910m (timeout 120m)
[2026-04-01 05:10:00]     ⚠️  STALE (exceeded timeout)
[2026-04-01 05:10:00]   Task test-opt-parallel-logger: age 29583910m (timeout 120m)
[2026-04-01 05:10:00]     ⚠️  STALE (exceeded timeout)
[2026-04-01 05:10:00]   Task test-opt-parallel-error: age 29583910m (timeout 120m)
[2026-04-01 05:10:00]     ⚠️  STALE (exceeded timeout)
[2026-04-01 05:10:00]   Task audit-all-work: age 29583910m (timeout 120m)
[2026-04-01 05:10:00]     ⚠️  STALE (exceeded timeout)
[2026-04-01 05:10:00]   Task workqueue-automation: age 29583910m (timeout 120m)
[2026-04-01 05:10:00]     ⚠️  STALE (exceeded timeout)
[2026-04-01 05:10:00]   Task test-opt-analytics-opus: age 29583910m (timeout 120m)
[2026-04-01 05:10:00]     ⚠️  STALE (exceeded timeout)
[2026-04-01 05:10:01]   Task fix-trade-builder-403: age 29583910m (timeout 120m)
[2026-04-01 05:10:01]     ⚠️  STALE (exceeded timeout)
[2026-04-01 05:10:01]   Task fix-all-trade-issues: age 29583910m (timeout 120m)
[2026-04-01 05:10:01]     ⚠️  STALE (exceeded timeout)
[2026-04-01 05:10:01] Archiving 9 stale + 0 completed tasks...
[2026-04-01 05:20:00] Checking 9 active tasks...
[2026-04-01 05:20:00]   Task dogfood-qa-week4: age 29583920m (timeout 120m)
[2026-04-01 05:20:00]     ⚠️  STALE (exceeded timeout)
[2026-04-01 05:20:00]   Task fix-dogfood-week4: age 29583920m (timeout 120m)
[2026-04-01 05:20:00]     ⚠️  STALE (exceeded timeout)
[2026-04-01 05:20:00]   Task test-opt-parallel-logger: age 29583920m (timeout 120m)
[2026-04-01 05:20:00]     ⚠️  STALE (exceeded timeout)
[2026-04-01 05:20:00]   Task test-opt-parallel-error: age 29583920m (timeout 120m)
[2026-04-01 05:20:00]     ⚠️  STALE (exceeded timeout)
[2026-04-01 05:20:01]   Task audit-all-work: age 29583920m (timeout 120m)
[2026-04-01 05:20:01]     ⚠️  STALE (exceeded timeout)
[2026-04-01 05:20:01]   Task workqueue-automation: age 29583920m (timeout 120m)
[2026-04-01 05:20:01]     ⚠️  STALE (exceeded timeout)
[2026-04-01 05:20:01]   Task test-opt-analytics-opus: age 29583920m (timeout 120m)
[2026-04-01 05:20:01]     ⚠️  STALE (exceeded timeout)
[2026-04-01 05:20:01]   Task fix-trade-builder-403: age 29583920m (timeout 120m)
[2026-04-01 05:20:01]     ⚠️  STALE (exceeded timeout)
[2026-04-01 05:20:01]   Task fix-all-trade-issues: age 29583920m (timeout 120m)
[2026-04-01 05:20:01]     ⚠️  STALE (exceeded timeout)
[2026-04-01 05:20:01] Archiving 9 stale + 0 completed tasks...
[2026-04-01 05:30:01] Checking 9 active tasks...
[2026-04-01 05:30:01]   Task dogfood-qa-week4: age 29583930m (timeout 120m)
[2026-04-01 05:30:01]     ⚠️  STALE (exceeded timeout)
[2026-04-01 05:30:01]   Task fix-dogfood-week4: age 29583930m (timeout 120m)
[2026-04-01 05:30:01]     ⚠️  STALE (exceeded timeout)
[2026-04-01 05:30:01]   Task test-opt-parallel-logger: age 29583930m (timeout 120m)
[2026-04-01 05:30:01]     ⚠️  STALE (exceeded timeout)
[2026-04-01 05:30:01]   Task test-opt-parallel-error: age 29583930m (timeout 120m)
[2026-04-01 05:30:01]     ⚠️  STALE (exceeded timeout)
[2026-04-01 05:30:01]   Task audit-all-work: age 29583930m (timeout 120m)
[2026-04-01 05:30:01]     ⚠️  STALE (exceeded timeout)
[2026-04-01 05:30:01]   Task workqueue-automation: age 29583930m (timeout 120m)
[2026-04-01 05:30:01]     ⚠️  STALE (exceeded timeout)
[2026-04-01 05:30:01]   Task test-opt-analytics-opus: age 29583930m (timeout 120m)
[2026-04-01 05:30:01]     ⚠️  STALE (exceeded timeout)
[2026-04-01 05:30:01]   Task fix-trade-builder-403: age 29583930m (timeout 120m)
[2026-04-01 05:30:01]     ⚠️  STALE (exceeded timeout)
[2026-04-01 05:30:01]   Task fix-all-trade-issues: age 29583930m (timeout 120m)
[2026-04-01 05:30:01]     ⚠️  STALE (exceeded timeout)
[2026-04-01 05:30:01] Archiving 9 stale + 0 completed tasks...
[2026-04-01 05:40:00] Checking 9 active tasks...
[2026-04-01 05:40:00]   Task dogfood-qa-week4: age 29583940m (timeout 120m)
[2026-04-01 05:40:00]     ⚠️  STALE (exceeded timeout)
[2026-04-01 05:40:00]   Task fix-dogfood-week4: age 29583940m (timeout 120m)
[2026-04-01 05:40:00]     ⚠️  STALE (exceeded timeout)
[2026-04-01 05:40:00]   Task test-opt-parallel-logger: age 29583940m (timeout 120m)
[2026-04-01 05:40:00]     ⚠️  STALE (exceeded timeout)
[2026-04-01 05:40:00]   Task test-opt-parallel-error: age 29583940m (timeout 120m)
[2026-04-01 05:40:00]     ⚠️  STALE (exceeded timeout)
[2026-04-01 05:40:01]   Task audit-all-work: age 29583940m (timeout 120m)
[2026-04-01 05:40:01]     ⚠️  STALE (exceeded timeout)
[2026-04-01 05:40:01]   Task workqueue-automation: age 29583940m (timeout 120m)
[2026-04-01 05:40:01]     ⚠️  STALE (exceeded timeout)
[2026-04-01 05:40:01]   Task test-opt-analytics-opus: age 29583940m (timeout 120m)
[2026-04-01 05:40:01]     ⚠️  STALE (exceeded timeout)
[2026-04-01 05:40:01]   Task fix-trade-builder-403: age 29583940m (timeout 120m)
[2026-04-01 05:40:01]     ⚠️  STALE (exceeded timeout)
[2026-04-01 05:40:01]   Task fix-all-trade-issues: age 29583940m (timeout 120m)
[2026-04-01 05:40:01]     ⚠️  STALE (exceeded timeout)
[2026-04-01 05:40:01] Archiving 9 stale + 0 completed tasks...
[2026-04-01 05:50:00] Checking 9 active tasks...
[2026-04-01 05:50:01]   Task dogfood-qa-week4: age 29583950m (timeout 120m)
[2026-04-01 05:50:01]     ⚠️  STALE (exceeded timeout)
[2026-04-01 05:50:01]   Task fix-dogfood-week4: age 29583950m (timeout 120m)
[2026-04-01 05:50:01]     ⚠️  STALE (exceeded timeout)
[2026-04-01 05:50:01]   Task test-opt-parallel-logger: age 29583950m (timeout 120m)
[2026-04-01 05:50:01]     ⚠️  STALE (exceeded timeout)
[2026-04-01 05:50:01]   Task test-opt-parallel-error: age 29583950m (timeout 120m)
[2026-04-01 05:50:01]     ⚠️  STALE (exceeded timeout)
[2026-04-01 05:50:01]   Task audit-all-work: age 29583950m (timeout 120m)
[2026-04-01 05:50:01]     ⚠️  STALE (exceeded timeout)
[2026-04-01 05:50:01]   Task workqueue-automation: age 29583950m (timeout 120m)
[2026-04-01 05:50:01]     ⚠️  STALE (exceeded timeout)
[2026-04-01 05:50:01]   Task test-opt-analytics-opus: age 29583950m (timeout 120m)
[2026-04-01 05:50:01]     ⚠️  STALE (exceeded timeout)
[2026-04-01 05:50:01]   Task fix-trade-builder-403: age 29583950m (timeout 120m)
[2026-04-01 05:50:01]     ⚠️  STALE (exceeded timeout)
[2026-04-01 05:50:01]   Task fix-all-trade-issues: age 29583950m (timeout 120m)
[2026-04-01 05:50:01]     ⚠️  STALE (exceeded timeout)
[2026-04-01 05:50:01] Archiving 9 stale + 0 completed tasks...
[2026-04-01 06:00:00] Checking 9 active tasks...
[2026-04-01 06:00:00]   Task dogfood-qa-week4: age 29583960m (timeout 120m)
[2026-04-01 06:00:00]     ⚠️  STALE (exceeded timeout)
[2026-04-01 06:00:00]   Task fix-dogfood-week4: age 29583960m (timeout 120m)
[2026-04-01 06:00:00]     ⚠️  STALE (exceeded timeout)
[2026-04-01 06:00:00]   Task test-opt-parallel-logger: age 29583960m (timeout 120m)
[2026-04-01 06:00:00]     ⚠️  STALE (exceeded timeout)
[2026-04-01 06:00:00]   Task test-opt-parallel-error: age 29583960m (timeout 120m)
[2026-04-01 06:00:00]     ⚠️  STALE (exceeded timeout)
[2026-04-01 06:00:00]   Task audit-all-work: age 29583960m (timeout 120m)
[2026-04-01 06:00:00]     ⚠️  STALE (exceeded timeout)
[2026-04-01 06:00:00]   Task workqueue-automation: age 29583960m (timeout 120m)
[2026-04-01 06:00:00]     ⚠️  STALE (exceeded timeout)
[2026-04-01 06:00:00]   Task test-opt-analytics-opus: age 29583960m (timeout 120m)
[2026-04-01 06:00:00]     ⚠️  STALE (exceeded timeout)
[2026-04-01 06:00:01]   Task fix-trade-builder-403: age 29583960m (timeout 120m)
[2026-04-01 06:00:01]     ⚠️  STALE (exceeded timeout)
[2026-04-01 06:00:01]   Task fix-all-trade-issues: age 29583960m (timeout 120m)
[2026-04-01 06:00:01]     ⚠️  STALE (exceeded timeout)
[2026-04-01 06:00:01] Archiving 9 stale + 0 completed tasks...
[2026-04-01 06:10:01] Checking 9 active tasks...
[2026-04-01 06:10:01]   Task dogfood-qa-week4: age 29583970m (timeout 120m)
[2026-04-01 06:10:01]     ⚠️  STALE (exceeded timeout)
[2026-04-01 06:10:01]   Task fix-dogfood-week4: age 29583970m (timeout 120m)
[2026-04-01 06:10:01]     ⚠️  STALE (exceeded timeout)
[2026-04-01 06:10:01]   Task test-opt-parallel-logger: age 29583970m (timeout 120m)
[2026-04-01 06:10:01]     ⚠️  STALE (exceeded timeout)
[2026-04-01 06:10:01]   Task test-opt-parallel-error: age 29583970m (timeout 120m)
[2026-04-01 06:10:01]     ⚠️  STALE (exceeded timeout)
[2026-04-01 06:10:01]   Task audit-all-work: age 29583970m (timeout 120m)
[2026-04-01 06:10:01]     ⚠️  STALE (exceeded timeout)
[2026-04-01 06:10:01]   Task workqueue-automation: age 29583970m (timeout 120m)
[2026-04-01 06:10:01]     ⚠️  STALE (exceeded timeout)
[2026-04-01 06:10:01]   Task test-opt-analytics-opus: age 29583970m (timeout 120m)
[2026-04-01 06:10:01]     ⚠️  STALE (exceeded timeout)
[2026-04-01 06:10:01]   Task fix-trade-builder-403: age 29583970m (timeout 120m)
[2026-04-01 06:10:01]     ⚠️  STALE (exceeded timeout)
[2026-04-01 06:10:01]   Task fix-all-trade-issues: age 29583970m (timeout 120m)
[2026-04-01 06:10:01]     ⚠️  STALE (exceeded timeout)
[2026-04-01 06:10:01] Archiving 9 stale + 0 completed tasks...
[2026-04-01 06:20:00] Checking 9 active tasks...
[2026-04-01 06:20:00]   Task dogfood-qa-week4: age 29583980m (timeout 120m)
[2026-04-01 06:20:00]     ⚠️  STALE (exceeded timeout)
[2026-04-01 06:20:00]   Task fix-dogfood-week4: age 29583980m (timeout 120m)
[2026-04-01 06:20:00]     ⚠️  STALE (exceeded timeout)
[2026-04-01 06:20:00]   Task test-opt-parallel-logger: age 29583980m (timeout 120m)
[2026-04-01 06:20:00]     ⚠️  STALE (exceeded timeout)
[2026-04-01 06:20:00]   Task test-opt-parallel-error: age 29583980m (timeout 120m)
[2026-04-01 06:20:00]     ⚠️  STALE (exceeded timeout)
[2026-04-01 06:20:00]   Task audit-all-work: age 29583980m (timeout 120m)
[2026-04-01 06:20:00]     ⚠️  STALE (exceeded timeout)
[2026-04-01 06:20:00]   Task workqueue-automation: age 29583980m (timeout 120m)
[2026-04-01 06:20:00]     ⚠️  STALE (exceeded timeout)
[2026-04-01 06:20:00]   Task test-opt-analytics-opus: age 29583980m (timeout 120m)
[2026-04-01 06:20:00]     ⚠️  STALE (exceeded timeout)
[2026-04-01 06:20:00]   Task fix-trade-builder-403: age 29583980m (timeout 120m)
[2026-04-01 06:20:00]     ⚠️  STALE (exceeded timeout)
[2026-04-01 06:20:00]   Task fix-all-trade-issues: age 29583980m (timeout 120m)
[2026-04-01 06:20:00]     ⚠️  STALE (exceeded timeout)
[2026-04-01 06:20:00] Archiving 9 stale + 0 completed tasks...
[2026-04-01 06:30:00] Checking 9 active tasks...
[2026-04-01 06:30:00]   Task dogfood-qa-week4: age 29583990m (timeout 120m)
[2026-04-01 06:30:00]     ⚠️  STALE (exceeded timeout)
[2026-04-01 06:30:00]   Task fix-dogfood-week4: age 29583990m (timeout 120m)
[2026-04-01 06:30:00]     ⚠️  STALE (exceeded timeout)
[2026-04-01 06:30:00]   Task test-opt-parallel-logger: age 29583990m (timeout 120m)
[2026-04-01 06:30:00]     ⚠️  STALE (exceeded timeout)
[2026-04-01 06:30:00]   Task test-opt-parallel-error: age 29583990m (timeout 120m)
[2026-04-01 06:30:00]     ⚠️  STALE (exceeded timeout)
[2026-04-01 06:30:00]   Task audit-all-work: age 29583990m (timeout 120m)
[2026-04-01 06:30:00]     ⚠️  STALE (exceeded timeout)
[2026-04-01 06:30:00]   Task workqueue-automation: age 29583990m (timeout 120m)
[2026-04-01 06:30:00]     ⚠️  STALE (exceeded timeout)
[2026-04-01 06:30:00]   Task test-opt-analytics-opus: age 29583990m (timeout 120m)
[2026-04-01 06:30:00]     ⚠️  STALE (exceeded timeout)
[2026-04-01 06:30:00]   Task fix-trade-builder-403: age 29583990m (timeout 120m)
[2026-04-01 06:30:00]     ⚠️  STALE (exceeded timeout)
[2026-04-01 06:30:00]   Task fix-all-trade-issues: age 29583990m (timeout 120m)
[2026-04-01 06:30:00]     ⚠️  STALE (exceeded timeout)
[2026-04-01 06:30:00] Archiving 9 stale + 0 completed tasks...
[2026-04-01 06:40:00] Checking 9 active tasks...
[2026-04-01 06:40:00]   Task dogfood-qa-week4: age 29584000m (timeout 120m)
[2026-04-01 06:40:00]     ⚠️  STALE (exceeded timeout)
[2026-04-01 06:40:00]   Task fix-dogfood-week4: age 29584000m (timeout 120m)
[2026-04-01 06:40:00]     ⚠️  STALE (exceeded timeout)
[2026-04-01 06:40:00]   Task test-opt-parallel-logger: age 29584000m (timeout 120m)
[2026-04-01 06:40:00]     ⚠️  STALE (exceeded timeout)
[2026-04-01 06:40:00]   Task test-opt-parallel-error: age 29584000m (timeout 120m)
[2026-04-01 06:40:00]     ⚠️  STALE (exceeded timeout)
[2026-04-01 06:40:00]   Task audit-all-work: age 29584000m (timeout 120m)
[2026-04-01 06:40:00]     ⚠️  STALE (exceeded timeout)
[2026-04-01 06:40:00]   Task workqueue-automation: age 29584000m (timeout 120m)
[2026-04-01 06:40:00]     ⚠️  STALE (exceeded timeout)
[2026-04-01 06:40:01]   Task test-opt-analytics-opus: age 29584000m (timeout 120m)
[2026-04-01 06:40:01]     ⚠️  STALE (exceeded timeout)
[2026-04-01 06:40:01]   Task fix-trade-builder-403: age 29584000m (timeout 120m)
[2026-04-01 06:40:01]     ⚠️  STALE (exceeded timeout)
[2026-04-01 06:40:01]   Task fix-all-trade-issues: age 29584000m (timeout 120m)
[2026-04-01 06:40:01]     ⚠️  STALE (exceeded timeout)
[2026-04-01 06:40:01] Archiving 9 stale + 0 completed tasks...
[2026-04-01 06:50:00] Checking 9 active tasks...
[2026-04-01 06:50:00]   Task dogfood-qa-week4: age 29584010m (timeout 120m)
[2026-04-01 06:50:00]     ⚠️  STALE (exceeded timeout)
[2026-04-01 06:50:01]   Task fix-dogfood-week4: age 29584010m (timeout 120m)
[2026-04-01 06:50:01]     ⚠️  STALE (exceeded timeout)
[2026-04-01 06:50:01]   Task test-opt-parallel-logger: age 29584010m (timeout 120m)
[2026-04-01 06:50:01]     ⚠️  STALE (exceeded timeout)
[2026-04-01 06:50:01]   Task test-opt-parallel-error: age 29584010m (timeout 120m)
[2026-04-01 06:50:01]     ⚠️  STALE (exceeded timeout)
[2026-04-01 06:50:01]   Task audit-all-work: age 29584010m (timeout 120m)
[2026-04-01 06:50:01]     ⚠️  STALE (exceeded timeout)
[2026-04-01 06:50:01]   Task workqueue-automation: age 29584010m (timeout 120m)
[2026-04-01 06:50:01]     ⚠️  STALE (exceeded timeout)
[2026-04-01 06:50:01]   Task test-opt-analytics-opus: age 29584010m (timeout 120m)
[2026-04-01 06:50:01]     ⚠️  STALE (exceeded timeout)
[2026-04-01 06:50:01]   Task fix-trade-builder-403: age 29584010m (timeout 120m)
[2026-04-01 06:50:01]     ⚠️  STALE (exceeded timeout)
[2026-04-01 06:50:01]   Task fix-all-trade-issues: age 29584010m (timeout 120m)
[2026-04-01 06:50:01]     ⚠️  STALE (exceeded timeout)
[2026-04-01 06:50:01] Archiving 9 stale + 0 completed tasks...
[2026-04-01 07:00:01] Checking 9 active tasks...
[2026-04-01 07:00:01]   Task dogfood-qa-week4: age 29584020m (timeout 120m)
[2026-04-01 07:00:01]     ⚠️  STALE (exceeded timeout)
[2026-04-01 07:00:01]   Task fix-dogfood-week4: age 29584020m (timeout 120m)
[2026-04-01 07:00:01]     ⚠️  STALE (exceeded timeout)
[2026-04-01 07:00:01]   Task test-opt-parallel-logger: age 29584020m (timeout 120m)
[2026-04-01 07:00:01]     ⚠️  STALE (exceeded timeout)
[2026-04-01 07:00:01]   Task test-opt-parallel-error: age 29584020m (timeout 120m)
[2026-04-01 07:00:01]     ⚠️  STALE (exceeded timeout)
[2026-04-01 07:00:01]   Task audit-all-work: age 29584020m (timeout 120m)
[2026-04-01 07:00:01]     ⚠️  STALE (exceeded timeout)
[2026-04-01 07:00:01]   Task workqueue-automation: age 29584020m (timeout 120m)
[2026-04-01 07:00:01]     ⚠️  STALE (exceeded timeout)
[2026-04-01 07:00:01]   Task test-opt-analytics-opus: age 29584020m (timeout 120m)
[2026-04-01 07:00:01]     ⚠️  STALE (exceeded timeout)
[2026-04-01 07:00:01]   Task fix-trade-builder-403: age 29584020m (timeout 120m)
[2026-04-01 07:00:01]     ⚠️  STALE (exceeded timeout)
[2026-04-01 07:00:01]   Task fix-all-trade-issues: age 29584020m (timeout 120m)
[2026-04-01 07:00:01]     ⚠️  STALE (exceeded timeout)
[2026-04-01 07:00:01] Archiving 9 stale + 0 completed tasks...
[2026-04-01 07:10:00] Checking 9 active tasks...
[2026-04-01 07:10:00]   Task dogfood-qa-week4: age 29584030m (timeout 120m)
[2026-04-01 07:10:00]     ⚠️  STALE (exceeded timeout)
[2026-04-01 07:10:00]   Task fix-dogfood-week4: age 29584030m (timeout 120m)
[2026-04-01 07:10:00]     ⚠️  STALE (exceeded timeout)
[2026-04-01 07:10:00]   Task test-opt-parallel-logger: age 29584030m (timeout 120m)
[2026-04-01 07:10:00]     ⚠️  STALE (exceeded timeout)
[2026-04-01 07:10:01]   Task test-opt-parallel-error: age 29584030m (timeout 120m)
[2026-04-01 07:10:01]     ⚠️  STALE (exceeded timeout)
[2026-04-01 07:10:01]   Task audit-all-work: age 29584030m (timeout 120m)
[2026-04-01 07:10:01]     ⚠️  STALE (exceeded timeout)
[2026-04-01 07:10:01]   Task workqueue-automation: age 29584030m (timeout 120m)
[2026-04-01 07:10:01]     ⚠️  STALE (exceeded timeout)
[2026-04-01 07:10:01]   Task test-opt-analytics-opus: age 29584030m (timeout 120m)
[2026-04-01 07:10:01]     ⚠️  STALE (exceeded timeout)
[2026-04-01 07:10:01]   Task fix-trade-builder-403: age 29584030m (timeout 120m)
[2026-04-01 07:10:01]     ⚠️  STALE (exceeded timeout)
[2026-04-01 07:10:01]   Task fix-all-trade-issues: age 29584030m (timeout 120m)
[2026-04-01 07:10:01]     ⚠️  STALE (exceeded timeout)
[2026-04-01 07:10:01] Archiving 9 stale + 0 completed tasks...
[2026-04-01 07:20:00] Checking 9 active tasks...
[2026-04-01 07:20:01]   Task dogfood-qa-week4: age 29584040m (timeout 120m)
[2026-04-01 07:20:01]     ⚠️  STALE (exceeded timeout)
[2026-04-01 07:20:01]   Task fix-dogfood-week4: age 29584040m (timeout 120m)
[2026-04-01 07:20:01]     ⚠️  STALE (exceeded timeout)
[2026-04-01 07:20:01]   Task test-opt-parallel-logger: age 29584040m (timeout 120m)
[2026-04-01 07:20:01]     ⚠️  STALE (exceeded timeout)
[2026-04-01 07:20:01]   Task test-opt-parallel-error: age 29584040m (timeout 120m)
[2026-04-01 07:20:01]     ⚠️  STALE (exceeded timeout)
[2026-04-01 07:20:01]   Task audit-all-work: age 29584040m (timeout 120m)
[2026-04-01 07:20:01]     ⚠️  STALE (exceeded timeout)
[2026-04-01 07:20:01]   Task workqueue-automation: age 29584040m (timeout 120m)
[2026-04-01 07:20:01]     ⚠️  STALE (exceeded timeout)
[2026-04-01 07:20:01]   Task test-opt-analytics-opus: age 29584040m (timeout 120m)
[2026-04-01 07:20:01]     ⚠️  STALE (exceeded timeout)
[2026-04-01 07:20:01]   Task fix-trade-builder-403: age 29584040m (timeout 120m)
[2026-04-01 07:20:01]     ⚠️  STALE (exceeded timeout)
[2026-04-01 07:20:01]   Task fix-all-trade-issues: age 29584040m (timeout 120m)
[2026-04-01 07:20:01]     ⚠️  STALE (exceeded timeout)
[2026-04-01 07:20:01] Archiving 9 stale + 0 completed tasks...
[2026-04-01 07:30:00] Checking 9 active tasks...
[2026-04-01 07:30:01]   Task dogfood-qa-week4: age 29584050m (timeout 120m)
[2026-04-01 07:30:01]     ⚠️  STALE (exceeded timeout)
[2026-04-01 07:30:01]   Task fix-dogfood-week4: age 29584050m (timeout 120m)
[2026-04-01 07:30:01]     ⚠️  STALE (exceeded timeout)
[2026-04-01 07:30:01]   Task test-opt-parallel-logger: age 29584050m (timeout 120m)
[2026-04-01 07:30:01]     ⚠️  STALE (exceeded timeout)
[2026-04-01 07:30:01]   Task test-opt-parallel-error: age 29584050m (timeout 120m)
[2026-04-01 07:30:01]     ⚠️  STALE (exceeded timeout)
[2026-04-01 07:30:01]   Task audit-all-work: age 29584050m (timeout 120m)
[2026-04-01 07:30:01]     ⚠️  STALE (exceeded timeout)
[2026-04-01 07:30:01]   Task workqueue-automation: age 29584050m (timeout 120m)
[2026-04-01 07:30:01]     ⚠️  STALE (exceeded timeout)
[2026-04-01 07:30:01]   Task test-opt-analytics-opus: age 29584050m (timeout 120m)
[2026-04-01 07:30:01]     ⚠️  STALE (exceeded timeout)
[2026-04-01 07:30:01]   Task fix-trade-builder-403: age 29584050m (timeout 120m)
[2026-04-01 07:30:01]     ⚠️  STALE (exceeded timeout)
[2026-04-01 07:30:01]   Task fix-all-trade-issues: age 29584050m (timeout 120m)
[2026-04-01 07:30:01]     ⚠️  STALE (exceeded timeout)
[2026-04-01 07:30:01] Archiving 9 stale + 0 completed tasks...
[2026-04-01 07:40:01] Checking 9 active tasks...
[2026-04-01 07:40:01]   Task dogfood-qa-week4: age 29584060m (timeout 120m)
[2026-04-01 07:40:01]     ⚠️  STALE (exceeded timeout)
[2026-04-01 07:40:01]   Task fix-dogfood-week4: age 29584060m (timeout 120m)
[2026-04-01 07:40:01]     ⚠️  STALE (exceeded timeout)
[2026-04-01 07:40:01]   Task test-opt-parallel-logger: age 29584060m (timeout 120m)
[2026-04-01 07:40:01]     ⚠️  STALE (exceeded timeout)
[2026-04-01 07:40:01]   Task test-opt-parallel-error: age 29584060m (timeout 120m)
[2026-04-01 07:40:01]     ⚠️  STALE (exceeded timeout)
[2026-04-01 07:40:01]   Task audit-all-work: age 29584060m (timeout 120m)
[2026-04-01 07:40:01]     ⚠️  STALE (exceeded timeout)
[2026-04-01 07:40:01]   Task workqueue-automation: age 29584060m (timeout 120m)
[2026-04-01 07:40:01]     ⚠️  STALE (exceeded timeout)
[2026-04-01 07:40:01]   Task test-opt-analytics-opus: age 29584060m (timeout 120m)
[2026-04-01 07:40:01]     ⚠️  STALE (exceeded timeout)
[2026-04-01 07:40:01]   Task fix-trade-builder-403: age 29584060m (timeout 120m)
[2026-04-01 07:40:01]     ⚠️  STALE (exceeded timeout)
[2026-04-01 07:40:01]   Task fix-all-trade-issues: age 29584060m (timeout 120m)
[2026-04-01 07:40:01]     ⚠️  STALE (exceeded timeout)
[2026-04-01 07:40:01] Archiving 9 stale + 0 completed tasks...
[2026-04-01 07:50:00] Checking 9 active tasks...
[2026-04-01 07:50:01]   Task dogfood-qa-week4: age 29584070m (timeout 120m)
[2026-04-01 07:50:01]     ⚠️  STALE (exceeded timeout)
[2026-04-01 07:50:01]   Task fix-dogfood-week4: age 29584070m (timeout 120m)
[2026-04-01 07:50:01]     ⚠️  STALE (exceeded timeout)
[2026-04-01 07:50:01]   Task test-opt-parallel-logger: age 29584070m (timeout 120m)
[2026-04-01 07:50:01]     ⚠️  STALE (exceeded timeout)
[2026-04-01 07:50:01]   Task test-opt-parallel-error: age 29584070m (timeout 120m)
[2026-04-01 07:50:01]     ⚠️  STALE (exceeded timeout)
[2026-04-01 07:50:01]   Task audit-all-work: age 29584070m (timeout 120m)
[2026-04-01 07:50:01]     ⚠️  STALE (exceeded timeout)
[2026-04-01 07:50:01]   Task workqueue-automation: age 29584070m (timeout 120m)
[2026-04-01 07:50:01]     ⚠️  STALE (exceeded timeout)
[2026-04-01 07:50:01]   Task test-opt-analytics-opus: age 29584070m (timeout 120m)
[2026-04-01 07:50:01]     ⚠️  STALE (exceeded timeout)
[2026-04-01 07:50:01]   Task fix-trade-builder-403: age 29584070m (timeout 120m)
[2026-04-01 07:50:01]     ⚠️  STALE (exceeded timeout)
[2026-04-01 07:50:01]   Task fix-all-trade-issues: age 29584070m (timeout 120m)
[2026-04-01 07:50:01]     ⚠️  STALE (exceeded timeout)
[2026-04-01 07:50:01] Archiving 9 stale + 0 completed tasks...
[2026-04-01 08:00:01] Checking 9 active tasks...
[2026-04-01 08:00:01]   Task dogfood-qa-week4: age 29584080m (timeout 120m)
[2026-04-01 08:00:01]     ⚠️  STALE (exceeded timeout)
[2026-04-01 08:00:01]   Task fix-dogfood-week4: age 29584080m (timeout 120m)
[2026-04-01 08:00:01]     ⚠️  STALE (exceeded timeout)
[2026-04-01 08:00:01]   Task test-opt-parallel-logger: age 29584080m (timeout 120m)
[2026-04-01 08:00:01]     ⚠️  STALE (exceeded timeout)
[2026-04-01 08:00:01]   Task test-opt-parallel-error: age 29584080m (timeout 120m)
[2026-04-01 08:00:01]     ⚠️  STALE (exceeded timeout)
[2026-04-01 08:00:01]   Task audit-all-work: age 29584080m (timeout 120m)
[2026-04-01 08:00:01]     ⚠️  STALE (exceeded timeout)
[2026-04-01 08:00:01]   Task workqueue-automation: age 29584080m (timeout 120m)
[2026-04-01 08:00:01]     ⚠️  STALE (exceeded timeout)
[2026-04-01 08:00:01]   Task test-opt-analytics-opus: age 29584080m (timeout 120m)
[2026-04-01 08:00:01]     ⚠️  STALE (exceeded timeout)
[2026-04-01 08:00:01]   Task fix-trade-builder-403: age 29584080m (timeout 120m)
[2026-04-01 08:00:01]     ⚠️  STALE (exceeded timeout)
[2026-04-01 08:00:01]   Task fix-all-trade-issues: age 29584080m (timeout 120m)
[2026-04-01 08:00:01]     ⚠️  STALE (exceeded timeout)
[2026-04-01 08:00:01] Archiving 9 stale + 0 completed tasks...
[2026-04-01 08:10:00] Checking 9 active tasks...
[2026-04-01 08:10:01]   Task dogfood-qa-week4: age 29584090m (timeout 120m)
[2026-04-01 08:10:01]     ⚠️  STALE (exceeded timeout)
[2026-04-01 08:10:01]   Task fix-dogfood-week4: age 29584090m (timeout 120m)
[2026-04-01 08:10:01]     ⚠️  STALE (exceeded timeout)
[2026-04-01 08:10:01]   Task test-opt-parallel-logger: age 29584090m (timeout 120m)
[2026-04-01 08:10:01]     ⚠️  STALE (exceeded timeout)
[2026-04-01 08:10:01]   Task test-opt-parallel-error: age 29584090m (timeout 120m)
[2026-04-01 08:10:01]     ⚠️  STALE (exceeded timeout)
[2026-04-01 08:10:01]   Task audit-all-work: age 29584090m (timeout 120m)
[2026-04-01 08:10:01]     ⚠️  STALE (exceeded timeout)
[2026-04-01 08:10:01]   Task workqueue-automation: age 29584090m (timeout 120m)
[2026-04-01 08:10:01]     ⚠️  STALE (exceeded timeout)
[2026-04-01 08:10:01]   Task test-opt-analytics-opus: age 29584090m (timeout 120m)
[2026-04-01 08:10:01]     ⚠️  STALE (exceeded timeout)
[2026-04-01 08:10:01]   Task fix-trade-builder-403: age 29584090m (timeout 120m)
[2026-04-01 08:10:01]     ⚠️  STALE (exceeded timeout)
[2026-04-01 08:10:01]   Task fix-all-trade-issues: age 29584090m (timeout 120m)
[2026-04-01 08:10:01]     ⚠️  STALE (exceeded timeout)
[2026-04-01 08:10:01] Archiving 9 stale + 0 completed tasks...
[2026-04-01 08:20:01] Checking 9 active tasks...
[2026-04-01 08:20:01]   Task dogfood-qa-week4: age 29584100m (timeout 120m)
[2026-04-01 08:20:01]     ⚠️  STALE (exceeded timeout)
[2026-04-01 08:20:01]   Task fix-dogfood-week4: age 29584100m (timeout 120m)
[2026-04-01 08:20:01]     ⚠️  STALE (exceeded timeout)
[2026-04-01 08:20:01]   Task test-opt-parallel-logger: age 29584100m (timeout 120m)
[2026-04-01 08:20:01]     ⚠️  STALE (exceeded timeout)
[2026-04-01 08:20:01]   Task test-opt-parallel-error: age 29584100m (timeout 120m)
[2026-04-01 08:20:01]     ⚠️  STALE (exceeded timeout)
[2026-04-01 08:20:01]   Task audit-all-work: age 29584100m (timeout 120m)
[2026-04-01 08:20:01]     ⚠️  STALE (exceeded timeout)
[2026-04-01 08:20:01]   Task workqueue-automation: age 29584100m (timeout 120m)
[2026-04-01 08:20:01]     ⚠️  STALE (exceeded timeout)
[2026-04-01 08:20:01]   Task test-opt-analytics-opus: age 29584100m (timeout 120m)
[2026-04-01 08:20:01]     ⚠️  STALE (exceeded timeout)
[2026-04-01 08:20:01]   Task fix-trade-builder-403: age 29584100m (timeout 120m)
[2026-04-01 08:20:01]     ⚠️  STALE (exceeded timeout)
[2026-04-01 08:20:01]   Task fix-all-trade-issues: age 29584100m (timeout 120m)
[2026-04-01 08:20:01]     ⚠️  STALE (exceeded timeout)
[2026-04-01 08:20:01] Archiving 9 stale + 0 completed tasks...
[2026-04-01 08:30:00] Checking 9 active tasks...
[2026-04-01 08:30:00]   Task dogfood-qa-week4: age 29584110m (timeout 120m)
[2026-04-01 08:30:00]     ⚠️  STALE (exceeded timeout)
[2026-04-01 08:30:00]   Task fix-dogfood-week4: age 29584110m (timeout 120m)
[2026-04-01 08:30:00]     ⚠️  STALE (exceeded timeout)
[2026-04-01 08:30:00]   Task test-opt-parallel-logger: age 29584110m (timeout 120m)
[2026-04-01 08:30:00]     ⚠️  STALE (exceeded timeout)
[2026-04-01 08:30:00]   Task test-opt-parallel-error: age 29584110m (timeout 120m)
[2026-04-01 08:30:00]     ⚠️  STALE (exceeded timeout)
[2026-04-01 08:30:00]   Task audit-all-work: age 29584110m (timeout 120m)
[2026-04-01 08:30:00]     ⚠️  STALE (exceeded timeout)
[2026-04-01 08:30:01]   Task workqueue-automation: age 29584110m (timeout 120m)
[2026-04-01 08:30:01]     ⚠️  STALE (exceeded timeout)
[2026-04-01 08:30:01]   Task test-opt-analytics-opus: age 29584110m (timeout 120m)
[2026-04-01 08:30:01]     ⚠️  STALE (exceeded timeout)
[2026-04-01 08:30:01]   Task fix-trade-builder-403: age 29584110m (timeout 120m)
[2026-04-01 08:30:01]     ⚠️  STALE (exceeded timeout)
[2026-04-01 08:30:01]   Task fix-all-trade-issues: age 29584110m (timeout 120m)
[2026-04-01 08:30:01]     ⚠️  STALE (exceeded timeout)
[2026-04-01 08:30:01] Archiving 9 stale + 0 completed tasks...
[2026-04-01 08:40:00] Checking 9 active tasks...
[2026-04-01 08:40:00]   Task dogfood-qa-week4: age 29584120m (timeout 120m)
[2026-04-01 08:40:00]     ⚠️  STALE (exceeded timeout)
[2026-04-01 08:40:00]   Task fix-dogfood-week4: age 29584120m (timeout 120m)
[2026-04-01 08:40:00]     ⚠️  STALE (exceeded timeout)
[2026-04-01 08:40:01]   Task test-opt-parallel-logger: age 29584120m (timeout 120m)
[2026-04-01 08:40:01]     ⚠️  STALE (exceeded timeout)
[2026-04-01 08:40:01]   Task test-opt-parallel-error: age 29584120m (timeout 120m)
[2026-04-01 08:40:01]     ⚠️  STALE (exceeded timeout)
[2026-04-01 08:40:01]   Task audit-all-work: age 29584120m (timeout 120m)
[2026-04-01 08:40:01]     ⚠️  STALE (exceeded timeout)
[2026-04-01 08:40:01]   Task workqueue-automation: age 29584120m (timeout 120m)
[2026-04-01 08:40:01]     ⚠️  STALE (exceeded timeout)
[2026-04-01 08:40:01]   Task test-opt-analytics-opus: age 29584120m (timeout 120m)
[2026-04-01 08:40:01]     ⚠️  STALE (exceeded timeout)
[2026-04-01 08:40:01]   Task fix-trade-builder-403: age 29584120m (timeout 120m)
[2026-04-01 08:40:01]     ⚠️  STALE (exceeded timeout)
[2026-04-01 08:40:01]   Task fix-all-trade-issues: age 29584120m (timeout 120m)
[2026-04-01 08:40:01]     ⚠️  STALE (exceeded timeout)
[2026-04-01 08:40:01] Archiving 9 stale + 0 completed tasks...
[2026-04-01 08:50:01] Checking 9 active tasks...
[2026-04-01 08:50:01]   Task dogfood-qa-week4: age 29584130m (timeout 120m)
[2026-04-01 08:50:01]     ⚠️  STALE (exceeded timeout)
[2026-04-01 08:50:01]   Task fix-dogfood-week4: age 29584130m (timeout 120m)
[2026-04-01 08:50:01]     ⚠️  STALE (exceeded timeout)
[2026-04-01 08:50:01]   Task test-opt-parallel-logger: age 29584130m (timeout 120m)
[2026-04-01 08:50:01]     ⚠️  STALE (exceeded timeout)
[2026-04-01 08:50:01]   Task test-opt-parallel-error: age 29584130m (timeout 120m)
[2026-04-01 08:50:01]     ⚠️  STALE (exceeded timeout)
[2026-04-01 08:50:01]   Task audit-all-work: age 29584130m (timeout 120m)
[2026-04-01 08:50:01]     ⚠️  STALE (exceeded timeout)
[2026-04-01 08:50:01]   Task workqueue-automation: age 29584130m (timeout 120m)
[2026-04-01 08:50:01]     ⚠️  STALE (exceeded timeout)
[2026-04-01 08:50:01]   Task test-opt-analytics-opus: age 29584130m (timeout 120m)
[2026-04-01 08:50:01]     ⚠️  STALE (exceeded timeout)
[2026-04-01 08:50:01]   Task fix-trade-builder-403: age 29584130m (timeout 120m)
[2026-04-01 08:50:01]     ⚠️  STALE (exceeded timeout)
[2026-04-01 08:50:01]   Task fix-all-trade-issues: age 29584130m (timeout 120m)
[2026-04-01 08:50:01]     ⚠️  STALE (exceeded timeout)
[2026-04-01 08:50:01] Archiving 9 stale + 0 completed tasks...
[2026-04-01 09:00:00] Checking 9 active tasks...
[2026-04-01 09:00:00]   Task dogfood-qa-week4: age 29584140m (timeout 120m)
[2026-04-01 09:00:00]     ⚠️  STALE (exceeded timeout)
[2026-04-01 09:00:00]   Task fix-dogfood-week4: age 29584140m (timeout 120m)
[2026-04-01 09:00:00]     ⚠️  STALE (exceeded timeout)
[2026-04-01 09:00:00]   Task test-opt-parallel-logger: age 29584140m (timeout 120m)
[2026-04-01 09:00:00]     ⚠️  STALE (exceeded timeout)
[2026-04-01 09:00:00]   Task test-opt-parallel-error: age 29584140m (timeout 120m)
[2026-04-01 09:00:00]     ⚠️  STALE (exceeded timeout)
[2026-04-01 09:00:00]   Task audit-all-work: age 29584140m (timeout 120m)
[2026-04-01 09:00:00]     ⚠️  STALE (exceeded timeout)
[2026-04-01 09:00:00]   Task workqueue-automation: age 29584140m (timeout 120m)
[2026-04-01 09:00:00]     ⚠️  STALE (exceeded timeout)
[2026-04-01 09:00:00]   Task test-opt-analytics-opus: age 29584140m (timeout 120m)
[2026-04-01 09:00:00]     ⚠️  STALE (exceeded timeout)
[2026-04-01 09:00:00]   Task fix-trade-builder-403: age 29584140m (timeout 120m)
[2026-04-01 09:00:00]     ⚠️  STALE (exceeded timeout)
[2026-04-01 09:00:01]   Task fix-all-trade-issues: age 29584140m (timeout 120m)
[2026-04-01 09:00:01]     ⚠️  STALE (exceeded timeout)
[2026-04-01 09:00:01] Archiving 9 stale + 0 completed tasks...
[2026-04-01 09:10:00] Checking 9 active tasks...
[2026-04-01 09:10:00]   Task dogfood-qa-week4: age 29584150m (timeout 120m)
[2026-04-01 09:10:00]     ⚠️  STALE (exceeded timeout)
[2026-04-01 09:10:00]   Task fix-dogfood-week4: age 29584150m (timeout 120m)
[2026-04-01 09:10:00]     ⚠️  STALE (exceeded timeout)
[2026-04-01 09:10:00]   Task test-opt-parallel-logger: age 29584150m (timeout 120m)
[2026-04-01 09:10:00]     ⚠️  STALE (exceeded timeout)
[2026-04-01 09:10:00]   Task test-opt-parallel-error: age 29584150m (timeout 120m)
[2026-04-01 09:10:00]     ⚠️  STALE (exceeded timeout)
[2026-04-01 09:10:00]   Task audit-all-work: age 29584150m (timeout 120m)
[2026-04-01 09:10:00]     ⚠️  STALE (exceeded timeout)
[2026-04-01 09:10:00]   Task workqueue-automation: age 29584150m (timeout 120m)
[2026-04-01 09:10:00]     ⚠️  STALE (exceeded timeout)
[2026-04-01 09:10:00]   Task test-opt-analytics-opus: age 29584150m (timeout 120m)
[2026-04-01 09:10:00]     ⚠️  STALE (exceeded timeout)
[2026-04-01 09:10:01]   Task fix-trade-builder-403: age 29584150m (timeout 120m)
[2026-04-01 09:10:01]     ⚠️  STALE (exceeded timeout)
[2026-04-01 09:10:01]   Task fix-all-trade-issues: age 29584150m (timeout 120m)
[2026-04-01 09:10:01]     ⚠️  STALE (exceeded timeout)
[2026-04-01 09:10:01] Archiving 9 stale + 0 completed tasks...
[2026-04-01 09:20:00] Checking 9 active tasks...
[2026-04-01 09:20:00]   Task dogfood-qa-week4: age 29584160m (timeout 120m)
[2026-04-01 09:20:00]     ⚠️  STALE (exceeded timeout)
[2026-04-01 09:20:00]   Task fix-dogfood-week4: age 29584160m (timeout 120m)
[2026-04-01 09:20:00]     ⚠️  STALE (exceeded timeout)
[2026-04-01 09:20:00]   Task test-opt-parallel-logger: age 29584160m (timeout 120m)
[2026-04-01 09:20:00]     ⚠️  STALE (exceeded timeout)
[2026-04-01 09:20:00]   Task test-opt-parallel-error: age 29584160m (timeout 120m)
[2026-04-01 09:20:00]     ⚠️  STALE (exceeded timeout)
[2026-04-01 09:20:00]   Task audit-all-work: age 29584160m (timeout 120m)
[2026-04-01 09:20:00]     ⚠️  STALE (exceeded timeout)
[2026-04-01 09:20:00]   Task workqueue-automation: age 29584160m (timeout 120m)
[2026-04-01 09:20:00]     ⚠️  STALE (exceeded timeout)
[2026-04-01 09:20:00]   Task test-opt-analytics-opus: age 29584160m (timeout 120m)
[2026-04-01 09:20:00]     ⚠️  STALE (exceeded timeout)
[2026-04-01 09:20:00]   Task fix-trade-builder-403: age 29584160m (timeout 120m)
[2026-04-01 09:20:00]     ⚠️  STALE (exceeded timeout)
[2026-04-01 09:20:00]   Task fix-all-trade-issues: age 29584160m (timeout 120m)
[2026-04-01 09:20:00]     ⚠️  STALE (exceeded timeout)
[2026-04-01 09:20:00] Archiving 9 stale + 0 completed tasks...
[2026-04-01 09:30:01] Checking 9 active tasks...
[2026-04-01 09:30:01]   Task dogfood-qa-week4: age 29584170m (timeout 120m)
[2026-04-01 09:30:01]     ⚠️  STALE (exceeded timeout)
[2026-04-01 09:30:01]   Task fix-dogfood-week4: age 29584170m (timeout 120m)
[2026-04-01 09:30:01]     ⚠️  STALE (exceeded timeout)
[2026-04-01 09:30:01]   Task test-opt-parallel-logger: age 29584170m (timeout 120m)
[2026-04-01 09:30:01]     ⚠️  STALE (exceeded timeout)
[2026-04-01 09:30:01]   Task test-opt-parallel-error: age 29584170m (timeout 120m)
[2026-04-01 09:30:01]     ⚠️  STALE (exceeded timeout)
[2026-04-01 09:30:01]   Task audit-all-work: age 29584170m (timeout 120m)
[2026-04-01 09:30:01]     ⚠️  STALE (exceeded timeout)
[2026-04-01 09:30:01]   Task workqueue-automation: age 29584170m (timeout 120m)
[2026-04-01 09:30:01]     ⚠️  STALE (exceeded timeout)
[2026-04-01 09:30:01]   Task test-opt-analytics-opus: age 29584170m (timeout 120m)
[2026-04-01 09:30:01]     ⚠️  STALE (exceeded timeout)
[2026-04-01 09:30:01]   Task fix-trade-builder-403: age 29584170m (timeout 120m)
[2026-04-01 09:30:01]     ⚠️  STALE (exceeded timeout)
[2026-04-01 09:30:01]   Task fix-all-trade-issues: age 29584170m (timeout 120m)
[2026-04-01 09:30:01]     ⚠️  STALE (exceeded timeout)
[2026-04-01 09:30:01] Archiving 9 stale + 0 completed tasks...
[2026-04-01 09:40:00] Checking 9 active tasks...
[2026-04-01 09:40:00]   Task dogfood-qa-week4: age 29584180m (timeout 120m)
[2026-04-01 09:40:00]     ⚠️  STALE (exceeded timeout)
[2026-04-01 09:40:01]   Task fix-dogfood-week4: age 29584180m (timeout 120m)
[2026-04-01 09:40:01]     ⚠️  STALE (exceeded timeout)
[2026-04-01 09:40:01]   Task test-opt-parallel-logger: age 29584180m (timeout 120m)
[2026-04-01 09:40:01]     ⚠️  STALE (exceeded timeout)
[2026-04-01 09:40:01]   Task test-opt-parallel-error: age 29584180m (timeout 120m)
[2026-04-01 09:40:01]     ⚠️  STALE (exceeded timeout)
[2026-04-01 09:40:01]   Task audit-all-work: age 29584180m (timeout 120m)
[2026-04-01 09:40:01]     ⚠️  STALE (exceeded timeout)
[2026-04-01 09:40:01]   Task workqueue-automation: age 29584180m (timeout 120m)
[2026-04-01 09:40:01]     ⚠️  STALE (exceeded timeout)
[2026-04-01 09:40:01]   Task test-opt-analytics-opus: age 29584180m (timeout 120m)
[2026-04-01 09:40:01]     ⚠️  STALE (exceeded timeout)
[2026-04-01 09:40:01]   Task fix-trade-builder-403: age 29584180m (timeout 120m)
[2026-04-01 09:40:01]     ⚠️  STALE (exceeded timeout)
[2026-04-01 09:40:01]   Task fix-all-trade-issues: age 29584180m (timeout 120m)
[2026-04-01 09:40:01]     ⚠️  STALE (exceeded timeout)
[2026-04-01 09:40:01] Archiving 9 stale + 0 completed tasks...
[2026-04-01 09:50:00] Checking 9 active tasks...
[2026-04-01 09:50:00]   Task dogfood-qa-week4: age 29584190m (timeout 120m)
[2026-04-01 09:50:00]     ⚠️  STALE (exceeded timeout)
[2026-04-01 09:50:00]   Task fix-dogfood-week4: age 29584190m (timeout 120m)
[2026-04-01 09:50:00]     ⚠️  STALE (exceeded timeout)
[2026-04-01 09:50:00]   Task test-opt-parallel-logger: age 29584190m (timeout 120m)
[2026-04-01 09:50:00]     ⚠️  STALE (exceeded timeout)
[2026-04-01 09:50:00]   Task test-opt-parallel-error: age 29584190m (timeout 120m)
[2026-04-01 09:50:00]     ⚠️  STALE (exceeded timeout)
[2026-04-01 09:50:00]   Task audit-all-work: age 29584190m (timeout 120m)
[2026-04-01 09:50:00]     ⚠️  STALE (exceeded timeout)
[2026-04-01 09:50:00]   Task workqueue-automation: age 29584190m (timeout 120m)
[2026-04-01 09:50:00]     ⚠️  STALE (exceeded timeout)
[2026-04-01 09:50:00]   Task test-opt-analytics-opus: age 29584190m (timeout 120m)
[2026-04-01 09:50:00]     ⚠️  STALE (exceeded timeout)
[2026-04-01 09:50:00]   Task fix-trade-builder-403: age 29584190m (timeout 120m)
[2026-04-01 09:50:00]     ⚠️  STALE (exceeded timeout)
[2026-04-01 09:50:00]   Task fix-all-trade-issues: age 29584190m (timeout 120m)
[2026-04-01 09:50:00]     ⚠️  STALE (exceeded timeout)
[2026-04-01 09:50:00] Archiving 9 stale + 0 completed tasks...
[2026-04-01 10:00:00] Checking 9 active tasks...
[2026-04-01 10:00:00]   Task dogfood-qa-week4: age 29584200m (timeout 120m)
[2026-04-01 10:00:00]     ⚠️  STALE (exceeded timeout)
[2026-04-01 10:00:00]   Task fix-dogfood-week4: age 29584200m (timeout 120m)
[2026-04-01 10:00:01]     ⚠️  STALE (exceeded timeout)
[2026-04-01 10:00:01]   Task test-opt-parallel-logger: age 29584200m (timeout 120m)
[2026-04-01 10:00:01]     ⚠️  STALE (exceeded timeout)
[2026-04-01 10:00:01]   Task test-opt-parallel-error: age 29584200m (timeout 120m)
[2026-04-01 10:00:01]     ⚠️  STALE (exceeded timeout)
[2026-04-01 10:00:01]   Task audit-all-work: age 29584200m (timeout 120m)
[2026-04-01 10:00:01]     ⚠️  STALE (exceeded timeout)
[2026-04-01 10:00:01]   Task workqueue-automation: age 29584200m (timeout 120m)
[2026-04-01 10:00:01]     ⚠️  STALE (exceeded timeout)
[2026-04-01 10:00:01]   Task test-opt-analytics-opus: age 29584200m (timeout 120m)
[2026-04-01 10:00:01]     ⚠️  STALE (exceeded timeout)
[2026-04-01 10:00:01]   Task fix-trade-builder-403: age 29584200m (timeout 120m)
[2026-04-01 10:00:01]     ⚠️  STALE (exceeded timeout)
[2026-04-01 10:00:01]   Task fix-all-trade-issues: age 29584200m (timeout 120m)
[2026-04-01 10:00:01]     ⚠️  STALE (exceeded timeout)
[2026-04-01 10:00:01] Archiving 9 stale + 0 completed tasks...
[2026-04-01 10:10:00] Checking 9 active tasks...
[2026-04-01 10:10:00]   Task dogfood-qa-week4: age 29584210m (timeout 120m)
[2026-04-01 10:10:00]     ⚠️  STALE (exceeded timeout)
[2026-04-01 10:10:00]   Task fix-dogfood-week4: age 29584210m (timeout 120m)
[2026-04-01 10:10:00]     ⚠️  STALE (exceeded timeout)
[2026-04-01 10:10:00]   Task test-opt-parallel-logger: age 29584210m (timeout 120m)
[2026-04-01 10:10:00]     ⚠️  STALE (exceeded timeout)
[2026-04-01 10:10:00]   Task test-opt-parallel-error: age 29584210m (timeout 120m)
[2026-04-01 10:10:00]     ⚠️  STALE (exceeded timeout)
[2026-04-01 10:10:00]   Task audit-all-work: age 29584210m (timeout 120m)
[2026-04-01 10:10:00]     ⚠️  STALE (exceeded timeout)
[2026-04-01 10:10:00]   Task workqueue-automation: age 29584210m (timeout 120m)
[2026-04-01 10:10:00]     ⚠️  STALE (exceeded timeout)
[2026-04-01 10:10:00]   Task test-opt-analytics-opus: age 29584210m (timeout 120m)
[2026-04-01 10:10:00]     ⚠️  STALE (exceeded timeout)
[2026-04-01 10:10:00]   Task fix-trade-builder-403: age 29584210m (timeout 120m)
[2026-04-01 10:10:00]     ⚠️  STALE (exceeded timeout)
[2026-04-01 10:10:01]   Task fix-all-trade-issues: age 29584210m (timeout 120m)
[2026-04-01 10:10:01]     ⚠️  STALE (exceeded timeout)
[2026-04-01 10:10:01] Archiving 9 stale + 0 completed tasks...
[2026-04-01 10:20:01] Checking 9 active tasks...
[2026-04-01 10:20:01]   Task dogfood-qa-week4: age 29584220m (timeout 120m)
[2026-04-01 10:20:01]     ⚠️  STALE (exceeded timeout)
[2026-04-01 10:20:01]   Task fix-dogfood-week4: age 29584220m (timeout 120m)
[2026-04-01 10:20:01]     ⚠️  STALE (exceeded timeout)
[2026-04-01 10:20:01]   Task test-opt-parallel-logger: age 29584220m (timeout 120m)
[2026-04-01 10:20:01]     ⚠️  STALE (exceeded timeout)
[2026-04-01 10:20:01]   Task test-opt-parallel-error: age 29584220m (timeout 120m)
[2026-04-01 10:20:01]     ⚠️  STALE (exceeded timeout)
[2026-04-01 10:20:01]   Task audit-all-work: age 29584220m (timeout 120m)
[2026-04-01 10:20:01]     ⚠️  STALE (exceeded timeout)
[2026-04-01 10:20:01]   Task workqueue-automation: age 29584220m (timeout 120m)
[2026-04-01 10:20:01]     ⚠️  STALE (exceeded timeout)
[2026-04-01 10:20:01]   Task test-opt-analytics-opus: age 29584220m (timeout 120m)
[2026-04-01 10:20:01]     ⚠️  STALE (exceeded timeout)
[2026-04-01 10:20:01]   Task fix-trade-builder-403: age 29584220m (timeout 120m)
[2026-04-01 10:20:01]     ⚠️  STALE (exceeded timeout)
[2026-04-01 10:20:01]   Task fix-all-trade-issues: age 29584220m (timeout 120m)
[2026-04-01 10:20:01]     ⚠️  STALE (exceeded timeout)
[2026-04-01 10:20:01] Archiving 9 stale + 0 completed tasks...
[2026-04-01 10:30:00] Checking 9 active tasks...
[2026-04-01 10:30:00]   Task dogfood-qa-week4: age 29584230m (timeout 120m)
[2026-04-01 10:30:00]     ⚠️  STALE (exceeded timeout)
[2026-04-01 10:30:00]   Task fix-dogfood-week4: age 29584230m (timeout 120m)
[2026-04-01 10:30:00]     ⚠️  STALE (exceeded timeout)
[2026-04-01 10:30:00]   Task test-opt-parallel-logger: age 29584230m (timeout 120m)
[2026-04-01 10:30:00]     ⚠️  STALE (exceeded timeout)
[2026-04-01 10:30:00]   Task test-opt-parallel-error: age 29584230m (timeout 120m)
[2026-04-01 10:30:00]     ⚠️  STALE (exceeded timeout)
[2026-04-01 10:30:00]   Task audit-all-work: age 29584230m (timeout 120m)
[2026-04-01 10:30:00]     ⚠️  STALE (exceeded timeout)
[2026-04-01 10:30:00]   Task workqueue-automation: age 29584230m (timeout 120m)
[2026-04-01 10:30:00]     ⚠️  STALE (exceeded timeout)
[2026-04-01 10:30:00]   Task test-opt-analytics-opus: age 29584230m (timeout 120m)
[2026-04-01 10:30:00]     ⚠️  STALE (exceeded timeout)
[2026-04-01 10:30:00]   Task fix-trade-builder-403: age 29584230m (timeout 120m)
[2026-04-01 10:30:00]     ⚠️  STALE (exceeded timeout)
[2026-04-01 10:30:00]   Task fix-all-trade-issues: age 29584230m (timeout 120m)
[2026-04-01 10:30:00]     ⚠️  STALE (exceeded timeout)
[2026-04-01 10:30:00] Archiving 9 stale + 0 completed tasks...
[2026-04-01 10:40:00] Checking 9 active tasks...
[2026-04-01 10:40:00]   Task dogfood-qa-week4: age 29584240m (timeout 120m)
[2026-04-01 10:40:00]     ⚠️  STALE (exceeded timeout)
[2026-04-01 10:40:00]   Task fix-dogfood-week4: age 29584240m (timeout 120m)
[2026-04-01 10:40:00]     ⚠️  STALE (exceeded timeout)
[2026-04-01 10:40:00]   Task test-opt-parallel-logger: age 29584240m (timeout 120m)
[2026-04-01 10:40:00]     ⚠️  STALE (exceeded timeout)
[2026-04-01 10:40:00]   Task test-opt-parallel-error: age 29584240m (timeout 120m)
[2026-04-01 10:40:00]     ⚠️  STALE (exceeded timeout)
[2026-04-01 10:40:00]   Task audit-all-work: age 29584240m (timeout 120m)
[2026-04-01 10:40:00]     ⚠️  STALE (exceeded timeout)
[2026-04-01 10:40:00]   Task workqueue-automation: age 29584240m (timeout 120m)
[2026-04-01 10:40:00]     ⚠️  STALE (exceeded timeout)
[2026-04-01 10:40:01]   Task test-opt-analytics-opus: age 29584240m (timeout 120m)
[2026-04-01 10:40:01]     ⚠️  STALE (exceeded timeout)
[2026-04-01 10:40:01]   Task fix-trade-builder-403: age 29584240m (timeout 120m)
[2026-04-01 10:40:01]     ⚠️  STALE (exceeded timeout)
[2026-04-01 10:40:01]   Task fix-all-trade-issues: age 29584240m (timeout 120m)
[2026-04-01 10:40:01]     ⚠️  STALE (exceeded timeout)
[2026-04-01 10:40:01] Archiving 9 stale + 0 completed tasks...
[2026-04-01 10:50:00] Checking 9 active tasks...
[2026-04-01 10:50:00]   Task dogfood-qa-week4: age 29584250m (timeout 120m)
[2026-04-01 10:50:00]     ⚠️  STALE (exceeded timeout)
[2026-04-01 10:50:01]   Task fix-dogfood-week4: age 29584250m (timeout 120m)
[2026-04-01 10:50:01]     ⚠️  STALE (exceeded timeout)
[2026-04-01 10:50:01]   Task test-opt-parallel-logger: age 29584250m (timeout 120m)
[2026-04-01 10:50:01]     ⚠️  STALE (exceeded timeout)
[2026-04-01 10:50:01]   Task test-opt-parallel-error: age 29584250m (timeout 120m)
[2026-04-01 10:50:01]     ⚠️  STALE (exceeded timeout)
[2026-04-01 10:50:01]   Task audit-all-work: age 29584250m (timeout 120m)
[2026-04-01 10:50:01]     ⚠️  STALE (exceeded timeout)
[2026-04-01 10:50:01]   Task workqueue-automation: age 29584250m (timeout 120m)
[2026-04-01 10:50:01]     ⚠️  STALE (exceeded timeout)
[2026-04-01 10:50:01]   Task test-opt-analytics-opus: age 29584250m (timeout 120m)
[2026-04-01 10:50:01]     ⚠️  STALE (exceeded timeout)
[2026-04-01 10:50:01]   Task fix-trade-builder-403: age 29584250m (timeout 120m)
[2026-04-01 10:50:01]     ⚠️  STALE (exceeded timeout)
[2026-04-01 10:50:01]   Task fix-all-trade-issues: age 29584250m (timeout 120m)
[2026-04-01 10:50:01]     ⚠️  STALE (exceeded timeout)
[2026-04-01 10:50:01] Archiving 9 stale + 0 completed tasks...
[2026-04-01 11:00:00] Checking 9 active tasks...
[2026-04-01 11:00:00]   Task dogfood-qa-week4: age 29584260m (timeout 120m)
[2026-04-01 11:00:00]     ⚠️  STALE (exceeded timeout)
[2026-04-01 11:00:00]   Task fix-dogfood-week4: age 29584260m (timeout 120m)
[2026-04-01 11:00:00]     ⚠️  STALE (exceeded timeout)
[2026-04-01 11:00:00]   Task test-opt-parallel-logger: age 29584260m (timeout 120m)
[2026-04-01 11:00:00]     ⚠️  STALE (exceeded timeout)
[2026-04-01 11:00:00]   Task test-opt-parallel-error: age 29584260m (timeout 120m)
[2026-04-01 11:00:00]     ⚠️  STALE (exceeded timeout)
[2026-04-01 11:00:00]   Task audit-all-work: age 29584260m (timeout 120m)
[2026-04-01 11:00:00]     ⚠️  STALE (exceeded timeout)
[2026-04-01 11:00:00]   Task workqueue-automation: age 29584260m (timeout 120m)
[2026-04-01 11:00:00]     ⚠️  STALE (exceeded timeout)
[2026-04-01 11:00:00]   Task test-opt-analytics-opus: age 29584260m (timeout 120m)
[2026-04-01 11:00:00]     ⚠️  STALE (exceeded timeout)
[2026-04-01 11:00:00]   Task fix-trade-builder-403: age 29584260m (timeout 120m)
[2026-04-01 11:00:00]     ⚠️  STALE (exceeded timeout)
[2026-04-01 11:00:00]   Task fix-all-trade-issues: age 29584260m (timeout 120m)
[2026-04-01 11:00:00]     ⚠️  STALE (exceeded timeout)
[2026-04-01 11:00:00] Archiving 9 stale + 0 completed tasks...
[2026-04-01 11:10:00] Checking 9 active tasks...
[2026-04-01 11:10:00]   Task dogfood-qa-week4: age 29584270m (timeout 120m)
[2026-04-01 11:10:00]     ⚠️  STALE (exceeded timeout)
[2026-04-01 11:10:00]   Task fix-dogfood-week4: age 29584270m (timeout 120m)
[2026-04-01 11:10:00]     ⚠️  STALE (exceeded timeout)
[2026-04-01 11:10:00]   Task test-opt-parallel-logger: age 29584270m (timeout 120m)
[2026-04-01 11:10:00]     ⚠️  STALE (exceeded timeout)
[2026-04-01 11:10:00]   Task test-opt-parallel-error: age 29584270m (timeout 120m)
[2026-04-01 11:10:00]     ⚠️  STALE (exceeded timeout)
[2026-04-01 11:10:00]   Task audit-all-work: age 29584270m (timeout 120m)
[2026-04-01 11:10:01]     ⚠️  STALE (exceeded timeout)
[2026-04-01 11:10:01]   Task workqueue-automation: age 29584270m (timeout 120m)
[2026-04-01 11:10:01]     ⚠️  STALE (exceeded timeout)
[2026-04-01 11:10:01]   Task test-opt-analytics-opus: age 29584270m (timeout 120m)
[2026-04-01 11:10:01]     ⚠️  STALE (exceeded timeout)
[2026-04-01 11:10:01]   Task fix-trade-builder-403: age 29584270m (timeout 120m)
[2026-04-01 11:10:01]     ⚠️  STALE (exceeded timeout)
[2026-04-01 11:10:01]   Task fix-all-trade-issues: age 29584270m (timeout 120m)
[2026-04-01 11:10:01]     ⚠️  STALE (exceeded timeout)
[2026-04-01 11:10:01] Archiving 9 stale + 0 completed tasks...
[2026-04-01 11:20:01] Checking 9 active tasks...
[2026-04-01 11:20:01]   Task dogfood-qa-week4: age 29584280m (timeout 120m)
[2026-04-01 11:20:01]     ⚠️  STALE (exceeded timeout)
[2026-04-01 11:20:01]   Task fix-dogfood-week4: age 29584280m (timeout 120m)
[2026-04-01 11:20:01]     ⚠️  STALE (exceeded timeout)
[2026-04-01 11:20:01]   Task test-opt-parallel-logger: age 29584280m (timeout 120m)
[2026-04-01 11:20:01]     ⚠️  STALE (exceeded timeout)
[2026-04-01 11:20:01]   Task test-opt-parallel-error: age 29584280m (timeout 120m)
[2026-04-01 11:20:01]     ⚠️  STALE (exceeded timeout)
[2026-04-01 11:20:01]   Task audit-all-work: age 29584280m (timeout 120m)
[2026-04-01 11:20:01]     ⚠️  STALE (exceeded timeout)
[2026-04-01 11:20:01]   Task workqueue-automation: age 29584280m (timeout 120m)
[2026-04-01 11:20:01]     ⚠️  STALE (exceeded timeout)
[2026-04-01 11:20:01]   Task test-opt-analytics-opus: age 29584280m (timeout 120m)
[2026-04-01 11:20:01]     ⚠️  STALE (exceeded timeout)
[2026-04-01 11:20:01]   Task fix-trade-builder-403: age 29584280m (timeout 120m)
[2026-04-01 11:20:01]     ⚠️  STALE (exceeded timeout)
[2026-04-01 11:20:01]   Task fix-all-trade-issues: age 29584280m (timeout 120m)
[2026-04-01 11:20:01]     ⚠️  STALE (exceeded timeout)
[2026-04-01 11:20:01] Archiving 9 stale + 0 completed tasks...
[2026-04-01 11:30:00] Checking 9 active tasks...
[2026-04-01 11:30:00]   Task dogfood-qa-week4: age 29584290m (timeout 120m)
[2026-04-01 11:30:00]     ⚠️  STALE (exceeded timeout)
[2026-04-01 11:30:00]   Task fix-dogfood-week4: age 29584290m (timeout 120m)
[2026-04-01 11:30:00]     ⚠️  STALE (exceeded timeout)
[2026-04-01 11:30:00]   Task test-opt-parallel-logger: age 29584290m (timeout 120m)
[2026-04-01 11:30:00]     ⚠️  STALE (exceeded timeout)
[2026-04-01 11:30:00]   Task test-opt-parallel-error: age 29584290m (timeout 120m)
[2026-04-01 11:30:00]     ⚠️  STALE (exceeded timeout)
[2026-04-01 11:30:00]   Task audit-all-work: age 29584290m (timeout 120m)
[2026-04-01 11:30:00]     ⚠️  STALE (exceeded timeout)
[2026-04-01 11:30:01]   Task workqueue-automation: age 29584290m (timeout 120m)
[2026-04-01 11:30:01]     ⚠️  STALE (exceeded timeout)
[2026-04-01 11:30:01]   Task test-opt-analytics-opus: age 29584290m (timeout 120m)
[2026-04-01 11:30:01]     ⚠️  STALE (exceeded timeout)
[2026-04-01 11:30:01]   Task fix-trade-builder-403: age 29584290m (timeout 120m)
[2026-04-01 11:30:01]     ⚠️  STALE (exceeded timeout)
[2026-04-01 11:30:01]   Task fix-all-trade-issues: age 29584290m (timeout 120m)
[2026-04-01 11:30:01]     ⚠️  STALE (exceeded timeout)
[2026-04-01 11:30:01] Archiving 9 stale + 0 completed tasks...
[2026-04-01 11:40:00] Checking 9 active tasks...
[2026-04-01 11:40:00]   Task dogfood-qa-week4: age 29584300m (timeout 120m)
[2026-04-01 11:40:00]     ⚠️  STALE (exceeded timeout)
[2026-04-01 11:40:00]   Task fix-dogfood-week4: age 29584300m (timeout 120m)
[2026-04-01 11:40:00]     ⚠️  STALE (exceeded timeout)
[2026-04-01 11:40:00]   Task test-opt-parallel-logger: age 29584300m (timeout 120m)
[2026-04-01 11:40:00]     ⚠️  STALE (exceeded timeout)
[2026-04-01 11:40:00]   Task test-opt-parallel-error: age 29584300m (timeout 120m)
[2026-04-01 11:40:00]     ⚠️  STALE (exceeded timeout)
[2026-04-01 11:40:00]   Task audit-all-work: age 29584300m (timeout 120m)
[2026-04-01 11:40:00]     ⚠️  STALE (exceeded timeout)
[2026-04-01 11:40:00]   Task workqueue-automation: age 29584300m (timeout 120m)
[2026-04-01 11:40:00]     ⚠️  STALE (exceeded timeout)
[2026-04-01 11:40:00]   Task test-opt-analytics-opus: age 29584300m (timeout 120m)
[2026-04-01 11:40:00]     ⚠️  STALE (exceeded timeout)
[2026-04-01 11:40:00]   Task fix-trade-builder-403: age 29584300m (timeout 120m)
[2026-04-01 11:40:00]     ⚠️  STALE (exceeded timeout)
[2026-04-01 11:40:00]   Task fix-all-trade-issues: age 29584300m (timeout 120m)
[2026-04-01 11:40:00]     ⚠️  STALE (exceeded timeout)
[2026-04-01 11:40:00] Archiving 9 stale + 0 completed tasks...
[2026-04-01 11:50:00] Checking 9 active tasks...
[2026-04-01 11:50:00]   Task dogfood-qa-week4: age 29584310m (timeout 120m)
[2026-04-01 11:50:00]     ⚠️  STALE (exceeded timeout)
[2026-04-01 11:50:00]   Task fix-dogfood-week4: age 29584310m (timeout 120m)
[2026-04-01 11:50:00]     ⚠️  STALE (exceeded timeout)
[2026-04-01 11:50:01]   Task test-opt-parallel-logger: age 29584310m (timeout 120m)
[2026-04-01 11:50:01]     ⚠️  STALE (exceeded timeout)
[2026-04-01 11:50:01]   Task test-opt-parallel-error: age 29584310m (timeout 120m)
[2026-04-01 11:50:01]     ⚠️  STALE (exceeded timeout)
[2026-04-01 11:50:01]   Task audit-all-work: age 29584310m (timeout 120m)
[2026-04-01 11:50:01]     ⚠️  STALE (exceeded timeout)
[2026-04-01 11:50:01]   Task workqueue-automation: age 29584310m (timeout 120m)
[2026-04-01 11:50:01]     ⚠️  STALE (exceeded timeout)
[2026-04-01 11:50:01]   Task test-opt-analytics-opus: age 29584310m (timeout 120m)
[2026-04-01 11:50:01]     ⚠️  STALE (exceeded timeout)
[2026-04-01 11:50:01]   Task fix-trade-builder-403: age 29584310m (timeout 120m)
[2026-04-01 11:50:01]     ⚠️  STALE (exceeded timeout)
[2026-04-01 11:50:01]   Task fix-all-trade-issues: age 29584310m (timeout 120m)
[2026-04-01 11:50:01]     ⚠️  STALE (exceeded timeout)
[2026-04-01 11:50:01] Archiving 9 stale + 0 completed tasks...
[2026-04-01 12:00:01] Checking 9 active tasks...
[2026-04-01 12:00:01]   Task dogfood-qa-week4: age 29584320m (timeout 120m)
[2026-04-01 12:00:01]     ⚠️  STALE (exceeded timeout)
[2026-04-01 12:00:01]   Task fix-dogfood-week4: age 29584320m (timeout 120m)
[2026-04-01 12:00:01]     ⚠️  STALE (exceeded timeout)
[2026-04-01 12:00:01]   Task test-opt-parallel-logger: age 29584320m (timeout 120m)
[2026-04-01 12:00:01]     ⚠️  STALE (exceeded timeout)
[2026-04-01 12:00:01]   Task test-opt-parallel-error: age 29584320m (timeout 120m)
[2026-04-01 12:00:01]     ⚠️  STALE (exceeded timeout)
[2026-04-01 12:00:01]   Task audit-all-work: age 29584320m (timeout 120m)
[2026-04-01 12:00:01]     ⚠️  STALE (exceeded timeout)
[2026-04-01 12:00:01]   Task workqueue-automation: age 29584320m (timeout 120m)
[2026-04-01 12:00:01]     ⚠️  STALE (exceeded timeout)
[2026-04-01 12:00:01]   Task test-opt-analytics-opus: age 29584320m (timeout 120m)
[2026-04-01 12:00:01]     ⚠️  STALE (exceeded timeout)
[2026-04-01 12:00:01]   Task fix-trade-builder-403: age 29584320m (timeout 120m)
[2026-04-01 12:00:01]     ⚠️  STALE (exceeded timeout)
[2026-04-01 12:00:01]   Task fix-all-trade-issues: age 29584320m (timeout 120m)
[2026-04-01 12:00:01]     ⚠️  STALE (exceeded timeout)
[2026-04-01 12:00:02] Archiving 9 stale + 0 completed tasks...
[2026-04-01 12:10:00] Checking 9 active tasks...
[2026-04-01 12:10:00]   Task dogfood-qa-week4: age 29584330m (timeout 120m)
[2026-04-01 12:10:00]     ⚠️  STALE (exceeded timeout)
[2026-04-01 12:10:00]   Task fix-dogfood-week4: age 29584330m (timeout 120m)
[2026-04-01 12:10:00]     ⚠️  STALE (exceeded timeout)
[2026-04-01 12:10:00]   Task test-opt-parallel-logger: age 29584330m (timeout 120m)
[2026-04-01 12:10:00]     ⚠️  STALE (exceeded timeout)
[2026-04-01 12:10:01]   Task test-opt-parallel-error: age 29584330m (timeout 120m)
[2026-04-01 12:10:01]     ⚠️  STALE (exceeded timeout)
[2026-04-01 12:10:01]   Task audit-all-work: age 29584330m (timeout 120m)
[2026-04-01 12:10:01]     ⚠️  STALE (exceeded timeout)
[2026-04-01 12:10:01]   Task workqueue-automation: age 29584330m (timeout 120m)
[2026-04-01 12:10:01]     ⚠️  STALE (exceeded timeout)
[2026-04-01 12:10:01]   Task test-opt-analytics-opus: age 29584330m (timeout 120m)
[2026-04-01 12:10:01]     ⚠️  STALE (exceeded timeout)
[2026-04-01 12:10:01]   Task fix-trade-builder-403: age 29584330m (timeout 120m)
[2026-04-01 12:10:01]     ⚠️  STALE (exceeded timeout)
[2026-04-01 12:10:01]   Task fix-all-trade-issues: age 29584330m (timeout 120m)
[2026-04-01 12:10:01]     ⚠️  STALE (exceeded timeout)
[2026-04-01 12:10:01] Archiving 9 stale + 0 completed tasks...
[2026-04-01 12:20:00] Checking 9 active tasks...
[2026-04-01 12:20:00]   Task dogfood-qa-week4: age 29584340m (timeout 120m)
[2026-04-01 12:20:00]     ⚠️  STALE (exceeded timeout)
[2026-04-01 12:20:01]   Task fix-dogfood-week4: age 29584340m (timeout 120m)
[2026-04-01 12:20:01]     ⚠️  STALE (exceeded timeout)
[2026-04-01 12:20:01]   Task test-opt-parallel-logger: age 29584340m (timeout 120m)
[2026-04-01 12:20:01]     ⚠️  STALE (exceeded timeout)
[2026-04-01 12:20:01]   Task test-opt-parallel-error: age 29584340m (timeout 120m)
[2026-04-01 12:20:01]     ⚠️  STALE (exceeded timeout)
[2026-04-01 12:20:01]   Task audit-all-work: age 29584340m (timeout 120m)
[2026-04-01 12:20:01]     ⚠️  STALE (exceeded timeout)
[2026-04-01 12:20:01]   Task workqueue-automation: age 29584340m (timeout 120m)
[2026-04-01 12:20:01]     ⚠️  STALE (exceeded timeout)
[2026-04-01 12:20:01]   Task test-opt-analytics-opus: age 29584340m (timeout 120m)
[2026-04-01 12:20:01]     ⚠️  STALE (exceeded timeout)
[2026-04-01 12:20:01]   Task fix-trade-builder-403: age 29584340m (timeout 120m)
[2026-04-01 12:20:01]     ⚠️  STALE (exceeded timeout)
[2026-04-01 12:20:01]   Task fix-all-trade-issues: age 29584340m (timeout 120m)
[2026-04-01 12:20:01]     ⚠️  STALE (exceeded timeout)
[2026-04-01 12:20:01] Archiving 9 stale + 0 completed tasks...
[2026-04-01 12:30:00] Checking 9 active tasks...
[2026-04-01 12:30:00]   Task dogfood-qa-week4: age 29584350m (timeout 120m)
[2026-04-01 12:30:00]     ⚠️  STALE (exceeded timeout)
[2026-04-01 12:30:00]   Task fix-dogfood-week4: age 29584350m (timeout 120m)
[2026-04-01 12:30:00]     ⚠️  STALE (exceeded timeout)
[2026-04-01 12:30:00]   Task test-opt-parallel-logger: age 29584350m (timeout 120m)
[2026-04-01 12:30:00]     ⚠️  STALE (exceeded timeout)
[2026-04-01 12:30:00]   Task test-opt-parallel-error: age 29584350m (timeout 120m)
[2026-04-01 12:30:00]     ⚠️  STALE (exceeded timeout)
[2026-04-01 12:30:00]   Task audit-all-work: age 29584350m (timeout 120m)
[2026-04-01 12:30:00]     ⚠️  STALE (exceeded timeout)
[2026-04-01 12:30:00]   Task workqueue-automation: age 29584350m (timeout 120m)
[2026-04-01 12:30:00]     ⚠️  STALE (exceeded timeout)
[2026-04-01 12:30:00]   Task test-opt-analytics-opus: age 29584350m (timeout 120m)
[2026-04-01 12:30:00]     ⚠️  STALE (exceeded timeout)
[2026-04-01 12:30:00]   Task fix-trade-builder-403: age 29584350m (timeout 120m)
[2026-04-01 12:30:00]     ⚠️  STALE (exceeded timeout)
[2026-04-01 12:30:01]   Task fix-all-trade-issues: age 29584350m (timeout 120m)
[2026-04-01 12:30:01]     ⚠️  STALE (exceeded timeout)
[2026-04-01 12:30:01] Archiving 9 stale + 0 completed tasks...
[2026-04-01 12:40:00] Checking 9 active tasks...
[2026-04-01 12:40:00]   Task dogfood-qa-week4: age 29584360m (timeout 120m)
[2026-04-01 12:40:00]     ⚠️  STALE (exceeded timeout)
[2026-04-01 12:40:00]   Task fix-dogfood-week4: age 29584360m (timeout 120m)
[2026-04-01 12:40:00]     ⚠️  STALE (exceeded timeout)
[2026-04-01 12:40:00]   Task test-opt-parallel-logger: age 29584360m (timeout 120m)
[2026-04-01 12:40:00]     ⚠️  STALE (exceeded timeout)
[2026-04-01 12:40:00]   Task test-opt-parallel-error: age 29584360m (timeout 120m)
[2026-04-01 12:40:00]     ⚠️  STALE (exceeded timeout)
[2026-04-01 12:40:00]   Task audit-all-work: age 29584360m (timeout 120m)
[2026-04-01 12:40:00]     ⚠️  STALE (exceeded timeout)
[2026-04-01 12:40:00]   Task workqueue-automation: age 29584360m (timeout 120m)
[2026-04-01 12:40:00]     ⚠️  STALE (exceeded timeout)
[2026-04-01 12:40:00]   Task test-opt-analytics-opus: age 29584360m (timeout 120m)
[2026-04-01 12:40:00]     ⚠️  STALE (exceeded timeout)
[2026-04-01 12:40:00]   Task fix-trade-builder-403: age 29584360m (timeout 120m)
[2026-04-01 12:40:00]     ⚠️  STALE (exceeded timeout)
[2026-04-01 12:40:00]   Task fix-all-trade-issues: age 29584360m (timeout 120m)
[2026-04-01 12:40:00]     ⚠️  STALE (exceeded timeout)
[2026-04-01 12:40:00] Archiving 9 stale + 0 completed tasks...
[2026-04-01 12:50:00] Checking 9 active tasks...
[2026-04-01 12:50:00]   Task dogfood-qa-week4: age 29584370m (timeout 120m)
[2026-04-01 12:50:00]     ⚠️  STALE (exceeded timeout)
[2026-04-01 12:50:00]   Task fix-dogfood-week4: age 29584370m (timeout 120m)
[2026-04-01 12:50:00]     ⚠️  STALE (exceeded timeout)
[2026-04-01 12:50:00]   Task test-opt-parallel-logger: age 29584370m (timeout 120m)
[2026-04-01 12:50:00]     ⚠️  STALE (exceeded timeout)
[2026-04-01 12:50:00]   Task test-opt-parallel-error: age 29584370m (timeout 120m)
[2026-04-01 12:50:00]     ⚠️  STALE (exceeded timeout)
[2026-04-01 12:50:00]   Task audit-all-work: age 29584370m (timeout 120m)
[2026-04-01 12:50:00]     ⚠️  STALE (exceeded timeout)
[2026-04-01 12:50:00]   Task workqueue-automation: age 29584370m (timeout 120m)
[2026-04-01 12:50:00]     ⚠️  STALE (exceeded timeout)
[2026-04-01 12:50:00]   Task test-opt-analytics-opus: age 29584370m (timeout 120m)
[2026-04-01 12:50:00]     ⚠️  STALE (exceeded timeout)
[2026-04-01 12:50:00]   Task fix-trade-builder-403: age 29584370m (timeout 120m)
[2026-04-01 12:50:00]     ⚠️  STALE (exceeded timeout)
[2026-04-01 12:50:00]   Task fix-all-trade-issues: age 29584370m (timeout 120m)
[2026-04-01 12:50:01]     ⚠️  STALE (exceeded timeout)
[2026-04-01 12:50:01] Archiving 9 stale + 0 completed tasks...
[2026-04-01 13:00:00] Checking 9 active tasks...
[2026-04-01 13:00:00]   Task dogfood-qa-week4: age 29584380m (timeout 120m)
[2026-04-01 13:00:00]     ⚠️  STALE (exceeded timeout)
[2026-04-01 13:00:00]   Task fix-dogfood-week4: age 29584380m (timeout 120m)
[2026-04-01 13:00:00]     ⚠️  STALE (exceeded timeout)
[2026-04-01 13:00:00]   Task test-opt-parallel-logger: age 29584380m (timeout 120m)
[2026-04-01 13:00:01]     ⚠️  STALE (exceeded timeout)
[2026-04-01 13:00:01]   Task test-opt-parallel-error: age 29584380m (timeout 120m)
[2026-04-01 13:00:01]     ⚠️  STALE (exceeded timeout)
[2026-04-01 13:00:01]   Task audit-all-work: age 29584380m (timeout 120m)
[2026-04-01 13:00:01]     ⚠️  STALE (exceeded timeout)
[2026-04-01 13:00:01]   Task workqueue-automation: age 29584380m (timeout 120m)
[2026-04-01 13:00:01]     ⚠️  STALE (exceeded timeout)
[2026-04-01 13:00:01]   Task test-opt-analytics-opus: age 29584380m (timeout 120m)
[2026-04-01 13:00:01]     ⚠️  STALE (exceeded timeout)
[2026-04-01 13:00:01]   Task fix-trade-builder-403: age 29584380m (timeout 120m)
[2026-04-01 13:00:01]     ⚠️  STALE (exceeded timeout)
[2026-04-01 13:00:01]   Task fix-all-trade-issues: age 29584380m (timeout 120m)
[2026-04-01 13:00:01]     ⚠️  STALE (exceeded timeout)
[2026-04-01 13:00:01] Archiving 9 stale + 0 completed tasks...
[2026-04-01 13:10:00] Checking 9 active tasks...
[2026-04-01 13:10:00]   Task dogfood-qa-week4: age 29584390m (timeout 120m)
[2026-04-01 13:10:00]     ⚠️  STALE (exceeded timeout)
[2026-04-01 13:10:00]   Task fix-dogfood-week4: age 29584390m (timeout 120m)
[2026-04-01 13:10:00]     ⚠️  STALE (exceeded timeout)
[2026-04-01 13:10:00]   Task test-opt-parallel-logger: age 29584390m (timeout 120m)
[2026-04-01 13:10:00]     ⚠️  STALE (exceeded timeout)
[2026-04-01 13:10:00]   Task test-opt-parallel-error: age 29584390m (timeout 120m)
[2026-04-01 13:10:00]     ⚠️  STALE (exceeded timeout)
[2026-04-01 13:10:00]   Task audit-all-work: age 29584390m (timeout 120m)
[2026-04-01 13:10:00]     ⚠️  STALE (exceeded timeout)
[2026-04-01 13:10:00]   Task workqueue-automation: age 29584390m (timeout 120m)
[2026-04-01 13:10:00]     ⚠️  STALE (exceeded timeout)
[2026-04-01 13:10:00]   Task test-opt-analytics-opus: age 29584390m (timeout 120m)
[2026-04-01 13:10:00]     ⚠️  STALE (exceeded timeout)
[2026-04-01 13:10:01]   Task fix-trade-builder-403: age 29584390m (timeout 120m)
[2026-04-01 13:10:01]     ⚠️  STALE (exceeded timeout)
[2026-04-01 13:10:01]   Task fix-all-trade-issues: age 29584390m (timeout 120m)
[2026-04-01 13:10:01]     ⚠️  STALE (exceeded timeout)
[2026-04-01 13:10:01] Archiving 9 stale + 0 completed tasks...
[2026-04-01 13:20:00] Checking 9 active tasks...
[2026-04-01 13:20:00]   Task dogfood-qa-week4: age 29584400m (timeout 120m)
[2026-04-01 13:20:00]     ⚠️  STALE (exceeded timeout)
[2026-04-01 13:20:00]   Task fix-dogfood-week4: age 29584400m (timeout 120m)
[2026-04-01 13:20:00]     ⚠️  STALE (exceeded timeout)
[2026-04-01 13:20:01]   Task test-opt-parallel-logger: age 29584400m (timeout 120m)
[2026-04-01 13:20:01]     ⚠️  STALE (exceeded timeout)
[2026-04-01 13:20:01]   Task test-opt-parallel-error: age 29584400m (timeout 120m)
[2026-04-01 13:20:01]     ⚠️  STALE (exceeded timeout)
[2026-04-01 13:20:01]   Task audit-all-work: age 29584400m (timeout 120m)
[2026-04-01 13:20:01]     ⚠️  STALE (exceeded timeout)
[2026-04-01 13:20:01]   Task workqueue-automation: age 29584400m (timeout 120m)
[2026-04-01 13:20:01]     ⚠️  STALE (exceeded timeout)
[2026-04-01 13:20:01]   Task test-opt-analytics-opus: age 29584400m (timeout 120m)
[2026-04-01 13:20:01]     ⚠️  STALE (exceeded timeout)
[2026-04-01 13:20:01]   Task fix-trade-builder-403: age 29584400m (timeout 120m)
[2026-04-01 13:20:01]     ⚠️  STALE (exceeded timeout)
[2026-04-01 13:20:01]   Task fix-all-trade-issues: age 29584400m (timeout 120m)
[2026-04-01 13:20:01]     ⚠️  STALE (exceeded timeout)
[2026-04-01 13:20:01] Archiving 9 stale + 0 completed tasks...
