[2026-04-14 00:00:00] Checking 9 active tasks...
[2026-04-14 00:00:00]   Task dogfood-qa-week4: age 29602320m (timeout 120m)
[2026-04-14 00:00:00]     ⚠️  STALE (exceeded timeout)
[2026-04-14 00:00:00]   Task fix-dogfood-week4: age 29602320m (timeout 120m)
[2026-04-14 00:00:00]     ⚠️  STALE (exceeded timeout)
[2026-04-14 00:00:00]   Task test-opt-parallel-logger: age 29602320m (timeout 120m)
[2026-04-14 00:00:00]     ⚠️  STALE (exceeded timeout)
[2026-04-14 00:00:01]   Task test-opt-parallel-error: age 29602320m (timeout 120m)
[2026-04-14 00:00:01]     ⚠️  STALE (exceeded timeout)
[2026-04-14 00:00:01]   Task audit-all-work: age 29602320m (timeout 120m)
[2026-04-14 00:00:01]     ⚠️  STALE (exceeded timeout)
[2026-04-14 00:00:01]   Task workqueue-automation: age 29602320m (timeout 120m)
[2026-04-14 00:00:01]     ⚠️  STALE (exceeded timeout)
[2026-04-14 00:00:01]   Task test-opt-analytics-opus: age 29602320m (timeout 120m)
[2026-04-14 00:00:01]     ⚠️  STALE (exceeded timeout)
[2026-04-14 00:00:01]   Task fix-trade-builder-403: age 29602320m (timeout 120m)
[2026-04-14 00:00:01]     ⚠️  STALE (exceeded timeout)
[2026-04-14 00:00:01]   Task fix-all-trade-issues: age 29602320m (timeout 120m)
[2026-04-14 00:00:01]     ⚠️  STALE (exceeded timeout)
[2026-04-14 00:00:01] Archiving 9 stale + 0 completed tasks...
[2026-04-14 00:10:00] Checking 9 active tasks...
[2026-04-14 00:10:00]   Task dogfood-qa-week4: age 29602330m (timeout 120m)
[2026-04-14 00:10:00]     ⚠️  STALE (exceeded timeout)
[2026-04-14 00:10:00]   Task fix-dogfood-week4: age 29602330m (timeout 120m)
[2026-04-14 00:10:00]     ⚠️  STALE (exceeded timeout)
[2026-04-14 00:10:00]   Task test-opt-parallel-logger: age 29602330m (timeout 120m)
[2026-04-14 00:10:00]     ⚠️  STALE (exceeded timeout)
[2026-04-14 00:10:01]   Task test-opt-parallel-error: age 29602330m (timeout 120m)
[2026-04-14 00:10:01]     ⚠️  STALE (exceeded timeout)
[2026-04-14 00:10:01]   Task audit-all-work: age 29602330m (timeout 120m)
[2026-04-14 00:10:01]     ⚠️  STALE (exceeded timeout)
[2026-04-14 00:10:01]   Task workqueue-automation: age 29602330m (timeout 120m)
[2026-04-14 00:10:01]     ⚠️  STALE (exceeded timeout)
[2026-04-14 00:10:01]   Task test-opt-analytics-opus: age 29602330m (timeout 120m)
[2026-04-14 00:10:01]     ⚠️  STALE (exceeded timeout)
[2026-04-14 00:10:01]   Task fix-trade-builder-403: age 29602330m (timeout 120m)
[2026-04-14 00:10:01]     ⚠️  STALE (exceeded timeout)
[2026-04-14 00:10:01]   Task fix-all-trade-issues: age 29602330m (timeout 120m)
[2026-04-14 00:10:01]     ⚠️  STALE (exceeded timeout)
[2026-04-14 00:10:01] Archiving 9 stale + 0 completed tasks...
[2026-04-14 00:20:00] Checking 9 active tasks...
[2026-04-14 00:20:00]   Task dogfood-qa-week4: age 29602340m (timeout 120m)
[2026-04-14 00:20:00]     ⚠️  STALE (exceeded timeout)
[2026-04-14 00:20:00]   Task fix-dogfood-week4: age 29602340m (timeout 120m)
[2026-04-14 00:20:00]     ⚠️  STALE (exceeded timeout)
[2026-04-14 00:20:00]   Task test-opt-parallel-logger: age 29602340m (timeout 120m)
[2026-04-14 00:20:00]     ⚠️  STALE (exceeded timeout)
[2026-04-14 00:20:00]   Task test-opt-parallel-error: age 29602340m (timeout 120m)
[2026-04-14 00:20:00]     ⚠️  STALE (exceeded timeout)
[2026-04-14 00:20:00]   Task audit-all-work: age 29602340m (timeout 120m)
[2026-04-14 00:20:00]     ⚠️  STALE (exceeded timeout)
[2026-04-14 00:20:00]   Task workqueue-automation: age 29602340m (timeout 120m)
[2026-04-14 00:20:00]     ⚠️  STALE (exceeded timeout)
[2026-04-14 00:20:00]   Task test-opt-analytics-opus: age 29602340m (timeout 120m)
[2026-04-14 00:20:01]     ⚠️  STALE (exceeded timeout)
[2026-04-14 00:20:01]   Task fix-trade-builder-403: age 29602340m (timeout 120m)
[2026-04-14 00:20:01]     ⚠️  STALE (exceeded timeout)
[2026-04-14 00:20:01]   Task fix-all-trade-issues: age 29602340m (timeout 120m)
[2026-04-14 00:20:01]     ⚠️  STALE (exceeded timeout)
[2026-04-14 00:20:01] Archiving 9 stale + 0 completed tasks...
[2026-04-14 00:30:00] Checking 9 active tasks...
[2026-04-14 00:30:00]   Task dogfood-qa-week4: age 29602350m (timeout 120m)
[2026-04-14 00:30:00]     ⚠️  STALE (exceeded timeout)
[2026-04-14 00:30:00]   Task fix-dogfood-week4: age 29602350m (timeout 120m)
[2026-04-14 00:30:00]     ⚠️  STALE (exceeded timeout)
[2026-04-14 00:30:00]   Task test-opt-parallel-logger: age 29602350m (timeout 120m)
[2026-04-14 00:30:00]     ⚠️  STALE (exceeded timeout)
[2026-04-14 00:30:00]   Task test-opt-parallel-error: age 29602350m (timeout 120m)
[2026-04-14 00:30:00]     ⚠️  STALE (exceeded timeout)
[2026-04-14 00:30:00]   Task audit-all-work: age 29602350m (timeout 120m)
[2026-04-14 00:30:00]     ⚠️  STALE (exceeded timeout)
[2026-04-14 00:30:00]   Task workqueue-automation: age 29602350m (timeout 120m)
[2026-04-14 00:30:00]     ⚠️  STALE (exceeded timeout)
[2026-04-14 00:30:00]   Task test-opt-analytics-opus: age 29602350m (timeout 120m)
[2026-04-14 00:30:00]     ⚠️  STALE (exceeded timeout)
[2026-04-14 00:30:00]   Task fix-trade-builder-403: age 29602350m (timeout 120m)
[2026-04-14 00:30:00]     ⚠️  STALE (exceeded timeout)
[2026-04-14 00:30:00]   Task fix-all-trade-issues: age 29602350m (timeout 120m)
[2026-04-14 00:30:00]     ⚠️  STALE (exceeded timeout)
[2026-04-14 00:30:00] Archiving 9 stale + 0 completed tasks...
[2026-04-14 00:40:00] Checking 9 active tasks...
[2026-04-14 00:40:00]   Task dogfood-qa-week4: age 29602360m (timeout 120m)
[2026-04-14 00:40:00]     ⚠️  STALE (exceeded timeout)
[2026-04-14 00:40:00]   Task fix-dogfood-week4: age 29602360m (timeout 120m)
[2026-04-14 00:40:00]     ⚠️  STALE (exceeded timeout)
[2026-04-14 00:40:00]   Task test-opt-parallel-logger: age 29602360m (timeout 120m)
[2026-04-14 00:40:00]     ⚠️  STALE (exceeded timeout)
[2026-04-14 00:40:00]   Task test-opt-parallel-error: age 29602360m (timeout 120m)
[2026-04-14 00:40:00]     ⚠️  STALE (exceeded timeout)
[2026-04-14 00:40:00]   Task audit-all-work: age 29602360m (timeout 120m)
[2026-04-14 00:40:00]     ⚠️  STALE (exceeded timeout)
[2026-04-14 00:40:00]   Task workqueue-automation: age 29602360m (timeout 120m)
[2026-04-14 00:40:00]     ⚠️  STALE (exceeded timeout)
[2026-04-14 00:40:00]   Task test-opt-analytics-opus: age 29602360m (timeout 120m)
[2026-04-14 00:40:00]     ⚠️  STALE (exceeded timeout)
[2026-04-14 00:40:00]   Task fix-trade-builder-403: age 29602360m (timeout 120m)
[2026-04-14 00:40:00]     ⚠️  STALE (exceeded timeout)
[2026-04-14 00:40:00]   Task fix-all-trade-issues: age 29602360m (timeout 120m)
[2026-04-14 00:40:00]     ⚠️  STALE (exceeded timeout)
[2026-04-14 00:40:01] Archiving 9 stale + 0 completed tasks...
[2026-04-14 00:50:01] Checking 9 active tasks...
[2026-04-14 00:50:01]   Task dogfood-qa-week4: age 29602370m (timeout 120m)
[2026-04-14 00:50:01]     ⚠️  STALE (exceeded timeout)
[2026-04-14 00:50:01]   Task fix-dogfood-week4: age 29602370m (timeout 120m)
[2026-04-14 00:50:01]     ⚠️  STALE (exceeded timeout)
[2026-04-14 00:50:01]   Task test-opt-parallel-logger: age 29602370m (timeout 120m)
[2026-04-14 00:50:01]     ⚠️  STALE (exceeded timeout)
[2026-04-14 00:50:01]   Task test-opt-parallel-error: age 29602370m (timeout 120m)
[2026-04-14 00:50:01]     ⚠️  STALE (exceeded timeout)
[2026-04-14 00:50:01]   Task audit-all-work: age 29602370m (timeout 120m)
[2026-04-14 00:50:01]     ⚠️  STALE (exceeded timeout)
[2026-04-14 00:50:01]   Task workqueue-automation: age 29602370m (timeout 120m)
[2026-04-14 00:50:01]     ⚠️  STALE (exceeded timeout)
[2026-04-14 00:50:01]   Task test-opt-analytics-opus: age 29602370m (timeout 120m)
[2026-04-14 00:50:01]     ⚠️  STALE (exceeded timeout)
[2026-04-14 00:50:01]   Task fix-trade-builder-403: age 29602370m (timeout 120m)
[2026-04-14 00:50:01]     ⚠️  STALE (exceeded timeout)
[2026-04-14 00:50:01]   Task fix-all-trade-issues: age 29602370m (timeout 120m)
[2026-04-14 00:50:01]     ⚠️  STALE (exceeded timeout)
[2026-04-14 00:50:01] Archiving 9 stale + 0 completed tasks...
[2026-04-14 01:00:00] Checking 9 active tasks...
[2026-04-14 01:00:00]   Task dogfood-qa-week4: age 29602380m (timeout 120m)
[2026-04-14 01:00:00]     ⚠️  STALE (exceeded timeout)
[2026-04-14 01:00:00]   Task fix-dogfood-week4: age 29602380m (timeout 120m)
[2026-04-14 01:00:00]     ⚠️  STALE (exceeded timeout)
[2026-04-14 01:00:00]   Task test-opt-parallel-logger: age 29602380m (timeout 120m)
[2026-04-14 01:00:00]     ⚠️  STALE (exceeded timeout)
[2026-04-14 01:00:01]   Task test-opt-parallel-error: age 29602380m (timeout 120m)
[2026-04-14 01:00:01]     ⚠️  STALE (exceeded timeout)
[2026-04-14 01:00:01]   Task audit-all-work: age 29602380m (timeout 120m)
[2026-04-14 01:00:01]     ⚠️  STALE (exceeded timeout)
[2026-04-14 01:00:01]   Task workqueue-automation: age 29602380m (timeout 120m)
[2026-04-14 01:00:01]     ⚠️  STALE (exceeded timeout)
[2026-04-14 01:00:01]   Task test-opt-analytics-opus: age 29602380m (timeout 120m)
[2026-04-14 01:00:01]     ⚠️  STALE (exceeded timeout)
[2026-04-14 01:00:01]   Task fix-trade-builder-403: age 29602380m (timeout 120m)
[2026-04-14 01:00:01]     ⚠️  STALE (exceeded timeout)
[2026-04-14 01:00:01]   Task fix-all-trade-issues: age 29602380m (timeout 120m)
[2026-04-14 01:00:01]     ⚠️  STALE (exceeded timeout)
[2026-04-14 01:00:01] Archiving 9 stale + 0 completed tasks...
[2026-04-14 01:10:00] Checking 9 active tasks...
[2026-04-14 01:10:00]   Task dogfood-qa-week4: age 29602390m (timeout 120m)
[2026-04-14 01:10:00]     ⚠️  STALE (exceeded timeout)
[2026-04-14 01:10:00]   Task fix-dogfood-week4: age 29602390m (timeout 120m)
[2026-04-14 01:10:00]     ⚠️  STALE (exceeded timeout)
[2026-04-14 01:10:00]   Task test-opt-parallel-logger: age 29602390m (timeout 120m)
[2026-04-14 01:10:00]     ⚠️  STALE (exceeded timeout)
[2026-04-14 01:10:00]   Task test-opt-parallel-error: age 29602390m (timeout 120m)
[2026-04-14 01:10:00]     ⚠️  STALE (exceeded timeout)
[2026-04-14 01:10:00]   Task audit-all-work: age 29602390m (timeout 120m)
[2026-04-14 01:10:00]     ⚠️  STALE (exceeded timeout)
[2026-04-14 01:10:01]   Task workqueue-automation: age 29602390m (timeout 120m)
[2026-04-14 01:10:01]     ⚠️  STALE (exceeded timeout)
[2026-04-14 01:10:01]   Task test-opt-analytics-opus: age 29602390m (timeout 120m)
[2026-04-14 01:10:01]     ⚠️  STALE (exceeded timeout)
[2026-04-14 01:10:01]   Task fix-trade-builder-403: age 29602390m (timeout 120m)
[2026-04-14 01:10:01]     ⚠️  STALE (exceeded timeout)
[2026-04-14 01:10:01]   Task fix-all-trade-issues: age 29602390m (timeout 120m)
[2026-04-14 01:10:01]     ⚠️  STALE (exceeded timeout)
[2026-04-14 01:10:01] Archiving 9 stale + 0 completed tasks...
[2026-04-14 01:20:00] Checking 9 active tasks...
[2026-04-14 01:20:00]   Task dogfood-qa-week4: age 29602400m (timeout 120m)
[2026-04-14 01:20:00]     ⚠️  STALE (exceeded timeout)
[2026-04-14 01:20:00]   Task fix-dogfood-week4: age 29602400m (timeout 120m)
[2026-04-14 01:20:00]     ⚠️  STALE (exceeded timeout)
[2026-04-14 01:20:00]   Task test-opt-parallel-logger: age 29602400m (timeout 120m)
[2026-04-14 01:20:00]     ⚠️  STALE (exceeded timeout)
[2026-04-14 01:20:00]   Task test-opt-parallel-error: age 29602400m (timeout 120m)
[2026-04-14 01:20:00]     ⚠️  STALE (exceeded timeout)
[2026-04-14 01:20:00]   Task audit-all-work: age 29602400m (timeout 120m)
[2026-04-14 01:20:00]     ⚠️  STALE (exceeded timeout)
[2026-04-14 01:20:00]   Task workqueue-automation: age 29602400m (timeout 120m)
[2026-04-14 01:20:00]     ⚠️  STALE (exceeded timeout)
[2026-04-14 01:20:00]   Task test-opt-analytics-opus: age 29602400m (timeout 120m)
[2026-04-14 01:20:00]     ⚠️  STALE (exceeded timeout)
[2026-04-14 01:20:00]   Task fix-trade-builder-403: age 29602400m (timeout 120m)
[2026-04-14 01:20:00]     ⚠️  STALE (exceeded timeout)
[2026-04-14 01:20:00]   Task fix-all-trade-issues: age 29602400m (timeout 120m)
[2026-04-14 01:20:00]     ⚠️  STALE (exceeded timeout)
[2026-04-14 01:20:00] Archiving 9 stale + 0 completed tasks...
[2026-04-14 01:30:00] Checking 9 active tasks...
[2026-04-14 01:30:01]   Task dogfood-qa-week4: age 29602410m (timeout 120m)
[2026-04-14 01:30:01]     ⚠️  STALE (exceeded timeout)
[2026-04-14 01:30:01]   Task fix-dogfood-week4: age 29602410m (timeout 120m)
[2026-04-14 01:30:01]     ⚠️  STALE (exceeded timeout)
[2026-04-14 01:30:01]   Task test-opt-parallel-logger: age 29602410m (timeout 120m)
[2026-04-14 01:30:01]     ⚠️  STALE (exceeded timeout)
[2026-04-14 01:30:01]   Task test-opt-parallel-error: age 29602410m (timeout 120m)
[2026-04-14 01:30:01]     ⚠️  STALE (exceeded timeout)
[2026-04-14 01:30:01]   Task audit-all-work: age 29602410m (timeout 120m)
[2026-04-14 01:30:01]     ⚠️  STALE (exceeded timeout)
[2026-04-14 01:30:01]   Task workqueue-automation: age 29602410m (timeout 120m)
[2026-04-14 01:30:01]     ⚠️  STALE (exceeded timeout)
[2026-04-14 01:30:01]   Task test-opt-analytics-opus: age 29602410m (timeout 120m)
[2026-04-14 01:30:01]     ⚠️  STALE (exceeded timeout)
[2026-04-14 01:30:01]   Task fix-trade-builder-403: age 29602410m (timeout 120m)
[2026-04-14 01:30:01]     ⚠️  STALE (exceeded timeout)
[2026-04-14 01:30:01]   Task fix-all-trade-issues: age 29602410m (timeout 120m)
[2026-04-14 01:30:01]     ⚠️  STALE (exceeded timeout)
[2026-04-14 01:30:01] Archiving 9 stale + 0 completed tasks...
[2026-04-14 01:40:01] Checking 9 active tasks...
[2026-04-14 01:40:01]   Task dogfood-qa-week4: age 29602420m (timeout 120m)
[2026-04-14 01:40:01]     ⚠️  STALE (exceeded timeout)
[2026-04-14 01:40:01]   Task fix-dogfood-week4: age 29602420m (timeout 120m)
[2026-04-14 01:40:01]     ⚠️  STALE (exceeded timeout)
[2026-04-14 01:40:01]   Task test-opt-parallel-logger: age 29602420m (timeout 120m)
[2026-04-14 01:40:01]     ⚠️  STALE (exceeded timeout)
[2026-04-14 01:40:01]   Task test-opt-parallel-error: age 29602420m (timeout 120m)
[2026-04-14 01:40:01]     ⚠️  STALE (exceeded timeout)
[2026-04-14 01:40:01]   Task audit-all-work: age 29602420m (timeout 120m)
[2026-04-14 01:40:01]     ⚠️  STALE (exceeded timeout)
[2026-04-14 01:40:01]   Task workqueue-automation: age 29602420m (timeout 120m)
[2026-04-14 01:40:01]     ⚠️  STALE (exceeded timeout)
[2026-04-14 01:40:01]   Task test-opt-analytics-opus: age 29602420m (timeout 120m)
[2026-04-14 01:40:01]     ⚠️  STALE (exceeded timeout)
[2026-04-14 01:40:01]   Task fix-trade-builder-403: age 29602420m (timeout 120m)
[2026-04-14 01:40:01]     ⚠️  STALE (exceeded timeout)
[2026-04-14 01:40:01]   Task fix-all-trade-issues: age 29602420m (timeout 120m)
[2026-04-14 01:40:01]     ⚠️  STALE (exceeded timeout)
[2026-04-14 01:40:01] Archiving 9 stale + 0 completed tasks...
[2026-04-14 01:50:01] Checking 9 active tasks...
[2026-04-14 01:50:01]   Task dogfood-qa-week4: age 29602430m (timeout 120m)
[2026-04-14 01:50:01]     ⚠️  STALE (exceeded timeout)
[2026-04-14 01:50:01]   Task fix-dogfood-week4: age 29602430m (timeout 120m)
[2026-04-14 01:50:01]     ⚠️  STALE (exceeded timeout)
[2026-04-14 01:50:01]   Task test-opt-parallel-logger: age 29602430m (timeout 120m)
[2026-04-14 01:50:01]     ⚠️  STALE (exceeded timeout)
[2026-04-14 01:50:01]   Task test-opt-parallel-error: age 29602430m (timeout 120m)
[2026-04-14 01:50:01]     ⚠️  STALE (exceeded timeout)
[2026-04-14 01:50:01]   Task audit-all-work: age 29602430m (timeout 120m)
[2026-04-14 01:50:01]     ⚠️  STALE (exceeded timeout)
[2026-04-14 01:50:01]   Task workqueue-automation: age 29602430m (timeout 120m)
[2026-04-14 01:50:01]     ⚠️  STALE (exceeded timeout)
[2026-04-14 01:50:01]   Task test-opt-analytics-opus: age 29602430m (timeout 120m)
[2026-04-14 01:50:01]     ⚠️  STALE (exceeded timeout)
[2026-04-14 01:50:01]   Task fix-trade-builder-403: age 29602430m (timeout 120m)
[2026-04-14 01:50:01]     ⚠️  STALE (exceeded timeout)
[2026-04-14 01:50:01]   Task fix-all-trade-issues: age 29602430m (timeout 120m)
[2026-04-14 01:50:01]     ⚠️  STALE (exceeded timeout)
[2026-04-14 01:50:01] Archiving 9 stale + 0 completed tasks...
[2026-04-14 02:00:00] Checking 9 active tasks...
[2026-04-14 02:00:00]   Task dogfood-qa-week4: age 29602440m (timeout 120m)
[2026-04-14 02:00:00]     ⚠️  STALE (exceeded timeout)
[2026-04-14 02:00:00]   Task fix-dogfood-week4: age 29602440m (timeout 120m)
[2026-04-14 02:00:00]     ⚠️  STALE (exceeded timeout)
[2026-04-14 02:00:01]   Task test-opt-parallel-logger: age 29602440m (timeout 120m)
[2026-04-14 02:00:01]     ⚠️  STALE (exceeded timeout)
[2026-04-14 02:00:01]   Task test-opt-parallel-error: age 29602440m (timeout 120m)
[2026-04-14 02:00:01]     ⚠️  STALE (exceeded timeout)
[2026-04-14 02:00:01]   Task audit-all-work: age 29602440m (timeout 120m)
[2026-04-14 02:00:01]     ⚠️  STALE (exceeded timeout)
[2026-04-14 02:00:01]   Task workqueue-automation: age 29602440m (timeout 120m)
[2026-04-14 02:00:01]     ⚠️  STALE (exceeded timeout)
[2026-04-14 02:00:01]   Task test-opt-analytics-opus: age 29602440m (timeout 120m)
[2026-04-14 02:00:01]     ⚠️  STALE (exceeded timeout)
[2026-04-14 02:00:01]   Task fix-trade-builder-403: age 29602440m (timeout 120m)
[2026-04-14 02:00:01]     ⚠️  STALE (exceeded timeout)
[2026-04-14 02:00:01]   Task fix-all-trade-issues: age 29602440m (timeout 120m)
[2026-04-14 02:00:01]     ⚠️  STALE (exceeded timeout)
[2026-04-14 02:00:01] Archiving 9 stale + 0 completed tasks...
[2026-04-14 02:10:00] Checking 9 active tasks...
[2026-04-14 02:10:01]   Task dogfood-qa-week4: age 29602450m (timeout 120m)
[2026-04-14 02:10:01]     ⚠️  STALE (exceeded timeout)
[2026-04-14 02:10:01]   Task fix-dogfood-week4: age 29602450m (timeout 120m)
[2026-04-14 02:10:01]     ⚠️  STALE (exceeded timeout)
[2026-04-14 02:10:01]   Task test-opt-parallel-logger: age 29602450m (timeout 120m)
[2026-04-14 02:10:01]     ⚠️  STALE (exceeded timeout)
[2026-04-14 02:10:01]   Task test-opt-parallel-error: age 29602450m (timeout 120m)
[2026-04-14 02:10:01]     ⚠️  STALE (exceeded timeout)
[2026-04-14 02:10:01]   Task audit-all-work: age 29602450m (timeout 120m)
[2026-04-14 02:10:01]     ⚠️  STALE (exceeded timeout)
[2026-04-14 02:10:01]   Task workqueue-automation: age 29602450m (timeout 120m)
[2026-04-14 02:10:01]     ⚠️  STALE (exceeded timeout)
[2026-04-14 02:10:01]   Task test-opt-analytics-opus: age 29602450m (timeout 120m)
[2026-04-14 02:10:01]     ⚠️  STALE (exceeded timeout)
[2026-04-14 02:10:01]   Task fix-trade-builder-403: age 29602450m (timeout 120m)
[2026-04-14 02:10:01]     ⚠️  STALE (exceeded timeout)
[2026-04-14 02:10:01]   Task fix-all-trade-issues: age 29602450m (timeout 120m)
[2026-04-14 02:10:01]     ⚠️  STALE (exceeded timeout)
[2026-04-14 02:10:01] Archiving 9 stale + 0 completed tasks...
[2026-04-14 02:20:00] Checking 9 active tasks...
[2026-04-14 02:20:00]   Task dogfood-qa-week4: age 29602460m (timeout 120m)
[2026-04-14 02:20:00]     ⚠️  STALE (exceeded timeout)
[2026-04-14 02:20:00]   Task fix-dogfood-week4: age 29602460m (timeout 120m)
[2026-04-14 02:20:00]     ⚠️  STALE (exceeded timeout)
[2026-04-14 02:20:00]   Task test-opt-parallel-logger: age 29602460m (timeout 120m)
[2026-04-14 02:20:00]     ⚠️  STALE (exceeded timeout)
[2026-04-14 02:20:00]   Task test-opt-parallel-error: age 29602460m (timeout 120m)
[2026-04-14 02:20:00]     ⚠️  STALE (exceeded timeout)
[2026-04-14 02:20:01]   Task audit-all-work: age 29602460m (timeout 120m)
[2026-04-14 02:20:01]     ⚠️  STALE (exceeded timeout)
[2026-04-14 02:20:01]   Task workqueue-automation: age 29602460m (timeout 120m)
[2026-04-14 02:20:01]     ⚠️  STALE (exceeded timeout)
[2026-04-14 02:20:01]   Task test-opt-analytics-opus: age 29602460m (timeout 120m)
[2026-04-14 02:20:01]     ⚠️  STALE (exceeded timeout)
[2026-04-14 02:20:01]   Task fix-trade-builder-403: age 29602460m (timeout 120m)
[2026-04-14 02:20:01]     ⚠️  STALE (exceeded timeout)
[2026-04-14 02:20:01]   Task fix-all-trade-issues: age 29602460m (timeout 120m)
[2026-04-14 02:20:01]     ⚠️  STALE (exceeded timeout)
[2026-04-14 02:20:01] Archiving 9 stale + 0 completed tasks...
[2026-04-14 02:30:00] Checking 9 active tasks...
[2026-04-14 02:30:00]   Task dogfood-qa-week4: age 29602470m (timeout 120m)
[2026-04-14 02:30:00]     ⚠️  STALE (exceeded timeout)
[2026-04-14 02:30:00]   Task fix-dogfood-week4: age 29602470m (timeout 120m)
[2026-04-14 02:30:00]     ⚠️  STALE (exceeded timeout)
[2026-04-14 02:30:00]   Task test-opt-parallel-logger: age 29602470m (timeout 120m)
[2026-04-14 02:30:00]     ⚠️  STALE (exceeded timeout)
[2026-04-14 02:30:00]   Task test-opt-parallel-error: age 29602470m (timeout 120m)
[2026-04-14 02:30:00]     ⚠️  STALE (exceeded timeout)
[2026-04-14 02:30:00]   Task audit-all-work: age 29602470m (timeout 120m)
[2026-04-14 02:30:00]     ⚠️  STALE (exceeded timeout)
[2026-04-14 02:30:00]   Task workqueue-automation: age 29602470m (timeout 120m)
[2026-04-14 02:30:00]     ⚠️  STALE (exceeded timeout)
[2026-04-14 02:30:00]   Task test-opt-analytics-opus: age 29602470m (timeout 120m)
[2026-04-14 02:30:00]     ⚠️  STALE (exceeded timeout)
[2026-04-14 02:30:00]   Task fix-trade-builder-403: age 29602470m (timeout 120m)
[2026-04-14 02:30:00]     ⚠️  STALE (exceeded timeout)
[2026-04-14 02:30:00]   Task fix-all-trade-issues: age 29602470m (timeout 120m)
[2026-04-14 02:30:00]     ⚠️  STALE (exceeded timeout)
[2026-04-14 02:30:00] Archiving 9 stale + 0 completed tasks...
[2026-04-14 02:40:00] Checking 9 active tasks...
[2026-04-14 02:40:00]   Task dogfood-qa-week4: age 29602480m (timeout 120m)
[2026-04-14 02:40:00]     ⚠️  STALE (exceeded timeout)
[2026-04-14 02:40:00]   Task fix-dogfood-week4: age 29602480m (timeout 120m)
[2026-04-14 02:40:00]     ⚠️  STALE (exceeded timeout)
[2026-04-14 02:40:00]   Task test-opt-parallel-logger: age 29602480m (timeout 120m)
[2026-04-14 02:40:00]     ⚠️  STALE (exceeded timeout)
[2026-04-14 02:40:00]   Task test-opt-parallel-error: age 29602480m (timeout 120m)
[2026-04-14 02:40:00]     ⚠️  STALE (exceeded timeout)
[2026-04-14 02:40:00]   Task audit-all-work: age 29602480m (timeout 120m)
[2026-04-14 02:40:00]     ⚠️  STALE (exceeded timeout)
[2026-04-14 02:40:00]   Task workqueue-automation: age 29602480m (timeout 120m)
[2026-04-14 02:40:00]     ⚠️  STALE (exceeded timeout)
[2026-04-14 02:40:00]   Task test-opt-analytics-opus: age 29602480m (timeout 120m)
[2026-04-14 02:40:00]     ⚠️  STALE (exceeded timeout)
[2026-04-14 02:40:00]   Task fix-trade-builder-403: age 29602480m (timeout 120m)
[2026-04-14 02:40:00]     ⚠️  STALE (exceeded timeout)
[2026-04-14 02:40:00]   Task fix-all-trade-issues: age 29602480m (timeout 120m)
[2026-04-14 02:40:00]     ⚠️  STALE (exceeded timeout)
[2026-04-14 02:40:00] Archiving 9 stale + 0 completed tasks...
[2026-04-14 02:50:00] Checking 9 active tasks...
[2026-04-14 02:50:00]   Task dogfood-qa-week4: age 29602490m (timeout 120m)
[2026-04-14 02:50:00]     ⚠️  STALE (exceeded timeout)
[2026-04-14 02:50:00]   Task fix-dogfood-week4: age 29602490m (timeout 120m)
[2026-04-14 02:50:00]     ⚠️  STALE (exceeded timeout)
[2026-04-14 02:50:00]   Task test-opt-parallel-logger: age 29602490m (timeout 120m)
[2026-04-14 02:50:00]     ⚠️  STALE (exceeded timeout)
[2026-04-14 02:50:00]   Task test-opt-parallel-error: age 29602490m (timeout 120m)
[2026-04-14 02:50:00]     ⚠️  STALE (exceeded timeout)
[2026-04-14 02:50:00]   Task audit-all-work: age 29602490m (timeout 120m)
[2026-04-14 02:50:00]     ⚠️  STALE (exceeded timeout)
[2026-04-14 02:50:00]   Task workqueue-automation: age 29602490m (timeout 120m)
[2026-04-14 02:50:00]     ⚠️  STALE (exceeded timeout)
[2026-04-14 02:50:00]   Task test-opt-analytics-opus: age 29602490m (timeout 120m)
[2026-04-14 02:50:00]     ⚠️  STALE (exceeded timeout)
[2026-04-14 02:50:00]   Task fix-trade-builder-403: age 29602490m (timeout 120m)
[2026-04-14 02:50:00]     ⚠️  STALE (exceeded timeout)
[2026-04-14 02:50:00]   Task fix-all-trade-issues: age 29602490m (timeout 120m)
[2026-04-14 02:50:00]     ⚠️  STALE (exceeded timeout)
[2026-04-14 02:50:00] Archiving 9 stale + 0 completed tasks...
[2026-04-14 03:00:00] Checking 9 active tasks...
[2026-04-14 03:00:00]   Task dogfood-qa-week4: age 29602500m (timeout 120m)
[2026-04-14 03:00:00]     ⚠️  STALE (exceeded timeout)
[2026-04-14 03:00:01]   Task fix-dogfood-week4: age 29602500m (timeout 120m)
[2026-04-14 03:00:01]     ⚠️  STALE (exceeded timeout)
[2026-04-14 03:00:01]   Task test-opt-parallel-logger: age 29602500m (timeout 120m)
[2026-04-14 03:00:01]     ⚠️  STALE (exceeded timeout)
[2026-04-14 03:00:01]   Task test-opt-parallel-error: age 29602500m (timeout 120m)
[2026-04-14 03:00:01]     ⚠️  STALE (exceeded timeout)
[2026-04-14 03:00:01]   Task audit-all-work: age 29602500m (timeout 120m)
[2026-04-14 03:00:01]     ⚠️  STALE (exceeded timeout)
[2026-04-14 03:00:01]   Task workqueue-automation: age 29602500m (timeout 120m)
[2026-04-14 03:00:01]     ⚠️  STALE (exceeded timeout)
[2026-04-14 03:00:01]   Task test-opt-analytics-opus: age 29602500m (timeout 120m)
[2026-04-14 03:00:01]     ⚠️  STALE (exceeded timeout)
[2026-04-14 03:00:01]   Task fix-trade-builder-403: age 29602500m (timeout 120m)
[2026-04-14 03:00:01]     ⚠️  STALE (exceeded timeout)
[2026-04-14 03:00:01]   Task fix-all-trade-issues: age 29602500m (timeout 120m)
[2026-04-14 03:00:01]     ⚠️  STALE (exceeded timeout)
[2026-04-14 03:00:01] Archiving 9 stale + 0 completed tasks...
[2026-04-14 03:10:01] Checking 9 active tasks...
[2026-04-14 03:10:01]   Task dogfood-qa-week4: age 29602510m (timeout 120m)
[2026-04-14 03:10:01]     ⚠️  STALE (exceeded timeout)
[2026-04-14 03:10:01]   Task fix-dogfood-week4: age 29602510m (timeout 120m)
[2026-04-14 03:10:01]     ⚠️  STALE (exceeded timeout)
[2026-04-14 03:10:01]   Task test-opt-parallel-logger: age 29602510m (timeout 120m)
[2026-04-14 03:10:01]     ⚠️  STALE (exceeded timeout)
[2026-04-14 03:10:01]   Task test-opt-parallel-error: age 29602510m (timeout 120m)
[2026-04-14 03:10:01]     ⚠️  STALE (exceeded timeout)
[2026-04-14 03:10:01]   Task audit-all-work: age 29602510m (timeout 120m)
[2026-04-14 03:10:01]     ⚠️  STALE (exceeded timeout)
[2026-04-14 03:10:01]   Task workqueue-automation: age 29602510m (timeout 120m)
[2026-04-14 03:10:01]     ⚠️  STALE (exceeded timeout)
[2026-04-14 03:10:01]   Task test-opt-analytics-opus: age 29602510m (timeout 120m)
[2026-04-14 03:10:01]     ⚠️  STALE (exceeded timeout)
[2026-04-14 03:10:01]   Task fix-trade-builder-403: age 29602510m (timeout 120m)
[2026-04-14 03:10:01]     ⚠️  STALE (exceeded timeout)
[2026-04-14 03:10:01]   Task fix-all-trade-issues: age 29602510m (timeout 120m)
[2026-04-14 03:10:01]     ⚠️  STALE (exceeded timeout)
[2026-04-14 03:10:01] Archiving 9 stale + 0 completed tasks...
[2026-04-14 03:20:01] Checking 9 active tasks...
[2026-04-14 03:20:01]   Task dogfood-qa-week4: age 29602520m (timeout 120m)
[2026-04-14 03:20:01]     ⚠️  STALE (exceeded timeout)
[2026-04-14 03:20:01]   Task fix-dogfood-week4: age 29602520m (timeout 120m)
[2026-04-14 03:20:01]     ⚠️  STALE (exceeded timeout)
[2026-04-14 03:20:01]   Task test-opt-parallel-logger: age 29602520m (timeout 120m)
[2026-04-14 03:20:01]     ⚠️  STALE (exceeded timeout)
[2026-04-14 03:20:01]   Task test-opt-parallel-error: age 29602520m (timeout 120m)
[2026-04-14 03:20:01]     ⚠️  STALE (exceeded timeout)
[2026-04-14 03:20:01]   Task audit-all-work: age 29602520m (timeout 120m)
[2026-04-14 03:20:01]     ⚠️  STALE (exceeded timeout)
[2026-04-14 03:20:01]   Task workqueue-automation: age 29602520m (timeout 120m)
[2026-04-14 03:20:01]     ⚠️  STALE (exceeded timeout)
[2026-04-14 03:20:01]   Task test-opt-analytics-opus: age 29602520m (timeout 120m)
[2026-04-14 03:20:01]     ⚠️  STALE (exceeded timeout)
[2026-04-14 03:20:01]   Task fix-trade-builder-403: age 29602520m (timeout 120m)
[2026-04-14 03:20:01]     ⚠️  STALE (exceeded timeout)
[2026-04-14 03:20:01]   Task fix-all-trade-issues: age 29602520m (timeout 120m)
[2026-04-14 03:20:01]     ⚠️  STALE (exceeded timeout)
[2026-04-14 03:20:01] Archiving 9 stale + 0 completed tasks...
[2026-04-14 03:30:00] Checking 9 active tasks...
[2026-04-14 03:30:00]   Task dogfood-qa-week4: age 29602530m (timeout 120m)
[2026-04-14 03:30:00]     ⚠️  STALE (exceeded timeout)
[2026-04-14 03:30:00]   Task fix-dogfood-week4: age 29602530m (timeout 120m)
[2026-04-14 03:30:00]     ⚠️  STALE (exceeded timeout)
[2026-04-14 03:30:00]   Task test-opt-parallel-logger: age 29602530m (timeout 120m)
[2026-04-14 03:30:00]     ⚠️  STALE (exceeded timeout)
[2026-04-14 03:30:00]   Task test-opt-parallel-error: age 29602530m (timeout 120m)
[2026-04-14 03:30:00]     ⚠️  STALE (exceeded timeout)
[2026-04-14 03:30:00]   Task audit-all-work: age 29602530m (timeout 120m)
[2026-04-14 03:30:00]     ⚠️  STALE (exceeded timeout)
[2026-04-14 03:30:00]   Task workqueue-automation: age 29602530m (timeout 120m)
[2026-04-14 03:30:00]     ⚠️  STALE (exceeded timeout)
[2026-04-14 03:30:00]   Task test-opt-analytics-opus: age 29602530m (timeout 120m)
[2026-04-14 03:30:00]     ⚠️  STALE (exceeded timeout)
[2026-04-14 03:30:00]   Task fix-trade-builder-403: age 29602530m (timeout 120m)
[2026-04-14 03:30:00]     ⚠️  STALE (exceeded timeout)
[2026-04-14 03:30:00]   Task fix-all-trade-issues: age 29602530m (timeout 120m)
[2026-04-14 03:30:00]     ⚠️  STALE (exceeded timeout)
[2026-04-14 03:30:00] Archiving 9 stale + 0 completed tasks...
[2026-04-14 03:40:01] Checking 9 active tasks...
[2026-04-14 03:40:01]   Task dogfood-qa-week4: age 29602540m (timeout 120m)
[2026-04-14 03:40:01]     ⚠️  STALE (exceeded timeout)
[2026-04-14 03:40:01]   Task fix-dogfood-week4: age 29602540m (timeout 120m)
[2026-04-14 03:40:01]     ⚠️  STALE (exceeded timeout)
[2026-04-14 03:40:01]   Task test-opt-parallel-logger: age 29602540m (timeout 120m)
[2026-04-14 03:40:01]     ⚠️  STALE (exceeded timeout)
[2026-04-14 03:40:01]   Task test-opt-parallel-error: age 29602540m (timeout 120m)
[2026-04-14 03:40:01]     ⚠️  STALE (exceeded timeout)
[2026-04-14 03:40:01]   Task audit-all-work: age 29602540m (timeout 120m)
[2026-04-14 03:40:01]     ⚠️  STALE (exceeded timeout)
[2026-04-14 03:40:01]   Task workqueue-automation: age 29602540m (timeout 120m)
[2026-04-14 03:40:01]     ⚠️  STALE (exceeded timeout)
[2026-04-14 03:40:01]   Task test-opt-analytics-opus: age 29602540m (timeout 120m)
[2026-04-14 03:40:01]     ⚠️  STALE (exceeded timeout)
[2026-04-14 03:40:01]   Task fix-trade-builder-403: age 29602540m (timeout 120m)
[2026-04-14 03:40:01]     ⚠️  STALE (exceeded timeout)
[2026-04-14 03:40:01]   Task fix-all-trade-issues: age 29602540m (timeout 120m)
[2026-04-14 03:40:01]     ⚠️  STALE (exceeded timeout)
[2026-04-14 03:40:01] Archiving 9 stale + 0 completed tasks...
[2026-04-14 03:50:00] Checking 9 active tasks...
[2026-04-14 03:50:00]   Task dogfood-qa-week4: age 29602550m (timeout 120m)
[2026-04-14 03:50:00]     ⚠️  STALE (exceeded timeout)
[2026-04-14 03:50:01]   Task fix-dogfood-week4: age 29602550m (timeout 120m)
[2026-04-14 03:50:01]     ⚠️  STALE (exceeded timeout)
[2026-04-14 03:50:01]   Task test-opt-parallel-logger: age 29602550m (timeout 120m)
[2026-04-14 03:50:01]     ⚠️  STALE (exceeded timeout)
[2026-04-14 03:50:01]   Task test-opt-parallel-error: age 29602550m (timeout 120m)
[2026-04-14 03:50:01]     ⚠️  STALE (exceeded timeout)
[2026-04-14 03:50:01]   Task audit-all-work: age 29602550m (timeout 120m)
[2026-04-14 03:50:01]     ⚠️  STALE (exceeded timeout)
[2026-04-14 03:50:01]   Task workqueue-automation: age 29602550m (timeout 120m)
[2026-04-14 03:50:01]     ⚠️  STALE (exceeded timeout)
[2026-04-14 03:50:01]   Task test-opt-analytics-opus: age 29602550m (timeout 120m)
[2026-04-14 03:50:01]     ⚠️  STALE (exceeded timeout)
[2026-04-14 03:50:01]   Task fix-trade-builder-403: age 29602550m (timeout 120m)
[2026-04-14 03:50:01]     ⚠️  STALE (exceeded timeout)
[2026-04-14 03:50:01]   Task fix-all-trade-issues: age 29602550m (timeout 120m)
[2026-04-14 03:50:01]     ⚠️  STALE (exceeded timeout)
[2026-04-14 03:50:01] Archiving 9 stale + 0 completed tasks...
[2026-04-14 04:00:01] Checking 9 active tasks...
[2026-04-14 04:00:01]   Task dogfood-qa-week4: age 29602560m (timeout 120m)
[2026-04-14 04:00:01]     ⚠️  STALE (exceeded timeout)
[2026-04-14 04:00:01]   Task fix-dogfood-week4: age 29602560m (timeout 120m)
[2026-04-14 04:00:01]     ⚠️  STALE (exceeded timeout)
[2026-04-14 04:00:01]   Task test-opt-parallel-logger: age 29602560m (timeout 120m)
[2026-04-14 04:00:01]     ⚠️  STALE (exceeded timeout)
[2026-04-14 04:00:01]   Task test-opt-parallel-error: age 29602560m (timeout 120m)
[2026-04-14 04:00:01]     ⚠️  STALE (exceeded timeout)
[2026-04-14 04:00:01]   Task audit-all-work: age 29602560m (timeout 120m)
[2026-04-14 04:00:01]     ⚠️  STALE (exceeded timeout)
[2026-04-14 04:00:01]   Task workqueue-automation: age 29602560m (timeout 120m)
[2026-04-14 04:00:01]     ⚠️  STALE (exceeded timeout)
[2026-04-14 04:00:01]   Task test-opt-analytics-opus: age 29602560m (timeout 120m)
[2026-04-14 04:00:01]     ⚠️  STALE (exceeded timeout)
[2026-04-14 04:00:01]   Task fix-trade-builder-403: age 29602560m (timeout 120m)
[2026-04-14 04:00:01]     ⚠️  STALE (exceeded timeout)
[2026-04-14 04:00:01]   Task fix-all-trade-issues: age 29602560m (timeout 120m)
[2026-04-14 04:00:01]     ⚠️  STALE (exceeded timeout)
[2026-04-14 04:00:01] Archiving 9 stale + 0 completed tasks...
[2026-04-14 04:10:00] Checking 9 active tasks...
[2026-04-14 04:10:00]   Task dogfood-qa-week4: age 29602570m (timeout 120m)
[2026-04-14 04:10:00]     ⚠️  STALE (exceeded timeout)
[2026-04-14 04:10:00]   Task fix-dogfood-week4: age 29602570m (timeout 120m)
[2026-04-14 04:10:00]     ⚠️  STALE (exceeded timeout)
[2026-04-14 04:10:00]   Task test-opt-parallel-logger: age 29602570m (timeout 120m)
[2026-04-14 04:10:00]     ⚠️  STALE (exceeded timeout)
[2026-04-14 04:10:00]   Task test-opt-parallel-error: age 29602570m (timeout 120m)
[2026-04-14 04:10:00]     ⚠️  STALE (exceeded timeout)
[2026-04-14 04:10:00]   Task audit-all-work: age 29602570m (timeout 120m)
[2026-04-14 04:10:00]     ⚠️  STALE (exceeded timeout)
[2026-04-14 04:10:00]   Task workqueue-automation: age 29602570m (timeout 120m)
[2026-04-14 04:10:00]     ⚠️  STALE (exceeded timeout)
[2026-04-14 04:10:00]   Task test-opt-analytics-opus: age 29602570m (timeout 120m)
[2026-04-14 04:10:00]     ⚠️  STALE (exceeded timeout)
[2026-04-14 04:10:00]   Task fix-trade-builder-403: age 29602570m (timeout 120m)
[2026-04-14 04:10:00]     ⚠️  STALE (exceeded timeout)
[2026-04-14 04:10:00]   Task fix-all-trade-issues: age 29602570m (timeout 120m)
[2026-04-14 04:10:00]     ⚠️  STALE (exceeded timeout)
[2026-04-14 04:10:00] Archiving 9 stale + 0 completed tasks...
[2026-04-14 04:20:01] Checking 9 active tasks...
[2026-04-14 04:20:01]   Task dogfood-qa-week4: age 29602580m (timeout 120m)
[2026-04-14 04:20:01]     ⚠️  STALE (exceeded timeout)
[2026-04-14 04:20:01]   Task fix-dogfood-week4: age 29602580m (timeout 120m)
[2026-04-14 04:20:01]     ⚠️  STALE (exceeded timeout)
[2026-04-14 04:20:01]   Task test-opt-parallel-logger: age 29602580m (timeout 120m)
[2026-04-14 04:20:01]     ⚠️  STALE (exceeded timeout)
[2026-04-14 04:20:01]   Task test-opt-parallel-error: age 29602580m (timeout 120m)
[2026-04-14 04:20:01]     ⚠️  STALE (exceeded timeout)
[2026-04-14 04:20:01]   Task audit-all-work: age 29602580m (timeout 120m)
[2026-04-14 04:20:01]     ⚠️  STALE (exceeded timeout)
[2026-04-14 04:20:01]   Task workqueue-automation: age 29602580m (timeout 120m)
[2026-04-14 04:20:01]     ⚠️  STALE (exceeded timeout)
[2026-04-14 04:20:01]   Task test-opt-analytics-opus: age 29602580m (timeout 120m)
[2026-04-14 04:20:01]     ⚠️  STALE (exceeded timeout)
[2026-04-14 04:20:01]   Task fix-trade-builder-403: age 29602580m (timeout 120m)
[2026-04-14 04:20:01]     ⚠️  STALE (exceeded timeout)
[2026-04-14 04:20:01]   Task fix-all-trade-issues: age 29602580m (timeout 120m)
[2026-04-14 04:20:01]     ⚠️  STALE (exceeded timeout)
[2026-04-14 04:20:01] Archiving 9 stale + 0 completed tasks...
[2026-04-14 04:30:01] Checking 9 active tasks...
[2026-04-14 04:30:01]   Task dogfood-qa-week4: age 29602590m (timeout 120m)
[2026-04-14 04:30:01]     ⚠️  STALE (exceeded timeout)
[2026-04-14 04:30:01]   Task fix-dogfood-week4: age 29602590m (timeout 120m)
[2026-04-14 04:30:01]     ⚠️  STALE (exceeded timeout)
[2026-04-14 04:30:01]   Task test-opt-parallel-logger: age 29602590m (timeout 120m)
[2026-04-14 04:30:01]     ⚠️  STALE (exceeded timeout)
[2026-04-14 04:30:01]   Task test-opt-parallel-error: age 29602590m (timeout 120m)
[2026-04-14 04:30:01]     ⚠️  STALE (exceeded timeout)
[2026-04-14 04:30:01]   Task audit-all-work: age 29602590m (timeout 120m)
[2026-04-14 04:30:01]     ⚠️  STALE (exceeded timeout)
[2026-04-14 04:30:01]   Task workqueue-automation: age 29602590m (timeout 120m)
[2026-04-14 04:30:01]     ⚠️  STALE (exceeded timeout)
[2026-04-14 04:30:01]   Task test-opt-analytics-opus: age 29602590m (timeout 120m)
[2026-04-14 04:30:01]     ⚠️  STALE (exceeded timeout)
[2026-04-14 04:30:01]   Task fix-trade-builder-403: age 29602590m (timeout 120m)
[2026-04-14 04:30:01]     ⚠️  STALE (exceeded timeout)
[2026-04-14 04:30:01]   Task fix-all-trade-issues: age 29602590m (timeout 120m)
[2026-04-14 04:30:01]     ⚠️  STALE (exceeded timeout)
[2026-04-14 04:30:01] Archiving 9 stale + 0 completed tasks...
[2026-04-14 04:40:00] Checking 9 active tasks...
[2026-04-14 04:40:00]   Task dogfood-qa-week4: age 29602600m (timeout 120m)
[2026-04-14 04:40:00]     ⚠️  STALE (exceeded timeout)
[2026-04-14 04:40:00]   Task fix-dogfood-week4: age 29602600m (timeout 120m)
[2026-04-14 04:40:00]     ⚠️  STALE (exceeded timeout)
[2026-04-14 04:40:00]   Task test-opt-parallel-logger: age 29602600m (timeout 120m)
[2026-04-14 04:40:00]     ⚠️  STALE (exceeded timeout)
[2026-04-14 04:40:00]   Task test-opt-parallel-error: age 29602600m (timeout 120m)
[2026-04-14 04:40:00]     ⚠️  STALE (exceeded timeout)
[2026-04-14 04:40:00]   Task audit-all-work: age 29602600m (timeout 120m)
[2026-04-14 04:40:00]     ⚠️  STALE (exceeded timeout)
[2026-04-14 04:40:00]   Task workqueue-automation: age 29602600m (timeout 120m)
[2026-04-14 04:40:00]     ⚠️  STALE (exceeded timeout)
[2026-04-14 04:40:00]   Task test-opt-analytics-opus: age 29602600m (timeout 120m)
[2026-04-14 04:40:00]     ⚠️  STALE (exceeded timeout)
[2026-04-14 04:40:00]   Task fix-trade-builder-403: age 29602600m (timeout 120m)
[2026-04-14 04:40:00]     ⚠️  STALE (exceeded timeout)
[2026-04-14 04:40:00]   Task fix-all-trade-issues: age 29602600m (timeout 120m)
[2026-04-14 04:40:00]     ⚠️  STALE (exceeded timeout)
[2026-04-14 04:40:00] Archiving 9 stale + 0 completed tasks...
[2026-04-14 04:50:01] Checking 9 active tasks...
[2026-04-14 04:50:01]   Task dogfood-qa-week4: age 29602610m (timeout 120m)
[2026-04-14 04:50:01]     ⚠️  STALE (exceeded timeout)
[2026-04-14 04:50:01]   Task fix-dogfood-week4: age 29602610m (timeout 120m)
[2026-04-14 04:50:01]     ⚠️  STALE (exceeded timeout)
[2026-04-14 04:50:01]   Task test-opt-parallel-logger: age 29602610m (timeout 120m)
[2026-04-14 04:50:01]     ⚠️  STALE (exceeded timeout)
[2026-04-14 04:50:01]   Task test-opt-parallel-error: age 29602610m (timeout 120m)
[2026-04-14 04:50:01]     ⚠️  STALE (exceeded timeout)
[2026-04-14 04:50:01]   Task audit-all-work: age 29602610m (timeout 120m)
[2026-04-14 04:50:01]     ⚠️  STALE (exceeded timeout)
[2026-04-14 04:50:01]   Task workqueue-automation: age 29602610m (timeout 120m)
[2026-04-14 04:50:01]     ⚠️  STALE (exceeded timeout)
[2026-04-14 04:50:01]   Task test-opt-analytics-opus: age 29602610m (timeout 120m)
[2026-04-14 04:50:01]     ⚠️  STALE (exceeded timeout)
[2026-04-14 04:50:01]   Task fix-trade-builder-403: age 29602610m (timeout 120m)
[2026-04-14 04:50:01]     ⚠️  STALE (exceeded timeout)
[2026-04-14 04:50:01]   Task fix-all-trade-issues: age 29602610m (timeout 120m)
[2026-04-14 04:50:01]     ⚠️  STALE (exceeded timeout)
[2026-04-14 04:50:01] Archiving 9 stale + 0 completed tasks...
[2026-04-14 05:00:00] Checking 9 active tasks...
[2026-04-14 05:00:00]   Task dogfood-qa-week4: age 29602620m (timeout 120m)
[2026-04-14 05:00:00]     ⚠️  STALE (exceeded timeout)
[2026-04-14 05:00:01]   Task fix-dogfood-week4: age 29602620m (timeout 120m)
[2026-04-14 05:00:01]     ⚠️  STALE (exceeded timeout)
[2026-04-14 05:00:01]   Task test-opt-parallel-logger: age 29602620m (timeout 120m)
[2026-04-14 05:00:01]     ⚠️  STALE (exceeded timeout)
[2026-04-14 05:00:01]   Task test-opt-parallel-error: age 29602620m (timeout 120m)
[2026-04-14 05:00:01]     ⚠️  STALE (exceeded timeout)
[2026-04-14 05:00:01]   Task audit-all-work: age 29602620m (timeout 120m)
[2026-04-14 05:00:01]     ⚠️  STALE (exceeded timeout)
[2026-04-14 05:00:01]   Task workqueue-automation: age 29602620m (timeout 120m)
[2026-04-14 05:00:01]     ⚠️  STALE (exceeded timeout)
[2026-04-14 05:00:01]   Task test-opt-analytics-opus: age 29602620m (timeout 120m)
[2026-04-14 05:00:01]     ⚠️  STALE (exceeded timeout)
[2026-04-14 05:00:01]   Task fix-trade-builder-403: age 29602620m (timeout 120m)
[2026-04-14 05:00:01]     ⚠️  STALE (exceeded timeout)
[2026-04-14 05:00:01]   Task fix-all-trade-issues: age 29602620m (timeout 120m)
[2026-04-14 05:00:01]     ⚠️  STALE (exceeded timeout)
[2026-04-14 05:00:01] Archiving 9 stale + 0 completed tasks...
[2026-04-14 05:10:01] Checking 9 active tasks...
[2026-04-14 05:10:01]   Task dogfood-qa-week4: age 29602630m (timeout 120m)
[2026-04-14 05:10:01]     ⚠️  STALE (exceeded timeout)
[2026-04-14 05:10:01]   Task fix-dogfood-week4: age 29602630m (timeout 120m)
[2026-04-14 05:10:01]     ⚠️  STALE (exceeded timeout)
[2026-04-14 05:10:01]   Task test-opt-parallel-logger: age 29602630m (timeout 120m)
[2026-04-14 05:10:01]     ⚠️  STALE (exceeded timeout)
[2026-04-14 05:10:01]   Task test-opt-parallel-error: age 29602630m (timeout 120m)
[2026-04-14 05:10:01]     ⚠️  STALE (exceeded timeout)
[2026-04-14 05:10:01]   Task audit-all-work: age 29602630m (timeout 120m)
[2026-04-14 05:10:01]     ⚠️  STALE (exceeded timeout)
[2026-04-14 05:10:01]   Task workqueue-automation: age 29602630m (timeout 120m)
[2026-04-14 05:10:01]     ⚠️  STALE (exceeded timeout)
[2026-04-14 05:10:01]   Task test-opt-analytics-opus: age 29602630m (timeout 120m)
[2026-04-14 05:10:01]     ⚠️  STALE (exceeded timeout)
[2026-04-14 05:10:01]   Task fix-trade-builder-403: age 29602630m (timeout 120m)
[2026-04-14 05:10:01]     ⚠️  STALE (exceeded timeout)
[2026-04-14 05:10:01]   Task fix-all-trade-issues: age 29602630m (timeout 120m)
[2026-04-14 05:10:01]     ⚠️  STALE (exceeded timeout)
[2026-04-14 05:10:01] Archiving 9 stale + 0 completed tasks...
[2026-04-14 05:20:01] Checking 9 active tasks...
[2026-04-14 05:20:01]   Task dogfood-qa-week4: age 29602640m (timeout 120m)
[2026-04-14 05:20:01]     ⚠️  STALE (exceeded timeout)
[2026-04-14 05:20:01]   Task fix-dogfood-week4: age 29602640m (timeout 120m)
[2026-04-14 05:20:01]     ⚠️  STALE (exceeded timeout)
[2026-04-14 05:20:01]   Task test-opt-parallel-logger: age 29602640m (timeout 120m)
[2026-04-14 05:20:01]     ⚠️  STALE (exceeded timeout)
[2026-04-14 05:20:01]   Task test-opt-parallel-error: age 29602640m (timeout 120m)
[2026-04-14 05:20:01]     ⚠️  STALE (exceeded timeout)
[2026-04-14 05:20:01]   Task audit-all-work: age 29602640m (timeout 120m)
[2026-04-14 05:20:01]     ⚠️  STALE (exceeded timeout)
[2026-04-14 05:20:01]   Task workqueue-automation: age 29602640m (timeout 120m)
[2026-04-14 05:20:01]     ⚠️  STALE (exceeded timeout)
[2026-04-14 05:20:01]   Task test-opt-analytics-opus: age 29602640m (timeout 120m)
[2026-04-14 05:20:01]     ⚠️  STALE (exceeded timeout)
[2026-04-14 05:20:01]   Task fix-trade-builder-403: age 29602640m (timeout 120m)
[2026-04-14 05:20:01]     ⚠️  STALE (exceeded timeout)
[2026-04-14 05:20:01]   Task fix-all-trade-issues: age 29602640m (timeout 120m)
[2026-04-14 05:20:01]     ⚠️  STALE (exceeded timeout)
[2026-04-14 05:20:01] Archiving 9 stale + 0 completed tasks...
[2026-04-14 05:30:00] Checking 9 active tasks...
[2026-04-14 05:30:01]   Task dogfood-qa-week4: age 29602650m (timeout 120m)
[2026-04-14 05:30:01]     ⚠️  STALE (exceeded timeout)
[2026-04-14 05:30:01]   Task fix-dogfood-week4: age 29602650m (timeout 120m)
[2026-04-14 05:30:01]     ⚠️  STALE (exceeded timeout)
[2026-04-14 05:30:01]   Task test-opt-parallel-logger: age 29602650m (timeout 120m)
[2026-04-14 05:30:01]     ⚠️  STALE (exceeded timeout)
[2026-04-14 05:30:01]   Task test-opt-parallel-error: age 29602650m (timeout 120m)
[2026-04-14 05:30:01]     ⚠️  STALE (exceeded timeout)
[2026-04-14 05:30:01]   Task audit-all-work: age 29602650m (timeout 120m)
[2026-04-14 05:30:01]     ⚠️  STALE (exceeded timeout)
[2026-04-14 05:30:01]   Task workqueue-automation: age 29602650m (timeout 120m)
[2026-04-14 05:30:01]     ⚠️  STALE (exceeded timeout)
[2026-04-14 05:30:01]   Task test-opt-analytics-opus: age 29602650m (timeout 120m)
[2026-04-14 05:30:01]     ⚠️  STALE (exceeded timeout)
[2026-04-14 05:30:01]   Task fix-trade-builder-403: age 29602650m (timeout 120m)
[2026-04-14 05:30:01]     ⚠️  STALE (exceeded timeout)
[2026-04-14 05:30:01]   Task fix-all-trade-issues: age 29602650m (timeout 120m)
[2026-04-14 05:30:01]     ⚠️  STALE (exceeded timeout)
[2026-04-14 05:30:01] Archiving 9 stale + 0 completed tasks...
[2026-04-14 05:40:00] Checking 9 active tasks...
[2026-04-14 05:40:01]   Task dogfood-qa-week4: age 29602660m (timeout 120m)
[2026-04-14 05:40:01]     ⚠️  STALE (exceeded timeout)
[2026-04-14 05:40:01]   Task fix-dogfood-week4: age 29602660m (timeout 120m)
[2026-04-14 05:40:01]     ⚠️  STALE (exceeded timeout)
[2026-04-14 05:40:01]   Task test-opt-parallel-logger: age 29602660m (timeout 120m)
[2026-04-14 05:40:01]     ⚠️  STALE (exceeded timeout)
[2026-04-14 05:40:01]   Task test-opt-parallel-error: age 29602660m (timeout 120m)
[2026-04-14 05:40:01]     ⚠️  STALE (exceeded timeout)
[2026-04-14 05:40:01]   Task audit-all-work: age 29602660m (timeout 120m)
[2026-04-14 05:40:01]     ⚠️  STALE (exceeded timeout)
[2026-04-14 05:40:01]   Task workqueue-automation: age 29602660m (timeout 120m)
[2026-04-14 05:40:01]     ⚠️  STALE (exceeded timeout)
[2026-04-14 05:40:01]   Task test-opt-analytics-opus: age 29602660m (timeout 120m)
[2026-04-14 05:40:01]     ⚠️  STALE (exceeded timeout)
[2026-04-14 05:40:01]   Task fix-trade-builder-403: age 29602660m (timeout 120m)
[2026-04-14 05:40:01]     ⚠️  STALE (exceeded timeout)
[2026-04-14 05:40:01]   Task fix-all-trade-issues: age 29602660m (timeout 120m)
[2026-04-14 05:40:01]     ⚠️  STALE (exceeded timeout)
[2026-04-14 05:40:01] Archiving 9 stale + 0 completed tasks...
[2026-04-14 05:50:00] Checking 9 active tasks...
[2026-04-14 05:50:01]   Task dogfood-qa-week4: age 29602670m (timeout 120m)
[2026-04-14 05:50:01]     ⚠️  STALE (exceeded timeout)
[2026-04-14 05:50:01]   Task fix-dogfood-week4: age 29602670m (timeout 120m)
[2026-04-14 05:50:01]     ⚠️  STALE (exceeded timeout)
[2026-04-14 05:50:01]   Task test-opt-parallel-logger: age 29602670m (timeout 120m)
[2026-04-14 05:50:01]     ⚠️  STALE (exceeded timeout)
[2026-04-14 05:50:01]   Task test-opt-parallel-error: age 29602670m (timeout 120m)
[2026-04-14 05:50:01]     ⚠️  STALE (exceeded timeout)
[2026-04-14 05:50:01]   Task audit-all-work: age 29602670m (timeout 120m)
[2026-04-14 05:50:01]     ⚠️  STALE (exceeded timeout)
[2026-04-14 05:50:01]   Task workqueue-automation: age 29602670m (timeout 120m)
[2026-04-14 05:50:01]     ⚠️  STALE (exceeded timeout)
[2026-04-14 05:50:01]   Task test-opt-analytics-opus: age 29602670m (timeout 120m)
[2026-04-14 05:50:01]     ⚠️  STALE (exceeded timeout)
[2026-04-14 05:50:01]   Task fix-trade-builder-403: age 29602670m (timeout 120m)
[2026-04-14 05:50:01]     ⚠️  STALE (exceeded timeout)
[2026-04-14 05:50:01]   Task fix-all-trade-issues: age 29602670m (timeout 120m)
[2026-04-14 05:50:01]     ⚠️  STALE (exceeded timeout)
[2026-04-14 05:50:01] Archiving 9 stale + 0 completed tasks...
[2026-04-14 06:00:00] Checking 9 active tasks...
[2026-04-14 06:00:01]   Task dogfood-qa-week4: age 29602680m (timeout 120m)
[2026-04-14 06:00:01]     ⚠️  STALE (exceeded timeout)
[2026-04-14 06:00:01]   Task fix-dogfood-week4: age 29602680m (timeout 120m)
[2026-04-14 06:00:01]     ⚠️  STALE (exceeded timeout)
[2026-04-14 06:00:01]   Task test-opt-parallel-logger: age 29602680m (timeout 120m)
[2026-04-14 06:00:01]     ⚠️  STALE (exceeded timeout)
[2026-04-14 06:00:01]   Task test-opt-parallel-error: age 29602680m (timeout 120m)
[2026-04-14 06:00:01]     ⚠️  STALE (exceeded timeout)
[2026-04-14 06:00:01]   Task audit-all-work: age 29602680m (timeout 120m)
[2026-04-14 06:00:01]     ⚠️  STALE (exceeded timeout)
[2026-04-14 06:00:01]   Task workqueue-automation: age 29602680m (timeout 120m)
[2026-04-14 06:00:01]     ⚠️  STALE (exceeded timeout)
[2026-04-14 06:00:01]   Task test-opt-analytics-opus: age 29602680m (timeout 120m)
[2026-04-14 06:00:01]     ⚠️  STALE (exceeded timeout)
[2026-04-14 06:00:01]   Task fix-trade-builder-403: age 29602680m (timeout 120m)
[2026-04-14 06:00:01]     ⚠️  STALE (exceeded timeout)
[2026-04-14 06:00:01]   Task fix-all-trade-issues: age 29602680m (timeout 120m)
[2026-04-14 06:00:01]     ⚠️  STALE (exceeded timeout)
[2026-04-14 06:00:01] Archiving 9 stale + 0 completed tasks...
[2026-04-14 06:10:00] Checking 9 active tasks...
[2026-04-14 06:10:00]   Task dogfood-qa-week4: age 29602690m (timeout 120m)
[2026-04-14 06:10:00]     ⚠️  STALE (exceeded timeout)
[2026-04-14 06:10:00]   Task fix-dogfood-week4: age 29602690m (timeout 120m)
[2026-04-14 06:10:00]     ⚠️  STALE (exceeded timeout)
[2026-04-14 06:10:00]   Task test-opt-parallel-logger: age 29602690m (timeout 120m)
[2026-04-14 06:10:00]     ⚠️  STALE (exceeded timeout)
[2026-04-14 06:10:00]   Task test-opt-parallel-error: age 29602690m (timeout 120m)
[2026-04-14 06:10:00]     ⚠️  STALE (exceeded timeout)
[2026-04-14 06:10:00]   Task audit-all-work: age 29602690m (timeout 120m)
[2026-04-14 06:10:00]     ⚠️  STALE (exceeded timeout)
[2026-04-14 06:10:00]   Task workqueue-automation: age 29602690m (timeout 120m)
[2026-04-14 06:10:00]     ⚠️  STALE (exceeded timeout)
[2026-04-14 06:10:00]   Task test-opt-analytics-opus: age 29602690m (timeout 120m)
[2026-04-14 06:10:00]     ⚠️  STALE (exceeded timeout)
[2026-04-14 06:10:00]   Task fix-trade-builder-403: age 29602690m (timeout 120m)
[2026-04-14 06:10:00]     ⚠️  STALE (exceeded timeout)
[2026-04-14 06:10:00]   Task fix-all-trade-issues: age 29602690m (timeout 120m)
[2026-04-14 06:10:00]     ⚠️  STALE (exceeded timeout)
[2026-04-14 06:10:00] Archiving 9 stale + 0 completed tasks...
[2026-04-14 06:20:01] Checking 9 active tasks...
[2026-04-14 06:20:01]   Task dogfood-qa-week4: age 29602700m (timeout 120m)
[2026-04-14 06:20:01]     ⚠️  STALE (exceeded timeout)
[2026-04-14 06:20:01]   Task fix-dogfood-week4: age 29602700m (timeout 120m)
[2026-04-14 06:20:01]     ⚠️  STALE (exceeded timeout)
[2026-04-14 06:20:01]   Task test-opt-parallel-logger: age 29602700m (timeout 120m)
[2026-04-14 06:20:01]     ⚠️  STALE (exceeded timeout)
[2026-04-14 06:20:01]   Task test-opt-parallel-error: age 29602700m (timeout 120m)
[2026-04-14 06:20:01]     ⚠️  STALE (exceeded timeout)
[2026-04-14 06:20:01]   Task audit-all-work: age 29602700m (timeout 120m)
[2026-04-14 06:20:01]     ⚠️  STALE (exceeded timeout)
[2026-04-14 06:20:01]   Task workqueue-automation: age 29602700m (timeout 120m)
[2026-04-14 06:20:01]     ⚠️  STALE (exceeded timeout)
[2026-04-14 06:20:01]   Task test-opt-analytics-opus: age 29602700m (timeout 120m)
[2026-04-14 06:20:01]     ⚠️  STALE (exceeded timeout)
[2026-04-14 06:20:01]   Task fix-trade-builder-403: age 29602700m (timeout 120m)
[2026-04-14 06:20:01]     ⚠️  STALE (exceeded timeout)
[2026-04-14 06:20:01]   Task fix-all-trade-issues: age 29602700m (timeout 120m)
[2026-04-14 06:20:01]     ⚠️  STALE (exceeded timeout)
[2026-04-14 06:20:01] Archiving 9 stale + 0 completed tasks...
[2026-04-14 06:30:00] Checking 9 active tasks...
[2026-04-14 06:30:00]   Task dogfood-qa-week4: age 29602710m (timeout 120m)
[2026-04-14 06:30:00]     ⚠️  STALE (exceeded timeout)
[2026-04-14 06:30:00]   Task fix-dogfood-week4: age 29602710m (timeout 120m)
[2026-04-14 06:30:00]     ⚠️  STALE (exceeded timeout)
[2026-04-14 06:30:00]   Task test-opt-parallel-logger: age 29602710m (timeout 120m)
[2026-04-14 06:30:00]     ⚠️  STALE (exceeded timeout)
[2026-04-14 06:30:00]   Task test-opt-parallel-error: age 29602710m (timeout 120m)
[2026-04-14 06:30:00]     ⚠️  STALE (exceeded timeout)
[2026-04-14 06:30:00]   Task audit-all-work: age 29602710m (timeout 120m)
[2026-04-14 06:30:00]     ⚠️  STALE (exceeded timeout)
[2026-04-14 06:30:00]   Task workqueue-automation: age 29602710m (timeout 120m)
[2026-04-14 06:30:00]     ⚠️  STALE (exceeded timeout)
[2026-04-14 06:30:00]   Task test-opt-analytics-opus: age 29602710m (timeout 120m)
[2026-04-14 06:30:00]     ⚠️  STALE (exceeded timeout)
[2026-04-14 06:30:00]   Task fix-trade-builder-403: age 29602710m (timeout 120m)
[2026-04-14 06:30:00]     ⚠️  STALE (exceeded timeout)
[2026-04-14 06:30:00]   Task fix-all-trade-issues: age 29602710m (timeout 120m)
[2026-04-14 06:30:00]     ⚠️  STALE (exceeded timeout)
[2026-04-14 06:30:00] Archiving 9 stale + 0 completed tasks...
[2026-04-14 06:40:00] Checking 9 active tasks...
[2026-04-14 06:40:00]   Task dogfood-qa-week4: age 29602720m (timeout 120m)
[2026-04-14 06:40:00]     ⚠️  STALE (exceeded timeout)
[2026-04-14 06:40:00]   Task fix-dogfood-week4: age 29602720m (timeout 120m)
[2026-04-14 06:40:00]     ⚠️  STALE (exceeded timeout)
[2026-04-14 06:40:00]   Task test-opt-parallel-logger: age 29602720m (timeout 120m)
[2026-04-14 06:40:00]     ⚠️  STALE (exceeded timeout)
[2026-04-14 06:40:00]   Task test-opt-parallel-error: age 29602720m (timeout 120m)
[2026-04-14 06:40:00]     ⚠️  STALE (exceeded timeout)
[2026-04-14 06:40:00]   Task audit-all-work: age 29602720m (timeout 120m)
[2026-04-14 06:40:00]     ⚠️  STALE (exceeded timeout)
[2026-04-14 06:40:00]   Task workqueue-automation: age 29602720m (timeout 120m)
[2026-04-14 06:40:00]     ⚠️  STALE (exceeded timeout)
[2026-04-14 06:40:00]   Task test-opt-analytics-opus: age 29602720m (timeout 120m)
[2026-04-14 06:40:00]     ⚠️  STALE (exceeded timeout)
[2026-04-14 06:40:00]   Task fix-trade-builder-403: age 29602720m (timeout 120m)
[2026-04-14 06:40:01]     ⚠️  STALE (exceeded timeout)
[2026-04-14 06:40:01]   Task fix-all-trade-issues: age 29602720m (timeout 120m)
[2026-04-14 06:40:01]     ⚠️  STALE (exceeded timeout)
[2026-04-14 06:40:01] Archiving 9 stale + 0 completed tasks...
[2026-04-14 06:50:00] Checking 9 active tasks...
[2026-04-14 06:50:00]   Task dogfood-qa-week4: age 29602730m (timeout 120m)
[2026-04-14 06:50:00]     ⚠️  STALE (exceeded timeout)
[2026-04-14 06:50:00]   Task fix-dogfood-week4: age 29602730m (timeout 120m)
[2026-04-14 06:50:00]     ⚠️  STALE (exceeded timeout)
[2026-04-14 06:50:00]   Task test-opt-parallel-logger: age 29602730m (timeout 120m)
[2026-04-14 06:50:00]     ⚠️  STALE (exceeded timeout)
[2026-04-14 06:50:00]   Task test-opt-parallel-error: age 29602730m (timeout 120m)
[2026-04-14 06:50:00]     ⚠️  STALE (exceeded timeout)
[2026-04-14 06:50:00]   Task audit-all-work: age 29602730m (timeout 120m)
[2026-04-14 06:50:00]     ⚠️  STALE (exceeded timeout)
[2026-04-14 06:50:00]   Task workqueue-automation: age 29602730m (timeout 120m)
[2026-04-14 06:50:00]     ⚠️  STALE (exceeded timeout)
[2026-04-14 06:50:00]   Task test-opt-analytics-opus: age 29602730m (timeout 120m)
[2026-04-14 06:50:00]     ⚠️  STALE (exceeded timeout)
[2026-04-14 06:50:00]   Task fix-trade-builder-403: age 29602730m (timeout 120m)
[2026-04-14 06:50:00]     ⚠️  STALE (exceeded timeout)
[2026-04-14 06:50:00]   Task fix-all-trade-issues: age 29602730m (timeout 120m)
[2026-04-14 06:50:00]     ⚠️  STALE (exceeded timeout)
[2026-04-14 06:50:01] Archiving 9 stale + 0 completed tasks...
[2026-04-14 07:00:00] Checking 9 active tasks...
[2026-04-14 07:00:00]   Task dogfood-qa-week4: age 29602740m (timeout 120m)
[2026-04-14 07:00:00]     ⚠️  STALE (exceeded timeout)
[2026-04-14 07:00:00]   Task fix-dogfood-week4: age 29602740m (timeout 120m)
[2026-04-14 07:00:00]     ⚠️  STALE (exceeded timeout)
[2026-04-14 07:00:00]   Task test-opt-parallel-logger: age 29602740m (timeout 120m)
[2026-04-14 07:00:00]     ⚠️  STALE (exceeded timeout)
[2026-04-14 07:00:00]   Task test-opt-parallel-error: age 29602740m (timeout 120m)
[2026-04-14 07:00:00]     ⚠️  STALE (exceeded timeout)
[2026-04-14 07:00:01]   Task audit-all-work: age 29602740m (timeout 120m)
[2026-04-14 07:00:01]     ⚠️  STALE (exceeded timeout)
[2026-04-14 07:00:01]   Task workqueue-automation: age 29602740m (timeout 120m)
[2026-04-14 07:00:01]     ⚠️  STALE (exceeded timeout)
[2026-04-14 07:00:01]   Task test-opt-analytics-opus: age 29602740m (timeout 120m)
[2026-04-14 07:00:01]     ⚠️  STALE (exceeded timeout)
[2026-04-14 07:00:01]   Task fix-trade-builder-403: age 29602740m (timeout 120m)
[2026-04-14 07:00:01]     ⚠️  STALE (exceeded timeout)
[2026-04-14 07:00:01]   Task fix-all-trade-issues: age 29602740m (timeout 120m)
[2026-04-14 07:00:01]     ⚠️  STALE (exceeded timeout)
[2026-04-14 07:00:01] Archiving 9 stale + 0 completed tasks...
[2026-04-14 07:10:00] Checking 9 active tasks...
[2026-04-14 07:10:00]   Task dogfood-qa-week4: age 29602750m (timeout 120m)
[2026-04-14 07:10:00]     ⚠️  STALE (exceeded timeout)
[2026-04-14 07:10:00]   Task fix-dogfood-week4: age 29602750m (timeout 120m)
[2026-04-14 07:10:00]     ⚠️  STALE (exceeded timeout)
[2026-04-14 07:10:00]   Task test-opt-parallel-logger: age 29602750m (timeout 120m)
[2026-04-14 07:10:00]     ⚠️  STALE (exceeded timeout)
[2026-04-14 07:10:00]   Task test-opt-parallel-error: age 29602750m (timeout 120m)
[2026-04-14 07:10:00]     ⚠️  STALE (exceeded timeout)
[2026-04-14 07:10:00]   Task audit-all-work: age 29602750m (timeout 120m)
[2026-04-14 07:10:00]     ⚠️  STALE (exceeded timeout)
[2026-04-14 07:10:00]   Task workqueue-automation: age 29602750m (timeout 120m)
[2026-04-14 07:10:00]     ⚠️  STALE (exceeded timeout)
[2026-04-14 07:10:00]   Task test-opt-analytics-opus: age 29602750m (timeout 120m)
[2026-04-14 07:10:00]     ⚠️  STALE (exceeded timeout)
[2026-04-14 07:10:00]   Task fix-trade-builder-403: age 29602750m (timeout 120m)
[2026-04-14 07:10:00]     ⚠️  STALE (exceeded timeout)
[2026-04-14 07:10:00]   Task fix-all-trade-issues: age 29602750m (timeout 120m)
[2026-04-14 07:10:00]     ⚠️  STALE (exceeded timeout)
[2026-04-14 07:10:00] Archiving 9 stale + 0 completed tasks...
[2026-04-14 07:20:01] Checking 9 active tasks...
[2026-04-14 07:20:01]   Task dogfood-qa-week4: age 29602760m (timeout 120m)
[2026-04-14 07:20:01]     ⚠️  STALE (exceeded timeout)
[2026-04-14 07:20:01]   Task fix-dogfood-week4: age 29602760m (timeout 120m)
[2026-04-14 07:20:01]     ⚠️  STALE (exceeded timeout)
[2026-04-14 07:20:01]   Task test-opt-parallel-logger: age 29602760m (timeout 120m)
[2026-04-14 07:20:01]     ⚠️  STALE (exceeded timeout)
[2026-04-14 07:20:01]   Task test-opt-parallel-error: age 29602760m (timeout 120m)
[2026-04-14 07:20:01]     ⚠️  STALE (exceeded timeout)
[2026-04-14 07:20:01]   Task audit-all-work: age 29602760m (timeout 120m)
[2026-04-14 07:20:01]     ⚠️  STALE (exceeded timeout)
[2026-04-14 07:20:01]   Task workqueue-automation: age 29602760m (timeout 120m)
[2026-04-14 07:20:01]     ⚠️  STALE (exceeded timeout)
[2026-04-14 07:20:01]   Task test-opt-analytics-opus: age 29602760m (timeout 120m)
[2026-04-14 07:20:01]     ⚠️  STALE (exceeded timeout)
[2026-04-14 07:20:01]   Task fix-trade-builder-403: age 29602760m (timeout 120m)
[2026-04-14 07:20:01]     ⚠️  STALE (exceeded timeout)
[2026-04-14 07:20:01]   Task fix-all-trade-issues: age 29602760m (timeout 120m)
[2026-04-14 07:20:01]     ⚠️  STALE (exceeded timeout)
[2026-04-14 07:20:01] Archiving 9 stale + 0 completed tasks...
[2026-04-14 07:30:01] Checking 9 active tasks...
[2026-04-14 07:30:01]   Task dogfood-qa-week4: age 29602770m (timeout 120m)
[2026-04-14 07:30:01]     ⚠️  STALE (exceeded timeout)
[2026-04-14 07:30:01]   Task fix-dogfood-week4: age 29602770m (timeout 120m)
[2026-04-14 07:30:01]     ⚠️  STALE (exceeded timeout)
[2026-04-14 07:30:01]   Task test-opt-parallel-logger: age 29602770m (timeout 120m)
[2026-04-14 07:30:01]     ⚠️  STALE (exceeded timeout)
[2026-04-14 07:30:01]   Task test-opt-parallel-error: age 29602770m (timeout 120m)
[2026-04-14 07:30:01]     ⚠️  STALE (exceeded timeout)
[2026-04-14 07:30:01]   Task audit-all-work: age 29602770m (timeout 120m)
[2026-04-14 07:30:01]     ⚠️  STALE (exceeded timeout)
[2026-04-14 07:30:01]   Task workqueue-automation: age 29602770m (timeout 120m)
[2026-04-14 07:30:01]     ⚠️  STALE (exceeded timeout)
[2026-04-14 07:30:01]   Task test-opt-analytics-opus: age 29602770m (timeout 120m)
[2026-04-14 07:30:01]     ⚠️  STALE (exceeded timeout)
[2026-04-14 07:30:01]   Task fix-trade-builder-403: age 29602770m (timeout 120m)
[2026-04-14 07:30:01]     ⚠️  STALE (exceeded timeout)
[2026-04-14 07:30:01]   Task fix-all-trade-issues: age 29602770m (timeout 120m)
[2026-04-14 07:30:01]     ⚠️  STALE (exceeded timeout)
[2026-04-14 07:30:01] Archiving 9 stale + 0 completed tasks...
[2026-04-14 07:40:00] Checking 9 active tasks...
[2026-04-14 07:40:00]   Task dogfood-qa-week4: age 29602780m (timeout 120m)
[2026-04-14 07:40:00]     ⚠️  STALE (exceeded timeout)
[2026-04-14 07:40:00]   Task fix-dogfood-week4: age 29602780m (timeout 120m)
[2026-04-14 07:40:00]     ⚠️  STALE (exceeded timeout)
[2026-04-14 07:40:00]   Task test-opt-parallel-logger: age 29602780m (timeout 120m)
[2026-04-14 07:40:00]     ⚠️  STALE (exceeded timeout)
[2026-04-14 07:40:00]   Task test-opt-parallel-error: age 29602780m (timeout 120m)
[2026-04-14 07:40:00]     ⚠️  STALE (exceeded timeout)
[2026-04-14 07:40:00]   Task audit-all-work: age 29602780m (timeout 120m)
[2026-04-14 07:40:00]     ⚠️  STALE (exceeded timeout)
[2026-04-14 07:40:00]   Task workqueue-automation: age 29602780m (timeout 120m)
[2026-04-14 07:40:00]     ⚠️  STALE (exceeded timeout)
[2026-04-14 07:40:00]   Task test-opt-analytics-opus: age 29602780m (timeout 120m)
[2026-04-14 07:40:00]     ⚠️  STALE (exceeded timeout)
[2026-04-14 07:40:00]   Task fix-trade-builder-403: age 29602780m (timeout 120m)
[2026-04-14 07:40:00]     ⚠️  STALE (exceeded timeout)
[2026-04-14 07:40:00]   Task fix-all-trade-issues: age 29602780m (timeout 120m)
[2026-04-14 07:40:00]     ⚠️  STALE (exceeded timeout)
[2026-04-14 07:40:00] Archiving 9 stale + 0 completed tasks...
[2026-04-14 07:50:01] Checking 9 active tasks...
[2026-04-14 07:50:01]   Task dogfood-qa-week4: age 29602790m (timeout 120m)
[2026-04-14 07:50:01]     ⚠️  STALE (exceeded timeout)
[2026-04-14 07:50:01]   Task fix-dogfood-week4: age 29602790m (timeout 120m)
[2026-04-14 07:50:01]     ⚠️  STALE (exceeded timeout)
[2026-04-14 07:50:01]   Task test-opt-parallel-logger: age 29602790m (timeout 120m)
[2026-04-14 07:50:01]     ⚠️  STALE (exceeded timeout)
[2026-04-14 07:50:01]   Task test-opt-parallel-error: age 29602790m (timeout 120m)
[2026-04-14 07:50:01]     ⚠️  STALE (exceeded timeout)
[2026-04-14 07:50:01]   Task audit-all-work: age 29602790m (timeout 120m)
[2026-04-14 07:50:01]     ⚠️  STALE (exceeded timeout)
[2026-04-14 07:50:01]   Task workqueue-automation: age 29602790m (timeout 120m)
[2026-04-14 07:50:01]     ⚠️  STALE (exceeded timeout)
[2026-04-14 07:50:01]   Task test-opt-analytics-opus: age 29602790m (timeout 120m)
[2026-04-14 07:50:01]     ⚠️  STALE (exceeded timeout)
[2026-04-14 07:50:01]   Task fix-trade-builder-403: age 29602790m (timeout 120m)
[2026-04-14 07:50:01]     ⚠️  STALE (exceeded timeout)
[2026-04-14 07:50:01]   Task fix-all-trade-issues: age 29602790m (timeout 120m)
[2026-04-14 07:50:01]     ⚠️  STALE (exceeded timeout)
[2026-04-14 07:50:01] Archiving 9 stale + 0 completed tasks...
[2026-04-14 08:00:00] Checking 9 active tasks...
[2026-04-14 08:00:00]   Task dogfood-qa-week4: age 29602800m (timeout 120m)
[2026-04-14 08:00:00]     ⚠️  STALE (exceeded timeout)
[2026-04-14 08:00:00]   Task fix-dogfood-week4: age 29602800m (timeout 120m)
[2026-04-14 08:00:00]     ⚠️  STALE (exceeded timeout)
[2026-04-14 08:00:01]   Task test-opt-parallel-logger: age 29602800m (timeout 120m)
[2026-04-14 08:00:01]     ⚠️  STALE (exceeded timeout)
[2026-04-14 08:00:01]   Task test-opt-parallel-error: age 29602800m (timeout 120m)
[2026-04-14 08:00:01]     ⚠️  STALE (exceeded timeout)
[2026-04-14 08:00:01]   Task audit-all-work: age 29602800m (timeout 120m)
[2026-04-14 08:00:01]     ⚠️  STALE (exceeded timeout)
[2026-04-14 08:00:01]   Task workqueue-automation: age 29602800m (timeout 120m)
[2026-04-14 08:00:01]     ⚠️  STALE (exceeded timeout)
[2026-04-14 08:00:01]   Task test-opt-analytics-opus: age 29602800m (timeout 120m)
[2026-04-14 08:00:01]     ⚠️  STALE (exceeded timeout)
[2026-04-14 08:00:01]   Task fix-trade-builder-403: age 29602800m (timeout 120m)
[2026-04-14 08:00:01]     ⚠️  STALE (exceeded timeout)
[2026-04-14 08:00:01]   Task fix-all-trade-issues: age 29602800m (timeout 120m)
[2026-04-14 08:00:01]     ⚠️  STALE (exceeded timeout)
[2026-04-14 08:00:01] Archiving 9 stale + 0 completed tasks...
[2026-04-14 08:10:00] Checking 9 active tasks...
[2026-04-14 08:10:00]   Task dogfood-qa-week4: age 29602810m (timeout 120m)
[2026-04-14 08:10:00]     ⚠️  STALE (exceeded timeout)
[2026-04-14 08:10:00]   Task fix-dogfood-week4: age 29602810m (timeout 120m)
[2026-04-14 08:10:00]     ⚠️  STALE (exceeded timeout)
[2026-04-14 08:10:00]   Task test-opt-parallel-logger: age 29602810m (timeout 120m)
[2026-04-14 08:10:00]     ⚠️  STALE (exceeded timeout)
[2026-04-14 08:10:00]   Task test-opt-parallel-error: age 29602810m (timeout 120m)
[2026-04-14 08:10:00]     ⚠️  STALE (exceeded timeout)
[2026-04-14 08:10:01]   Task audit-all-work: age 29602810m (timeout 120m)
[2026-04-14 08:10:01]     ⚠️  STALE (exceeded timeout)
[2026-04-14 08:10:01]   Task workqueue-automation: age 29602810m (timeout 120m)
[2026-04-14 08:10:01]     ⚠️  STALE (exceeded timeout)
[2026-04-14 08:10:01]   Task test-opt-analytics-opus: age 29602810m (timeout 120m)
[2026-04-14 08:10:01]     ⚠️  STALE (exceeded timeout)
[2026-04-14 08:10:01]   Task fix-trade-builder-403: age 29602810m (timeout 120m)
[2026-04-14 08:10:01]     ⚠️  STALE (exceeded timeout)
[2026-04-14 08:10:01]   Task fix-all-trade-issues: age 29602810m (timeout 120m)
[2026-04-14 08:10:01]     ⚠️  STALE (exceeded timeout)
[2026-04-14 08:10:01] Archiving 9 stale + 0 completed tasks...
[2026-04-14 08:20:00] Checking 9 active tasks...
[2026-04-14 08:20:00]   Task dogfood-qa-week4: age 29602820m (timeout 120m)
[2026-04-14 08:20:00]     ⚠️  STALE (exceeded timeout)
[2026-04-14 08:20:00]   Task fix-dogfood-week4: age 29602820m (timeout 120m)
[2026-04-14 08:20:00]     ⚠️  STALE (exceeded timeout)
[2026-04-14 08:20:00]   Task test-opt-parallel-logger: age 29602820m (timeout 120m)
[2026-04-14 08:20:00]     ⚠️  STALE (exceeded timeout)
[2026-04-14 08:20:01]   Task test-opt-parallel-error: age 29602820m (timeout 120m)
[2026-04-14 08:20:01]     ⚠️  STALE (exceeded timeout)
[2026-04-14 08:20:01]   Task audit-all-work: age 29602820m (timeout 120m)
[2026-04-14 08:20:01]     ⚠️  STALE (exceeded timeout)
[2026-04-14 08:20:01]   Task workqueue-automation: age 29602820m (timeout 120m)
[2026-04-14 08:20:01]     ⚠️  STALE (exceeded timeout)
[2026-04-14 08:20:01]   Task test-opt-analytics-opus: age 29602820m (timeout 120m)
[2026-04-14 08:20:01]     ⚠️  STALE (exceeded timeout)
[2026-04-14 08:20:01]   Task fix-trade-builder-403: age 29602820m (timeout 120m)
[2026-04-14 08:20:01]     ⚠️  STALE (exceeded timeout)
[2026-04-14 08:20:01]   Task fix-all-trade-issues: age 29602820m (timeout 120m)
[2026-04-14 08:20:01]     ⚠️  STALE (exceeded timeout)
[2026-04-14 08:20:01] Archiving 9 stale + 0 completed tasks...
[2026-04-14 08:30:00] Checking 9 active tasks...
[2026-04-14 08:30:01]   Task dogfood-qa-week4: age 29602830m (timeout 120m)
[2026-04-14 08:30:01]     ⚠️  STALE (exceeded timeout)
[2026-04-14 08:30:01]   Task fix-dogfood-week4: age 29602830m (timeout 120m)
[2026-04-14 08:30:01]     ⚠️  STALE (exceeded timeout)
[2026-04-14 08:30:01]   Task test-opt-parallel-logger: age 29602830m (timeout 120m)
[2026-04-14 08:30:01]     ⚠️  STALE (exceeded timeout)
[2026-04-14 08:30:01]   Task test-opt-parallel-error: age 29602830m (timeout 120m)
[2026-04-14 08:30:01]     ⚠️  STALE (exceeded timeout)
[2026-04-14 08:30:01]   Task audit-all-work: age 29602830m (timeout 120m)
[2026-04-14 08:30:01]     ⚠️  STALE (exceeded timeout)
[2026-04-14 08:30:01]   Task workqueue-automation: age 29602830m (timeout 120m)
[2026-04-14 08:30:01]     ⚠️  STALE (exceeded timeout)
[2026-04-14 08:30:01]   Task test-opt-analytics-opus: age 29602830m (timeout 120m)
[2026-04-14 08:30:01]     ⚠️  STALE (exceeded timeout)
[2026-04-14 08:30:01]   Task fix-trade-builder-403: age 29602830m (timeout 120m)
[2026-04-14 08:30:01]     ⚠️  STALE (exceeded timeout)
[2026-04-14 08:30:01]   Task fix-all-trade-issues: age 29602830m (timeout 120m)
[2026-04-14 08:30:01]     ⚠️  STALE (exceeded timeout)
[2026-04-14 08:30:01] Archiving 9 stale + 0 completed tasks...
[2026-04-14 08:40:00] Checking 9 active tasks...
[2026-04-14 08:40:00]   Task dogfood-qa-week4: age 29602840m (timeout 120m)
[2026-04-14 08:40:00]     ⚠️  STALE (exceeded timeout)
[2026-04-14 08:40:00]   Task fix-dogfood-week4: age 29602840m (timeout 120m)
[2026-04-14 08:40:00]     ⚠️  STALE (exceeded timeout)
[2026-04-14 08:40:00]   Task test-opt-parallel-logger: age 29602840m (timeout 120m)
[2026-04-14 08:40:00]     ⚠️  STALE (exceeded timeout)
[2026-04-14 08:40:00]   Task test-opt-parallel-error: age 29602840m (timeout 120m)
[2026-04-14 08:40:00]     ⚠️  STALE (exceeded timeout)
[2026-04-14 08:40:00]   Task audit-all-work: age 29602840m (timeout 120m)
[2026-04-14 08:40:00]     ⚠️  STALE (exceeded timeout)
[2026-04-14 08:40:00]   Task workqueue-automation: age 29602840m (timeout 120m)
[2026-04-14 08:40:00]     ⚠️  STALE (exceeded timeout)
[2026-04-14 08:40:00]   Task test-opt-analytics-opus: age 29602840m (timeout 120m)
[2026-04-14 08:40:00]     ⚠️  STALE (exceeded timeout)
[2026-04-14 08:40:00]   Task fix-trade-builder-403: age 29602840m (timeout 120m)
[2026-04-14 08:40:00]     ⚠️  STALE (exceeded timeout)
[2026-04-14 08:40:00]   Task fix-all-trade-issues: age 29602840m (timeout 120m)
[2026-04-14 08:40:00]     ⚠️  STALE (exceeded timeout)
[2026-04-14 08:40:00] Archiving 9 stale + 0 completed tasks...
[2026-04-14 08:50:01] Checking 9 active tasks...
[2026-04-14 08:50:01]   Task dogfood-qa-week4: age 29602850m (timeout 120m)
[2026-04-14 08:50:01]     ⚠️  STALE (exceeded timeout)
[2026-04-14 08:50:01]   Task fix-dogfood-week4: age 29602850m (timeout 120m)
[2026-04-14 08:50:01]     ⚠️  STALE (exceeded timeout)
[2026-04-14 08:50:01]   Task test-opt-parallel-logger: age 29602850m (timeout 120m)
[2026-04-14 08:50:01]     ⚠️  STALE (exceeded timeout)
[2026-04-14 08:50:01]   Task test-opt-parallel-error: age 29602850m (timeout 120m)
[2026-04-14 08:50:01]     ⚠️  STALE (exceeded timeout)
[2026-04-14 08:50:01]   Task audit-all-work: age 29602850m (timeout 120m)
[2026-04-14 08:50:01]     ⚠️  STALE (exceeded timeout)
[2026-04-14 08:50:01]   Task workqueue-automation: age 29602850m (timeout 120m)
[2026-04-14 08:50:01]     ⚠️  STALE (exceeded timeout)
[2026-04-14 08:50:01]   Task test-opt-analytics-opus: age 29602850m (timeout 120m)
[2026-04-14 08:50:01]     ⚠️  STALE (exceeded timeout)
[2026-04-14 08:50:01]   Task fix-trade-builder-403: age 29602850m (timeout 120m)
[2026-04-14 08:50:01]     ⚠️  STALE (exceeded timeout)
[2026-04-14 08:50:01]   Task fix-all-trade-issues: age 29602850m (timeout 120m)
[2026-04-14 08:50:01]     ⚠️  STALE (exceeded timeout)
[2026-04-14 08:50:01] Archiving 9 stale + 0 completed tasks...
[2026-04-14 09:00:00] Checking 9 active tasks...
[2026-04-14 09:00:00]   Task dogfood-qa-week4: age 29602860m (timeout 120m)
[2026-04-14 09:00:00]     ⚠️  STALE (exceeded timeout)
[2026-04-14 09:00:00]   Task fix-dogfood-week4: age 29602860m (timeout 120m)
[2026-04-14 09:00:00]     ⚠️  STALE (exceeded timeout)
[2026-04-14 09:00:00]   Task test-opt-parallel-logger: age 29602860m (timeout 120m)
[2026-04-14 09:00:00]     ⚠️  STALE (exceeded timeout)
[2026-04-14 09:00:00]   Task test-opt-parallel-error: age 29602860m (timeout 120m)
[2026-04-14 09:00:00]     ⚠️  STALE (exceeded timeout)
[2026-04-14 09:00:00]   Task audit-all-work: age 29602860m (timeout 120m)
[2026-04-14 09:00:00]     ⚠️  STALE (exceeded timeout)
[2026-04-14 09:00:00]   Task workqueue-automation: age 29602860m (timeout 120m)
[2026-04-14 09:00:00]     ⚠️  STALE (exceeded timeout)
[2026-04-14 09:00:00]   Task test-opt-analytics-opus: age 29602860m (timeout 120m)
[2026-04-14 09:00:00]     ⚠️  STALE (exceeded timeout)
[2026-04-14 09:00:00]   Task fix-trade-builder-403: age 29602860m (timeout 120m)
[2026-04-14 09:00:00]     ⚠️  STALE (exceeded timeout)
[2026-04-14 09:00:00]   Task fix-all-trade-issues: age 29602860m (timeout 120m)
[2026-04-14 09:00:00]     ⚠️  STALE (exceeded timeout)
[2026-04-14 09:00:00] Archiving 9 stale + 0 completed tasks...
[2026-04-14 09:10:00] Checking 9 active tasks...
[2026-04-14 09:10:00]   Task dogfood-qa-week4: age 29602870m (timeout 120m)
[2026-04-14 09:10:00]     ⚠️  STALE (exceeded timeout)
[2026-04-14 09:10:00]   Task fix-dogfood-week4: age 29602870m (timeout 120m)
[2026-04-14 09:10:00]     ⚠️  STALE (exceeded timeout)
[2026-04-14 09:10:00]   Task test-opt-parallel-logger: age 29602870m (timeout 120m)
[2026-04-14 09:10:00]     ⚠️  STALE (exceeded timeout)
[2026-04-14 09:10:00]   Task test-opt-parallel-error: age 29602870m (timeout 120m)
[2026-04-14 09:10:00]     ⚠️  STALE (exceeded timeout)
[2026-04-14 09:10:01]   Task audit-all-work: age 29602870m (timeout 120m)
[2026-04-14 09:10:01]     ⚠️  STALE (exceeded timeout)
[2026-04-14 09:10:01]   Task workqueue-automation: age 29602870m (timeout 120m)
[2026-04-14 09:10:01]     ⚠️  STALE (exceeded timeout)
[2026-04-14 09:10:01]   Task test-opt-analytics-opus: age 29602870m (timeout 120m)
[2026-04-14 09:10:01]     ⚠️  STALE (exceeded timeout)
[2026-04-14 09:10:01]   Task fix-trade-builder-403: age 29602870m (timeout 120m)
[2026-04-14 09:10:01]     ⚠️  STALE (exceeded timeout)
[2026-04-14 09:10:01]   Task fix-all-trade-issues: age 29602870m (timeout 120m)
[2026-04-14 09:10:01]     ⚠️  STALE (exceeded timeout)
[2026-04-14 09:10:01] Archiving 9 stale + 0 completed tasks...
[2026-04-14 09:20:00] Checking 9 active tasks...
[2026-04-14 09:20:00]   Task dogfood-qa-week4: age 29602880m (timeout 120m)
[2026-04-14 09:20:00]     ⚠️  STALE (exceeded timeout)
[2026-04-14 09:20:00]   Task fix-dogfood-week4: age 29602880m (timeout 120m)
[2026-04-14 09:20:00]     ⚠️  STALE (exceeded timeout)
[2026-04-14 09:20:01]   Task test-opt-parallel-logger: age 29602880m (timeout 120m)
[2026-04-14 09:20:01]     ⚠️  STALE (exceeded timeout)
[2026-04-14 09:20:01]   Task test-opt-parallel-error: age 29602880m (timeout 120m)
[2026-04-14 09:20:01]     ⚠️  STALE (exceeded timeout)
[2026-04-14 09:20:01]   Task audit-all-work: age 29602880m (timeout 120m)
[2026-04-14 09:20:01]     ⚠️  STALE (exceeded timeout)
[2026-04-14 09:20:01]   Task workqueue-automation: age 29602880m (timeout 120m)
[2026-04-14 09:20:01]     ⚠️  STALE (exceeded timeout)
[2026-04-14 09:20:01]   Task test-opt-analytics-opus: age 29602880m (timeout 120m)
[2026-04-14 09:20:01]     ⚠️  STALE (exceeded timeout)
[2026-04-14 09:20:01]   Task fix-trade-builder-403: age 29602880m (timeout 120m)
[2026-04-14 09:20:01]     ⚠️  STALE (exceeded timeout)
[2026-04-14 09:20:01]   Task fix-all-trade-issues: age 29602880m (timeout 120m)
[2026-04-14 09:20:01]     ⚠️  STALE (exceeded timeout)
[2026-04-14 09:20:01] Archiving 9 stale + 0 completed tasks...
[2026-04-14 09:30:00] Checking 9 active tasks...
[2026-04-14 09:30:01]   Task dogfood-qa-week4: age 29602890m (timeout 120m)
[2026-04-14 09:30:01]     ⚠️  STALE (exceeded timeout)
[2026-04-14 09:30:01]   Task fix-dogfood-week4: age 29602890m (timeout 120m)
[2026-04-14 09:30:01]     ⚠️  STALE (exceeded timeout)
[2026-04-14 09:30:01]   Task test-opt-parallel-logger: age 29602890m (timeout 120m)
[2026-04-14 09:30:01]     ⚠️  STALE (exceeded timeout)
[2026-04-14 09:30:01]   Task test-opt-parallel-error: age 29602890m (timeout 120m)
[2026-04-14 09:30:01]     ⚠️  STALE (exceeded timeout)
[2026-04-14 09:30:01]   Task audit-all-work: age 29602890m (timeout 120m)
[2026-04-14 09:30:01]     ⚠️  STALE (exceeded timeout)
[2026-04-14 09:30:01]   Task workqueue-automation: age 29602890m (timeout 120m)
[2026-04-14 09:30:01]     ⚠️  STALE (exceeded timeout)
[2026-04-14 09:30:01]   Task test-opt-analytics-opus: age 29602890m (timeout 120m)
[2026-04-14 09:30:01]     ⚠️  STALE (exceeded timeout)
[2026-04-14 09:30:01]   Task fix-trade-builder-403: age 29602890m (timeout 120m)
[2026-04-14 09:30:01]     ⚠️  STALE (exceeded timeout)
[2026-04-14 09:30:01]   Task fix-all-trade-issues: age 29602890m (timeout 120m)
[2026-04-14 09:30:01]     ⚠️  STALE (exceeded timeout)
[2026-04-14 09:30:01] Archiving 9 stale + 0 completed tasks...
[2026-04-14 09:40:00] Checking 9 active tasks...
[2026-04-14 09:40:00]   Task dogfood-qa-week4: age 29602900m (timeout 120m)
[2026-04-14 09:40:00]     ⚠️  STALE (exceeded timeout)
[2026-04-14 09:40:00]   Task fix-dogfood-week4: age 29602900m (timeout 120m)
[2026-04-14 09:40:00]     ⚠️  STALE (exceeded timeout)
[2026-04-14 09:40:00]   Task test-opt-parallel-logger: age 29602900m (timeout 120m)
[2026-04-14 09:40:00]     ⚠️  STALE (exceeded timeout)
[2026-04-14 09:40:00]   Task test-opt-parallel-error: age 29602900m (timeout 120m)
[2026-04-14 09:40:00]     ⚠️  STALE (exceeded timeout)
[2026-04-14 09:40:00]   Task audit-all-work: age 29602900m (timeout 120m)
[2026-04-14 09:40:00]     ⚠️  STALE (exceeded timeout)
[2026-04-14 09:40:00]   Task workqueue-automation: age 29602900m (timeout 120m)
[2026-04-14 09:40:00]     ⚠️  STALE (exceeded timeout)
[2026-04-14 09:40:00]   Task test-opt-analytics-opus: age 29602900m (timeout 120m)
[2026-04-14 09:40:00]     ⚠️  STALE (exceeded timeout)
[2026-04-14 09:40:00]   Task fix-trade-builder-403: age 29602900m (timeout 120m)
[2026-04-14 09:40:00]     ⚠️  STALE (exceeded timeout)
[2026-04-14 09:40:00]   Task fix-all-trade-issues: age 29602900m (timeout 120m)
[2026-04-14 09:40:00]     ⚠️  STALE (exceeded timeout)
[2026-04-14 09:40:00] Archiving 9 stale + 0 completed tasks...
[2026-04-14 09:50:00] Checking 9 active tasks...
[2026-04-14 09:50:00]   Task dogfood-qa-week4: age 29602910m (timeout 120m)
[2026-04-14 09:50:00]     ⚠️  STALE (exceeded timeout)
[2026-04-14 09:50:00]   Task fix-dogfood-week4: age 29602910m (timeout 120m)
[2026-04-14 09:50:00]     ⚠️  STALE (exceeded timeout)
[2026-04-14 09:50:00]   Task test-opt-parallel-logger: age 29602910m (timeout 120m)
[2026-04-14 09:50:00]     ⚠️  STALE (exceeded timeout)
[2026-04-14 09:50:00]   Task test-opt-parallel-error: age 29602910m (timeout 120m)
[2026-04-14 09:50:00]     ⚠️  STALE (exceeded timeout)
[2026-04-14 09:50:00]   Task audit-all-work: age 29602910m (timeout 120m)
[2026-04-14 09:50:00]     ⚠️  STALE (exceeded timeout)
[2026-04-14 09:50:00]   Task workqueue-automation: age 29602910m (timeout 120m)
[2026-04-14 09:50:00]     ⚠️  STALE (exceeded timeout)
[2026-04-14 09:50:00]   Task test-opt-analytics-opus: age 29602910m (timeout 120m)
[2026-04-14 09:50:00]     ⚠️  STALE (exceeded timeout)
[2026-04-14 09:50:00]   Task fix-trade-builder-403: age 29602910m (timeout 120m)
[2026-04-14 09:50:00]     ⚠️  STALE (exceeded timeout)
[2026-04-14 09:50:00]   Task fix-all-trade-issues: age 29602910m (timeout 120m)
[2026-04-14 09:50:00]     ⚠️  STALE (exceeded timeout)
[2026-04-14 09:50:00] Archiving 9 stale + 0 completed tasks...
[2026-04-14 10:00:00] Checking 9 active tasks...
[2026-04-14 10:00:00]   Task dogfood-qa-week4: age 29602920m (timeout 120m)
[2026-04-14 10:00:00]     ⚠️  STALE (exceeded timeout)
[2026-04-14 10:00:00]   Task fix-dogfood-week4: age 29602920m (timeout 120m)
[2026-04-14 10:00:00]     ⚠️  STALE (exceeded timeout)
[2026-04-14 10:00:00]   Task test-opt-parallel-logger: age 29602920m (timeout 120m)
[2026-04-14 10:00:00]     ⚠️  STALE (exceeded timeout)
[2026-04-14 10:00:00]   Task test-opt-parallel-error: age 29602920m (timeout 120m)
[2026-04-14 10:00:00]     ⚠️  STALE (exceeded timeout)
[2026-04-14 10:00:00]   Task audit-all-work: age 29602920m (timeout 120m)
[2026-04-14 10:00:00]     ⚠️  STALE (exceeded timeout)
[2026-04-14 10:00:00]   Task workqueue-automation: age 29602920m (timeout 120m)
[2026-04-14 10:00:00]     ⚠️  STALE (exceeded timeout)
[2026-04-14 10:00:00]   Task test-opt-analytics-opus: age 29602920m (timeout 120m)
[2026-04-14 10:00:00]     ⚠️  STALE (exceeded timeout)
[2026-04-14 10:00:00]   Task fix-trade-builder-403: age 29602920m (timeout 120m)
[2026-04-14 10:00:00]     ⚠️  STALE (exceeded timeout)
[2026-04-14 10:00:00]   Task fix-all-trade-issues: age 29602920m (timeout 120m)
[2026-04-14 10:00:00]     ⚠️  STALE (exceeded timeout)
[2026-04-14 10:00:00] Archiving 9 stale + 0 completed tasks...
[2026-04-14 10:10:00] Checking 9 active tasks...
[2026-04-14 10:10:00]   Task dogfood-qa-week4: age 29602930m (timeout 120m)
[2026-04-14 10:10:00]     ⚠️  STALE (exceeded timeout)
[2026-04-14 10:10:00]   Task fix-dogfood-week4: age 29602930m (timeout 120m)
[2026-04-14 10:10:00]     ⚠️  STALE (exceeded timeout)
[2026-04-14 10:10:00]   Task test-opt-parallel-logger: age 29602930m (timeout 120m)
[2026-04-14 10:10:00]     ⚠️  STALE (exceeded timeout)
[2026-04-14 10:10:01]   Task test-opt-parallel-error: age 29602930m (timeout 120m)
[2026-04-14 10:10:01]     ⚠️  STALE (exceeded timeout)
[2026-04-14 10:10:01]   Task audit-all-work: age 29602930m (timeout 120m)
[2026-04-14 10:10:01]     ⚠️  STALE (exceeded timeout)
[2026-04-14 10:10:01]   Task workqueue-automation: age 29602930m (timeout 120m)
[2026-04-14 10:10:01]     ⚠️  STALE (exceeded timeout)
[2026-04-14 10:10:01]   Task test-opt-analytics-opus: age 29602930m (timeout 120m)
[2026-04-14 10:10:01]     ⚠️  STALE (exceeded timeout)
[2026-04-14 10:10:01]   Task fix-trade-builder-403: age 29602930m (timeout 120m)
[2026-04-14 10:10:01]     ⚠️  STALE (exceeded timeout)
[2026-04-14 10:10:01]   Task fix-all-trade-issues: age 29602930m (timeout 120m)
[2026-04-14 10:10:01]     ⚠️  STALE (exceeded timeout)
[2026-04-14 10:10:01] Archiving 9 stale + 0 completed tasks...
[2026-04-14 10:20:01] Checking 9 active tasks...
[2026-04-14 10:20:01]   Task dogfood-qa-week4: age 29602940m (timeout 120m)
[2026-04-14 10:20:01]     ⚠️  STALE (exceeded timeout)
[2026-04-14 10:20:01]   Task fix-dogfood-week4: age 29602940m (timeout 120m)
[2026-04-14 10:20:01]     ⚠️  STALE (exceeded timeout)
[2026-04-14 10:20:01]   Task test-opt-parallel-logger: age 29602940m (timeout 120m)
[2026-04-14 10:20:01]     ⚠️  STALE (exceeded timeout)
[2026-04-14 10:20:01]   Task test-opt-parallel-error: age 29602940m (timeout 120m)
[2026-04-14 10:20:01]     ⚠️  STALE (exceeded timeout)
[2026-04-14 10:20:01]   Task audit-all-work: age 29602940m (timeout 120m)
[2026-04-14 10:20:01]     ⚠️  STALE (exceeded timeout)
[2026-04-14 10:20:01]   Task workqueue-automation: age 29602940m (timeout 120m)
[2026-04-14 10:20:01]     ⚠️  STALE (exceeded timeout)
[2026-04-14 10:20:01]   Task test-opt-analytics-opus: age 29602940m (timeout 120m)
[2026-04-14 10:20:01]     ⚠️  STALE (exceeded timeout)
[2026-04-14 10:20:01]   Task fix-trade-builder-403: age 29602940m (timeout 120m)
[2026-04-14 10:20:01]     ⚠️  STALE (exceeded timeout)
[2026-04-14 10:20:01]   Task fix-all-trade-issues: age 29602940m (timeout 120m)
[2026-04-14 10:20:01]     ⚠️  STALE (exceeded timeout)
[2026-04-14 10:20:01] Archiving 9 stale + 0 completed tasks...
[2026-04-14 10:30:00] Checking 9 active tasks...
[2026-04-14 10:30:00]   Task dogfood-qa-week4: age 29602950m (timeout 120m)
[2026-04-14 10:30:00]     ⚠️  STALE (exceeded timeout)
[2026-04-14 10:30:00]   Task fix-dogfood-week4: age 29602950m (timeout 120m)
[2026-04-14 10:30:00]     ⚠️  STALE (exceeded timeout)
[2026-04-14 10:30:00]   Task test-opt-parallel-logger: age 29602950m (timeout 120m)
[2026-04-14 10:30:00]     ⚠️  STALE (exceeded timeout)
[2026-04-14 10:30:00]   Task test-opt-parallel-error: age 29602950m (timeout 120m)
[2026-04-14 10:30:00]     ⚠️  STALE (exceeded timeout)
[2026-04-14 10:30:00]   Task audit-all-work: age 29602950m (timeout 120m)
[2026-04-14 10:30:00]     ⚠️  STALE (exceeded timeout)
[2026-04-14 10:30:00]   Task workqueue-automation: age 29602950m (timeout 120m)
[2026-04-14 10:30:00]     ⚠️  STALE (exceeded timeout)
[2026-04-14 10:30:00]   Task test-opt-analytics-opus: age 29602950m (timeout 120m)
[2026-04-14 10:30:00]     ⚠️  STALE (exceeded timeout)
[2026-04-14 10:30:00]   Task fix-trade-builder-403: age 29602950m (timeout 120m)
[2026-04-14 10:30:00]     ⚠️  STALE (exceeded timeout)
[2026-04-14 10:30:00]   Task fix-all-trade-issues: age 29602950m (timeout 120m)
[2026-04-14 10:30:00]     ⚠️  STALE (exceeded timeout)
[2026-04-14 10:30:00] Archiving 9 stale + 0 completed tasks...
[2026-04-14 10:40:00] Checking 9 active tasks...
[2026-04-14 10:40:00]   Task dogfood-qa-week4: age 29602960m (timeout 120m)
[2026-04-14 10:40:00]     ⚠️  STALE (exceeded timeout)
[2026-04-14 10:40:00]   Task fix-dogfood-week4: age 29602960m (timeout 120m)
[2026-04-14 10:40:00]     ⚠️  STALE (exceeded timeout)
[2026-04-14 10:40:00]   Task test-opt-parallel-logger: age 29602960m (timeout 120m)
[2026-04-14 10:40:00]     ⚠️  STALE (exceeded timeout)
[2026-04-14 10:40:00]   Task test-opt-parallel-error: age 29602960m (timeout 120m)
[2026-04-14 10:40:00]     ⚠️  STALE (exceeded timeout)
[2026-04-14 10:40:00]   Task audit-all-work: age 29602960m (timeout 120m)
[2026-04-14 10:40:00]     ⚠️  STALE (exceeded timeout)
[2026-04-14 10:40:00]   Task workqueue-automation: age 29602960m (timeout 120m)
[2026-04-14 10:40:00]     ⚠️  STALE (exceeded timeout)
[2026-04-14 10:40:00]   Task test-opt-analytics-opus: age 29602960m (timeout 120m)
[2026-04-14 10:40:00]     ⚠️  STALE (exceeded timeout)
[2026-04-14 10:40:00]   Task fix-trade-builder-403: age 29602960m (timeout 120m)
[2026-04-14 10:40:00]     ⚠️  STALE (exceeded timeout)
[2026-04-14 10:40:00]   Task fix-all-trade-issues: age 29602960m (timeout 120m)
[2026-04-14 10:40:00]     ⚠️  STALE (exceeded timeout)
[2026-04-14 10:40:00] Archiving 9 stale + 0 completed tasks...
[2026-04-14 10:50:00] Checking 9 active tasks...
[2026-04-14 10:50:00]   Task dogfood-qa-week4: age 29602970m (timeout 120m)
[2026-04-14 10:50:00]     ⚠️  STALE (exceeded timeout)
[2026-04-14 10:50:00]   Task fix-dogfood-week4: age 29602970m (timeout 120m)
[2026-04-14 10:50:00]     ⚠️  STALE (exceeded timeout)
[2026-04-14 10:50:00]   Task test-opt-parallel-logger: age 29602970m (timeout 120m)
[2026-04-14 10:50:00]     ⚠️  STALE (exceeded timeout)
[2026-04-14 10:50:00]   Task test-opt-parallel-error: age 29602970m (timeout 120m)
[2026-04-14 10:50:00]     ⚠️  STALE (exceeded timeout)
[2026-04-14 10:50:00]   Task audit-all-work: age 29602970m (timeout 120m)
[2026-04-14 10:50:00]     ⚠️  STALE (exceeded timeout)
[2026-04-14 10:50:00]   Task workqueue-automation: age 29602970m (timeout 120m)
[2026-04-14 10:50:00]     ⚠️  STALE (exceeded timeout)
[2026-04-14 10:50:00]   Task test-opt-analytics-opus: age 29602970m (timeout 120m)
[2026-04-14 10:50:00]     ⚠️  STALE (exceeded timeout)
[2026-04-14 10:50:00]   Task fix-trade-builder-403: age 29602970m (timeout 120m)
[2026-04-14 10:50:00]     ⚠️  STALE (exceeded timeout)
[2026-04-14 10:50:00]   Task fix-all-trade-issues: age 29602970m (timeout 120m)
[2026-04-14 10:50:00]     ⚠️  STALE (exceeded timeout)
[2026-04-14 10:50:00] Archiving 9 stale + 0 completed tasks...
[2026-04-14 11:00:00] Checking 9 active tasks...
[2026-04-14 11:00:01]   Task dogfood-qa-week4: age 29602980m (timeout 120m)
[2026-04-14 11:00:01]     ⚠️  STALE (exceeded timeout)
[2026-04-14 11:00:01]   Task fix-dogfood-week4: age 29602980m (timeout 120m)
[2026-04-14 11:00:01]     ⚠️  STALE (exceeded timeout)
[2026-04-14 11:00:01]   Task test-opt-parallel-logger: age 29602980m (timeout 120m)
[2026-04-14 11:00:01]     ⚠️  STALE (exceeded timeout)
[2026-04-14 11:00:01]   Task test-opt-parallel-error: age 29602980m (timeout 120m)
[2026-04-14 11:00:01]     ⚠️  STALE (exceeded timeout)
[2026-04-14 11:00:01]   Task audit-all-work: age 29602980m (timeout 120m)
[2026-04-14 11:00:01]     ⚠️  STALE (exceeded timeout)
[2026-04-14 11:00:01]   Task workqueue-automation: age 29602980m (timeout 120m)
[2026-04-14 11:00:01]     ⚠️  STALE (exceeded timeout)
[2026-04-14 11:00:01]   Task test-opt-analytics-opus: age 29602980m (timeout 120m)
[2026-04-14 11:00:01]     ⚠️  STALE (exceeded timeout)
[2026-04-14 11:00:01]   Task fix-trade-builder-403: age 29602980m (timeout 120m)
[2026-04-14 11:00:01]     ⚠️  STALE (exceeded timeout)
[2026-04-14 11:00:01]   Task fix-all-trade-issues: age 29602980m (timeout 120m)
[2026-04-14 11:00:01]     ⚠️  STALE (exceeded timeout)
[2026-04-14 11:00:01] Archiving 9 stale + 0 completed tasks...
[2026-04-14 11:10:00] Checking 9 active tasks...
[2026-04-14 11:10:01]   Task dogfood-qa-week4: age 29602990m (timeout 120m)
[2026-04-14 11:10:01]     ⚠️  STALE (exceeded timeout)
[2026-04-14 11:10:01]   Task fix-dogfood-week4: age 29602990m (timeout 120m)
[2026-04-14 11:10:01]     ⚠️  STALE (exceeded timeout)
[2026-04-14 11:10:01]   Task test-opt-parallel-logger: age 29602990m (timeout 120m)
[2026-04-14 11:10:01]     ⚠️  STALE (exceeded timeout)
[2026-04-14 11:10:01]   Task test-opt-parallel-error: age 29602990m (timeout 120m)
[2026-04-14 11:10:01]     ⚠️  STALE (exceeded timeout)
[2026-04-14 11:10:01]   Task audit-all-work: age 29602990m (timeout 120m)
[2026-04-14 11:10:01]     ⚠️  STALE (exceeded timeout)
[2026-04-14 11:10:01]   Task workqueue-automation: age 29602990m (timeout 120m)
[2026-04-14 11:10:01]     ⚠️  STALE (exceeded timeout)
[2026-04-14 11:10:01]   Task test-opt-analytics-opus: age 29602990m (timeout 120m)
[2026-04-14 11:10:01]     ⚠️  STALE (exceeded timeout)
[2026-04-14 11:10:01]   Task fix-trade-builder-403: age 29602990m (timeout 120m)
[2026-04-14 11:10:01]     ⚠️  STALE (exceeded timeout)
[2026-04-14 11:10:01]   Task fix-all-trade-issues: age 29602990m (timeout 120m)
[2026-04-14 11:10:01]     ⚠️  STALE (exceeded timeout)
[2026-04-14 11:10:01] Archiving 9 stale + 0 completed tasks...
[2026-04-14 11:20:00] Checking 9 active tasks...
[2026-04-14 11:20:00]   Task dogfood-qa-week4: age 29603000m (timeout 120m)
[2026-04-14 11:20:00]     ⚠️  STALE (exceeded timeout)
[2026-04-14 11:20:00]   Task fix-dogfood-week4: age 29603000m (timeout 120m)
[2026-04-14 11:20:00]     ⚠️  STALE (exceeded timeout)
[2026-04-14 11:20:00]   Task test-opt-parallel-logger: age 29603000m (timeout 120m)
[2026-04-14 11:20:00]     ⚠️  STALE (exceeded timeout)
[2026-04-14 11:20:00]   Task test-opt-parallel-error: age 29603000m (timeout 120m)
[2026-04-14 11:20:00]     ⚠️  STALE (exceeded timeout)
[2026-04-14 11:20:01]   Task audit-all-work: age 29603000m (timeout 120m)
[2026-04-14 11:20:01]     ⚠️  STALE (exceeded timeout)
[2026-04-14 11:20:01]   Task workqueue-automation: age 29603000m (timeout 120m)
[2026-04-14 11:20:01]     ⚠️  STALE (exceeded timeout)
[2026-04-14 11:20:01]   Task test-opt-analytics-opus: age 29603000m (timeout 120m)
[2026-04-14 11:20:01]     ⚠️  STALE (exceeded timeout)
[2026-04-14 11:20:01]   Task fix-trade-builder-403: age 29603000m (timeout 120m)
[2026-04-14 11:20:01]     ⚠️  STALE (exceeded timeout)
[2026-04-14 11:20:01]   Task fix-all-trade-issues: age 29603000m (timeout 120m)
[2026-04-14 11:20:01]     ⚠️  STALE (exceeded timeout)
[2026-04-14 11:20:01] Archiving 9 stale + 0 completed tasks...
[2026-04-14 11:30:01] Checking 9 active tasks...
[2026-04-14 11:30:01]   Task dogfood-qa-week4: age 29603010m (timeout 120m)
[2026-04-14 11:30:01]     ⚠️  STALE (exceeded timeout)
[2026-04-14 11:30:01]   Task fix-dogfood-week4: age 29603010m (timeout 120m)
[2026-04-14 11:30:01]     ⚠️  STALE (exceeded timeout)
[2026-04-14 11:30:01]   Task test-opt-parallel-logger: age 29603010m (timeout 120m)
[2026-04-14 11:30:01]     ⚠️  STALE (exceeded timeout)
[2026-04-14 11:30:01]   Task test-opt-parallel-error: age 29603010m (timeout 120m)
[2026-04-14 11:30:01]     ⚠️  STALE (exceeded timeout)
[2026-04-14 11:30:01]   Task audit-all-work: age 29603010m (timeout 120m)
[2026-04-14 11:30:01]     ⚠️  STALE (exceeded timeout)
[2026-04-14 11:30:01]   Task workqueue-automation: age 29603010m (timeout 120m)
[2026-04-14 11:30:01]     ⚠️  STALE (exceeded timeout)
[2026-04-14 11:30:01]   Task test-opt-analytics-opus: age 29603010m (timeout 120m)
[2026-04-14 11:30:01]     ⚠️  STALE (exceeded timeout)
[2026-04-14 11:30:01]   Task fix-trade-builder-403: age 29603010m (timeout 120m)
[2026-04-14 11:30:01]     ⚠️  STALE (exceeded timeout)
[2026-04-14 11:30:01]   Task fix-all-trade-issues: age 29603010m (timeout 120m)
[2026-04-14 11:30:01]     ⚠️  STALE (exceeded timeout)
[2026-04-14 11:30:01] Archiving 9 stale + 0 completed tasks...
[2026-04-14 11:40:00] Checking 9 active tasks...
[2026-04-14 11:40:00]   Task dogfood-qa-week4: age 29603020m (timeout 120m)
[2026-04-14 11:40:00]     ⚠️  STALE (exceeded timeout)
[2026-04-14 11:40:01]   Task fix-dogfood-week4: age 29603020m (timeout 120m)
[2026-04-14 11:40:01]     ⚠️  STALE (exceeded timeout)
[2026-04-14 11:40:01]   Task test-opt-parallel-logger: age 29603020m (timeout 120m)
[2026-04-14 11:40:01]     ⚠️  STALE (exceeded timeout)
[2026-04-14 11:40:01]   Task test-opt-parallel-error: age 29603020m (timeout 120m)
[2026-04-14 11:40:01]     ⚠️  STALE (exceeded timeout)
[2026-04-14 11:40:01]   Task audit-all-work: age 29603020m (timeout 120m)
[2026-04-14 11:40:01]     ⚠️  STALE (exceeded timeout)
[2026-04-14 11:40:01]   Task workqueue-automation: age 29603020m (timeout 120m)
[2026-04-14 11:40:01]     ⚠️  STALE (exceeded timeout)
[2026-04-14 11:40:01]   Task test-opt-analytics-opus: age 29603020m (timeout 120m)
[2026-04-14 11:40:01]     ⚠️  STALE (exceeded timeout)
[2026-04-14 11:40:01]   Task fix-trade-builder-403: age 29603020m (timeout 120m)
[2026-04-14 11:40:01]     ⚠️  STALE (exceeded timeout)
[2026-04-14 11:40:01]   Task fix-all-trade-issues: age 29603020m (timeout 120m)
[2026-04-14 11:40:01]     ⚠️  STALE (exceeded timeout)
[2026-04-14 11:40:01] Archiving 9 stale + 0 completed tasks...
[2026-04-14 11:50:00] Checking 9 active tasks...
[2026-04-14 11:50:00]   Task dogfood-qa-week4: age 29603030m (timeout 120m)
[2026-04-14 11:50:00]     ⚠️  STALE (exceeded timeout)
[2026-04-14 11:50:00]   Task fix-dogfood-week4: age 29603030m (timeout 120m)
[2026-04-14 11:50:00]     ⚠️  STALE (exceeded timeout)
[2026-04-14 11:50:00]   Task test-opt-parallel-logger: age 29603030m (timeout 120m)
[2026-04-14 11:50:00]     ⚠️  STALE (exceeded timeout)
[2026-04-14 11:50:00]   Task test-opt-parallel-error: age 29603030m (timeout 120m)
[2026-04-14 11:50:00]     ⚠️  STALE (exceeded timeout)
[2026-04-14 11:50:01]   Task audit-all-work: age 29603030m (timeout 120m)
[2026-04-14 11:50:01]     ⚠️  STALE (exceeded timeout)
[2026-04-14 11:50:01]   Task workqueue-automation: age 29603030m (timeout 120m)
[2026-04-14 11:50:01]     ⚠️  STALE (exceeded timeout)
[2026-04-14 11:50:01]   Task test-opt-analytics-opus: age 29603030m (timeout 120m)
[2026-04-14 11:50:01]     ⚠️  STALE (exceeded timeout)
[2026-04-14 11:50:01]   Task fix-trade-builder-403: age 29603030m (timeout 120m)
[2026-04-14 11:50:01]     ⚠️  STALE (exceeded timeout)
[2026-04-14 11:50:01]   Task fix-all-trade-issues: age 29603030m (timeout 120m)
[2026-04-14 11:50:01]     ⚠️  STALE (exceeded timeout)
[2026-04-14 11:50:01] Archiving 9 stale + 0 completed tasks...
[2026-04-14 12:00:01] Checking 9 active tasks...
[2026-04-14 12:00:01]   Task dogfood-qa-week4: age 29603040m (timeout 120m)
[2026-04-14 12:00:01]     ⚠️  STALE (exceeded timeout)
[2026-04-14 12:00:01]   Task fix-dogfood-week4: age 29603040m (timeout 120m)
[2026-04-14 12:00:01]     ⚠️  STALE (exceeded timeout)
[2026-04-14 12:00:01]   Task test-opt-parallel-logger: age 29603040m (timeout 120m)
[2026-04-14 12:00:01]     ⚠️  STALE (exceeded timeout)
[2026-04-14 12:00:01]   Task test-opt-parallel-error: age 29603040m (timeout 120m)
[2026-04-14 12:00:01]     ⚠️  STALE (exceeded timeout)
[2026-04-14 12:00:01]   Task audit-all-work: age 29603040m (timeout 120m)
[2026-04-14 12:00:01]     ⚠️  STALE (exceeded timeout)
[2026-04-14 12:00:01]   Task workqueue-automation: age 29603040m (timeout 120m)
[2026-04-14 12:00:01]     ⚠️  STALE (exceeded timeout)
[2026-04-14 12:00:01]   Task test-opt-analytics-opus: age 29603040m (timeout 120m)
[2026-04-14 12:00:01]     ⚠️  STALE (exceeded timeout)
[2026-04-14 12:00:01]   Task fix-trade-builder-403: age 29603040m (timeout 120m)
[2026-04-14 12:00:01]     ⚠️  STALE (exceeded timeout)
[2026-04-14 12:00:01]   Task fix-all-trade-issues: age 29603040m (timeout 120m)
[2026-04-14 12:00:01]     ⚠️  STALE (exceeded timeout)
[2026-04-14 12:00:01] Archiving 9 stale + 0 completed tasks...
[2026-04-14 12:10:00] Checking 9 active tasks...
[2026-04-14 12:10:00]   Task dogfood-qa-week4: age 29603050m (timeout 120m)
[2026-04-14 12:10:00]     ⚠️  STALE (exceeded timeout)
[2026-04-14 12:10:00]   Task fix-dogfood-week4: age 29603050m (timeout 120m)
[2026-04-14 12:10:00]     ⚠️  STALE (exceeded timeout)
[2026-04-14 12:10:00]   Task test-opt-parallel-logger: age 29603050m (timeout 120m)
[2026-04-14 12:10:00]     ⚠️  STALE (exceeded timeout)
[2026-04-14 12:10:00]   Task test-opt-parallel-error: age 29603050m (timeout 120m)
[2026-04-14 12:10:00]     ⚠️  STALE (exceeded timeout)
[2026-04-14 12:10:00]   Task audit-all-work: age 29603050m (timeout 120m)
[2026-04-14 12:10:00]     ⚠️  STALE (exceeded timeout)
[2026-04-14 12:10:00]   Task workqueue-automation: age 29603050m (timeout 120m)
[2026-04-14 12:10:00]     ⚠️  STALE (exceeded timeout)
[2026-04-14 12:10:00]   Task test-opt-analytics-opus: age 29603050m (timeout 120m)
[2026-04-14 12:10:00]     ⚠️  STALE (exceeded timeout)
[2026-04-14 12:10:00]   Task fix-trade-builder-403: age 29603050m (timeout 120m)
[2026-04-14 12:10:00]     ⚠️  STALE (exceeded timeout)
[2026-04-14 12:10:00]   Task fix-all-trade-issues: age 29603050m (timeout 120m)
[2026-04-14 12:10:00]     ⚠️  STALE (exceeded timeout)
[2026-04-14 12:10:00] Archiving 9 stale + 0 completed tasks...
[2026-04-14 12:20:00] Checking 9 active tasks...
[2026-04-14 12:20:01]   Task dogfood-qa-week4: age 29603060m (timeout 120m)
[2026-04-14 12:20:01]     ⚠️  STALE (exceeded timeout)
[2026-04-14 12:20:01]   Task fix-dogfood-week4: age 29603060m (timeout 120m)
[2026-04-14 12:20:01]     ⚠️  STALE (exceeded timeout)
[2026-04-14 12:20:01]   Task test-opt-parallel-logger: age 29603060m (timeout 120m)
[2026-04-14 12:20:01]     ⚠️  STALE (exceeded timeout)
[2026-04-14 12:20:01]   Task test-opt-parallel-error: age 29603060m (timeout 120m)
[2026-04-14 12:20:01]     ⚠️  STALE (exceeded timeout)
[2026-04-14 12:20:01]   Task audit-all-work: age 29603060m (timeout 120m)
[2026-04-14 12:20:01]     ⚠️  STALE (exceeded timeout)
[2026-04-14 12:20:01]   Task workqueue-automation: age 29603060m (timeout 120m)
[2026-04-14 12:20:01]     ⚠️  STALE (exceeded timeout)
[2026-04-14 12:20:01]   Task test-opt-analytics-opus: age 29603060m (timeout 120m)
[2026-04-14 12:20:01]     ⚠️  STALE (exceeded timeout)
[2026-04-14 12:20:01]   Task fix-trade-builder-403: age 29603060m (timeout 120m)
[2026-04-14 12:20:01]     ⚠️  STALE (exceeded timeout)
[2026-04-14 12:20:01]   Task fix-all-trade-issues: age 29603060m (timeout 120m)
[2026-04-14 12:20:01]     ⚠️  STALE (exceeded timeout)
[2026-04-14 12:20:01] Archiving 9 stale + 0 completed tasks...
[2026-04-14 12:30:01] Checking 9 active tasks...
[2026-04-14 12:30:01]   Task dogfood-qa-week4: age 29603070m (timeout 120m)
[2026-04-14 12:30:01]     ⚠️  STALE (exceeded timeout)
[2026-04-14 12:30:01]   Task fix-dogfood-week4: age 29603070m (timeout 120m)
[2026-04-14 12:30:01]     ⚠️  STALE (exceeded timeout)
[2026-04-14 12:30:01]   Task test-opt-parallel-logger: age 29603070m (timeout 120m)
[2026-04-14 12:30:01]     ⚠️  STALE (exceeded timeout)
[2026-04-14 12:30:01]   Task test-opt-parallel-error: age 29603070m (timeout 120m)
[2026-04-14 12:30:01]     ⚠️  STALE (exceeded timeout)
[2026-04-14 12:30:01]   Task audit-all-work: age 29603070m (timeout 120m)
[2026-04-14 12:30:01]     ⚠️  STALE (exceeded timeout)
[2026-04-14 12:30:01]   Task workqueue-automation: age 29603070m (timeout 120m)
[2026-04-14 12:30:01]     ⚠️  STALE (exceeded timeout)
[2026-04-14 12:30:01]   Task test-opt-analytics-opus: age 29603070m (timeout 120m)
[2026-04-14 12:30:01]     ⚠️  STALE (exceeded timeout)
[2026-04-14 12:30:01]   Task fix-trade-builder-403: age 29603070m (timeout 120m)
[2026-04-14 12:30:01]     ⚠️  STALE (exceeded timeout)
[2026-04-14 12:30:01]   Task fix-all-trade-issues: age 29603070m (timeout 120m)
[2026-04-14 12:30:01]     ⚠️  STALE (exceeded timeout)
[2026-04-14 12:30:01] Archiving 9 stale + 0 completed tasks...
[2026-04-14 12:40:00] Checking 9 active tasks...
[2026-04-14 12:40:00]   Task dogfood-qa-week4: age 29603080m (timeout 120m)
[2026-04-14 12:40:00]     ⚠️  STALE (exceeded timeout)
[2026-04-14 12:40:00]   Task fix-dogfood-week4: age 29603080m (timeout 120m)
[2026-04-14 12:40:00]     ⚠️  STALE (exceeded timeout)
[2026-04-14 12:40:00]   Task test-opt-parallel-logger: age 29603080m (timeout 120m)
[2026-04-14 12:40:00]     ⚠️  STALE (exceeded timeout)
[2026-04-14 12:40:00]   Task test-opt-parallel-error: age 29603080m (timeout 120m)
[2026-04-14 12:40:00]     ⚠️  STALE (exceeded timeout)
[2026-04-14 12:40:00]   Task audit-all-work: age 29603080m (timeout 120m)
[2026-04-14 12:40:00]     ⚠️  STALE (exceeded timeout)
[2026-04-14 12:40:00]   Task workqueue-automation: age 29603080m (timeout 120m)
[2026-04-14 12:40:00]     ⚠️  STALE (exceeded timeout)
[2026-04-14 12:40:00]   Task test-opt-analytics-opus: age 29603080m (timeout 120m)
[2026-04-14 12:40:01]     ⚠️  STALE (exceeded timeout)
[2026-04-14 12:40:01]   Task fix-trade-builder-403: age 29603080m (timeout 120m)
[2026-04-14 12:40:01]     ⚠️  STALE (exceeded timeout)
[2026-04-14 12:40:01]   Task fix-all-trade-issues: age 29603080m (timeout 120m)
[2026-04-14 12:40:01]     ⚠️  STALE (exceeded timeout)
[2026-04-14 12:40:01] Archiving 9 stale + 0 completed tasks...
[2026-04-14 12:50:00] Checking 9 active tasks...
[2026-04-14 12:50:00]   Task dogfood-qa-week4: age 29603090m (timeout 120m)
[2026-04-14 12:50:00]     ⚠️  STALE (exceeded timeout)
[2026-04-14 12:50:00]   Task fix-dogfood-week4: age 29603090m (timeout 120m)
[2026-04-14 12:50:00]     ⚠️  STALE (exceeded timeout)
[2026-04-14 12:50:00]   Task test-opt-parallel-logger: age 29603090m (timeout 120m)
[2026-04-14 12:50:00]     ⚠️  STALE (exceeded timeout)
[2026-04-14 12:50:00]   Task test-opt-parallel-error: age 29603090m (timeout 120m)
[2026-04-14 12:50:00]     ⚠️  STALE (exceeded timeout)
[2026-04-14 12:50:00]   Task audit-all-work: age 29603090m (timeout 120m)
[2026-04-14 12:50:00]     ⚠️  STALE (exceeded timeout)
[2026-04-14 12:50:00]   Task workqueue-automation: age 29603090m (timeout 120m)
[2026-04-14 12:50:00]     ⚠️  STALE (exceeded timeout)
[2026-04-14 12:50:00]   Task test-opt-analytics-opus: age 29603090m (timeout 120m)
[2026-04-14 12:50:00]     ⚠️  STALE (exceeded timeout)
[2026-04-14 12:50:00]   Task fix-trade-builder-403: age 29603090m (timeout 120m)
[2026-04-14 12:50:00]     ⚠️  STALE (exceeded timeout)
[2026-04-14 12:50:00]   Task fix-all-trade-issues: age 29603090m (timeout 120m)
[2026-04-14 12:50:00]     ⚠️  STALE (exceeded timeout)
[2026-04-14 12:50:00] Archiving 9 stale + 0 completed tasks...
[2026-04-14 13:00:00] Checking 9 active tasks...
[2026-04-14 13:00:00]   Task dogfood-qa-week4: age 29603100m (timeout 120m)
[2026-04-14 13:00:00]     ⚠️  STALE (exceeded timeout)
[2026-04-14 13:00:00]   Task fix-dogfood-week4: age 29603100m (timeout 120m)
[2026-04-14 13:00:00]     ⚠️  STALE (exceeded timeout)
[2026-04-14 13:00:00]   Task test-opt-parallel-logger: age 29603100m (timeout 120m)
[2026-04-14 13:00:00]     ⚠️  STALE (exceeded timeout)
[2026-04-14 13:00:00]   Task test-opt-parallel-error: age 29603100m (timeout 120m)
[2026-04-14 13:00:00]     ⚠️  STALE (exceeded timeout)
[2026-04-14 13:00:00]   Task audit-all-work: age 29603100m (timeout 120m)
[2026-04-14 13:00:00]     ⚠️  STALE (exceeded timeout)
[2026-04-14 13:00:00]   Task workqueue-automation: age 29603100m (timeout 120m)
[2026-04-14 13:00:00]     ⚠️  STALE (exceeded timeout)
[2026-04-14 13:00:00]   Task test-opt-analytics-opus: age 29603100m (timeout 120m)
[2026-04-14 13:00:00]     ⚠️  STALE (exceeded timeout)
[2026-04-14 13:00:00]   Task fix-trade-builder-403: age 29603100m (timeout 120m)
[2026-04-14 13:00:00]     ⚠️  STALE (exceeded timeout)
[2026-04-14 13:00:00]   Task fix-all-trade-issues: age 29603100m (timeout 120m)
[2026-04-14 13:00:00]     ⚠️  STALE (exceeded timeout)
[2026-04-14 13:00:00] Archiving 9 stale + 0 completed tasks...
[2026-04-14 13:10:00] Checking 9 active tasks...
[2026-04-14 13:10:00]   Task dogfood-qa-week4: age 29603110m (timeout 120m)
[2026-04-14 13:10:00]     ⚠️  STALE (exceeded timeout)
[2026-04-14 13:10:00]   Task fix-dogfood-week4: age 29603110m (timeout 120m)
[2026-04-14 13:10:00]     ⚠️  STALE (exceeded timeout)
[2026-04-14 13:10:00]   Task test-opt-parallel-logger: age 29603110m (timeout 120m)
[2026-04-14 13:10:00]     ⚠️  STALE (exceeded timeout)
[2026-04-14 13:10:00]   Task test-opt-parallel-error: age 29603110m (timeout 120m)
[2026-04-14 13:10:00]     ⚠️  STALE (exceeded timeout)
[2026-04-14 13:10:00]   Task audit-all-work: age 29603110m (timeout 120m)
[2026-04-14 13:10:00]     ⚠️  STALE (exceeded timeout)
[2026-04-14 13:10:00]   Task workqueue-automation: age 29603110m (timeout 120m)
[2026-04-14 13:10:00]     ⚠️  STALE (exceeded timeout)
[2026-04-14 13:10:00]   Task test-opt-analytics-opus: age 29603110m (timeout 120m)
[2026-04-14 13:10:00]     ⚠️  STALE (exceeded timeout)
[2026-04-14 13:10:00]   Task fix-trade-builder-403: age 29603110m (timeout 120m)
[2026-04-14 13:10:00]     ⚠️  STALE (exceeded timeout)
[2026-04-14 13:10:01]   Task fix-all-trade-issues: age 29603110m (timeout 120m)
[2026-04-14 13:10:01]     ⚠️  STALE (exceeded timeout)
[2026-04-14 13:10:01] Archiving 9 stale + 0 completed tasks...
[2026-04-14 13:20:00] Checking 9 active tasks...
[2026-04-14 13:20:00]   Task dogfood-qa-week4: age 29603120m (timeout 120m)
[2026-04-14 13:20:00]     ⚠️  STALE (exceeded timeout)
[2026-04-14 13:20:00]   Task fix-dogfood-week4: age 29603120m (timeout 120m)
[2026-04-14 13:20:00]     ⚠️  STALE (exceeded timeout)
[2026-04-14 13:20:00]   Task test-opt-parallel-logger: age 29603120m (timeout 120m)
[2026-04-14 13:20:00]     ⚠️  STALE (exceeded timeout)
[2026-04-14 13:20:00]   Task test-opt-parallel-error: age 29603120m (timeout 120m)
[2026-04-14 13:20:00]     ⚠️  STALE (exceeded timeout)
[2026-04-14 13:20:00]   Task audit-all-work: age 29603120m (timeout 120m)
[2026-04-14 13:20:00]     ⚠️  STALE (exceeded timeout)
[2026-04-14 13:20:00]   Task workqueue-automation: age 29603120m (timeout 120m)
[2026-04-14 13:20:00]     ⚠️  STALE (exceeded timeout)
[2026-04-14 13:20:00]   Task test-opt-analytics-opus: age 29603120m (timeout 120m)
[2026-04-14 13:20:00]     ⚠️  STALE (exceeded timeout)
[2026-04-14 13:20:00]   Task fix-trade-builder-403: age 29603120m (timeout 120m)
[2026-04-14 13:20:00]     ⚠️  STALE (exceeded timeout)
[2026-04-14 13:20:00]   Task fix-all-trade-issues: age 29603120m (timeout 120m)
[2026-04-14 13:20:00]     ⚠️  STALE (exceeded timeout)
[2026-04-14 13:20:00] Archiving 9 stale + 0 completed tasks...
[2026-04-14 13:30:01] Checking 9 active tasks...
[2026-04-14 13:30:01]   Task dogfood-qa-week4: age 29603130m (timeout 120m)
[2026-04-14 13:30:01]     ⚠️  STALE (exceeded timeout)
[2026-04-14 13:30:01]   Task fix-dogfood-week4: age 29603130m (timeout 120m)
[2026-04-14 13:30:01]     ⚠️  STALE (exceeded timeout)
[2026-04-14 13:30:01]   Task test-opt-parallel-logger: age 29603130m (timeout 120m)
[2026-04-14 13:30:01]     ⚠️  STALE (exceeded timeout)
[2026-04-14 13:30:01]   Task test-opt-parallel-error: age 29603130m (timeout 120m)
[2026-04-14 13:30:01]     ⚠️  STALE (exceeded timeout)
[2026-04-14 13:30:01]   Task audit-all-work: age 29603130m (timeout 120m)
[2026-04-14 13:30:01]     ⚠️  STALE (exceeded timeout)
[2026-04-14 13:30:01]   Task workqueue-automation: age 29603130m (timeout 120m)
[2026-04-14 13:30:01]     ⚠️  STALE (exceeded timeout)
[2026-04-14 13:30:01]   Task test-opt-analytics-opus: age 29603130m (timeout 120m)
[2026-04-14 13:30:01]     ⚠️  STALE (exceeded timeout)
[2026-04-14 13:30:01]   Task fix-trade-builder-403: age 29603130m (timeout 120m)
[2026-04-14 13:30:01]     ⚠️  STALE (exceeded timeout)
[2026-04-14 13:30:01]   Task fix-all-trade-issues: age 29603130m (timeout 120m)
[2026-04-14 13:30:01]     ⚠️  STALE (exceeded timeout)
[2026-04-14 13:30:01] Archiving 9 stale + 0 completed tasks...
[2026-04-14 13:40:00] Checking 9 active tasks...
[2026-04-14 13:40:01]   Task dogfood-qa-week4: age 29603140m (timeout 120m)
[2026-04-14 13:40:01]     ⚠️  STALE (exceeded timeout)
[2026-04-14 13:40:01]   Task fix-dogfood-week4: age 29603140m (timeout 120m)
[2026-04-14 13:40:01]     ⚠️  STALE (exceeded timeout)
[2026-04-14 13:40:01]   Task test-opt-parallel-logger: age 29603140m (timeout 120m)
[2026-04-14 13:40:01]     ⚠️  STALE (exceeded timeout)
[2026-04-14 13:40:01]   Task test-opt-parallel-error: age 29603140m (timeout 120m)
[2026-04-14 13:40:01]     ⚠️  STALE (exceeded timeout)
[2026-04-14 13:40:01]   Task audit-all-work: age 29603140m (timeout 120m)
[2026-04-14 13:40:01]     ⚠️  STALE (exceeded timeout)
[2026-04-14 13:40:01]   Task workqueue-automation: age 29603140m (timeout 120m)
[2026-04-14 13:40:01]     ⚠️  STALE (exceeded timeout)
[2026-04-14 13:40:01]   Task test-opt-analytics-opus: age 29603140m (timeout 120m)
[2026-04-14 13:40:01]     ⚠️  STALE (exceeded timeout)
[2026-04-14 13:40:01]   Task fix-trade-builder-403: age 29603140m (timeout 120m)
[2026-04-14 13:40:01]     ⚠️  STALE (exceeded timeout)
[2026-04-14 13:40:01]   Task fix-all-trade-issues: age 29603140m (timeout 120m)
[2026-04-14 13:40:01]     ⚠️  STALE (exceeded timeout)
[2026-04-14 13:40:01] Archiving 9 stale + 0 completed tasks...
[2026-04-14 13:50:00] Checking 9 active tasks...
[2026-04-14 13:50:00]   Task dogfood-qa-week4: age 29603150m (timeout 120m)
[2026-04-14 13:50:00]     ⚠️  STALE (exceeded timeout)
[2026-04-14 13:50:00]   Task fix-dogfood-week4: age 29603150m (timeout 120m)
[2026-04-14 13:50:00]     ⚠️  STALE (exceeded timeout)
[2026-04-14 13:50:00]   Task test-opt-parallel-logger: age 29603150m (timeout 120m)
[2026-04-14 13:50:00]     ⚠️  STALE (exceeded timeout)
[2026-04-14 13:50:00]   Task test-opt-parallel-error: age 29603150m (timeout 120m)
[2026-04-14 13:50:00]     ⚠️  STALE (exceeded timeout)
[2026-04-14 13:50:00]   Task audit-all-work: age 29603150m (timeout 120m)
[2026-04-14 13:50:00]     ⚠️  STALE (exceeded timeout)
[2026-04-14 13:50:00]   Task workqueue-automation: age 29603150m (timeout 120m)
[2026-04-14 13:50:00]     ⚠️  STALE (exceeded timeout)
[2026-04-14 13:50:00]   Task test-opt-analytics-opus: age 29603150m (timeout 120m)
[2026-04-14 13:50:00]     ⚠️  STALE (exceeded timeout)
[2026-04-14 13:50:00]   Task fix-trade-builder-403: age 29603150m (timeout 120m)
[2026-04-14 13:50:00]     ⚠️  STALE (exceeded timeout)
[2026-04-14 13:50:00]   Task fix-all-trade-issues: age 29603150m (timeout 120m)
[2026-04-14 13:50:00]     ⚠️  STALE (exceeded timeout)
[2026-04-14 13:50:00] Archiving 9 stale + 0 completed tasks...
[2026-04-14 14:00:00] Checking 9 active tasks...
[2026-04-14 14:00:00]   Task dogfood-qa-week4: age 29603160m (timeout 120m)
[2026-04-14 14:00:00]     ⚠️  STALE (exceeded timeout)
[2026-04-14 14:00:00]   Task fix-dogfood-week4: age 29603160m (timeout 120m)
[2026-04-14 14:00:00]     ⚠️  STALE (exceeded timeout)
[2026-04-14 14:00:00]   Task test-opt-parallel-logger: age 29603160m (timeout 120m)
[2026-04-14 14:00:00]     ⚠️  STALE (exceeded timeout)
[2026-04-14 14:00:00]   Task test-opt-parallel-error: age 29603160m (timeout 120m)
[2026-04-14 14:00:00]     ⚠️  STALE (exceeded timeout)
[2026-04-14 14:00:00]   Task audit-all-work: age 29603160m (timeout 120m)
[2026-04-14 14:00:00]     ⚠️  STALE (exceeded timeout)
[2026-04-14 14:00:00]   Task workqueue-automation: age 29603160m (timeout 120m)
[2026-04-14 14:00:00]     ⚠️  STALE (exceeded timeout)
[2026-04-14 14:00:00]   Task test-opt-analytics-opus: age 29603160m (timeout 120m)
[2026-04-14 14:00:00]     ⚠️  STALE (exceeded timeout)
[2026-04-14 14:00:00]   Task fix-trade-builder-403: age 29603160m (timeout 120m)
[2026-04-14 14:00:00]     ⚠️  STALE (exceeded timeout)
[2026-04-14 14:00:00]   Task fix-all-trade-issues: age 29603160m (timeout 120m)
[2026-04-14 14:00:00]     ⚠️  STALE (exceeded timeout)
[2026-04-14 14:00:00] Archiving 9 stale + 0 completed tasks...
[2026-04-14 14:10:01] Checking 9 active tasks...
[2026-04-14 14:10:01]   Task dogfood-qa-week4: age 29603170m (timeout 120m)
[2026-04-14 14:10:01]     ⚠️  STALE (exceeded timeout)
[2026-04-14 14:10:01]   Task fix-dogfood-week4: age 29603170m (timeout 120m)
[2026-04-14 14:10:01]     ⚠️  STALE (exceeded timeout)
[2026-04-14 14:10:01]   Task test-opt-parallel-logger: age 29603170m (timeout 120m)
[2026-04-14 14:10:01]     ⚠️  STALE (exceeded timeout)
[2026-04-14 14:10:01]   Task test-opt-parallel-error: age 29603170m (timeout 120m)
[2026-04-14 14:10:01]     ⚠️  STALE (exceeded timeout)
[2026-04-14 14:10:01]   Task audit-all-work: age 29603170m (timeout 120m)
[2026-04-14 14:10:01]     ⚠️  STALE (exceeded timeout)
[2026-04-14 14:10:01]   Task workqueue-automation: age 29603170m (timeout 120m)
[2026-04-14 14:10:01]     ⚠️  STALE (exceeded timeout)
[2026-04-14 14:10:01]   Task test-opt-analytics-opus: age 29603170m (timeout 120m)
[2026-04-14 14:10:01]     ⚠️  STALE (exceeded timeout)
[2026-04-14 14:10:01]   Task fix-trade-builder-403: age 29603170m (timeout 120m)
[2026-04-14 14:10:01]     ⚠️  STALE (exceeded timeout)
[2026-04-14 14:10:01]   Task fix-all-trade-issues: age 29603170m (timeout 120m)
[2026-04-14 14:10:01]     ⚠️  STALE (exceeded timeout)
[2026-04-14 14:10:01] Archiving 9 stale + 0 completed tasks...
