[2026-04-02 00:00:00] Checking 9 active tasks...
[2026-04-02 00:00:01]   Task dogfood-qa-week4: age 29585040m (timeout 120m)
[2026-04-02 00:00:01]     ⚠️  STALE (exceeded timeout)
[2026-04-02 00:00:01]   Task fix-dogfood-week4: age 29585040m (timeout 120m)
[2026-04-02 00:00:01]     ⚠️  STALE (exceeded timeout)
[2026-04-02 00:00:01]   Task test-opt-parallel-logger: age 29585040m (timeout 120m)
[2026-04-02 00:00:01]     ⚠️  STALE (exceeded timeout)
[2026-04-02 00:00:01]   Task test-opt-parallel-error: age 29585040m (timeout 120m)
[2026-04-02 00:00:01]     ⚠️  STALE (exceeded timeout)
[2026-04-02 00:00:01]   Task audit-all-work: age 29585040m (timeout 120m)
[2026-04-02 00:00:01]     ⚠️  STALE (exceeded timeout)
[2026-04-02 00:00:01]   Task workqueue-automation: age 29585040m (timeout 120m)
[2026-04-02 00:00:01]     ⚠️  STALE (exceeded timeout)
[2026-04-02 00:00:01]   Task test-opt-analytics-opus: age 29585040m (timeout 120m)
[2026-04-02 00:00:01]     ⚠️  STALE (exceeded timeout)
[2026-04-02 00:00:01]   Task fix-trade-builder-403: age 29585040m (timeout 120m)
[2026-04-02 00:00:01]     ⚠️  STALE (exceeded timeout)
[2026-04-02 00:00:01]   Task fix-all-trade-issues: age 29585040m (timeout 120m)
[2026-04-02 00:00:01]     ⚠️  STALE (exceeded timeout)
[2026-04-02 00:00:01] Archiving 9 stale + 0 completed tasks...
[2026-04-02 00:10:00] Checking 9 active tasks...
[2026-04-02 00:10:00]   Task dogfood-qa-week4: age 29585050m (timeout 120m)
[2026-04-02 00:10:00]     ⚠️  STALE (exceeded timeout)
[2026-04-02 00:10:00]   Task fix-dogfood-week4: age 29585050m (timeout 120m)
[2026-04-02 00:10:00]     ⚠️  STALE (exceeded timeout)
[2026-04-02 00:10:00]   Task test-opt-parallel-logger: age 29585050m (timeout 120m)
[2026-04-02 00:10:00]     ⚠️  STALE (exceeded timeout)
[2026-04-02 00:10:00]   Task test-opt-parallel-error: age 29585050m (timeout 120m)
[2026-04-02 00:10:00]     ⚠️  STALE (exceeded timeout)
[2026-04-02 00:10:01]   Task audit-all-work: age 29585050m (timeout 120m)
[2026-04-02 00:10:01]     ⚠️  STALE (exceeded timeout)
[2026-04-02 00:10:01]   Task workqueue-automation: age 29585050m (timeout 120m)
[2026-04-02 00:10:01]     ⚠️  STALE (exceeded timeout)
[2026-04-02 00:10:01]   Task test-opt-analytics-opus: age 29585050m (timeout 120m)
[2026-04-02 00:10:01]     ⚠️  STALE (exceeded timeout)
[2026-04-02 00:10:01]   Task fix-trade-builder-403: age 29585050m (timeout 120m)
[2026-04-02 00:10:01]     ⚠️  STALE (exceeded timeout)
[2026-04-02 00:10:01]   Task fix-all-trade-issues: age 29585050m (timeout 120m)
[2026-04-02 00:10:01]     ⚠️  STALE (exceeded timeout)
[2026-04-02 00:10:01] Archiving 9 stale + 0 completed tasks...
[2026-04-02 00:20:01] Checking 9 active tasks...
[2026-04-02 00:20:01]   Task dogfood-qa-week4: age 29585060m (timeout 120m)
[2026-04-02 00:20:01]     ⚠️  STALE (exceeded timeout)
[2026-04-02 00:20:01]   Task fix-dogfood-week4: age 29585060m (timeout 120m)
[2026-04-02 00:20:01]     ⚠️  STALE (exceeded timeout)
[2026-04-02 00:20:01]   Task test-opt-parallel-logger: age 29585060m (timeout 120m)
[2026-04-02 00:20:01]     ⚠️  STALE (exceeded timeout)
[2026-04-02 00:20:01]   Task test-opt-parallel-error: age 29585060m (timeout 120m)
[2026-04-02 00:20:01]     ⚠️  STALE (exceeded timeout)
[2026-04-02 00:20:01]   Task audit-all-work: age 29585060m (timeout 120m)
[2026-04-02 00:20:01]     ⚠️  STALE (exceeded timeout)
[2026-04-02 00:20:01]   Task workqueue-automation: age 29585060m (timeout 120m)
[2026-04-02 00:20:01]     ⚠️  STALE (exceeded timeout)
[2026-04-02 00:20:01]   Task test-opt-analytics-opus: age 29585060m (timeout 120m)
[2026-04-02 00:20:01]     ⚠️  STALE (exceeded timeout)
[2026-04-02 00:20:01]   Task fix-trade-builder-403: age 29585060m (timeout 120m)
[2026-04-02 00:20:01]     ⚠️  STALE (exceeded timeout)
[2026-04-02 00:20:01]   Task fix-all-trade-issues: age 29585060m (timeout 120m)
[2026-04-02 00:20:01]     ⚠️  STALE (exceeded timeout)
[2026-04-02 00:20:01] Archiving 9 stale + 0 completed tasks...
[2026-04-02 00:30:00] Checking 9 active tasks...
[2026-04-02 00:30:00]   Task dogfood-qa-week4: age 29585070m (timeout 120m)
[2026-04-02 00:30:00]     ⚠️  STALE (exceeded timeout)
[2026-04-02 00:30:00]   Task fix-dogfood-week4: age 29585070m (timeout 120m)
[2026-04-02 00:30:00]     ⚠️  STALE (exceeded timeout)
[2026-04-02 00:30:00]   Task test-opt-parallel-logger: age 29585070m (timeout 120m)
[2026-04-02 00:30:00]     ⚠️  STALE (exceeded timeout)
[2026-04-02 00:30:00]   Task test-opt-parallel-error: age 29585070m (timeout 120m)
[2026-04-02 00:30:00]     ⚠️  STALE (exceeded timeout)
[2026-04-02 00:30:00]   Task audit-all-work: age 29585070m (timeout 120m)
[2026-04-02 00:30:00]     ⚠️  STALE (exceeded timeout)
[2026-04-02 00:30:00]   Task workqueue-automation: age 29585070m (timeout 120m)
[2026-04-02 00:30:00]     ⚠️  STALE (exceeded timeout)
[2026-04-02 00:30:00]   Task test-opt-analytics-opus: age 29585070m (timeout 120m)
[2026-04-02 00:30:00]     ⚠️  STALE (exceeded timeout)
[2026-04-02 00:30:00]   Task fix-trade-builder-403: age 29585070m (timeout 120m)
[2026-04-02 00:30:00]     ⚠️  STALE (exceeded timeout)
[2026-04-02 00:30:00]   Task fix-all-trade-issues: age 29585070m (timeout 120m)
[2026-04-02 00:30:00]     ⚠️  STALE (exceeded timeout)
[2026-04-02 00:30:00] Archiving 9 stale + 0 completed tasks...
[2026-04-02 00:40:01] Checking 9 active tasks...
[2026-04-02 00:40:01]   Task dogfood-qa-week4: age 29585080m (timeout 120m)
[2026-04-02 00:40:01]     ⚠️  STALE (exceeded timeout)
[2026-04-02 00:40:01]   Task fix-dogfood-week4: age 29585080m (timeout 120m)
[2026-04-02 00:40:01]     ⚠️  STALE (exceeded timeout)
[2026-04-02 00:40:01]   Task test-opt-parallel-logger: age 29585080m (timeout 120m)
[2026-04-02 00:40:01]     ⚠️  STALE (exceeded timeout)
[2026-04-02 00:40:01]   Task test-opt-parallel-error: age 29585080m (timeout 120m)
[2026-04-02 00:40:01]     ⚠️  STALE (exceeded timeout)
[2026-04-02 00:40:01]   Task audit-all-work: age 29585080m (timeout 120m)
[2026-04-02 00:40:01]     ⚠️  STALE (exceeded timeout)
[2026-04-02 00:40:01]   Task workqueue-automation: age 29585080m (timeout 120m)
[2026-04-02 00:40:01]     ⚠️  STALE (exceeded timeout)
[2026-04-02 00:40:01]   Task test-opt-analytics-opus: age 29585080m (timeout 120m)
[2026-04-02 00:40:01]     ⚠️  STALE (exceeded timeout)
[2026-04-02 00:40:01]   Task fix-trade-builder-403: age 29585080m (timeout 120m)
[2026-04-02 00:40:01]     ⚠️  STALE (exceeded timeout)
[2026-04-02 00:40:01]   Task fix-all-trade-issues: age 29585080m (timeout 120m)
[2026-04-02 00:40:01]     ⚠️  STALE (exceeded timeout)
[2026-04-02 00:40:01] Archiving 9 stale + 0 completed tasks...
[2026-04-02 00:50:01] Checking 9 active tasks...
[2026-04-02 00:50:01]   Task dogfood-qa-week4: age 29585090m (timeout 120m)
[2026-04-02 00:50:01]     ⚠️  STALE (exceeded timeout)
[2026-04-02 00:50:01]   Task fix-dogfood-week4: age 29585090m (timeout 120m)
[2026-04-02 00:50:01]     ⚠️  STALE (exceeded timeout)
[2026-04-02 00:50:01]   Task test-opt-parallel-logger: age 29585090m (timeout 120m)
[2026-04-02 00:50:01]     ⚠️  STALE (exceeded timeout)
[2026-04-02 00:50:01]   Task test-opt-parallel-error: age 29585090m (timeout 120m)
[2026-04-02 00:50:01]     ⚠️  STALE (exceeded timeout)
[2026-04-02 00:50:01]   Task audit-all-work: age 29585090m (timeout 120m)
[2026-04-02 00:50:01]     ⚠️  STALE (exceeded timeout)
[2026-04-02 00:50:01]   Task workqueue-automation: age 29585090m (timeout 120m)
[2026-04-02 00:50:01]     ⚠️  STALE (exceeded timeout)
[2026-04-02 00:50:01]   Task test-opt-analytics-opus: age 29585090m (timeout 120m)
[2026-04-02 00:50:01]     ⚠️  STALE (exceeded timeout)
[2026-04-02 00:50:01]   Task fix-trade-builder-403: age 29585090m (timeout 120m)
[2026-04-02 00:50:01]     ⚠️  STALE (exceeded timeout)
[2026-04-02 00:50:01]   Task fix-all-trade-issues: age 29585090m (timeout 120m)
[2026-04-02 00:50:01]     ⚠️  STALE (exceeded timeout)
[2026-04-02 00:50:01] Archiving 9 stale + 0 completed tasks...
[2026-04-02 01:00:00] Checking 9 active tasks...
[2026-04-02 01:00:01]   Task dogfood-qa-week4: age 29585100m (timeout 120m)
[2026-04-02 01:00:01]     ⚠️  STALE (exceeded timeout)
[2026-04-02 01:00:01]   Task fix-dogfood-week4: age 29585100m (timeout 120m)
[2026-04-02 01:00:01]     ⚠️  STALE (exceeded timeout)
[2026-04-02 01:00:01]   Task test-opt-parallel-logger: age 29585100m (timeout 120m)
[2026-04-02 01:00:01]     ⚠️  STALE (exceeded timeout)
[2026-04-02 01:00:01]   Task test-opt-parallel-error: age 29585100m (timeout 120m)
[2026-04-02 01:00:01]     ⚠️  STALE (exceeded timeout)
[2026-04-02 01:00:01]   Task audit-all-work: age 29585100m (timeout 120m)
[2026-04-02 01:00:01]     ⚠️  STALE (exceeded timeout)
[2026-04-02 01:00:01]   Task workqueue-automation: age 29585100m (timeout 120m)
[2026-04-02 01:00:01]     ⚠️  STALE (exceeded timeout)
[2026-04-02 01:00:01]   Task test-opt-analytics-opus: age 29585100m (timeout 120m)
[2026-04-02 01:00:01]     ⚠️  STALE (exceeded timeout)
[2026-04-02 01:00:01]   Task fix-trade-builder-403: age 29585100m (timeout 120m)
[2026-04-02 01:00:01]     ⚠️  STALE (exceeded timeout)
[2026-04-02 01:00:01]   Task fix-all-trade-issues: age 29585100m (timeout 120m)
[2026-04-02 01:00:01]     ⚠️  STALE (exceeded timeout)
[2026-04-02 01:00:01] Archiving 9 stale + 0 completed tasks...
[2026-04-02 01:10:00] Checking 9 active tasks...
[2026-04-02 01:10:00]   Task dogfood-qa-week4: age 29585110m (timeout 120m)
[2026-04-02 01:10:00]     ⚠️  STALE (exceeded timeout)
[2026-04-02 01:10:00]   Task fix-dogfood-week4: age 29585110m (timeout 120m)
[2026-04-02 01:10:00]     ⚠️  STALE (exceeded timeout)
[2026-04-02 01:10:00]   Task test-opt-parallel-logger: age 29585110m (timeout 120m)
[2026-04-02 01:10:00]     ⚠️  STALE (exceeded timeout)
[2026-04-02 01:10:00]   Task test-opt-parallel-error: age 29585110m (timeout 120m)
[2026-04-02 01:10:00]     ⚠️  STALE (exceeded timeout)
[2026-04-02 01:10:00]   Task audit-all-work: age 29585110m (timeout 120m)
[2026-04-02 01:10:00]     ⚠️  STALE (exceeded timeout)
[2026-04-02 01:10:00]   Task workqueue-automation: age 29585110m (timeout 120m)
[2026-04-02 01:10:00]     ⚠️  STALE (exceeded timeout)
[2026-04-02 01:10:00]   Task test-opt-analytics-opus: age 29585110m (timeout 120m)
[2026-04-02 01:10:00]     ⚠️  STALE (exceeded timeout)
[2026-04-02 01:10:00]   Task fix-trade-builder-403: age 29585110m (timeout 120m)
[2026-04-02 01:10:00]     ⚠️  STALE (exceeded timeout)
[2026-04-02 01:10:00]   Task fix-all-trade-issues: age 29585110m (timeout 120m)
[2026-04-02 01:10:00]     ⚠️  STALE (exceeded timeout)
[2026-04-02 01:10:00] Archiving 9 stale + 0 completed tasks...
[2026-04-02 01:20:01] Checking 9 active tasks...
[2026-04-02 01:20:01]   Task dogfood-qa-week4: age 29585120m (timeout 120m)
[2026-04-02 01:20:01]     ⚠️  STALE (exceeded timeout)
[2026-04-02 01:20:01]   Task fix-dogfood-week4: age 29585120m (timeout 120m)
[2026-04-02 01:20:01]     ⚠️  STALE (exceeded timeout)
[2026-04-02 01:20:01]   Task test-opt-parallel-logger: age 29585120m (timeout 120m)
[2026-04-02 01:20:01]     ⚠️  STALE (exceeded timeout)
[2026-04-02 01:20:01]   Task test-opt-parallel-error: age 29585120m (timeout 120m)
[2026-04-02 01:20:01]     ⚠️  STALE (exceeded timeout)
[2026-04-02 01:20:01]   Task audit-all-work: age 29585120m (timeout 120m)
[2026-04-02 01:20:01]     ⚠️  STALE (exceeded timeout)
[2026-04-02 01:20:01]   Task workqueue-automation: age 29585120m (timeout 120m)
[2026-04-02 01:20:01]     ⚠️  STALE (exceeded timeout)
[2026-04-02 01:20:01]   Task test-opt-analytics-opus: age 29585120m (timeout 120m)
[2026-04-02 01:20:01]     ⚠️  STALE (exceeded timeout)
[2026-04-02 01:20:01]   Task fix-trade-builder-403: age 29585120m (timeout 120m)
[2026-04-02 01:20:01]     ⚠️  STALE (exceeded timeout)
[2026-04-02 01:20:02]   Task fix-all-trade-issues: age 29585120m (timeout 120m)
[2026-04-02 01:20:02]     ⚠️  STALE (exceeded timeout)
[2026-04-02 01:20:02] Archiving 9 stale + 0 completed tasks...
[2026-04-02 01:30:00] Checking 9 active tasks...
[2026-04-02 01:30:00]   Task dogfood-qa-week4: age 29585130m (timeout 120m)
[2026-04-02 01:30:00]     ⚠️  STALE (exceeded timeout)
[2026-04-02 01:30:00]   Task fix-dogfood-week4: age 29585130m (timeout 120m)
[2026-04-02 01:30:00]     ⚠️  STALE (exceeded timeout)
[2026-04-02 01:30:00]   Task test-opt-parallel-logger: age 29585130m (timeout 120m)
[2026-04-02 01:30:00]     ⚠️  STALE (exceeded timeout)
[2026-04-02 01:30:00]   Task test-opt-parallel-error: age 29585130m (timeout 120m)
[2026-04-02 01:30:00]     ⚠️  STALE (exceeded timeout)
[2026-04-02 01:30:00]   Task audit-all-work: age 29585130m (timeout 120m)
[2026-04-02 01:30:00]     ⚠️  STALE (exceeded timeout)
[2026-04-02 01:30:00]   Task workqueue-automation: age 29585130m (timeout 120m)
[2026-04-02 01:30:00]     ⚠️  STALE (exceeded timeout)
[2026-04-02 01:30:00]   Task test-opt-analytics-opus: age 29585130m (timeout 120m)
[2026-04-02 01:30:00]     ⚠️  STALE (exceeded timeout)
[2026-04-02 01:30:01]   Task fix-trade-builder-403: age 29585130m (timeout 120m)
[2026-04-02 01:30:01]     ⚠️  STALE (exceeded timeout)
[2026-04-02 01:30:01]   Task fix-all-trade-issues: age 29585130m (timeout 120m)
[2026-04-02 01:30:01]     ⚠️  STALE (exceeded timeout)
[2026-04-02 01:30:01] Archiving 9 stale + 0 completed tasks...
[2026-04-02 01:40:00] Checking 9 active tasks...
[2026-04-02 01:40:00]   Task dogfood-qa-week4: age 29585140m (timeout 120m)
[2026-04-02 01:40:00]     ⚠️  STALE (exceeded timeout)
[2026-04-02 01:40:00]   Task fix-dogfood-week4: age 29585140m (timeout 120m)
[2026-04-02 01:40:01]     ⚠️  STALE (exceeded timeout)
[2026-04-02 01:40:01]   Task test-opt-parallel-logger: age 29585140m (timeout 120m)
[2026-04-02 01:40:01]     ⚠️  STALE (exceeded timeout)
[2026-04-02 01:40:01]   Task test-opt-parallel-error: age 29585140m (timeout 120m)
[2026-04-02 01:40:01]     ⚠️  STALE (exceeded timeout)
[2026-04-02 01:40:01]   Task audit-all-work: age 29585140m (timeout 120m)
[2026-04-02 01:40:01]     ⚠️  STALE (exceeded timeout)
[2026-04-02 01:40:01]   Task workqueue-automation: age 29585140m (timeout 120m)
[2026-04-02 01:40:01]     ⚠️  STALE (exceeded timeout)
[2026-04-02 01:40:01]   Task test-opt-analytics-opus: age 29585140m (timeout 120m)
[2026-04-02 01:40:01]     ⚠️  STALE (exceeded timeout)
[2026-04-02 01:40:01]   Task fix-trade-builder-403: age 29585140m (timeout 120m)
[2026-04-02 01:40:01]     ⚠️  STALE (exceeded timeout)
[2026-04-02 01:40:01]   Task fix-all-trade-issues: age 29585140m (timeout 120m)
[2026-04-02 01:40:01]     ⚠️  STALE (exceeded timeout)
[2026-04-02 01:40:01] Archiving 9 stale + 0 completed tasks...
[2026-04-02 01:50:00] Checking 9 active tasks...
[2026-04-02 01:50:00]   Task dogfood-qa-week4: age 29585150m (timeout 120m)
[2026-04-02 01:50:00]     ⚠️  STALE (exceeded timeout)
[2026-04-02 01:50:00]   Task fix-dogfood-week4: age 29585150m (timeout 120m)
[2026-04-02 01:50:01]     ⚠️  STALE (exceeded timeout)
[2026-04-02 01:50:01]   Task test-opt-parallel-logger: age 29585150m (timeout 120m)
[2026-04-02 01:50:01]     ⚠️  STALE (exceeded timeout)
[2026-04-02 01:50:01]   Task test-opt-parallel-error: age 29585150m (timeout 120m)
[2026-04-02 01:50:01]     ⚠️  STALE (exceeded timeout)
[2026-04-02 01:50:01]   Task audit-all-work: age 29585150m (timeout 120m)
[2026-04-02 01:50:01]     ⚠️  STALE (exceeded timeout)
[2026-04-02 01:50:01]   Task workqueue-automation: age 29585150m (timeout 120m)
[2026-04-02 01:50:01]     ⚠️  STALE (exceeded timeout)
[2026-04-02 01:50:01]   Task test-opt-analytics-opus: age 29585150m (timeout 120m)
[2026-04-02 01:50:01]     ⚠️  STALE (exceeded timeout)
[2026-04-02 01:50:01]   Task fix-trade-builder-403: age 29585150m (timeout 120m)
[2026-04-02 01:50:01]     ⚠️  STALE (exceeded timeout)
[2026-04-02 01:50:01]   Task fix-all-trade-issues: age 29585150m (timeout 120m)
[2026-04-02 01:50:01]     ⚠️  STALE (exceeded timeout)
[2026-04-02 01:50:01] Archiving 9 stale + 0 completed tasks...
[2026-04-02 02:00:00] Checking 9 active tasks...
[2026-04-02 02:00:00]   Task dogfood-qa-week4: age 29585160m (timeout 120m)
[2026-04-02 02:00:00]     ⚠️  STALE (exceeded timeout)
[2026-04-02 02:00:00]   Task fix-dogfood-week4: age 29585160m (timeout 120m)
[2026-04-02 02:00:00]     ⚠️  STALE (exceeded timeout)
[2026-04-02 02:00:00]   Task test-opt-parallel-logger: age 29585160m (timeout 120m)
[2026-04-02 02:00:00]     ⚠️  STALE (exceeded timeout)
[2026-04-02 02:00:00]   Task test-opt-parallel-error: age 29585160m (timeout 120m)
[2026-04-02 02:00:00]     ⚠️  STALE (exceeded timeout)
[2026-04-02 02:00:01]   Task audit-all-work: age 29585160m (timeout 120m)
[2026-04-02 02:00:01]     ⚠️  STALE (exceeded timeout)
[2026-04-02 02:00:01]   Task workqueue-automation: age 29585160m (timeout 120m)
[2026-04-02 02:00:01]     ⚠️  STALE (exceeded timeout)
[2026-04-02 02:00:01]   Task test-opt-analytics-opus: age 29585160m (timeout 120m)
[2026-04-02 02:00:01]     ⚠️  STALE (exceeded timeout)
[2026-04-02 02:00:01]   Task fix-trade-builder-403: age 29585160m (timeout 120m)
[2026-04-02 02:00:01]     ⚠️  STALE (exceeded timeout)
[2026-04-02 02:00:01]   Task fix-all-trade-issues: age 29585160m (timeout 120m)
[2026-04-02 02:00:01]     ⚠️  STALE (exceeded timeout)
[2026-04-02 02:00:01] Archiving 9 stale + 0 completed tasks...
[2026-04-02 02:10:00] Checking 9 active tasks...
[2026-04-02 02:10:00]   Task dogfood-qa-week4: age 29585170m (timeout 120m)
[2026-04-02 02:10:00]     ⚠️  STALE (exceeded timeout)
[2026-04-02 02:10:01]   Task fix-dogfood-week4: age 29585170m (timeout 120m)
[2026-04-02 02:10:01]     ⚠️  STALE (exceeded timeout)
[2026-04-02 02:10:01]   Task test-opt-parallel-logger: age 29585170m (timeout 120m)
[2026-04-02 02:10:01]     ⚠️  STALE (exceeded timeout)
[2026-04-02 02:10:01]   Task test-opt-parallel-error: age 29585170m (timeout 120m)
[2026-04-02 02:10:01]     ⚠️  STALE (exceeded timeout)
[2026-04-02 02:10:01]   Task audit-all-work: age 29585170m (timeout 120m)
[2026-04-02 02:10:01]     ⚠️  STALE (exceeded timeout)
[2026-04-02 02:10:01]   Task workqueue-automation: age 29585170m (timeout 120m)
[2026-04-02 02:10:01]     ⚠️  STALE (exceeded timeout)
[2026-04-02 02:10:01]   Task test-opt-analytics-opus: age 29585170m (timeout 120m)
[2026-04-02 02:10:01]     ⚠️  STALE (exceeded timeout)
[2026-04-02 02:10:01]   Task fix-trade-builder-403: age 29585170m (timeout 120m)
[2026-04-02 02:10:01]     ⚠️  STALE (exceeded timeout)
[2026-04-02 02:10:01]   Task fix-all-trade-issues: age 29585170m (timeout 120m)
[2026-04-02 02:10:01]     ⚠️  STALE (exceeded timeout)
[2026-04-02 02:10:01] Archiving 9 stale + 0 completed tasks...
[2026-04-02 02:20:00] Checking 9 active tasks...
[2026-04-02 02:20:01]   Task dogfood-qa-week4: age 29585180m (timeout 120m)
[2026-04-02 02:20:01]     ⚠️  STALE (exceeded timeout)
[2026-04-02 02:20:01]   Task fix-dogfood-week4: age 29585180m (timeout 120m)
[2026-04-02 02:20:01]     ⚠️  STALE (exceeded timeout)
[2026-04-02 02:20:01]   Task test-opt-parallel-logger: age 29585180m (timeout 120m)
[2026-04-02 02:20:01]     ⚠️  STALE (exceeded timeout)
[2026-04-02 02:20:01]   Task test-opt-parallel-error: age 29585180m (timeout 120m)
[2026-04-02 02:20:01]     ⚠️  STALE (exceeded timeout)
[2026-04-02 02:20:01]   Task audit-all-work: age 29585180m (timeout 120m)
[2026-04-02 02:20:01]     ⚠️  STALE (exceeded timeout)
[2026-04-02 02:20:01]   Task workqueue-automation: age 29585180m (timeout 120m)
[2026-04-02 02:20:01]     ⚠️  STALE (exceeded timeout)
[2026-04-02 02:20:01]   Task test-opt-analytics-opus: age 29585180m (timeout 120m)
[2026-04-02 02:20:01]     ⚠️  STALE (exceeded timeout)
[2026-04-02 02:20:01]   Task fix-trade-builder-403: age 29585180m (timeout 120m)
[2026-04-02 02:20:01]     ⚠️  STALE (exceeded timeout)
[2026-04-02 02:20:01]   Task fix-all-trade-issues: age 29585180m (timeout 120m)
[2026-04-02 02:20:01]     ⚠️  STALE (exceeded timeout)
[2026-04-02 02:20:01] Archiving 9 stale + 0 completed tasks...
[2026-04-02 02:30:00] Checking 9 active tasks...
[2026-04-02 02:30:00]   Task dogfood-qa-week4: age 29585190m (timeout 120m)
[2026-04-02 02:30:00]     ⚠️  STALE (exceeded timeout)
[2026-04-02 02:30:00]   Task fix-dogfood-week4: age 29585190m (timeout 120m)
[2026-04-02 02:30:00]     ⚠️  STALE (exceeded timeout)
[2026-04-02 02:30:00]   Task test-opt-parallel-logger: age 29585190m (timeout 120m)
[2026-04-02 02:30:00]     ⚠️  STALE (exceeded timeout)
[2026-04-02 02:30:00]   Task test-opt-parallel-error: age 29585190m (timeout 120m)
[2026-04-02 02:30:00]     ⚠️  STALE (exceeded timeout)
[2026-04-02 02:30:00]   Task audit-all-work: age 29585190m (timeout 120m)
[2026-04-02 02:30:00]     ⚠️  STALE (exceeded timeout)
[2026-04-02 02:30:00]   Task workqueue-automation: age 29585190m (timeout 120m)
[2026-04-02 02:30:00]     ⚠️  STALE (exceeded timeout)
[2026-04-02 02:30:00]   Task test-opt-analytics-opus: age 29585190m (timeout 120m)
[2026-04-02 02:30:00]     ⚠️  STALE (exceeded timeout)
[2026-04-02 02:30:00]   Task fix-trade-builder-403: age 29585190m (timeout 120m)
[2026-04-02 02:30:00]     ⚠️  STALE (exceeded timeout)
[2026-04-02 02:30:00]   Task fix-all-trade-issues: age 29585190m (timeout 120m)
[2026-04-02 02:30:00]     ⚠️  STALE (exceeded timeout)
[2026-04-02 02:30:00] Archiving 9 stale + 0 completed tasks...
[2026-04-02 02:40:00] Checking 9 active tasks...
[2026-04-02 02:40:00]   Task dogfood-qa-week4: age 29585200m (timeout 120m)
[2026-04-02 02:40:00]     ⚠️  STALE (exceeded timeout)
[2026-04-02 02:40:01]   Task fix-dogfood-week4: age 29585200m (timeout 120m)
[2026-04-02 02:40:01]     ⚠️  STALE (exceeded timeout)
[2026-04-02 02:40:01]   Task test-opt-parallel-logger: age 29585200m (timeout 120m)
[2026-04-02 02:40:01]     ⚠️  STALE (exceeded timeout)
[2026-04-02 02:40:01]   Task test-opt-parallel-error: age 29585200m (timeout 120m)
[2026-04-02 02:40:01]     ⚠️  STALE (exceeded timeout)
[2026-04-02 02:40:01]   Task audit-all-work: age 29585200m (timeout 120m)
[2026-04-02 02:40:01]     ⚠️  STALE (exceeded timeout)
[2026-04-02 02:40:01]   Task workqueue-automation: age 29585200m (timeout 120m)
[2026-04-02 02:40:01]     ⚠️  STALE (exceeded timeout)
[2026-04-02 02:40:01]   Task test-opt-analytics-opus: age 29585200m (timeout 120m)
[2026-04-02 02:40:01]     ⚠️  STALE (exceeded timeout)
[2026-04-02 02:40:01]   Task fix-trade-builder-403: age 29585200m (timeout 120m)
[2026-04-02 02:40:01]     ⚠️  STALE (exceeded timeout)
[2026-04-02 02:40:01]   Task fix-all-trade-issues: age 29585200m (timeout 120m)
[2026-04-02 02:40:01]     ⚠️  STALE (exceeded timeout)
[2026-04-02 02:40:01] Archiving 9 stale + 0 completed tasks...
[2026-04-02 02:50:01] Checking 9 active tasks...
[2026-04-02 02:50:01]   Task dogfood-qa-week4: age 29585210m (timeout 120m)
[2026-04-02 02:50:01]     ⚠️  STALE (exceeded timeout)
[2026-04-02 02:50:01]   Task fix-dogfood-week4: age 29585210m (timeout 120m)
[2026-04-02 02:50:01]     ⚠️  STALE (exceeded timeout)
[2026-04-02 02:50:01]   Task test-opt-parallel-logger: age 29585210m (timeout 120m)
[2026-04-02 02:50:01]     ⚠️  STALE (exceeded timeout)
[2026-04-02 02:50:01]   Task test-opt-parallel-error: age 29585210m (timeout 120m)
[2026-04-02 02:50:01]     ⚠️  STALE (exceeded timeout)
[2026-04-02 02:50:01]   Task audit-all-work: age 29585210m (timeout 120m)
[2026-04-02 02:50:01]     ⚠️  STALE (exceeded timeout)
[2026-04-02 02:50:01]   Task workqueue-automation: age 29585210m (timeout 120m)
[2026-04-02 02:50:01]     ⚠️  STALE (exceeded timeout)
[2026-04-02 02:50:01]   Task test-opt-analytics-opus: age 29585210m (timeout 120m)
[2026-04-02 02:50:01]     ⚠️  STALE (exceeded timeout)
[2026-04-02 02:50:01]   Task fix-trade-builder-403: age 29585210m (timeout 120m)
[2026-04-02 02:50:01]     ⚠️  STALE (exceeded timeout)
[2026-04-02 02:50:01]   Task fix-all-trade-issues: age 29585210m (timeout 120m)
[2026-04-02 02:50:01]     ⚠️  STALE (exceeded timeout)
[2026-04-02 02:50:01] Archiving 9 stale + 0 completed tasks...
[2026-04-02 03:00:00] Checking 9 active tasks...
[2026-04-02 03:00:00]   Task dogfood-qa-week4: age 29585220m (timeout 120m)
[2026-04-02 03:00:00]     ⚠️  STALE (exceeded timeout)
[2026-04-02 03:00:00]   Task fix-dogfood-week4: age 29585220m (timeout 120m)
[2026-04-02 03:00:00]     ⚠️  STALE (exceeded timeout)
[2026-04-02 03:00:00]   Task test-opt-parallel-logger: age 29585220m (timeout 120m)
[2026-04-02 03:00:00]     ⚠️  STALE (exceeded timeout)
[2026-04-02 03:00:00]   Task test-opt-parallel-error: age 29585220m (timeout 120m)
[2026-04-02 03:00:00]     ⚠️  STALE (exceeded timeout)
[2026-04-02 03:00:00]   Task audit-all-work: age 29585220m (timeout 120m)
[2026-04-02 03:00:00]     ⚠️  STALE (exceeded timeout)
[2026-04-02 03:00:00]   Task workqueue-automation: age 29585220m (timeout 120m)
[2026-04-02 03:00:00]     ⚠️  STALE (exceeded timeout)
[2026-04-02 03:00:00]   Task test-opt-analytics-opus: age 29585220m (timeout 120m)
[2026-04-02 03:00:00]     ⚠️  STALE (exceeded timeout)
[2026-04-02 03:00:00]   Task fix-trade-builder-403: age 29585220m (timeout 120m)
[2026-04-02 03:00:00]     ⚠️  STALE (exceeded timeout)
[2026-04-02 03:00:01]   Task fix-all-trade-issues: age 29585220m (timeout 120m)
[2026-04-02 03:00:01]     ⚠️  STALE (exceeded timeout)
[2026-04-02 03:00:01] Archiving 9 stale + 0 completed tasks...
[2026-04-02 03:10:00] Checking 9 active tasks...
[2026-04-02 03:10:00]   Task dogfood-qa-week4: age 29585230m (timeout 120m)
[2026-04-02 03:10:00]     ⚠️  STALE (exceeded timeout)
[2026-04-02 03:10:01]   Task fix-dogfood-week4: age 29585230m (timeout 120m)
[2026-04-02 03:10:01]     ⚠️  STALE (exceeded timeout)
[2026-04-02 03:10:01]   Task test-opt-parallel-logger: age 29585230m (timeout 120m)
[2026-04-02 03:10:01]     ⚠️  STALE (exceeded timeout)
[2026-04-02 03:10:01]   Task test-opt-parallel-error: age 29585230m (timeout 120m)
[2026-04-02 03:10:01]     ⚠️  STALE (exceeded timeout)
[2026-04-02 03:10:01]   Task audit-all-work: age 29585230m (timeout 120m)
[2026-04-02 03:10:01]     ⚠️  STALE (exceeded timeout)
[2026-04-02 03:10:01]   Task workqueue-automation: age 29585230m (timeout 120m)
[2026-04-02 03:10:01]     ⚠️  STALE (exceeded timeout)
[2026-04-02 03:10:01]   Task test-opt-analytics-opus: age 29585230m (timeout 120m)
[2026-04-02 03:10:01]     ⚠️  STALE (exceeded timeout)
[2026-04-02 03:10:01]   Task fix-trade-builder-403: age 29585230m (timeout 120m)
[2026-04-02 03:10:01]     ⚠️  STALE (exceeded timeout)
[2026-04-02 03:10:01]   Task fix-all-trade-issues: age 29585230m (timeout 120m)
[2026-04-02 03:10:01]     ⚠️  STALE (exceeded timeout)
[2026-04-02 03:10:01] Archiving 9 stale + 0 completed tasks...
[2026-04-02 03:20:01] Checking 9 active tasks...
[2026-04-02 03:20:01]   Task dogfood-qa-week4: age 29585240m (timeout 120m)
[2026-04-02 03:20:01]     ⚠️  STALE (exceeded timeout)
[2026-04-02 03:20:01]   Task fix-dogfood-week4: age 29585240m (timeout 120m)
[2026-04-02 03:20:01]     ⚠️  STALE (exceeded timeout)
[2026-04-02 03:20:01]   Task test-opt-parallel-logger: age 29585240m (timeout 120m)
[2026-04-02 03:20:01]     ⚠️  STALE (exceeded timeout)
[2026-04-02 03:20:01]   Task test-opt-parallel-error: age 29585240m (timeout 120m)
[2026-04-02 03:20:01]     ⚠️  STALE (exceeded timeout)
[2026-04-02 03:20:01]   Task audit-all-work: age 29585240m (timeout 120m)
[2026-04-02 03:20:01]     ⚠️  STALE (exceeded timeout)
[2026-04-02 03:20:01]   Task workqueue-automation: age 29585240m (timeout 120m)
[2026-04-02 03:20:01]     ⚠️  STALE (exceeded timeout)
[2026-04-02 03:20:01]   Task test-opt-analytics-opus: age 29585240m (timeout 120m)
[2026-04-02 03:20:01]     ⚠️  STALE (exceeded timeout)
[2026-04-02 03:20:01]   Task fix-trade-builder-403: age 29585240m (timeout 120m)
[2026-04-02 03:20:01]     ⚠️  STALE (exceeded timeout)
[2026-04-02 03:20:01]   Task fix-all-trade-issues: age 29585240m (timeout 120m)
[2026-04-02 03:20:01]     ⚠️  STALE (exceeded timeout)
[2026-04-02 03:20:01] Archiving 9 stale + 0 completed tasks...
[2026-04-02 03:30:00] Checking 9 active tasks...
[2026-04-02 03:30:00]   Task dogfood-qa-week4: age 29585250m (timeout 120m)
[2026-04-02 03:30:00]     ⚠️  STALE (exceeded timeout)
[2026-04-02 03:30:00]   Task fix-dogfood-week4: age 29585250m (timeout 120m)
[2026-04-02 03:30:00]     ⚠️  STALE (exceeded timeout)
[2026-04-02 03:30:00]   Task test-opt-parallel-logger: age 29585250m (timeout 120m)
[2026-04-02 03:30:00]     ⚠️  STALE (exceeded timeout)
[2026-04-02 03:30:01]   Task test-opt-parallel-error: age 29585250m (timeout 120m)
[2026-04-02 03:30:01]     ⚠️  STALE (exceeded timeout)
[2026-04-02 03:30:01]   Task audit-all-work: age 29585250m (timeout 120m)
[2026-04-02 03:30:01]     ⚠️  STALE (exceeded timeout)
[2026-04-02 03:30:01]   Task workqueue-automation: age 29585250m (timeout 120m)
[2026-04-02 03:30:01]     ⚠️  STALE (exceeded timeout)
[2026-04-02 03:30:01]   Task test-opt-analytics-opus: age 29585250m (timeout 120m)
[2026-04-02 03:30:01]     ⚠️  STALE (exceeded timeout)
[2026-04-02 03:30:01]   Task fix-trade-builder-403: age 29585250m (timeout 120m)
[2026-04-02 03:30:01]     ⚠️  STALE (exceeded timeout)
[2026-04-02 03:30:01]   Task fix-all-trade-issues: age 29585250m (timeout 120m)
[2026-04-02 03:30:01]     ⚠️  STALE (exceeded timeout)
[2026-04-02 03:30:01] Archiving 9 stale + 0 completed tasks...
[2026-04-02 03:40:00] Checking 9 active tasks...
[2026-04-02 03:40:00]   Task dogfood-qa-week4: age 29585260m (timeout 120m)
[2026-04-02 03:40:00]     ⚠️  STALE (exceeded timeout)
[2026-04-02 03:40:01]   Task fix-dogfood-week4: age 29585260m (timeout 120m)
[2026-04-02 03:40:01]     ⚠️  STALE (exceeded timeout)
[2026-04-02 03:40:01]   Task test-opt-parallel-logger: age 29585260m (timeout 120m)
[2026-04-02 03:40:01]     ⚠️  STALE (exceeded timeout)
[2026-04-02 03:40:01]   Task test-opt-parallel-error: age 29585260m (timeout 120m)
[2026-04-02 03:40:01]     ⚠️  STALE (exceeded timeout)
[2026-04-02 03:40:01]   Task audit-all-work: age 29585260m (timeout 120m)
[2026-04-02 03:40:01]     ⚠️  STALE (exceeded timeout)
[2026-04-02 03:40:01]   Task workqueue-automation: age 29585260m (timeout 120m)
[2026-04-02 03:40:01]     ⚠️  STALE (exceeded timeout)
[2026-04-02 03:40:01]   Task test-opt-analytics-opus: age 29585260m (timeout 120m)
[2026-04-02 03:40:01]     ⚠️  STALE (exceeded timeout)
[2026-04-02 03:40:01]   Task fix-trade-builder-403: age 29585260m (timeout 120m)
[2026-04-02 03:40:01]     ⚠️  STALE (exceeded timeout)
[2026-04-02 03:40:01]   Task fix-all-trade-issues: age 29585260m (timeout 120m)
[2026-04-02 03:40:01]     ⚠️  STALE (exceeded timeout)
[2026-04-02 03:40:01] Archiving 9 stale + 0 completed tasks...
[2026-04-02 03:50:00] Checking 9 active tasks...
[2026-04-02 03:50:00]   Task dogfood-qa-week4: age 29585270m (timeout 120m)
[2026-04-02 03:50:00]     ⚠️  STALE (exceeded timeout)
[2026-04-02 03:50:01]   Task fix-dogfood-week4: age 29585270m (timeout 120m)
[2026-04-02 03:50:01]     ⚠️  STALE (exceeded timeout)
[2026-04-02 03:50:01]   Task test-opt-parallel-logger: age 29585270m (timeout 120m)
[2026-04-02 03:50:01]     ⚠️  STALE (exceeded timeout)
[2026-04-02 03:50:01]   Task test-opt-parallel-error: age 29585270m (timeout 120m)
[2026-04-02 03:50:01]     ⚠️  STALE (exceeded timeout)
[2026-04-02 03:50:01]   Task audit-all-work: age 29585270m (timeout 120m)
[2026-04-02 03:50:01]     ⚠️  STALE (exceeded timeout)
[2026-04-02 03:50:01]   Task workqueue-automation: age 29585270m (timeout 120m)
[2026-04-02 03:50:01]     ⚠️  STALE (exceeded timeout)
[2026-04-02 03:50:01]   Task test-opt-analytics-opus: age 29585270m (timeout 120m)
[2026-04-02 03:50:01]     ⚠️  STALE (exceeded timeout)
[2026-04-02 03:50:01]   Task fix-trade-builder-403: age 29585270m (timeout 120m)
[2026-04-02 03:50:01]     ⚠️  STALE (exceeded timeout)
[2026-04-02 03:50:01]   Task fix-all-trade-issues: age 29585270m (timeout 120m)
[2026-04-02 03:50:01]     ⚠️  STALE (exceeded timeout)
[2026-04-02 03:50:01] Archiving 9 stale + 0 completed tasks...
[2026-04-02 04:00:00] Checking 9 active tasks...
[2026-04-02 04:00:01]   Task dogfood-qa-week4: age 29585280m (timeout 120m)
[2026-04-02 04:00:01]     ⚠️  STALE (exceeded timeout)
[2026-04-02 04:00:01]   Task fix-dogfood-week4: age 29585280m (timeout 120m)
[2026-04-02 04:00:01]     ⚠️  STALE (exceeded timeout)
[2026-04-02 04:00:01]   Task test-opt-parallel-logger: age 29585280m (timeout 120m)
[2026-04-02 04:00:01]     ⚠️  STALE (exceeded timeout)
[2026-04-02 04:00:01]   Task test-opt-parallel-error: age 29585280m (timeout 120m)
[2026-04-02 04:00:01]     ⚠️  STALE (exceeded timeout)
[2026-04-02 04:00:01]   Task audit-all-work: age 29585280m (timeout 120m)
[2026-04-02 04:00:01]     ⚠️  STALE (exceeded timeout)
[2026-04-02 04:00:01]   Task workqueue-automation: age 29585280m (timeout 120m)
[2026-04-02 04:00:01]     ⚠️  STALE (exceeded timeout)
[2026-04-02 04:00:01]   Task test-opt-analytics-opus: age 29585280m (timeout 120m)
[2026-04-02 04:00:01]     ⚠️  STALE (exceeded timeout)
[2026-04-02 04:00:01]   Task fix-trade-builder-403: age 29585280m (timeout 120m)
[2026-04-02 04:00:01]     ⚠️  STALE (exceeded timeout)
[2026-04-02 04:00:01]   Task fix-all-trade-issues: age 29585280m (timeout 120m)
[2026-04-02 04:00:01]     ⚠️  STALE (exceeded timeout)
[2026-04-02 04:00:01] Archiving 9 stale + 0 completed tasks...
[2026-04-02 04:10:00] Checking 9 active tasks...
[2026-04-02 04:10:00]   Task dogfood-qa-week4: age 29585290m (timeout 120m)
[2026-04-02 04:10:00]     ⚠️  STALE (exceeded timeout)
[2026-04-02 04:10:00]   Task fix-dogfood-week4: age 29585290m (timeout 120m)
[2026-04-02 04:10:00]     ⚠️  STALE (exceeded timeout)
[2026-04-02 04:10:00]   Task test-opt-parallel-logger: age 29585290m (timeout 120m)
[2026-04-02 04:10:00]     ⚠️  STALE (exceeded timeout)
[2026-04-02 04:10:00]   Task test-opt-parallel-error: age 29585290m (timeout 120m)
[2026-04-02 04:10:00]     ⚠️  STALE (exceeded timeout)
[2026-04-02 04:10:00]   Task audit-all-work: age 29585290m (timeout 120m)
[2026-04-02 04:10:00]     ⚠️  STALE (exceeded timeout)
[2026-04-02 04:10:01]   Task workqueue-automation: age 29585290m (timeout 120m)
[2026-04-02 04:10:01]     ⚠️  STALE (exceeded timeout)
[2026-04-02 04:10:01]   Task test-opt-analytics-opus: age 29585290m (timeout 120m)
[2026-04-02 04:10:01]     ⚠️  STALE (exceeded timeout)
[2026-04-02 04:10:01]   Task fix-trade-builder-403: age 29585290m (timeout 120m)
[2026-04-02 04:10:01]     ⚠️  STALE (exceeded timeout)
[2026-04-02 04:10:01]   Task fix-all-trade-issues: age 29585290m (timeout 120m)
[2026-04-02 04:10:01]     ⚠️  STALE (exceeded timeout)
[2026-04-02 04:10:01] Archiving 9 stale + 0 completed tasks...
[2026-04-02 04:20:01] Checking 9 active tasks...
[2026-04-02 04:20:01]   Task dogfood-qa-week4: age 29585300m (timeout 120m)
[2026-04-02 04:20:01]     ⚠️  STALE (exceeded timeout)
[2026-04-02 04:20:01]   Task fix-dogfood-week4: age 29585300m (timeout 120m)
[2026-04-02 04:20:01]     ⚠️  STALE (exceeded timeout)
[2026-04-02 04:20:01]   Task test-opt-parallel-logger: age 29585300m (timeout 120m)
[2026-04-02 04:20:01]     ⚠️  STALE (exceeded timeout)
[2026-04-02 04:20:01]   Task test-opt-parallel-error: age 29585300m (timeout 120m)
[2026-04-02 04:20:01]     ⚠️  STALE (exceeded timeout)
[2026-04-02 04:20:01]   Task audit-all-work: age 29585300m (timeout 120m)
[2026-04-02 04:20:01]     ⚠️  STALE (exceeded timeout)
[2026-04-02 04:20:01]   Task workqueue-automation: age 29585300m (timeout 120m)
[2026-04-02 04:20:01]     ⚠️  STALE (exceeded timeout)
[2026-04-02 04:20:01]   Task test-opt-analytics-opus: age 29585300m (timeout 120m)
[2026-04-02 04:20:01]     ⚠️  STALE (exceeded timeout)
[2026-04-02 04:20:01]   Task fix-trade-builder-403: age 29585300m (timeout 120m)
[2026-04-02 04:20:01]     ⚠️  STALE (exceeded timeout)
[2026-04-02 04:20:01]   Task fix-all-trade-issues: age 29585300m (timeout 120m)
[2026-04-02 04:20:01]     ⚠️  STALE (exceeded timeout)
[2026-04-02 04:20:01] Archiving 9 stale + 0 completed tasks...
[2026-04-02 04:30:01] Checking 9 active tasks...
[2026-04-02 04:30:01]   Task dogfood-qa-week4: age 29585310m (timeout 120m)
[2026-04-02 04:30:01]     ⚠️  STALE (exceeded timeout)
[2026-04-02 04:30:01]   Task fix-dogfood-week4: age 29585310m (timeout 120m)
[2026-04-02 04:30:01]     ⚠️  STALE (exceeded timeout)
[2026-04-02 04:30:01]   Task test-opt-parallel-logger: age 29585310m (timeout 120m)
[2026-04-02 04:30:01]     ⚠️  STALE (exceeded timeout)
[2026-04-02 04:30:01]   Task test-opt-parallel-error: age 29585310m (timeout 120m)
[2026-04-02 04:30:01]     ⚠️  STALE (exceeded timeout)
[2026-04-02 04:30:01]   Task audit-all-work: age 29585310m (timeout 120m)
[2026-04-02 04:30:01]     ⚠️  STALE (exceeded timeout)
[2026-04-02 04:30:01]   Task workqueue-automation: age 29585310m (timeout 120m)
[2026-04-02 04:30:01]     ⚠️  STALE (exceeded timeout)
[2026-04-02 04:30:01]   Task test-opt-analytics-opus: age 29585310m (timeout 120m)
[2026-04-02 04:30:01]     ⚠️  STALE (exceeded timeout)
[2026-04-02 04:30:01]   Task fix-trade-builder-403: age 29585310m (timeout 120m)
[2026-04-02 04:30:01]     ⚠️  STALE (exceeded timeout)
[2026-04-02 04:30:01]   Task fix-all-trade-issues: age 29585310m (timeout 120m)
[2026-04-02 04:30:01]     ⚠️  STALE (exceeded timeout)
[2026-04-02 04:30:01] Archiving 9 stale + 0 completed tasks...
[2026-04-02 04:40:00] Checking 9 active tasks...
[2026-04-02 04:40:00]   Task dogfood-qa-week4: age 29585320m (timeout 120m)
[2026-04-02 04:40:00]     ⚠️  STALE (exceeded timeout)
[2026-04-02 04:40:00]   Task fix-dogfood-week4: age 29585320m (timeout 120m)
[2026-04-02 04:40:00]     ⚠️  STALE (exceeded timeout)
[2026-04-02 04:40:00]   Task test-opt-parallel-logger: age 29585320m (timeout 120m)
[2026-04-02 04:40:00]     ⚠️  STALE (exceeded timeout)
[2026-04-02 04:40:00]   Task test-opt-parallel-error: age 29585320m (timeout 120m)
[2026-04-02 04:40:00]     ⚠️  STALE (exceeded timeout)
[2026-04-02 04:40:00]   Task audit-all-work: age 29585320m (timeout 120m)
[2026-04-02 04:40:00]     ⚠️  STALE (exceeded timeout)
[2026-04-02 04:40:00]   Task workqueue-automation: age 29585320m (timeout 120m)
[2026-04-02 04:40:00]     ⚠️  STALE (exceeded timeout)
[2026-04-02 04:40:00]   Task test-opt-analytics-opus: age 29585320m (timeout 120m)
[2026-04-02 04:40:00]     ⚠️  STALE (exceeded timeout)
[2026-04-02 04:40:00]   Task fix-trade-builder-403: age 29585320m (timeout 120m)
[2026-04-02 04:40:01]     ⚠️  STALE (exceeded timeout)
[2026-04-02 04:40:01]   Task fix-all-trade-issues: age 29585320m (timeout 120m)
[2026-04-02 04:40:01]     ⚠️  STALE (exceeded timeout)
[2026-04-02 04:40:01] Archiving 9 stale + 0 completed tasks...
[2026-04-02 04:50:00] Checking 9 active tasks...
[2026-04-02 04:50:00]   Task dogfood-qa-week4: age 29585330m (timeout 120m)
[2026-04-02 04:50:00]     ⚠️  STALE (exceeded timeout)
[2026-04-02 04:50:00]   Task fix-dogfood-week4: age 29585330m (timeout 120m)
[2026-04-02 04:50:00]     ⚠️  STALE (exceeded timeout)
[2026-04-02 04:50:00]   Task test-opt-parallel-logger: age 29585330m (timeout 120m)
[2026-04-02 04:50:00]     ⚠️  STALE (exceeded timeout)
[2026-04-02 04:50:00]   Task test-opt-parallel-error: age 29585330m (timeout 120m)
[2026-04-02 04:50:00]     ⚠️  STALE (exceeded timeout)
[2026-04-02 04:50:00]   Task audit-all-work: age 29585330m (timeout 120m)
[2026-04-02 04:50:00]     ⚠️  STALE (exceeded timeout)
[2026-04-02 04:50:00]   Task workqueue-automation: age 29585330m (timeout 120m)
[2026-04-02 04:50:00]     ⚠️  STALE (exceeded timeout)
[2026-04-02 04:50:00]   Task test-opt-analytics-opus: age 29585330m (timeout 120m)
[2026-04-02 04:50:00]     ⚠️  STALE (exceeded timeout)
[2026-04-02 04:50:00]   Task fix-trade-builder-403: age 29585330m (timeout 120m)
[2026-04-02 04:50:00]     ⚠️  STALE (exceeded timeout)
[2026-04-02 04:50:00]   Task fix-all-trade-issues: age 29585330m (timeout 120m)
[2026-04-02 04:50:00]     ⚠️  STALE (exceeded timeout)
[2026-04-02 04:50:00] Archiving 9 stale + 0 completed tasks...
[2026-04-02 05:00:00] Checking 9 active tasks...
[2026-04-02 05:00:00]   Task dogfood-qa-week4: age 29585340m (timeout 120m)
[2026-04-02 05:00:00]     ⚠️  STALE (exceeded timeout)
[2026-04-02 05:00:00]   Task fix-dogfood-week4: age 29585340m (timeout 120m)
[2026-04-02 05:00:00]     ⚠️  STALE (exceeded timeout)
[2026-04-02 05:00:00]   Task test-opt-parallel-logger: age 29585340m (timeout 120m)
[2026-04-02 05:00:00]     ⚠️  STALE (exceeded timeout)
[2026-04-02 05:00:00]   Task test-opt-parallel-error: age 29585340m (timeout 120m)
[2026-04-02 05:00:00]     ⚠️  STALE (exceeded timeout)
[2026-04-02 05:00:00]   Task audit-all-work: age 29585340m (timeout 120m)
[2026-04-02 05:00:00]     ⚠️  STALE (exceeded timeout)
[2026-04-02 05:00:00]   Task workqueue-automation: age 29585340m (timeout 120m)
[2026-04-02 05:00:00]     ⚠️  STALE (exceeded timeout)
[2026-04-02 05:00:00]   Task test-opt-analytics-opus: age 29585340m (timeout 120m)
[2026-04-02 05:00:00]     ⚠️  STALE (exceeded timeout)
[2026-04-02 05:00:00]   Task fix-trade-builder-403: age 29585340m (timeout 120m)
[2026-04-02 05:00:00]     ⚠️  STALE (exceeded timeout)
[2026-04-02 05:00:01]   Task fix-all-trade-issues: age 29585340m (timeout 120m)
[2026-04-02 05:00:01]     ⚠️  STALE (exceeded timeout)
[2026-04-02 05:00:01] Archiving 9 stale + 0 completed tasks...
[2026-04-02 05:10:00] Checking 9 active tasks...
[2026-04-02 05:10:00]   Task dogfood-qa-week4: age 29585350m (timeout 120m)
[2026-04-02 05:10:00]     ⚠️  STALE (exceeded timeout)
[2026-04-02 05:10:00]   Task fix-dogfood-week4: age 29585350m (timeout 120m)
[2026-04-02 05:10:00]     ⚠️  STALE (exceeded timeout)
[2026-04-02 05:10:00]   Task test-opt-parallel-logger: age 29585350m (timeout 120m)
[2026-04-02 05:10:00]     ⚠️  STALE (exceeded timeout)
[2026-04-02 05:10:00]   Task test-opt-parallel-error: age 29585350m (timeout 120m)
[2026-04-02 05:10:00]     ⚠️  STALE (exceeded timeout)
[2026-04-02 05:10:00]   Task audit-all-work: age 29585350m (timeout 120m)
[2026-04-02 05:10:00]     ⚠️  STALE (exceeded timeout)
[2026-04-02 05:10:01]   Task workqueue-automation: age 29585350m (timeout 120m)
[2026-04-02 05:10:01]     ⚠️  STALE (exceeded timeout)
[2026-04-02 05:10:01]   Task test-opt-analytics-opus: age 29585350m (timeout 120m)
[2026-04-02 05:10:01]     ⚠️  STALE (exceeded timeout)
[2026-04-02 05:10:01]   Task fix-trade-builder-403: age 29585350m (timeout 120m)
[2026-04-02 05:10:01]     ⚠️  STALE (exceeded timeout)
[2026-04-02 05:10:01]   Task fix-all-trade-issues: age 29585350m (timeout 120m)
[2026-04-02 05:10:01]     ⚠️  STALE (exceeded timeout)
[2026-04-02 05:10:01] Archiving 9 stale + 0 completed tasks...
[2026-04-02 05:20:00] Checking 9 active tasks...
[2026-04-02 05:20:00]   Task dogfood-qa-week4: age 29585360m (timeout 120m)
[2026-04-02 05:20:00]     ⚠️  STALE (exceeded timeout)
[2026-04-02 05:20:00]   Task fix-dogfood-week4: age 29585360m (timeout 120m)
[2026-04-02 05:20:00]     ⚠️  STALE (exceeded timeout)
[2026-04-02 05:20:00]   Task test-opt-parallel-logger: age 29585360m (timeout 120m)
[2026-04-02 05:20:01]     ⚠️  STALE (exceeded timeout)
[2026-04-02 05:20:01]   Task test-opt-parallel-error: age 29585360m (timeout 120m)
[2026-04-02 05:20:01]     ⚠️  STALE (exceeded timeout)
[2026-04-02 05:20:01]   Task audit-all-work: age 29585360m (timeout 120m)
[2026-04-02 05:20:01]     ⚠️  STALE (exceeded timeout)
[2026-04-02 05:20:01]   Task workqueue-automation: age 29585360m (timeout 120m)
[2026-04-02 05:20:01]     ⚠️  STALE (exceeded timeout)
[2026-04-02 05:20:01]   Task test-opt-analytics-opus: age 29585360m (timeout 120m)
[2026-04-02 05:20:01]     ⚠️  STALE (exceeded timeout)
[2026-04-02 05:20:01]   Task fix-trade-builder-403: age 29585360m (timeout 120m)
[2026-04-02 05:20:01]     ⚠️  STALE (exceeded timeout)
[2026-04-02 05:20:01]   Task fix-all-trade-issues: age 29585360m (timeout 120m)
[2026-04-02 05:20:01]     ⚠️  STALE (exceeded timeout)
[2026-04-02 05:20:01] Archiving 9 stale + 0 completed tasks...
[2026-04-02 05:30:00] Checking 9 active tasks...
[2026-04-02 05:30:01]   Task dogfood-qa-week4: age 29585370m (timeout 120m)
[2026-04-02 05:30:01]     ⚠️  STALE (exceeded timeout)
[2026-04-02 05:30:01]   Task fix-dogfood-week4: age 29585370m (timeout 120m)
[2026-04-02 05:30:01]     ⚠️  STALE (exceeded timeout)
[2026-04-02 05:30:01]   Task test-opt-parallel-logger: age 29585370m (timeout 120m)
[2026-04-02 05:30:01]     ⚠️  STALE (exceeded timeout)
[2026-04-02 05:30:01]   Task test-opt-parallel-error: age 29585370m (timeout 120m)
[2026-04-02 05:30:01]     ⚠️  STALE (exceeded timeout)
[2026-04-02 05:30:01]   Task audit-all-work: age 29585370m (timeout 120m)
[2026-04-02 05:30:01]     ⚠️  STALE (exceeded timeout)
[2026-04-02 05:30:01]   Task workqueue-automation: age 29585370m (timeout 120m)
[2026-04-02 05:30:01]     ⚠️  STALE (exceeded timeout)
[2026-04-02 05:30:01]   Task test-opt-analytics-opus: age 29585370m (timeout 120m)
[2026-04-02 05:30:01]     ⚠️  STALE (exceeded timeout)
[2026-04-02 05:30:01]   Task fix-trade-builder-403: age 29585370m (timeout 120m)
[2026-04-02 05:30:01]     ⚠️  STALE (exceeded timeout)
[2026-04-02 05:30:01]   Task fix-all-trade-issues: age 29585370m (timeout 120m)
[2026-04-02 05:30:01]     ⚠️  STALE (exceeded timeout)
[2026-04-02 05:30:01] Archiving 9 stale + 0 completed tasks...
[2026-04-02 05:40:00] Checking 9 active tasks...
[2026-04-02 05:40:00]   Task dogfood-qa-week4: age 29585380m (timeout 120m)
[2026-04-02 05:40:00]     ⚠️  STALE (exceeded timeout)
[2026-04-02 05:40:00]   Task fix-dogfood-week4: age 29585380m (timeout 120m)
[2026-04-02 05:40:00]     ⚠️  STALE (exceeded timeout)
[2026-04-02 05:40:00]   Task test-opt-parallel-logger: age 29585380m (timeout 120m)
[2026-04-02 05:40:00]     ⚠️  STALE (exceeded timeout)
[2026-04-02 05:40:00]   Task test-opt-parallel-error: age 29585380m (timeout 120m)
[2026-04-02 05:40:00]     ⚠️  STALE (exceeded timeout)
[2026-04-02 05:40:00]   Task audit-all-work: age 29585380m (timeout 120m)
[2026-04-02 05:40:00]     ⚠️  STALE (exceeded timeout)
[2026-04-02 05:40:01]   Task workqueue-automation: age 29585380m (timeout 120m)
[2026-04-02 05:40:01]     ⚠️  STALE (exceeded timeout)
[2026-04-02 05:40:01]   Task test-opt-analytics-opus: age 29585380m (timeout 120m)
[2026-04-02 05:40:01]     ⚠️  STALE (exceeded timeout)
[2026-04-02 05:40:01]   Task fix-trade-builder-403: age 29585380m (timeout 120m)
[2026-04-02 05:40:01]     ⚠️  STALE (exceeded timeout)
[2026-04-02 05:40:01]   Task fix-all-trade-issues: age 29585380m (timeout 120m)
[2026-04-02 05:40:01]     ⚠️  STALE (exceeded timeout)
[2026-04-02 05:40:01] Archiving 9 stale + 0 completed tasks...
[2026-04-02 05:50:00] Checking 9 active tasks...
[2026-04-02 05:50:01]   Task dogfood-qa-week4: age 29585390m (timeout 120m)
[2026-04-02 05:50:01]     ⚠️  STALE (exceeded timeout)
[2026-04-02 05:50:01]   Task fix-dogfood-week4: age 29585390m (timeout 120m)
[2026-04-02 05:50:01]     ⚠️  STALE (exceeded timeout)
[2026-04-02 05:50:01]   Task test-opt-parallel-logger: age 29585390m (timeout 120m)
[2026-04-02 05:50:01]     ⚠️  STALE (exceeded timeout)
[2026-04-02 05:50:01]   Task test-opt-parallel-error: age 29585390m (timeout 120m)
[2026-04-02 05:50:01]     ⚠️  STALE (exceeded timeout)
[2026-04-02 05:50:01]   Task audit-all-work: age 29585390m (timeout 120m)
[2026-04-02 05:50:01]     ⚠️  STALE (exceeded timeout)
[2026-04-02 05:50:01]   Task workqueue-automation: age 29585390m (timeout 120m)
[2026-04-02 05:50:01]     ⚠️  STALE (exceeded timeout)
[2026-04-02 05:50:01]   Task test-opt-analytics-opus: age 29585390m (timeout 120m)
[2026-04-02 05:50:01]     ⚠️  STALE (exceeded timeout)
[2026-04-02 05:50:01]   Task fix-trade-builder-403: age 29585390m (timeout 120m)
[2026-04-02 05:50:01]     ⚠️  STALE (exceeded timeout)
[2026-04-02 05:50:01]   Task fix-all-trade-issues: age 29585390m (timeout 120m)
[2026-04-02 05:50:01]     ⚠️  STALE (exceeded timeout)
[2026-04-02 05:50:01] Archiving 9 stale + 0 completed tasks...
[2026-04-02 06:00:01] Checking 9 active tasks...
[2026-04-02 06:00:01]   Task dogfood-qa-week4: age 29585400m (timeout 120m)
[2026-04-02 06:00:01]     ⚠️  STALE (exceeded timeout)
[2026-04-02 06:00:01]   Task fix-dogfood-week4: age 29585400m (timeout 120m)
[2026-04-02 06:00:01]     ⚠️  STALE (exceeded timeout)
[2026-04-02 06:00:01]   Task test-opt-parallel-logger: age 29585400m (timeout 120m)
[2026-04-02 06:00:01]     ⚠️  STALE (exceeded timeout)
[2026-04-02 06:00:01]   Task test-opt-parallel-error: age 29585400m (timeout 120m)
[2026-04-02 06:00:01]     ⚠️  STALE (exceeded timeout)
[2026-04-02 06:00:01]   Task audit-all-work: age 29585400m (timeout 120m)
[2026-04-02 06:00:01]     ⚠️  STALE (exceeded timeout)
[2026-04-02 06:00:01]   Task workqueue-automation: age 29585400m (timeout 120m)
[2026-04-02 06:00:01]     ⚠️  STALE (exceeded timeout)
[2026-04-02 06:00:01]   Task test-opt-analytics-opus: age 29585400m (timeout 120m)
[2026-04-02 06:00:01]     ⚠️  STALE (exceeded timeout)
[2026-04-02 06:00:01]   Task fix-trade-builder-403: age 29585400m (timeout 120m)
[2026-04-02 06:00:01]     ⚠️  STALE (exceeded timeout)
[2026-04-02 06:00:01]   Task fix-all-trade-issues: age 29585400m (timeout 120m)
[2026-04-02 06:00:01]     ⚠️  STALE (exceeded timeout)
[2026-04-02 06:00:01] Archiving 9 stale + 0 completed tasks...
[2026-04-02 06:10:00] Checking 9 active tasks...
[2026-04-02 06:10:00]   Task dogfood-qa-week4: age 29585410m (timeout 120m)
[2026-04-02 06:10:00]     ⚠️  STALE (exceeded timeout)
[2026-04-02 06:10:00]   Task fix-dogfood-week4: age 29585410m (timeout 120m)
[2026-04-02 06:10:00]     ⚠️  STALE (exceeded timeout)
[2026-04-02 06:10:00]   Task test-opt-parallel-logger: age 29585410m (timeout 120m)
[2026-04-02 06:10:00]     ⚠️  STALE (exceeded timeout)
[2026-04-02 06:10:00]   Task test-opt-parallel-error: age 29585410m (timeout 120m)
[2026-04-02 06:10:00]     ⚠️  STALE (exceeded timeout)
[2026-04-02 06:10:00]   Task audit-all-work: age 29585410m (timeout 120m)
[2026-04-02 06:10:01]     ⚠️  STALE (exceeded timeout)
[2026-04-02 06:10:01]   Task workqueue-automation: age 29585410m (timeout 120m)
[2026-04-02 06:10:01]     ⚠️  STALE (exceeded timeout)
[2026-04-02 06:10:01]   Task test-opt-analytics-opus: age 29585410m (timeout 120m)
[2026-04-02 06:10:01]     ⚠️  STALE (exceeded timeout)
[2026-04-02 06:10:01]   Task fix-trade-builder-403: age 29585410m (timeout 120m)
[2026-04-02 06:10:01]     ⚠️  STALE (exceeded timeout)
[2026-04-02 06:10:01]   Task fix-all-trade-issues: age 29585410m (timeout 120m)
[2026-04-02 06:10:01]     ⚠️  STALE (exceeded timeout)
[2026-04-02 06:10:01] Archiving 9 stale + 0 completed tasks...
[2026-04-02 06:20:00] Checking 9 active tasks...
[2026-04-02 06:20:00]   Task dogfood-qa-week4: age 29585420m (timeout 120m)
[2026-04-02 06:20:01]     ⚠️  STALE (exceeded timeout)
[2026-04-02 06:20:01]   Task fix-dogfood-week4: age 29585420m (timeout 120m)
[2026-04-02 06:20:01]     ⚠️  STALE (exceeded timeout)
[2026-04-02 06:20:01]   Task test-opt-parallel-logger: age 29585420m (timeout 120m)
[2026-04-02 06:20:01]     ⚠️  STALE (exceeded timeout)
[2026-04-02 06:20:01]   Task test-opt-parallel-error: age 29585420m (timeout 120m)
[2026-04-02 06:20:01]     ⚠️  STALE (exceeded timeout)
[2026-04-02 06:20:01]   Task audit-all-work: age 29585420m (timeout 120m)
[2026-04-02 06:20:01]     ⚠️  STALE (exceeded timeout)
[2026-04-02 06:20:01]   Task workqueue-automation: age 29585420m (timeout 120m)
[2026-04-02 06:20:01]     ⚠️  STALE (exceeded timeout)
[2026-04-02 06:20:01]   Task test-opt-analytics-opus: age 29585420m (timeout 120m)
[2026-04-02 06:20:01]     ⚠️  STALE (exceeded timeout)
[2026-04-02 06:20:01]   Task fix-trade-builder-403: age 29585420m (timeout 120m)
[2026-04-02 06:20:01]     ⚠️  STALE (exceeded timeout)
[2026-04-02 06:20:01]   Task fix-all-trade-issues: age 29585420m (timeout 120m)
[2026-04-02 06:20:01]     ⚠️  STALE (exceeded timeout)
[2026-04-02 06:20:01] Archiving 9 stale + 0 completed tasks...
[2026-04-02 06:30:01] Checking 9 active tasks...
[2026-04-02 06:30:01]   Task dogfood-qa-week4: age 29585430m (timeout 120m)
[2026-04-02 06:30:01]     ⚠️  STALE (exceeded timeout)
[2026-04-02 06:30:01]   Task fix-dogfood-week4: age 29585430m (timeout 120m)
[2026-04-02 06:30:01]     ⚠️  STALE (exceeded timeout)
[2026-04-02 06:30:01]   Task test-opt-parallel-logger: age 29585430m (timeout 120m)
[2026-04-02 06:30:01]     ⚠️  STALE (exceeded timeout)
[2026-04-02 06:30:01]   Task test-opt-parallel-error: age 29585430m (timeout 120m)
[2026-04-02 06:30:01]     ⚠️  STALE (exceeded timeout)
[2026-04-02 06:30:01]   Task audit-all-work: age 29585430m (timeout 120m)
[2026-04-02 06:30:01]     ⚠️  STALE (exceeded timeout)
[2026-04-02 06:30:01]   Task workqueue-automation: age 29585430m (timeout 120m)
[2026-04-02 06:30:01]     ⚠️  STALE (exceeded timeout)
[2026-04-02 06:30:01]   Task test-opt-analytics-opus: age 29585430m (timeout 120m)
[2026-04-02 06:30:01]     ⚠️  STALE (exceeded timeout)
[2026-04-02 06:30:01]   Task fix-trade-builder-403: age 29585430m (timeout 120m)
[2026-04-02 06:30:01]     ⚠️  STALE (exceeded timeout)
[2026-04-02 06:30:01]   Task fix-all-trade-issues: age 29585430m (timeout 120m)
[2026-04-02 06:30:01]     ⚠️  STALE (exceeded timeout)
[2026-04-02 06:30:01] Archiving 9 stale + 0 completed tasks...
[2026-04-02 06:40:00] Checking 9 active tasks...
[2026-04-02 06:40:00]   Task dogfood-qa-week4: age 29585440m (timeout 120m)
[2026-04-02 06:40:00]     ⚠️  STALE (exceeded timeout)
[2026-04-02 06:40:00]   Task fix-dogfood-week4: age 29585440m (timeout 120m)
[2026-04-02 06:40:00]     ⚠️  STALE (exceeded timeout)
[2026-04-02 06:40:00]   Task test-opt-parallel-logger: age 29585440m (timeout 120m)
[2026-04-02 06:40:00]     ⚠️  STALE (exceeded timeout)
[2026-04-02 06:40:00]   Task test-opt-parallel-error: age 29585440m (timeout 120m)
[2026-04-02 06:40:00]     ⚠️  STALE (exceeded timeout)
[2026-04-02 06:40:01]   Task audit-all-work: age 29585440m (timeout 120m)
[2026-04-02 06:40:01]     ⚠️  STALE (exceeded timeout)
[2026-04-02 06:40:01]   Task workqueue-automation: age 29585440m (timeout 120m)
[2026-04-02 06:40:01]     ⚠️  STALE (exceeded timeout)
[2026-04-02 06:40:01]   Task test-opt-analytics-opus: age 29585440m (timeout 120m)
[2026-04-02 06:40:01]     ⚠️  STALE (exceeded timeout)
[2026-04-02 06:40:01]   Task fix-trade-builder-403: age 29585440m (timeout 120m)
[2026-04-02 06:40:01]     ⚠️  STALE (exceeded timeout)
[2026-04-02 06:40:01]   Task fix-all-trade-issues: age 29585440m (timeout 120m)
[2026-04-02 06:40:01]     ⚠️  STALE (exceeded timeout)
[2026-04-02 06:40:01] Archiving 9 stale + 0 completed tasks...
[2026-04-02 06:50:01] Checking 9 active tasks...
[2026-04-02 06:50:01]   Task dogfood-qa-week4: age 29585450m (timeout 120m)
[2026-04-02 06:50:01]     ⚠️  STALE (exceeded timeout)
[2026-04-02 06:50:01]   Task fix-dogfood-week4: age 29585450m (timeout 120m)
[2026-04-02 06:50:01]     ⚠️  STALE (exceeded timeout)
[2026-04-02 06:50:01]   Task test-opt-parallel-logger: age 29585450m (timeout 120m)
[2026-04-02 06:50:01]     ⚠️  STALE (exceeded timeout)
[2026-04-02 06:50:01]   Task test-opt-parallel-error: age 29585450m (timeout 120m)
[2026-04-02 06:50:01]     ⚠️  STALE (exceeded timeout)
[2026-04-02 06:50:01]   Task audit-all-work: age 29585450m (timeout 120m)
[2026-04-02 06:50:01]     ⚠️  STALE (exceeded timeout)
[2026-04-02 06:50:01]   Task workqueue-automation: age 29585450m (timeout 120m)
[2026-04-02 06:50:01]     ⚠️  STALE (exceeded timeout)
[2026-04-02 06:50:01]   Task test-opt-analytics-opus: age 29585450m (timeout 120m)
[2026-04-02 06:50:01]     ⚠️  STALE (exceeded timeout)
[2026-04-02 06:50:01]   Task fix-trade-builder-403: age 29585450m (timeout 120m)
[2026-04-02 06:50:01]     ⚠️  STALE (exceeded timeout)
[2026-04-02 06:50:01]   Task fix-all-trade-issues: age 29585450m (timeout 120m)
[2026-04-02 06:50:01]     ⚠️  STALE (exceeded timeout)
[2026-04-02 06:50:01] Archiving 9 stale + 0 completed tasks...
[2026-04-02 07:00:00] Checking 9 active tasks...
[2026-04-02 07:00:00]   Task dogfood-qa-week4: age 29585460m (timeout 120m)
[2026-04-02 07:00:00]     ⚠️  STALE (exceeded timeout)
[2026-04-02 07:00:00]   Task fix-dogfood-week4: age 29585460m (timeout 120m)
[2026-04-02 07:00:00]     ⚠️  STALE (exceeded timeout)
[2026-04-02 07:00:00]   Task test-opt-parallel-logger: age 29585460m (timeout 120m)
[2026-04-02 07:00:00]     ⚠️  STALE (exceeded timeout)
[2026-04-02 07:00:00]   Task test-opt-parallel-error: age 29585460m (timeout 120m)
[2026-04-02 07:00:00]     ⚠️  STALE (exceeded timeout)
[2026-04-02 07:00:00]   Task audit-all-work: age 29585460m (timeout 120m)
[2026-04-02 07:00:00]     ⚠️  STALE (exceeded timeout)
[2026-04-02 07:00:00]   Task workqueue-automation: age 29585460m (timeout 120m)
[2026-04-02 07:00:00]     ⚠️  STALE (exceeded timeout)
[2026-04-02 07:00:00]   Task test-opt-analytics-opus: age 29585460m (timeout 120m)
[2026-04-02 07:00:00]     ⚠️  STALE (exceeded timeout)
[2026-04-02 07:00:00]   Task fix-trade-builder-403: age 29585460m (timeout 120m)
[2026-04-02 07:00:00]     ⚠️  STALE (exceeded timeout)
[2026-04-02 07:00:00]   Task fix-all-trade-issues: age 29585460m (timeout 120m)
[2026-04-02 07:00:00]     ⚠️  STALE (exceeded timeout)
[2026-04-02 07:00:00] Archiving 9 stale + 0 completed tasks...
[2026-04-02 07:10:00] Checking 9 active tasks...
[2026-04-02 07:10:00]   Task dogfood-qa-week4: age 29585470m (timeout 120m)
[2026-04-02 07:10:00]     ⚠️  STALE (exceeded timeout)
[2026-04-02 07:10:00]   Task fix-dogfood-week4: age 29585470m (timeout 120m)
[2026-04-02 07:10:00]     ⚠️  STALE (exceeded timeout)
[2026-04-02 07:10:00]   Task test-opt-parallel-logger: age 29585470m (timeout 120m)
[2026-04-02 07:10:00]     ⚠️  STALE (exceeded timeout)
[2026-04-02 07:10:00]   Task test-opt-parallel-error: age 29585470m (timeout 120m)
[2026-04-02 07:10:00]     ⚠️  STALE (exceeded timeout)
[2026-04-02 07:10:00]   Task audit-all-work: age 29585470m (timeout 120m)
[2026-04-02 07:10:00]     ⚠️  STALE (exceeded timeout)
[2026-04-02 07:10:00]   Task workqueue-automation: age 29585470m (timeout 120m)
[2026-04-02 07:10:00]     ⚠️  STALE (exceeded timeout)
[2026-04-02 07:10:01]   Task test-opt-analytics-opus: age 29585470m (timeout 120m)
[2026-04-02 07:10:01]     ⚠️  STALE (exceeded timeout)
[2026-04-02 07:10:01]   Task fix-trade-builder-403: age 29585470m (timeout 120m)
[2026-04-02 07:10:01]     ⚠️  STALE (exceeded timeout)
[2026-04-02 07:10:01]   Task fix-all-trade-issues: age 29585470m (timeout 120m)
[2026-04-02 07:10:01]     ⚠️  STALE (exceeded timeout)
[2026-04-02 07:10:01] Archiving 9 stale + 0 completed tasks...
[2026-04-02 07:20:00] Checking 9 active tasks...
[2026-04-02 07:20:00]   Task dogfood-qa-week4: age 29585480m (timeout 120m)
[2026-04-02 07:20:00]     ⚠️  STALE (exceeded timeout)
[2026-04-02 07:20:00]   Task fix-dogfood-week4: age 29585480m (timeout 120m)
[2026-04-02 07:20:00]     ⚠️  STALE (exceeded timeout)
[2026-04-02 07:20:01]   Task test-opt-parallel-logger: age 29585480m (timeout 120m)
[2026-04-02 07:20:01]     ⚠️  STALE (exceeded timeout)
[2026-04-02 07:20:01]   Task test-opt-parallel-error: age 29585480m (timeout 120m)
[2026-04-02 07:20:01]     ⚠️  STALE (exceeded timeout)
[2026-04-02 07:20:01]   Task audit-all-work: age 29585480m (timeout 120m)
[2026-04-02 07:20:01]     ⚠️  STALE (exceeded timeout)
[2026-04-02 07:20:01]   Task workqueue-automation: age 29585480m (timeout 120m)
[2026-04-02 07:20:01]     ⚠️  STALE (exceeded timeout)
[2026-04-02 07:20:01]   Task test-opt-analytics-opus: age 29585480m (timeout 120m)
[2026-04-02 07:20:01]     ⚠️  STALE (exceeded timeout)
[2026-04-02 07:20:01]   Task fix-trade-builder-403: age 29585480m (timeout 120m)
[2026-04-02 07:20:01]     ⚠️  STALE (exceeded timeout)
[2026-04-02 07:20:01]   Task fix-all-trade-issues: age 29585480m (timeout 120m)
[2026-04-02 07:20:01]     ⚠️  STALE (exceeded timeout)
[2026-04-02 07:20:01] Archiving 9 stale + 0 completed tasks...
[2026-04-02 07:30:01] Checking 9 active tasks...
[2026-04-02 07:30:01]   Task dogfood-qa-week4: age 29585490m (timeout 120m)
[2026-04-02 07:30:01]     ⚠️  STALE (exceeded timeout)
[2026-04-02 07:30:01]   Task fix-dogfood-week4: age 29585490m (timeout 120m)
[2026-04-02 07:30:01]     ⚠️  STALE (exceeded timeout)
[2026-04-02 07:30:01]   Task test-opt-parallel-logger: age 29585490m (timeout 120m)
[2026-04-02 07:30:01]     ⚠️  STALE (exceeded timeout)
[2026-04-02 07:30:01]   Task test-opt-parallel-error: age 29585490m (timeout 120m)
[2026-04-02 07:30:01]     ⚠️  STALE (exceeded timeout)
[2026-04-02 07:30:01]   Task audit-all-work: age 29585490m (timeout 120m)
[2026-04-02 07:30:01]     ⚠️  STALE (exceeded timeout)
[2026-04-02 07:30:01]   Task workqueue-automation: age 29585490m (timeout 120m)
[2026-04-02 07:30:01]     ⚠️  STALE (exceeded timeout)
[2026-04-02 07:30:01]   Task test-opt-analytics-opus: age 29585490m (timeout 120m)
[2026-04-02 07:30:01]     ⚠️  STALE (exceeded timeout)
[2026-04-02 07:30:01]   Task fix-trade-builder-403: age 29585490m (timeout 120m)
[2026-04-02 07:30:01]     ⚠️  STALE (exceeded timeout)
[2026-04-02 07:30:01]   Task fix-all-trade-issues: age 29585490m (timeout 120m)
[2026-04-02 07:30:01]     ⚠️  STALE (exceeded timeout)
[2026-04-02 07:30:01] Archiving 9 stale + 0 completed tasks...
[2026-04-02 07:40:00] Checking 9 active tasks...
[2026-04-02 07:40:00]   Task dogfood-qa-week4: age 29585500m (timeout 120m)
[2026-04-02 07:40:00]     ⚠️  STALE (exceeded timeout)
[2026-04-02 07:40:00]   Task fix-dogfood-week4: age 29585500m (timeout 120m)
[2026-04-02 07:40:00]     ⚠️  STALE (exceeded timeout)
[2026-04-02 07:40:00]   Task test-opt-parallel-logger: age 29585500m (timeout 120m)
[2026-04-02 07:40:00]     ⚠️  STALE (exceeded timeout)
[2026-04-02 07:40:00]   Task test-opt-parallel-error: age 29585500m (timeout 120m)
[2026-04-02 07:40:00]     ⚠️  STALE (exceeded timeout)
[2026-04-02 07:40:00]   Task audit-all-work: age 29585500m (timeout 120m)
[2026-04-02 07:40:00]     ⚠️  STALE (exceeded timeout)
[2026-04-02 07:40:00]   Task workqueue-automation: age 29585500m (timeout 120m)
[2026-04-02 07:40:00]     ⚠️  STALE (exceeded timeout)
[2026-04-02 07:40:00]   Task test-opt-analytics-opus: age 29585500m (timeout 120m)
[2026-04-02 07:40:00]     ⚠️  STALE (exceeded timeout)
[2026-04-02 07:40:00]   Task fix-trade-builder-403: age 29585500m (timeout 120m)
[2026-04-02 07:40:00]     ⚠️  STALE (exceeded timeout)
[2026-04-02 07:40:00]   Task fix-all-trade-issues: age 29585500m (timeout 120m)
[2026-04-02 07:40:00]     ⚠️  STALE (exceeded timeout)
[2026-04-02 07:40:00] Archiving 9 stale + 0 completed tasks...
[2026-04-02 07:50:00] Checking 9 active tasks...
[2026-04-02 07:50:00]   Task dogfood-qa-week4: age 29585510m (timeout 120m)
[2026-04-02 07:50:00]     ⚠️  STALE (exceeded timeout)
[2026-04-02 07:50:00]   Task fix-dogfood-week4: age 29585510m (timeout 120m)
[2026-04-02 07:50:00]     ⚠️  STALE (exceeded timeout)
[2026-04-02 07:50:00]   Task test-opt-parallel-logger: age 29585510m (timeout 120m)
[2026-04-02 07:50:00]     ⚠️  STALE (exceeded timeout)
[2026-04-02 07:50:00]   Task test-opt-parallel-error: age 29585510m (timeout 120m)
[2026-04-02 07:50:00]     ⚠️  STALE (exceeded timeout)
[2026-04-02 07:50:00]   Task audit-all-work: age 29585510m (timeout 120m)
[2026-04-02 07:50:00]     ⚠️  STALE (exceeded timeout)
[2026-04-02 07:50:00]   Task workqueue-automation: age 29585510m (timeout 120m)
[2026-04-02 07:50:00]     ⚠️  STALE (exceeded timeout)
[2026-04-02 07:50:00]   Task test-opt-analytics-opus: age 29585510m (timeout 120m)
[2026-04-02 07:50:00]     ⚠️  STALE (exceeded timeout)
[2026-04-02 07:50:01]   Task fix-trade-builder-403: age 29585510m (timeout 120m)
[2026-04-02 07:50:01]     ⚠️  STALE (exceeded timeout)
[2026-04-02 07:50:01]   Task fix-all-trade-issues: age 29585510m (timeout 120m)
[2026-04-02 07:50:01]     ⚠️  STALE (exceeded timeout)
[2026-04-02 07:50:01] Archiving 9 stale + 0 completed tasks...
[2026-04-02 08:00:00] Checking 9 active tasks...
[2026-04-02 08:00:00]   Task dogfood-qa-week4: age 29585520m (timeout 120m)
[2026-04-02 08:00:00]     ⚠️  STALE (exceeded timeout)
[2026-04-02 08:00:00]   Task fix-dogfood-week4: age 29585520m (timeout 120m)
[2026-04-02 08:00:00]     ⚠️  STALE (exceeded timeout)
[2026-04-02 08:00:00]   Task test-opt-parallel-logger: age 29585520m (timeout 120m)
[2026-04-02 08:00:00]     ⚠️  STALE (exceeded timeout)
[2026-04-02 08:00:00]   Task test-opt-parallel-error: age 29585520m (timeout 120m)
[2026-04-02 08:00:00]     ⚠️  STALE (exceeded timeout)
[2026-04-02 08:00:01]   Task audit-all-work: age 29585520m (timeout 120m)
[2026-04-02 08:00:01]     ⚠️  STALE (exceeded timeout)
[2026-04-02 08:00:01]   Task workqueue-automation: age 29585520m (timeout 120m)
[2026-04-02 08:00:01]     ⚠️  STALE (exceeded timeout)
[2026-04-02 08:00:01]   Task test-opt-analytics-opus: age 29585520m (timeout 120m)
[2026-04-02 08:00:01]     ⚠️  STALE (exceeded timeout)
[2026-04-02 08:00:01]   Task fix-trade-builder-403: age 29585520m (timeout 120m)
[2026-04-02 08:00:01]     ⚠️  STALE (exceeded timeout)
[2026-04-02 08:00:01]   Task fix-all-trade-issues: age 29585520m (timeout 120m)
[2026-04-02 08:00:01]     ⚠️  STALE (exceeded timeout)
[2026-04-02 08:00:01] Archiving 9 stale + 0 completed tasks...
[2026-04-02 08:10:00] Checking 9 active tasks...
[2026-04-02 08:10:01]   Task dogfood-qa-week4: age 29585530m (timeout 120m)
[2026-04-02 08:10:01]     ⚠️  STALE (exceeded timeout)
[2026-04-02 08:10:01]   Task fix-dogfood-week4: age 29585530m (timeout 120m)
[2026-04-02 08:10:01]     ⚠️  STALE (exceeded timeout)
[2026-04-02 08:10:01]   Task test-opt-parallel-logger: age 29585530m (timeout 120m)
[2026-04-02 08:10:01]     ⚠️  STALE (exceeded timeout)
[2026-04-02 08:10:01]   Task test-opt-parallel-error: age 29585530m (timeout 120m)
[2026-04-02 08:10:01]     ⚠️  STALE (exceeded timeout)
[2026-04-02 08:10:01]   Task audit-all-work: age 29585530m (timeout 120m)
[2026-04-02 08:10:01]     ⚠️  STALE (exceeded timeout)
[2026-04-02 08:10:01]   Task workqueue-automation: age 29585530m (timeout 120m)
[2026-04-02 08:10:01]     ⚠️  STALE (exceeded timeout)
[2026-04-02 08:10:01]   Task test-opt-analytics-opus: age 29585530m (timeout 120m)
[2026-04-02 08:10:01]     ⚠️  STALE (exceeded timeout)
[2026-04-02 08:10:01]   Task fix-trade-builder-403: age 29585530m (timeout 120m)
[2026-04-02 08:10:01]     ⚠️  STALE (exceeded timeout)
[2026-04-02 08:10:01]   Task fix-all-trade-issues: age 29585530m (timeout 120m)
[2026-04-02 08:10:01]     ⚠️  STALE (exceeded timeout)
[2026-04-02 08:10:01] Archiving 9 stale + 0 completed tasks...
[2026-04-02 08:20:00] Checking 9 active tasks...
[2026-04-02 08:20:00]   Task dogfood-qa-week4: age 29585540m (timeout 120m)
[2026-04-02 08:20:00]     ⚠️  STALE (exceeded timeout)
[2026-04-02 08:20:00]   Task fix-dogfood-week4: age 29585540m (timeout 120m)
[2026-04-02 08:20:00]     ⚠️  STALE (exceeded timeout)
[2026-04-02 08:20:00]   Task test-opt-parallel-logger: age 29585540m (timeout 120m)
[2026-04-02 08:20:00]     ⚠️  STALE (exceeded timeout)
[2026-04-02 08:20:00]   Task test-opt-parallel-error: age 29585540m (timeout 120m)
[2026-04-02 08:20:00]     ⚠️  STALE (exceeded timeout)
[2026-04-02 08:20:00]   Task audit-all-work: age 29585540m (timeout 120m)
[2026-04-02 08:20:00]     ⚠️  STALE (exceeded timeout)
[2026-04-02 08:20:00]   Task workqueue-automation: age 29585540m (timeout 120m)
[2026-04-02 08:20:00]     ⚠️  STALE (exceeded timeout)
[2026-04-02 08:20:00]   Task test-opt-analytics-opus: age 29585540m (timeout 120m)
[2026-04-02 08:20:00]     ⚠️  STALE (exceeded timeout)
[2026-04-02 08:20:00]   Task fix-trade-builder-403: age 29585540m (timeout 120m)
[2026-04-02 08:20:00]     ⚠️  STALE (exceeded timeout)
[2026-04-02 08:20:00]   Task fix-all-trade-issues: age 29585540m (timeout 120m)
[2026-04-02 08:20:00]     ⚠️  STALE (exceeded timeout)
[2026-04-02 08:20:00] Archiving 9 stale + 0 completed tasks...
[2026-04-02 08:30:00] Checking 9 active tasks...
[2026-04-02 08:30:00]   Task dogfood-qa-week4: age 29585550m (timeout 120m)
[2026-04-02 08:30:00]     ⚠️  STALE (exceeded timeout)
[2026-04-02 08:30:00]   Task fix-dogfood-week4: age 29585550m (timeout 120m)
[2026-04-02 08:30:00]     ⚠️  STALE (exceeded timeout)
[2026-04-02 08:30:00]   Task test-opt-parallel-logger: age 29585550m (timeout 120m)
[2026-04-02 08:30:00]     ⚠️  STALE (exceeded timeout)
[2026-04-02 08:30:00]   Task test-opt-parallel-error: age 29585550m (timeout 120m)
[2026-04-02 08:30:00]     ⚠️  STALE (exceeded timeout)
[2026-04-02 08:30:00]   Task audit-all-work: age 29585550m (timeout 120m)
[2026-04-02 08:30:00]     ⚠️  STALE (exceeded timeout)
[2026-04-02 08:30:00]   Task workqueue-automation: age 29585550m (timeout 120m)
[2026-04-02 08:30:00]     ⚠️  STALE (exceeded timeout)
[2026-04-02 08:30:00]   Task test-opt-analytics-opus: age 29585550m (timeout 120m)
[2026-04-02 08:30:00]     ⚠️  STALE (exceeded timeout)
[2026-04-02 08:30:00]   Task fix-trade-builder-403: age 29585550m (timeout 120m)
[2026-04-02 08:30:00]     ⚠️  STALE (exceeded timeout)
[2026-04-02 08:30:00]   Task fix-all-trade-issues: age 29585550m (timeout 120m)
[2026-04-02 08:30:00]     ⚠️  STALE (exceeded timeout)
[2026-04-02 08:30:00] Archiving 9 stale + 0 completed tasks...
[2026-04-02 08:40:00] Checking 9 active tasks...
[2026-04-02 08:40:00]   Task dogfood-qa-week4: age 29585560m (timeout 120m)
[2026-04-02 08:40:00]     ⚠️  STALE (exceeded timeout)
[2026-04-02 08:40:00]   Task fix-dogfood-week4: age 29585560m (timeout 120m)
[2026-04-02 08:40:00]     ⚠️  STALE (exceeded timeout)
[2026-04-02 08:40:00]   Task test-opt-parallel-logger: age 29585560m (timeout 120m)
[2026-04-02 08:40:00]     ⚠️  STALE (exceeded timeout)
[2026-04-02 08:40:00]   Task test-opt-parallel-error: age 29585560m (timeout 120m)
[2026-04-02 08:40:00]     ⚠️  STALE (exceeded timeout)
[2026-04-02 08:40:01]   Task audit-all-work: age 29585560m (timeout 120m)
[2026-04-02 08:40:01]     ⚠️  STALE (exceeded timeout)
[2026-04-02 08:40:01]   Task workqueue-automation: age 29585560m (timeout 120m)
[2026-04-02 08:40:01]     ⚠️  STALE (exceeded timeout)
[2026-04-02 08:40:01]   Task test-opt-analytics-opus: age 29585560m (timeout 120m)
[2026-04-02 08:40:01]     ⚠️  STALE (exceeded timeout)
[2026-04-02 08:40:01]   Task fix-trade-builder-403: age 29585560m (timeout 120m)
[2026-04-02 08:40:01]     ⚠️  STALE (exceeded timeout)
[2026-04-02 08:40:01]   Task fix-all-trade-issues: age 29585560m (timeout 120m)
[2026-04-02 08:40:01]     ⚠️  STALE (exceeded timeout)
[2026-04-02 08:40:01] Archiving 9 stale + 0 completed tasks...
[2026-04-02 08:50:00] Checking 9 active tasks...
[2026-04-02 08:50:00]   Task dogfood-qa-week4: age 29585570m (timeout 120m)
[2026-04-02 08:50:00]     ⚠️  STALE (exceeded timeout)
[2026-04-02 08:50:01]   Task fix-dogfood-week4: age 29585570m (timeout 120m)
[2026-04-02 08:50:01]     ⚠️  STALE (exceeded timeout)
[2026-04-02 08:50:01]   Task test-opt-parallel-logger: age 29585570m (timeout 120m)
[2026-04-02 08:50:01]     ⚠️  STALE (exceeded timeout)
[2026-04-02 08:50:01]   Task test-opt-parallel-error: age 29585570m (timeout 120m)
[2026-04-02 08:50:01]     ⚠️  STALE (exceeded timeout)
[2026-04-02 08:50:01]   Task audit-all-work: age 29585570m (timeout 120m)
[2026-04-02 08:50:01]     ⚠️  STALE (exceeded timeout)
[2026-04-02 08:50:01]   Task workqueue-automation: age 29585570m (timeout 120m)
[2026-04-02 08:50:01]     ⚠️  STALE (exceeded timeout)
[2026-04-02 08:50:01]   Task test-opt-analytics-opus: age 29585570m (timeout 120m)
[2026-04-02 08:50:01]     ⚠️  STALE (exceeded timeout)
[2026-04-02 08:50:01]   Task fix-trade-builder-403: age 29585570m (timeout 120m)
[2026-04-02 08:50:01]     ⚠️  STALE (exceeded timeout)
[2026-04-02 08:50:01]   Task fix-all-trade-issues: age 29585570m (timeout 120m)
[2026-04-02 08:50:01]     ⚠️  STALE (exceeded timeout)
[2026-04-02 08:50:01] Archiving 9 stale + 0 completed tasks...
[2026-04-02 09:00:00] Checking 9 active tasks...
[2026-04-02 09:00:01]   Task dogfood-qa-week4: age 29585580m (timeout 120m)
[2026-04-02 09:00:01]     ⚠️  STALE (exceeded timeout)
[2026-04-02 09:00:01]   Task fix-dogfood-week4: age 29585580m (timeout 120m)
[2026-04-02 09:00:01]     ⚠️  STALE (exceeded timeout)
[2026-04-02 09:00:01]   Task test-opt-parallel-logger: age 29585580m (timeout 120m)
[2026-04-02 09:00:01]     ⚠️  STALE (exceeded timeout)
[2026-04-02 09:00:01]   Task test-opt-parallel-error: age 29585580m (timeout 120m)
[2026-04-02 09:00:01]     ⚠️  STALE (exceeded timeout)
[2026-04-02 09:00:01]   Task audit-all-work: age 29585580m (timeout 120m)
[2026-04-02 09:00:01]     ⚠️  STALE (exceeded timeout)
[2026-04-02 09:00:01]   Task workqueue-automation: age 29585580m (timeout 120m)
[2026-04-02 09:00:01]     ⚠️  STALE (exceeded timeout)
[2026-04-02 09:00:01]   Task test-opt-analytics-opus: age 29585580m (timeout 120m)
[2026-04-02 09:00:01]     ⚠️  STALE (exceeded timeout)
[2026-04-02 09:00:01]   Task fix-trade-builder-403: age 29585580m (timeout 120m)
[2026-04-02 09:00:01]     ⚠️  STALE (exceeded timeout)
[2026-04-02 09:00:01]   Task fix-all-trade-issues: age 29585580m (timeout 120m)
[2026-04-02 09:00:01]     ⚠️  STALE (exceeded timeout)
[2026-04-02 09:00:01] Archiving 9 stale + 0 completed tasks...
[2026-04-02 09:10:00] Checking 9 active tasks...
[2026-04-02 09:10:00]   Task dogfood-qa-week4: age 29585590m (timeout 120m)
[2026-04-02 09:10:00]     ⚠️  STALE (exceeded timeout)
[2026-04-02 09:10:00]   Task fix-dogfood-week4: age 29585590m (timeout 120m)
[2026-04-02 09:10:00]     ⚠️  STALE (exceeded timeout)
[2026-04-02 09:10:00]   Task test-opt-parallel-logger: age 29585590m (timeout 120m)
[2026-04-02 09:10:00]     ⚠️  STALE (exceeded timeout)
[2026-04-02 09:10:00]   Task test-opt-parallel-error: age 29585590m (timeout 120m)
[2026-04-02 09:10:00]     ⚠️  STALE (exceeded timeout)
[2026-04-02 09:10:00]   Task audit-all-work: age 29585590m (timeout 120m)
[2026-04-02 09:10:00]     ⚠️  STALE (exceeded timeout)
[2026-04-02 09:10:00]   Task workqueue-automation: age 29585590m (timeout 120m)
[2026-04-02 09:10:00]     ⚠️  STALE (exceeded timeout)
[2026-04-02 09:10:00]   Task test-opt-analytics-opus: age 29585590m (timeout 120m)
[2026-04-02 09:10:00]     ⚠️  STALE (exceeded timeout)
[2026-04-02 09:10:01]   Task fix-trade-builder-403: age 29585590m (timeout 120m)
[2026-04-02 09:10:01]     ⚠️  STALE (exceeded timeout)
[2026-04-02 09:10:01]   Task fix-all-trade-issues: age 29585590m (timeout 120m)
[2026-04-02 09:10:01]     ⚠️  STALE (exceeded timeout)
[2026-04-02 09:10:01] Archiving 9 stale + 0 completed tasks...
[2026-04-02 09:20:00] Checking 9 active tasks...
[2026-04-02 09:20:00]   Task dogfood-qa-week4: age 29585600m (timeout 120m)
[2026-04-02 09:20:00]     ⚠️  STALE (exceeded timeout)
[2026-04-02 09:20:00]   Task fix-dogfood-week4: age 29585600m (timeout 120m)
[2026-04-02 09:20:00]     ⚠️  STALE (exceeded timeout)
[2026-04-02 09:20:00]   Task test-opt-parallel-logger: age 29585600m (timeout 120m)
[2026-04-02 09:20:00]     ⚠️  STALE (exceeded timeout)
[2026-04-02 09:20:01]   Task test-opt-parallel-error: age 29585600m (timeout 120m)
[2026-04-02 09:20:01]     ⚠️  STALE (exceeded timeout)
[2026-04-02 09:20:01]   Task audit-all-work: age 29585600m (timeout 120m)
[2026-04-02 09:20:01]     ⚠️  STALE (exceeded timeout)
[2026-04-02 09:20:01]   Task workqueue-automation: age 29585600m (timeout 120m)
[2026-04-02 09:20:01]     ⚠️  STALE (exceeded timeout)
[2026-04-02 09:20:01]   Task test-opt-analytics-opus: age 29585600m (timeout 120m)
[2026-04-02 09:20:01]     ⚠️  STALE (exceeded timeout)
[2026-04-02 09:20:01]   Task fix-trade-builder-403: age 29585600m (timeout 120m)
[2026-04-02 09:20:01]     ⚠️  STALE (exceeded timeout)
[2026-04-02 09:20:01]   Task fix-all-trade-issues: age 29585600m (timeout 120m)
[2026-04-02 09:20:01]     ⚠️  STALE (exceeded timeout)
[2026-04-02 09:20:01] Archiving 9 stale + 0 completed tasks...
[2026-04-02 09:30:00] Checking 9 active tasks...
[2026-04-02 09:30:00]   Task dogfood-qa-week4: age 29585610m (timeout 120m)
[2026-04-02 09:30:00]     ⚠️  STALE (exceeded timeout)
[2026-04-02 09:30:00]   Task fix-dogfood-week4: age 29585610m (timeout 120m)
[2026-04-02 09:30:00]     ⚠️  STALE (exceeded timeout)
[2026-04-02 09:30:00]   Task test-opt-parallel-logger: age 29585610m (timeout 120m)
[2026-04-02 09:30:00]     ⚠️  STALE (exceeded timeout)
[2026-04-02 09:30:00]   Task test-opt-parallel-error: age 29585610m (timeout 120m)
[2026-04-02 09:30:00]     ⚠️  STALE (exceeded timeout)
[2026-04-02 09:30:00]   Task audit-all-work: age 29585610m (timeout 120m)
[2026-04-02 09:30:00]     ⚠️  STALE (exceeded timeout)
[2026-04-02 09:30:00]   Task workqueue-automation: age 29585610m (timeout 120m)
[2026-04-02 09:30:00]     ⚠️  STALE (exceeded timeout)
[2026-04-02 09:30:01]   Task test-opt-analytics-opus: age 29585610m (timeout 120m)
[2026-04-02 09:30:01]     ⚠️  STALE (exceeded timeout)
[2026-04-02 09:30:01]   Task fix-trade-builder-403: age 29585610m (timeout 120m)
[2026-04-02 09:30:01]     ⚠️  STALE (exceeded timeout)
[2026-04-02 09:30:01]   Task fix-all-trade-issues: age 29585610m (timeout 120m)
[2026-04-02 09:30:01]     ⚠️  STALE (exceeded timeout)
[2026-04-02 09:30:01] Archiving 9 stale + 0 completed tasks...
[2026-04-02 09:40:00] Checking 9 active tasks...
[2026-04-02 09:40:00]   Task dogfood-qa-week4: age 29585620m (timeout 120m)
[2026-04-02 09:40:00]     ⚠️  STALE (exceeded timeout)
[2026-04-02 09:40:00]   Task fix-dogfood-week4: age 29585620m (timeout 120m)
[2026-04-02 09:40:00]     ⚠️  STALE (exceeded timeout)
[2026-04-02 09:40:00]   Task test-opt-parallel-logger: age 29585620m (timeout 120m)
[2026-04-02 09:40:00]     ⚠️  STALE (exceeded timeout)
[2026-04-02 09:40:00]   Task test-opt-parallel-error: age 29585620m (timeout 120m)
[2026-04-02 09:40:00]     ⚠️  STALE (exceeded timeout)
[2026-04-02 09:40:00]   Task audit-all-work: age 29585620m (timeout 120m)
[2026-04-02 09:40:00]     ⚠️  STALE (exceeded timeout)
[2026-04-02 09:40:01]   Task workqueue-automation: age 29585620m (timeout 120m)
[2026-04-02 09:40:01]     ⚠️  STALE (exceeded timeout)
[2026-04-02 09:40:01]   Task test-opt-analytics-opus: age 29585620m (timeout 120m)
[2026-04-02 09:40:01]     ⚠️  STALE (exceeded timeout)
[2026-04-02 09:40:01]   Task fix-trade-builder-403: age 29585620m (timeout 120m)
[2026-04-02 09:40:01]     ⚠️  STALE (exceeded timeout)
[2026-04-02 09:40:01]   Task fix-all-trade-issues: age 29585620m (timeout 120m)
[2026-04-02 09:40:01]     ⚠️  STALE (exceeded timeout)
[2026-04-02 09:40:01] Archiving 9 stale + 0 completed tasks...
[2026-04-02 09:50:00] Checking 9 active tasks...
[2026-04-02 09:50:00]   Task dogfood-qa-week4: age 29585630m (timeout 120m)
[2026-04-02 09:50:00]     ⚠️  STALE (exceeded timeout)
[2026-04-02 09:50:00]   Task fix-dogfood-week4: age 29585630m (timeout 120m)
[2026-04-02 09:50:00]     ⚠️  STALE (exceeded timeout)
[2026-04-02 09:50:00]   Task test-opt-parallel-logger: age 29585630m (timeout 120m)
[2026-04-02 09:50:00]     ⚠️  STALE (exceeded timeout)
[2026-04-02 09:50:00]   Task test-opt-parallel-error: age 29585630m (timeout 120m)
[2026-04-02 09:50:00]     ⚠️  STALE (exceeded timeout)
[2026-04-02 09:50:00]   Task audit-all-work: age 29585630m (timeout 120m)
[2026-04-02 09:50:00]     ⚠️  STALE (exceeded timeout)
[2026-04-02 09:50:00]   Task workqueue-automation: age 29585630m (timeout 120m)
[2026-04-02 09:50:00]     ⚠️  STALE (exceeded timeout)
[2026-04-02 09:50:00]   Task test-opt-analytics-opus: age 29585630m (timeout 120m)
[2026-04-02 09:50:00]     ⚠️  STALE (exceeded timeout)
[2026-04-02 09:50:00]   Task fix-trade-builder-403: age 29585630m (timeout 120m)
[2026-04-02 09:50:00]     ⚠️  STALE (exceeded timeout)
[2026-04-02 09:50:00]   Task fix-all-trade-issues: age 29585630m (timeout 120m)
[2026-04-02 09:50:00]     ⚠️  STALE (exceeded timeout)
[2026-04-02 09:50:00] Archiving 9 stale + 0 completed tasks...
[2026-04-02 10:00:01] Checking 9 active tasks...
[2026-04-02 10:00:01]   Task dogfood-qa-week4: age 29585640m (timeout 120m)
[2026-04-02 10:00:01]     ⚠️  STALE (exceeded timeout)
[2026-04-02 10:00:01]   Task fix-dogfood-week4: age 29585640m (timeout 120m)
[2026-04-02 10:00:01]     ⚠️  STALE (exceeded timeout)
[2026-04-02 10:00:01]   Task test-opt-parallel-logger: age 29585640m (timeout 120m)
[2026-04-02 10:00:01]     ⚠️  STALE (exceeded timeout)
[2026-04-02 10:00:01]   Task test-opt-parallel-error: age 29585640m (timeout 120m)
[2026-04-02 10:00:01]     ⚠️  STALE (exceeded timeout)
[2026-04-02 10:00:01]   Task audit-all-work: age 29585640m (timeout 120m)
[2026-04-02 10:00:01]     ⚠️  STALE (exceeded timeout)
[2026-04-02 10:00:01]   Task workqueue-automation: age 29585640m (timeout 120m)
[2026-04-02 10:00:01]     ⚠️  STALE (exceeded timeout)
[2026-04-02 10:00:01]   Task test-opt-analytics-opus: age 29585640m (timeout 120m)
[2026-04-02 10:00:01]     ⚠️  STALE (exceeded timeout)
[2026-04-02 10:00:01]   Task fix-trade-builder-403: age 29585640m (timeout 120m)
[2026-04-02 10:00:01]     ⚠️  STALE (exceeded timeout)
[2026-04-02 10:00:01]   Task fix-all-trade-issues: age 29585640m (timeout 120m)
[2026-04-02 10:00:01]     ⚠️  STALE (exceeded timeout)
[2026-04-02 10:00:01] Archiving 9 stale + 0 completed tasks...
[2026-04-02 10:10:00] Checking 9 active tasks...
[2026-04-02 10:10:00]   Task dogfood-qa-week4: age 29585650m (timeout 120m)
[2026-04-02 10:10:00]     ⚠️  STALE (exceeded timeout)
[2026-04-02 10:10:00]   Task fix-dogfood-week4: age 29585650m (timeout 120m)
[2026-04-02 10:10:00]     ⚠️  STALE (exceeded timeout)
[2026-04-02 10:10:00]   Task test-opt-parallel-logger: age 29585650m (timeout 120m)
[2026-04-02 10:10:00]     ⚠️  STALE (exceeded timeout)
[2026-04-02 10:10:01]   Task test-opt-parallel-error: age 29585650m (timeout 120m)
[2026-04-02 10:10:01]     ⚠️  STALE (exceeded timeout)
[2026-04-02 10:10:01]   Task audit-all-work: age 29585650m (timeout 120m)
[2026-04-02 10:10:01]     ⚠️  STALE (exceeded timeout)
[2026-04-02 10:10:01]   Task workqueue-automation: age 29585650m (timeout 120m)
[2026-04-02 10:10:01]     ⚠️  STALE (exceeded timeout)
[2026-04-02 10:10:01]   Task test-opt-analytics-opus: age 29585650m (timeout 120m)
[2026-04-02 10:10:01]     ⚠️  STALE (exceeded timeout)
[2026-04-02 10:10:01]   Task fix-trade-builder-403: age 29585650m (timeout 120m)
[2026-04-02 10:10:01]     ⚠️  STALE (exceeded timeout)
[2026-04-02 10:10:01]   Task fix-all-trade-issues: age 29585650m (timeout 120m)
[2026-04-02 10:10:01]     ⚠️  STALE (exceeded timeout)
[2026-04-02 10:10:01] Archiving 9 stale + 0 completed tasks...
[2026-04-02 10:20:00] Checking 9 active tasks...
[2026-04-02 10:20:01]   Task dogfood-qa-week4: age 29585660m (timeout 120m)
[2026-04-02 10:20:01]     ⚠️  STALE (exceeded timeout)
[2026-04-02 10:20:01]   Task fix-dogfood-week4: age 29585660m (timeout 120m)
[2026-04-02 10:20:01]     ⚠️  STALE (exceeded timeout)
[2026-04-02 10:20:01]   Task test-opt-parallel-logger: age 29585660m (timeout 120m)
[2026-04-02 10:20:01]     ⚠️  STALE (exceeded timeout)
[2026-04-02 10:20:01]   Task test-opt-parallel-error: age 29585660m (timeout 120m)
[2026-04-02 10:20:01]     ⚠️  STALE (exceeded timeout)
[2026-04-02 10:20:01]   Task audit-all-work: age 29585660m (timeout 120m)
[2026-04-02 10:20:01]     ⚠️  STALE (exceeded timeout)
[2026-04-02 10:20:01]   Task workqueue-automation: age 29585660m (timeout 120m)
[2026-04-02 10:20:01]     ⚠️  STALE (exceeded timeout)
[2026-04-02 10:20:01]   Task test-opt-analytics-opus: age 29585660m (timeout 120m)
[2026-04-02 10:20:01]     ⚠️  STALE (exceeded timeout)
[2026-04-02 10:20:01]   Task fix-trade-builder-403: age 29585660m (timeout 120m)
[2026-04-02 10:20:01]     ⚠️  STALE (exceeded timeout)
[2026-04-02 10:20:01]   Task fix-all-trade-issues: age 29585660m (timeout 120m)
[2026-04-02 10:20:01]     ⚠️  STALE (exceeded timeout)
[2026-04-02 10:20:01] Archiving 9 stale + 0 completed tasks...
[2026-04-02 10:30:00] Checking 9 active tasks...
[2026-04-02 10:30:00]   Task dogfood-qa-week4: age 29585670m (timeout 120m)
[2026-04-02 10:30:00]     ⚠️  STALE (exceeded timeout)
[2026-04-02 10:30:00]   Task fix-dogfood-week4: age 29585670m (timeout 120m)
[2026-04-02 10:30:00]     ⚠️  STALE (exceeded timeout)
[2026-04-02 10:30:00]   Task test-opt-parallel-logger: age 29585670m (timeout 120m)
[2026-04-02 10:30:00]     ⚠️  STALE (exceeded timeout)
[2026-04-02 10:30:00]   Task test-opt-parallel-error: age 29585670m (timeout 120m)
[2026-04-02 10:30:00]     ⚠️  STALE (exceeded timeout)
[2026-04-02 10:30:00]   Task audit-all-work: age 29585670m (timeout 120m)
[2026-04-02 10:30:00]     ⚠️  STALE (exceeded timeout)
[2026-04-02 10:30:00]   Task workqueue-automation: age 29585670m (timeout 120m)
[2026-04-02 10:30:00]     ⚠️  STALE (exceeded timeout)
[2026-04-02 10:30:01]   Task test-opt-analytics-opus: age 29585670m (timeout 120m)
[2026-04-02 10:30:01]     ⚠️  STALE (exceeded timeout)
[2026-04-02 10:30:01]   Task fix-trade-builder-403: age 29585670m (timeout 120m)
[2026-04-02 10:30:01]     ⚠️  STALE (exceeded timeout)
[2026-04-02 10:30:01]   Task fix-all-trade-issues: age 29585670m (timeout 120m)
[2026-04-02 10:30:01]     ⚠️  STALE (exceeded timeout)
[2026-04-02 10:30:01] Archiving 9 stale + 0 completed tasks...
[2026-04-02 10:40:00] Checking 9 active tasks...
[2026-04-02 10:40:00]   Task dogfood-qa-week4: age 29585680m (timeout 120m)
[2026-04-02 10:40:00]     ⚠️  STALE (exceeded timeout)
[2026-04-02 10:40:00]   Task fix-dogfood-week4: age 29585680m (timeout 120m)
[2026-04-02 10:40:00]     ⚠️  STALE (exceeded timeout)
[2026-04-02 10:40:00]   Task test-opt-parallel-logger: age 29585680m (timeout 120m)
[2026-04-02 10:40:00]     ⚠️  STALE (exceeded timeout)
[2026-04-02 10:40:01]   Task test-opt-parallel-error: age 29585680m (timeout 120m)
[2026-04-02 10:40:01]     ⚠️  STALE (exceeded timeout)
[2026-04-02 10:40:01]   Task audit-all-work: age 29585680m (timeout 120m)
[2026-04-02 10:40:01]     ⚠️  STALE (exceeded timeout)
[2026-04-02 10:40:01]   Task workqueue-automation: age 29585680m (timeout 120m)
[2026-04-02 10:40:01]     ⚠️  STALE (exceeded timeout)
[2026-04-02 10:40:01]   Task test-opt-analytics-opus: age 29585680m (timeout 120m)
[2026-04-02 10:40:01]     ⚠️  STALE (exceeded timeout)
[2026-04-02 10:40:01]   Task fix-trade-builder-403: age 29585680m (timeout 120m)
[2026-04-02 10:40:01]     ⚠️  STALE (exceeded timeout)
[2026-04-02 10:40:01]   Task fix-all-trade-issues: age 29585680m (timeout 120m)
[2026-04-02 10:40:01]     ⚠️  STALE (exceeded timeout)
[2026-04-02 10:40:01] Archiving 9 stale + 0 completed tasks...
[2026-04-02 10:50:01] Checking 9 active tasks...
[2026-04-02 10:50:01]   Task dogfood-qa-week4: age 29585690m (timeout 120m)
[2026-04-02 10:50:01]     ⚠️  STALE (exceeded timeout)
[2026-04-02 10:50:01]   Task fix-dogfood-week4: age 29585690m (timeout 120m)
[2026-04-02 10:50:01]     ⚠️  STALE (exceeded timeout)
[2026-04-02 10:50:01]   Task test-opt-parallel-logger: age 29585690m (timeout 120m)
[2026-04-02 10:50:01]     ⚠️  STALE (exceeded timeout)
[2026-04-02 10:50:01]   Task test-opt-parallel-error: age 29585690m (timeout 120m)
[2026-04-02 10:50:01]     ⚠️  STALE (exceeded timeout)
[2026-04-02 10:50:01]   Task audit-all-work: age 29585690m (timeout 120m)
[2026-04-02 10:50:01]     ⚠️  STALE (exceeded timeout)
[2026-04-02 10:50:01]   Task workqueue-automation: age 29585690m (timeout 120m)
[2026-04-02 10:50:01]     ⚠️  STALE (exceeded timeout)
[2026-04-02 10:50:01]   Task test-opt-analytics-opus: age 29585690m (timeout 120m)
[2026-04-02 10:50:01]     ⚠️  STALE (exceeded timeout)
[2026-04-02 10:50:01]   Task fix-trade-builder-403: age 29585690m (timeout 120m)
[2026-04-02 10:50:01]     ⚠️  STALE (exceeded timeout)
[2026-04-02 10:50:01]   Task fix-all-trade-issues: age 29585690m (timeout 120m)
[2026-04-02 10:50:01]     ⚠️  STALE (exceeded timeout)
[2026-04-02 10:50:01] Archiving 9 stale + 0 completed tasks...
[2026-04-02 11:00:01] Checking 9 active tasks...
[2026-04-02 11:00:01]   Task dogfood-qa-week4: age 29585700m (timeout 120m)
[2026-04-02 11:00:01]     ⚠️  STALE (exceeded timeout)
[2026-04-02 11:00:01]   Task fix-dogfood-week4: age 29585700m (timeout 120m)
[2026-04-02 11:00:01]     ⚠️  STALE (exceeded timeout)
[2026-04-02 11:00:01]   Task test-opt-parallel-logger: age 29585700m (timeout 120m)
[2026-04-02 11:00:01]     ⚠️  STALE (exceeded timeout)
[2026-04-02 11:00:01]   Task test-opt-parallel-error: age 29585700m (timeout 120m)
[2026-04-02 11:00:01]     ⚠️  STALE (exceeded timeout)
[2026-04-02 11:00:01]   Task audit-all-work: age 29585700m (timeout 120m)
[2026-04-02 11:00:01]     ⚠️  STALE (exceeded timeout)
[2026-04-02 11:00:01]   Task workqueue-automation: age 29585700m (timeout 120m)
[2026-04-02 11:00:01]     ⚠️  STALE (exceeded timeout)
[2026-04-02 11:00:01]   Task test-opt-analytics-opus: age 29585700m (timeout 120m)
[2026-04-02 11:00:01]     ⚠️  STALE (exceeded timeout)
[2026-04-02 11:00:01]   Task fix-trade-builder-403: age 29585700m (timeout 120m)
[2026-04-02 11:00:01]     ⚠️  STALE (exceeded timeout)
[2026-04-02 11:00:01]   Task fix-all-trade-issues: age 29585700m (timeout 120m)
[2026-04-02 11:00:01]     ⚠️  STALE (exceeded timeout)
[2026-04-02 11:00:01] Archiving 9 stale + 0 completed tasks...
[2026-04-02 11:10:00] Checking 9 active tasks...
[2026-04-02 11:10:00]   Task dogfood-qa-week4: age 29585710m (timeout 120m)
[2026-04-02 11:10:00]     ⚠️  STALE (exceeded timeout)
[2026-04-02 11:10:01]   Task fix-dogfood-week4: age 29585710m (timeout 120m)
[2026-04-02 11:10:01]     ⚠️  STALE (exceeded timeout)
[2026-04-02 11:10:01]   Task test-opt-parallel-logger: age 29585710m (timeout 120m)
[2026-04-02 11:10:01]     ⚠️  STALE (exceeded timeout)
[2026-04-02 11:10:01]   Task test-opt-parallel-error: age 29585710m (timeout 120m)
[2026-04-02 11:10:01]     ⚠️  STALE (exceeded timeout)
[2026-04-02 11:10:01]   Task audit-all-work: age 29585710m (timeout 120m)
[2026-04-02 11:10:01]     ⚠️  STALE (exceeded timeout)
[2026-04-02 11:10:01]   Task workqueue-automation: age 29585710m (timeout 120m)
[2026-04-02 11:10:01]     ⚠️  STALE (exceeded timeout)
[2026-04-02 11:10:01]   Task test-opt-analytics-opus: age 29585710m (timeout 120m)
[2026-04-02 11:10:01]     ⚠️  STALE (exceeded timeout)
[2026-04-02 11:10:01]   Task fix-trade-builder-403: age 29585710m (timeout 120m)
[2026-04-02 11:10:01]     ⚠️  STALE (exceeded timeout)
[2026-04-02 11:10:01]   Task fix-all-trade-issues: age 29585710m (timeout 120m)
[2026-04-02 11:10:01]     ⚠️  STALE (exceeded timeout)
[2026-04-02 11:10:01] Archiving 9 stale + 0 completed tasks...
[2026-04-02 11:20:00] Checking 9 active tasks...
[2026-04-02 11:20:00]   Task dogfood-qa-week4: age 29585720m (timeout 120m)
[2026-04-02 11:20:00]     ⚠️  STALE (exceeded timeout)
[2026-04-02 11:20:00]   Task fix-dogfood-week4: age 29585720m (timeout 120m)
[2026-04-02 11:20:00]     ⚠️  STALE (exceeded timeout)
[2026-04-02 11:20:01]   Task test-opt-parallel-logger: age 29585720m (timeout 120m)
[2026-04-02 11:20:01]     ⚠️  STALE (exceeded timeout)
[2026-04-02 11:20:01]   Task test-opt-parallel-error: age 29585720m (timeout 120m)
[2026-04-02 11:20:01]     ⚠️  STALE (exceeded timeout)
[2026-04-02 11:20:01]   Task audit-all-work: age 29585720m (timeout 120m)
[2026-04-02 11:20:01]     ⚠️  STALE (exceeded timeout)
[2026-04-02 11:20:01]   Task workqueue-automation: age 29585720m (timeout 120m)
[2026-04-02 11:20:01]     ⚠️  STALE (exceeded timeout)
[2026-04-02 11:20:01]   Task test-opt-analytics-opus: age 29585720m (timeout 120m)
[2026-04-02 11:20:01]     ⚠️  STALE (exceeded timeout)
[2026-04-02 11:20:01]   Task fix-trade-builder-403: age 29585720m (timeout 120m)
[2026-04-02 11:20:01]     ⚠️  STALE (exceeded timeout)
[2026-04-02 11:20:01]   Task fix-all-trade-issues: age 29585720m (timeout 120m)
[2026-04-02 11:20:01]     ⚠️  STALE (exceeded timeout)
[2026-04-02 11:20:01] Archiving 9 stale + 0 completed tasks...
[2026-04-02 11:30:00] Checking 9 active tasks...
[2026-04-02 11:30:00]   Task dogfood-qa-week4: age 29585730m (timeout 120m)
[2026-04-02 11:30:00]     ⚠️  STALE (exceeded timeout)
[2026-04-02 11:30:00]   Task fix-dogfood-week4: age 29585730m (timeout 120m)
[2026-04-02 11:30:00]     ⚠️  STALE (exceeded timeout)
[2026-04-02 11:30:00]   Task test-opt-parallel-logger: age 29585730m (timeout 120m)
[2026-04-02 11:30:00]     ⚠️  STALE (exceeded timeout)
[2026-04-02 11:30:01]   Task test-opt-parallel-error: age 29585730m (timeout 120m)
[2026-04-02 11:30:01]     ⚠️  STALE (exceeded timeout)
[2026-04-02 11:30:01]   Task audit-all-work: age 29585730m (timeout 120m)
[2026-04-02 11:30:01]     ⚠️  STALE (exceeded timeout)
[2026-04-02 11:30:01]   Task workqueue-automation: age 29585730m (timeout 120m)
[2026-04-02 11:30:01]     ⚠️  STALE (exceeded timeout)
[2026-04-02 11:30:01]   Task test-opt-analytics-opus: age 29585730m (timeout 120m)
[2026-04-02 11:30:01]     ⚠️  STALE (exceeded timeout)
[2026-04-02 11:30:01]   Task fix-trade-builder-403: age 29585730m (timeout 120m)
[2026-04-02 11:30:01]     ⚠️  STALE (exceeded timeout)
[2026-04-02 11:30:01]   Task fix-all-trade-issues: age 29585730m (timeout 120m)
[2026-04-02 11:30:01]     ⚠️  STALE (exceeded timeout)
[2026-04-02 11:30:01] Archiving 9 stale + 0 completed tasks...
[2026-04-02 11:40:01] Checking 9 active tasks...
[2026-04-02 11:40:01]   Task dogfood-qa-week4: age 29585740m (timeout 120m)
[2026-04-02 11:40:01]     ⚠️  STALE (exceeded timeout)
[2026-04-02 11:40:01]   Task fix-dogfood-week4: age 29585740m (timeout 120m)
[2026-04-02 11:40:01]     ⚠️  STALE (exceeded timeout)
[2026-04-02 11:40:01]   Task test-opt-parallel-logger: age 29585740m (timeout 120m)
[2026-04-02 11:40:01]     ⚠️  STALE (exceeded timeout)
[2026-04-02 11:40:01]   Task test-opt-parallel-error: age 29585740m (timeout 120m)
[2026-04-02 11:40:01]     ⚠️  STALE (exceeded timeout)
[2026-04-02 11:40:01]   Task audit-all-work: age 29585740m (timeout 120m)
[2026-04-02 11:40:01]     ⚠️  STALE (exceeded timeout)
[2026-04-02 11:40:01]   Task workqueue-automation: age 29585740m (timeout 120m)
[2026-04-02 11:40:01]     ⚠️  STALE (exceeded timeout)
[2026-04-02 11:40:01]   Task test-opt-analytics-opus: age 29585740m (timeout 120m)
[2026-04-02 11:40:01]     ⚠️  STALE (exceeded timeout)
[2026-04-02 11:40:01]   Task fix-trade-builder-403: age 29585740m (timeout 120m)
[2026-04-02 11:40:01]     ⚠️  STALE (exceeded timeout)
[2026-04-02 11:40:01]   Task fix-all-trade-issues: age 29585740m (timeout 120m)
[2026-04-02 11:40:01]     ⚠️  STALE (exceeded timeout)
[2026-04-02 11:40:01] Archiving 9 stale + 0 completed tasks...
[2026-04-02 11:50:00] Checking 9 active tasks...
[2026-04-02 11:50:01]   Task dogfood-qa-week4: age 29585750m (timeout 120m)
[2026-04-02 11:50:01]     ⚠️  STALE (exceeded timeout)
[2026-04-02 11:50:01]   Task fix-dogfood-week4: age 29585750m (timeout 120m)
[2026-04-02 11:50:01]     ⚠️  STALE (exceeded timeout)
[2026-04-02 11:50:01]   Task test-opt-parallel-logger: age 29585750m (timeout 120m)
[2026-04-02 11:50:01]     ⚠️  STALE (exceeded timeout)
[2026-04-02 11:50:01]   Task test-opt-parallel-error: age 29585750m (timeout 120m)
[2026-04-02 11:50:01]     ⚠️  STALE (exceeded timeout)
[2026-04-02 11:50:01]   Task audit-all-work: age 29585750m (timeout 120m)
[2026-04-02 11:50:01]     ⚠️  STALE (exceeded timeout)
[2026-04-02 11:50:01]   Task workqueue-automation: age 29585750m (timeout 120m)
[2026-04-02 11:50:01]     ⚠️  STALE (exceeded timeout)
[2026-04-02 11:50:01]   Task test-opt-analytics-opus: age 29585750m (timeout 120m)
[2026-04-02 11:50:01]     ⚠️  STALE (exceeded timeout)
[2026-04-02 11:50:01]   Task fix-trade-builder-403: age 29585750m (timeout 120m)
[2026-04-02 11:50:01]     ⚠️  STALE (exceeded timeout)
[2026-04-02 11:50:01]   Task fix-all-trade-issues: age 29585750m (timeout 120m)
[2026-04-02 11:50:01]     ⚠️  STALE (exceeded timeout)
[2026-04-02 11:50:01] Archiving 9 stale + 0 completed tasks...
[2026-04-02 12:00:01] Checking 9 active tasks...
[2026-04-02 12:00:01]   Task dogfood-qa-week4: age 29585760m (timeout 120m)
[2026-04-02 12:00:01]     ⚠️  STALE (exceeded timeout)
[2026-04-02 12:00:01]   Task fix-dogfood-week4: age 29585760m (timeout 120m)
[2026-04-02 12:00:01]     ⚠️  STALE (exceeded timeout)
[2026-04-02 12:00:01]   Task test-opt-parallel-logger: age 29585760m (timeout 120m)
[2026-04-02 12:00:01]     ⚠️  STALE (exceeded timeout)
[2026-04-02 12:00:01]   Task test-opt-parallel-error: age 29585760m (timeout 120m)
[2026-04-02 12:00:01]     ⚠️  STALE (exceeded timeout)
[2026-04-02 12:00:01]   Task audit-all-work: age 29585760m (timeout 120m)
[2026-04-02 12:00:01]     ⚠️  STALE (exceeded timeout)
[2026-04-02 12:00:01]   Task workqueue-automation: age 29585760m (timeout 120m)
[2026-04-02 12:00:01]     ⚠️  STALE (exceeded timeout)
[2026-04-02 12:00:01]   Task test-opt-analytics-opus: age 29585760m (timeout 120m)
[2026-04-02 12:00:01]     ⚠️  STALE (exceeded timeout)
[2026-04-02 12:00:01]   Task fix-trade-builder-403: age 29585760m (timeout 120m)
[2026-04-02 12:00:01]     ⚠️  STALE (exceeded timeout)
[2026-04-02 12:00:01]   Task fix-all-trade-issues: age 29585760m (timeout 120m)
[2026-04-02 12:00:01]     ⚠️  STALE (exceeded timeout)
[2026-04-02 12:00:01] Archiving 9 stale + 0 completed tasks...
[2026-04-02 12:10:01] Checking 9 active tasks...
[2026-04-02 12:10:01]   Task dogfood-qa-week4: age 29585770m (timeout 120m)
[2026-04-02 12:10:01]     ⚠️  STALE (exceeded timeout)
[2026-04-02 12:10:01]   Task fix-dogfood-week4: age 29585770m (timeout 120m)
[2026-04-02 12:10:01]     ⚠️  STALE (exceeded timeout)
[2026-04-02 12:10:01]   Task test-opt-parallel-logger: age 29585770m (timeout 120m)
[2026-04-02 12:10:01]     ⚠️  STALE (exceeded timeout)
[2026-04-02 12:10:01]   Task test-opt-parallel-error: age 29585770m (timeout 120m)
[2026-04-02 12:10:01]     ⚠️  STALE (exceeded timeout)
[2026-04-02 12:10:01]   Task audit-all-work: age 29585770m (timeout 120m)
[2026-04-02 12:10:01]     ⚠️  STALE (exceeded timeout)
[2026-04-02 12:10:01]   Task workqueue-automation: age 29585770m (timeout 120m)
[2026-04-02 12:10:01]     ⚠️  STALE (exceeded timeout)
[2026-04-02 12:10:01]   Task test-opt-analytics-opus: age 29585770m (timeout 120m)
[2026-04-02 12:10:01]     ⚠️  STALE (exceeded timeout)
[2026-04-02 12:10:01]   Task fix-trade-builder-403: age 29585770m (timeout 120m)
[2026-04-02 12:10:01]     ⚠️  STALE (exceeded timeout)
[2026-04-02 12:10:01]   Task fix-all-trade-issues: age 29585770m (timeout 120m)
[2026-04-02 12:10:01]     ⚠️  STALE (exceeded timeout)
[2026-04-02 12:10:01] Archiving 9 stale + 0 completed tasks...
[2026-04-02 12:20:00] Checking 9 active tasks...
[2026-04-02 12:20:00]   Task dogfood-qa-week4: age 29585780m (timeout 120m)
[2026-04-02 12:20:00]     ⚠️  STALE (exceeded timeout)
[2026-04-02 12:20:00]   Task fix-dogfood-week4: age 29585780m (timeout 120m)
[2026-04-02 12:20:00]     ⚠️  STALE (exceeded timeout)
[2026-04-02 12:20:00]   Task test-opt-parallel-logger: age 29585780m (timeout 120m)
[2026-04-02 12:20:00]     ⚠️  STALE (exceeded timeout)
[2026-04-02 12:20:00]   Task test-opt-parallel-error: age 29585780m (timeout 120m)
[2026-04-02 12:20:00]     ⚠️  STALE (exceeded timeout)
[2026-04-02 12:20:00]   Task audit-all-work: age 29585780m (timeout 120m)
[2026-04-02 12:20:00]     ⚠️  STALE (exceeded timeout)
[2026-04-02 12:20:00]   Task workqueue-automation: age 29585780m (timeout 120m)
[2026-04-02 12:20:00]     ⚠️  STALE (exceeded timeout)
[2026-04-02 12:20:00]   Task test-opt-analytics-opus: age 29585780m (timeout 120m)
[2026-04-02 12:20:00]     ⚠️  STALE (exceeded timeout)
[2026-04-02 12:20:01]   Task fix-trade-builder-403: age 29585780m (timeout 120m)
[2026-04-02 12:20:01]     ⚠️  STALE (exceeded timeout)
[2026-04-02 12:20:01]   Task fix-all-trade-issues: age 29585780m (timeout 120m)
[2026-04-02 12:20:01]     ⚠️  STALE (exceeded timeout)
[2026-04-02 12:20:01] Archiving 9 stale + 0 completed tasks...
[2026-04-02 12:30:00] Checking 9 active tasks...
[2026-04-02 12:30:01]   Task dogfood-qa-week4: age 29585790m (timeout 120m)
[2026-04-02 12:30:01]     ⚠️  STALE (exceeded timeout)
[2026-04-02 12:30:01]   Task fix-dogfood-week4: age 29585790m (timeout 120m)
[2026-04-02 12:30:01]     ⚠️  STALE (exceeded timeout)
[2026-04-02 12:30:01]   Task test-opt-parallel-logger: age 29585790m (timeout 120m)
[2026-04-02 12:30:01]     ⚠️  STALE (exceeded timeout)
[2026-04-02 12:30:01]   Task test-opt-parallel-error: age 29585790m (timeout 120m)
[2026-04-02 12:30:01]     ⚠️  STALE (exceeded timeout)
[2026-04-02 12:30:01]   Task audit-all-work: age 29585790m (timeout 120m)
[2026-04-02 12:30:01]     ⚠️  STALE (exceeded timeout)
[2026-04-02 12:30:01]   Task workqueue-automation: age 29585790m (timeout 120m)
[2026-04-02 12:30:01]     ⚠️  STALE (exceeded timeout)
[2026-04-02 12:30:01]   Task test-opt-analytics-opus: age 29585790m (timeout 120m)
[2026-04-02 12:30:01]     ⚠️  STALE (exceeded timeout)
[2026-04-02 12:30:01]   Task fix-trade-builder-403: age 29585790m (timeout 120m)
[2026-04-02 12:30:01]     ⚠️  STALE (exceeded timeout)
[2026-04-02 12:30:01]   Task fix-all-trade-issues: age 29585790m (timeout 120m)
[2026-04-02 12:30:01]     ⚠️  STALE (exceeded timeout)
[2026-04-02 12:30:01] Archiving 9 stale + 0 completed tasks...
[2026-04-02 12:40:00] Checking 9 active tasks...
[2026-04-02 12:40:00]   Task dogfood-qa-week4: age 29585800m (timeout 120m)
[2026-04-02 12:40:00]     ⚠️  STALE (exceeded timeout)
[2026-04-02 12:40:00]   Task fix-dogfood-week4: age 29585800m (timeout 120m)
[2026-04-02 12:40:00]     ⚠️  STALE (exceeded timeout)
[2026-04-02 12:40:00]   Task test-opt-parallel-logger: age 29585800m (timeout 120m)
[2026-04-02 12:40:00]     ⚠️  STALE (exceeded timeout)
[2026-04-02 12:40:00]   Task test-opt-parallel-error: age 29585800m (timeout 120m)
[2026-04-02 12:40:00]     ⚠️  STALE (exceeded timeout)
[2026-04-02 12:40:00]   Task audit-all-work: age 29585800m (timeout 120m)
[2026-04-02 12:40:00]     ⚠️  STALE (exceeded timeout)
[2026-04-02 12:40:00]   Task workqueue-automation: age 29585800m (timeout 120m)
[2026-04-02 12:40:00]     ⚠️  STALE (exceeded timeout)
[2026-04-02 12:40:00]   Task test-opt-analytics-opus: age 29585800m (timeout 120m)
[2026-04-02 12:40:01]     ⚠️  STALE (exceeded timeout)
[2026-04-02 12:40:01]   Task fix-trade-builder-403: age 29585800m (timeout 120m)
[2026-04-02 12:40:01]     ⚠️  STALE (exceeded timeout)
[2026-04-02 12:40:01]   Task fix-all-trade-issues: age 29585800m (timeout 120m)
[2026-04-02 12:40:01]     ⚠️  STALE (exceeded timeout)
[2026-04-02 12:40:01] Archiving 9 stale + 0 completed tasks...
[2026-04-02 12:50:00] Checking 9 active tasks...
[2026-04-02 12:50:00]   Task dogfood-qa-week4: age 29585810m (timeout 120m)
[2026-04-02 12:50:00]     ⚠️  STALE (exceeded timeout)
[2026-04-02 12:50:00]   Task fix-dogfood-week4: age 29585810m (timeout 120m)
[2026-04-02 12:50:00]     ⚠️  STALE (exceeded timeout)
[2026-04-02 12:50:00]   Task test-opt-parallel-logger: age 29585810m (timeout 120m)
[2026-04-02 12:50:00]     ⚠️  STALE (exceeded timeout)
[2026-04-02 12:50:00]   Task test-opt-parallel-error: age 29585810m (timeout 120m)
[2026-04-02 12:50:00]     ⚠️  STALE (exceeded timeout)
[2026-04-02 12:50:00]   Task audit-all-work: age 29585810m (timeout 120m)
[2026-04-02 12:50:00]     ⚠️  STALE (exceeded timeout)
[2026-04-02 12:50:00]   Task workqueue-automation: age 29585810m (timeout 120m)
[2026-04-02 12:50:00]     ⚠️  STALE (exceeded timeout)
[2026-04-02 12:50:01]   Task test-opt-analytics-opus: age 29585810m (timeout 120m)
[2026-04-02 12:50:01]     ⚠️  STALE (exceeded timeout)
[2026-04-02 12:50:01]   Task fix-trade-builder-403: age 29585810m (timeout 120m)
[2026-04-02 12:50:01]     ⚠️  STALE (exceeded timeout)
[2026-04-02 12:50:01]   Task fix-all-trade-issues: age 29585810m (timeout 120m)
[2026-04-02 12:50:01]     ⚠️  STALE (exceeded timeout)
[2026-04-02 12:50:01] Archiving 9 stale + 0 completed tasks...
[2026-04-02 13:00:00] Checking 9 active tasks...
[2026-04-02 13:00:00]   Task dogfood-qa-week4: age 29585820m (timeout 120m)
[2026-04-02 13:00:00]     ⚠️  STALE (exceeded timeout)
[2026-04-02 13:00:00]   Task fix-dogfood-week4: age 29585820m (timeout 120m)
[2026-04-02 13:00:00]     ⚠️  STALE (exceeded timeout)
[2026-04-02 13:00:00]   Task test-opt-parallel-logger: age 29585820m (timeout 120m)
[2026-04-02 13:00:00]     ⚠️  STALE (exceeded timeout)
[2026-04-02 13:00:01]   Task test-opt-parallel-error: age 29585820m (timeout 120m)
[2026-04-02 13:00:01]     ⚠️  STALE (exceeded timeout)
[2026-04-02 13:00:01]   Task audit-all-work: age 29585820m (timeout 120m)
[2026-04-02 13:00:01]     ⚠️  STALE (exceeded timeout)
[2026-04-02 13:00:01]   Task workqueue-automation: age 29585820m (timeout 120m)
[2026-04-02 13:00:01]     ⚠️  STALE (exceeded timeout)
[2026-04-02 13:00:01]   Task test-opt-analytics-opus: age 29585820m (timeout 120m)
[2026-04-02 13:00:01]     ⚠️  STALE (exceeded timeout)
[2026-04-02 13:00:01]   Task fix-trade-builder-403: age 29585820m (timeout 120m)
[2026-04-02 13:00:01]     ⚠️  STALE (exceeded timeout)
[2026-04-02 13:00:01]   Task fix-all-trade-issues: age 29585820m (timeout 120m)
[2026-04-02 13:00:01]     ⚠️  STALE (exceeded timeout)
[2026-04-02 13:00:01] Archiving 9 stale + 0 completed tasks...
[2026-04-02 13:10:00] Checking 9 active tasks...
[2026-04-02 13:10:00]   Task dogfood-qa-week4: age 29585830m (timeout 120m)
[2026-04-02 13:10:00]     ⚠️  STALE (exceeded timeout)
[2026-04-02 13:10:00]   Task fix-dogfood-week4: age 29585830m (timeout 120m)
[2026-04-02 13:10:00]     ⚠️  STALE (exceeded timeout)
[2026-04-02 13:10:01]   Task test-opt-parallel-logger: age 29585830m (timeout 120m)
[2026-04-02 13:10:01]     ⚠️  STALE (exceeded timeout)
[2026-04-02 13:10:01]   Task test-opt-parallel-error: age 29585830m (timeout 120m)
[2026-04-02 13:10:01]     ⚠️  STALE (exceeded timeout)
[2026-04-02 13:10:01]   Task audit-all-work: age 29585830m (timeout 120m)
[2026-04-02 13:10:01]     ⚠️  STALE (exceeded timeout)
[2026-04-02 13:10:01]   Task workqueue-automation: age 29585830m (timeout 120m)
[2026-04-02 13:10:01]     ⚠️  STALE (exceeded timeout)
[2026-04-02 13:10:01]   Task test-opt-analytics-opus: age 29585830m (timeout 120m)
[2026-04-02 13:10:01]     ⚠️  STALE (exceeded timeout)
[2026-04-02 13:10:01]   Task fix-trade-builder-403: age 29585830m (timeout 120m)
[2026-04-02 13:10:01]     ⚠️  STALE (exceeded timeout)
[2026-04-02 13:10:01]   Task fix-all-trade-issues: age 29585830m (timeout 120m)
[2026-04-02 13:10:01]     ⚠️  STALE (exceeded timeout)
[2026-04-02 13:10:01] Archiving 9 stale + 0 completed tasks...
[2026-04-02 13:20:00] Checking 9 active tasks...
[2026-04-02 13:20:00]   Task dogfood-qa-week4: age 29585840m (timeout 120m)
[2026-04-02 13:20:00]     ⚠️  STALE (exceeded timeout)
[2026-04-02 13:20:00]   Task fix-dogfood-week4: age 29585840m (timeout 120m)
[2026-04-02 13:20:00]     ⚠️  STALE (exceeded timeout)
[2026-04-02 13:20:00]   Task test-opt-parallel-logger: age 29585840m (timeout 120m)
[2026-04-02 13:20:00]     ⚠️  STALE (exceeded timeout)
[2026-04-02 13:20:00]   Task test-opt-parallel-error: age 29585840m (timeout 120m)
[2026-04-02 13:20:00]     ⚠️  STALE (exceeded timeout)
[2026-04-02 13:20:00]   Task audit-all-work: age 29585840m (timeout 120m)
[2026-04-02 13:20:00]     ⚠️  STALE (exceeded timeout)
[2026-04-02 13:20:00]   Task workqueue-automation: age 29585840m (timeout 120m)
[2026-04-02 13:20:00]     ⚠️  STALE (exceeded timeout)
[2026-04-02 13:20:00]   Task test-opt-analytics-opus: age 29585840m (timeout 120m)
[2026-04-02 13:20:00]     ⚠️  STALE (exceeded timeout)
[2026-04-02 13:20:00]   Task fix-trade-builder-403: age 29585840m (timeout 120m)
[2026-04-02 13:20:00]     ⚠️  STALE (exceeded timeout)
[2026-04-02 13:20:00]   Task fix-all-trade-issues: age 29585840m (timeout 120m)
[2026-04-02 13:20:00]     ⚠️  STALE (exceeded timeout)
[2026-04-02 13:20:00] Archiving 9 stale + 0 completed tasks...
[2026-04-02 13:30:00] Checking 9 active tasks...
[2026-04-02 13:30:00]   Task dogfood-qa-week4: age 29585850m (timeout 120m)
[2026-04-02 13:30:00]     ⚠️  STALE (exceeded timeout)
[2026-04-02 13:30:00]   Task fix-dogfood-week4: age 29585850m (timeout 120m)
[2026-04-02 13:30:00]     ⚠️  STALE (exceeded timeout)
[2026-04-02 13:30:00]   Task test-opt-parallel-logger: age 29585850m (timeout 120m)
[2026-04-02 13:30:00]     ⚠️  STALE (exceeded timeout)
[2026-04-02 13:30:00]   Task test-opt-parallel-error: age 29585850m (timeout 120m)
[2026-04-02 13:30:00]     ⚠️  STALE (exceeded timeout)
[2026-04-02 13:30:00]   Task audit-all-work: age 29585850m (timeout 120m)
[2026-04-02 13:30:00]     ⚠️  STALE (exceeded timeout)
[2026-04-02 13:30:00]   Task workqueue-automation: age 29585850m (timeout 120m)
[2026-04-02 13:30:00]     ⚠️  STALE (exceeded timeout)
[2026-04-02 13:30:00]   Task test-opt-analytics-opus: age 29585850m (timeout 120m)
[2026-04-02 13:30:00]     ⚠️  STALE (exceeded timeout)
[2026-04-02 13:30:01]   Task fix-trade-builder-403: age 29585850m (timeout 120m)
[2026-04-02 13:30:01]     ⚠️  STALE (exceeded timeout)
[2026-04-02 13:30:01]   Task fix-all-trade-issues: age 29585850m (timeout 120m)
[2026-04-02 13:30:01]     ⚠️  STALE (exceeded timeout)
[2026-04-02 13:30:01] Archiving 9 stale + 0 completed tasks...
[2026-04-02 13:40:00] Checking 9 active tasks...
[2026-04-02 13:40:01]   Task dogfood-qa-week4: age 29585860m (timeout 120m)
[2026-04-02 13:40:01]     ⚠️  STALE (exceeded timeout)
[2026-04-02 13:40:01]   Task fix-dogfood-week4: age 29585860m (timeout 120m)
[2026-04-02 13:40:01]     ⚠️  STALE (exceeded timeout)
[2026-04-02 13:40:01]   Task test-opt-parallel-logger: age 29585860m (timeout 120m)
[2026-04-02 13:40:01]     ⚠️  STALE (exceeded timeout)
[2026-04-02 13:40:01]   Task test-opt-parallel-error: age 29585860m (timeout 120m)
[2026-04-02 13:40:01]     ⚠️  STALE (exceeded timeout)
[2026-04-02 13:40:01]   Task audit-all-work: age 29585860m (timeout 120m)
[2026-04-02 13:40:01]     ⚠️  STALE (exceeded timeout)
[2026-04-02 13:40:01]   Task workqueue-automation: age 29585860m (timeout 120m)
[2026-04-02 13:40:01]     ⚠️  STALE (exceeded timeout)
[2026-04-02 13:40:01]   Task test-opt-analytics-opus: age 29585860m (timeout 120m)
[2026-04-02 13:40:01]     ⚠️  STALE (exceeded timeout)
[2026-04-02 13:40:01]   Task fix-trade-builder-403: age 29585860m (timeout 120m)
[2026-04-02 13:40:01]     ⚠️  STALE (exceeded timeout)
[2026-04-02 13:40:01]   Task fix-all-trade-issues: age 29585860m (timeout 120m)
[2026-04-02 13:40:01]     ⚠️  STALE (exceeded timeout)
[2026-04-02 13:40:01] Archiving 9 stale + 0 completed tasks...
[2026-04-02 13:50:01] Checking 9 active tasks...
[2026-04-02 13:50:01]   Task dogfood-qa-week4: age 29585870m (timeout 120m)
[2026-04-02 13:50:01]     ⚠️  STALE (exceeded timeout)
[2026-04-02 13:50:01]   Task fix-dogfood-week4: age 29585870m (timeout 120m)
[2026-04-02 13:50:01]     ⚠️  STALE (exceeded timeout)
[2026-04-02 13:50:01]   Task test-opt-parallel-logger: age 29585870m (timeout 120m)
[2026-04-02 13:50:01]     ⚠️  STALE (exceeded timeout)
[2026-04-02 13:50:01]   Task test-opt-parallel-error: age 29585870m (timeout 120m)
[2026-04-02 13:50:01]     ⚠️  STALE (exceeded timeout)
[2026-04-02 13:50:01]   Task audit-all-work: age 29585870m (timeout 120m)
[2026-04-02 13:50:01]     ⚠️  STALE (exceeded timeout)
[2026-04-02 13:50:01]   Task workqueue-automation: age 29585870m (timeout 120m)
[2026-04-02 13:50:01]     ⚠️  STALE (exceeded timeout)
[2026-04-02 13:50:01]   Task test-opt-analytics-opus: age 29585870m (timeout 120m)
[2026-04-02 13:50:01]     ⚠️  STALE (exceeded timeout)
[2026-04-02 13:50:01]   Task fix-trade-builder-403: age 29585870m (timeout 120m)
[2026-04-02 13:50:01]     ⚠️  STALE (exceeded timeout)
[2026-04-02 13:50:01]   Task fix-all-trade-issues: age 29585870m (timeout 120m)
[2026-04-02 13:50:01]     ⚠️  STALE (exceeded timeout)
[2026-04-02 13:50:01] Archiving 9 stale + 0 completed tasks...
[2026-04-02 14:00:00] Checking 9 active tasks...
[2026-04-02 14:00:00]   Task dogfood-qa-week4: age 29585880m (timeout 120m)
[2026-04-02 14:00:00]     ⚠️  STALE (exceeded timeout)
[2026-04-02 14:00:00]   Task fix-dogfood-week4: age 29585880m (timeout 120m)
[2026-04-02 14:00:00]     ⚠️  STALE (exceeded timeout)
[2026-04-02 14:00:00]   Task test-opt-parallel-logger: age 29585880m (timeout 120m)
[2026-04-02 14:00:00]     ⚠️  STALE (exceeded timeout)
[2026-04-02 14:00:00]   Task test-opt-parallel-error: age 29585880m (timeout 120m)
[2026-04-02 14:00:00]     ⚠️  STALE (exceeded timeout)
[2026-04-02 14:00:00]   Task audit-all-work: age 29585880m (timeout 120m)
[2026-04-02 14:00:00]     ⚠️  STALE (exceeded timeout)
[2026-04-02 14:00:00]   Task workqueue-automation: age 29585880m (timeout 120m)
[2026-04-02 14:00:00]     ⚠️  STALE (exceeded timeout)
[2026-04-02 14:00:00]   Task test-opt-analytics-opus: age 29585880m (timeout 120m)
[2026-04-02 14:00:00]     ⚠️  STALE (exceeded timeout)
[2026-04-02 14:00:00]   Task fix-trade-builder-403: age 29585880m (timeout 120m)
[2026-04-02 14:00:00]     ⚠️  STALE (exceeded timeout)
[2026-04-02 14:00:01]   Task fix-all-trade-issues: age 29585880m (timeout 120m)
[2026-04-02 14:00:01]     ⚠️  STALE (exceeded timeout)
[2026-04-02 14:00:01] Archiving 9 stale + 0 completed tasks...
[2026-04-02 14:10:00] Checking 9 active tasks...
[2026-04-02 14:10:00]   Task dogfood-qa-week4: age 29585890m (timeout 120m)
[2026-04-02 14:10:00]     ⚠️  STALE (exceeded timeout)
[2026-04-02 14:10:00]   Task fix-dogfood-week4: age 29585890m (timeout 120m)
[2026-04-02 14:10:00]     ⚠️  STALE (exceeded timeout)
[2026-04-02 14:10:00]   Task test-opt-parallel-logger: age 29585890m (timeout 120m)
[2026-04-02 14:10:00]     ⚠️  STALE (exceeded timeout)
[2026-04-02 14:10:00]   Task test-opt-parallel-error: age 29585890m (timeout 120m)
[2026-04-02 14:10:00]     ⚠️  STALE (exceeded timeout)
[2026-04-02 14:10:00]   Task audit-all-work: age 29585890m (timeout 120m)
[2026-04-02 14:10:00]     ⚠️  STALE (exceeded timeout)
[2026-04-02 14:10:01]   Task workqueue-automation: age 29585890m (timeout 120m)
[2026-04-02 14:10:01]     ⚠️  STALE (exceeded timeout)
[2026-04-02 14:10:01]   Task test-opt-analytics-opus: age 29585890m (timeout 120m)
[2026-04-02 14:10:01]     ⚠️  STALE (exceeded timeout)
[2026-04-02 14:10:01]   Task fix-trade-builder-403: age 29585890m (timeout 120m)
[2026-04-02 14:10:01]     ⚠️  STALE (exceeded timeout)
[2026-04-02 14:10:01]   Task fix-all-trade-issues: age 29585890m (timeout 120m)
[2026-04-02 14:10:01]     ⚠️  STALE (exceeded timeout)
[2026-04-02 14:10:01] Archiving 9 stale + 0 completed tasks...
[2026-04-02 14:20:00] Checking 9 active tasks...
[2026-04-02 14:20:00]   Task dogfood-qa-week4: age 29585900m (timeout 120m)
[2026-04-02 14:20:00]     ⚠️  STALE (exceeded timeout)
[2026-04-02 14:20:01]   Task fix-dogfood-week4: age 29585900m (timeout 120m)
[2026-04-02 14:20:01]     ⚠️  STALE (exceeded timeout)
[2026-04-02 14:20:01]   Task test-opt-parallel-logger: age 29585900m (timeout 120m)
[2026-04-02 14:20:01]     ⚠️  STALE (exceeded timeout)
[2026-04-02 14:20:01]   Task test-opt-parallel-error: age 29585900m (timeout 120m)
[2026-04-02 14:20:01]     ⚠️  STALE (exceeded timeout)
[2026-04-02 14:20:01]   Task audit-all-work: age 29585900m (timeout 120m)
[2026-04-02 14:20:01]     ⚠️  STALE (exceeded timeout)
[2026-04-02 14:20:01]   Task workqueue-automation: age 29585900m (timeout 120m)
[2026-04-02 14:20:01]     ⚠️  STALE (exceeded timeout)
[2026-04-02 14:20:01]   Task test-opt-analytics-opus: age 29585900m (timeout 120m)
[2026-04-02 14:20:01]     ⚠️  STALE (exceeded timeout)
[2026-04-02 14:20:01]   Task fix-trade-builder-403: age 29585900m (timeout 120m)
[2026-04-02 14:20:01]     ⚠️  STALE (exceeded timeout)
[2026-04-02 14:20:01]   Task fix-all-trade-issues: age 29585900m (timeout 120m)
[2026-04-02 14:20:01]     ⚠️  STALE (exceeded timeout)
[2026-04-02 14:20:01] Archiving 9 stale + 0 completed tasks...
[2026-04-02 14:30:00] Checking 9 active tasks...
[2026-04-02 14:30:00]   Task dogfood-qa-week4: age 29585910m (timeout 120m)
[2026-04-02 14:30:00]     ⚠️  STALE (exceeded timeout)
[2026-04-02 14:30:00]   Task fix-dogfood-week4: age 29585910m (timeout 120m)
[2026-04-02 14:30:00]     ⚠️  STALE (exceeded timeout)
[2026-04-02 14:30:00]   Task test-opt-parallel-logger: age 29585910m (timeout 120m)
[2026-04-02 14:30:00]     ⚠️  STALE (exceeded timeout)
[2026-04-02 14:30:00]   Task test-opt-parallel-error: age 29585910m (timeout 120m)
[2026-04-02 14:30:00]     ⚠️  STALE (exceeded timeout)
[2026-04-02 14:30:00]   Task audit-all-work: age 29585910m (timeout 120m)
[2026-04-02 14:30:00]     ⚠️  STALE (exceeded timeout)
[2026-04-02 14:30:00]   Task workqueue-automation: age 29585910m (timeout 120m)
[2026-04-02 14:30:00]     ⚠️  STALE (exceeded timeout)
[2026-04-02 14:30:00]   Task test-opt-analytics-opus: age 29585910m (timeout 120m)
[2026-04-02 14:30:00]     ⚠️  STALE (exceeded timeout)
[2026-04-02 14:30:00]   Task fix-trade-builder-403: age 29585910m (timeout 120m)
[2026-04-02 14:30:00]     ⚠️  STALE (exceeded timeout)
[2026-04-02 14:30:00]   Task fix-all-trade-issues: age 29585910m (timeout 120m)
[2026-04-02 14:30:00]     ⚠️  STALE (exceeded timeout)
[2026-04-02 14:30:00] Archiving 9 stale + 0 completed tasks...
[2026-04-02 14:40:00] Checking 9 active tasks...
[2026-04-02 14:40:00]   Task dogfood-qa-week4: age 29585920m (timeout 120m)
[2026-04-02 14:40:00]     ⚠️  STALE (exceeded timeout)
[2026-04-02 14:40:00]   Task fix-dogfood-week4: age 29585920m (timeout 120m)
[2026-04-02 14:40:00]     ⚠️  STALE (exceeded timeout)
[2026-04-02 14:40:00]   Task test-opt-parallel-logger: age 29585920m (timeout 120m)
[2026-04-02 14:40:00]     ⚠️  STALE (exceeded timeout)
[2026-04-02 14:40:00]   Task test-opt-parallel-error: age 29585920m (timeout 120m)
[2026-04-02 14:40:00]     ⚠️  STALE (exceeded timeout)
[2026-04-02 14:40:00]   Task audit-all-work: age 29585920m (timeout 120m)
[2026-04-02 14:40:00]     ⚠️  STALE (exceeded timeout)
[2026-04-02 14:40:00]   Task workqueue-automation: age 29585920m (timeout 120m)
[2026-04-02 14:40:00]     ⚠️  STALE (exceeded timeout)
[2026-04-02 14:40:00]   Task test-opt-analytics-opus: age 29585920m (timeout 120m)
[2026-04-02 14:40:00]     ⚠️  STALE (exceeded timeout)
[2026-04-02 14:40:01]   Task fix-trade-builder-403: age 29585920m (timeout 120m)
[2026-04-02 14:40:01]     ⚠️  STALE (exceeded timeout)
[2026-04-02 14:40:01]   Task fix-all-trade-issues: age 29585920m (timeout 120m)
[2026-04-02 14:40:01]     ⚠️  STALE (exceeded timeout)
[2026-04-02 14:40:01] Archiving 9 stale + 0 completed tasks...
[2026-04-02 14:50:00] Checking 9 active tasks...
[2026-04-02 14:50:00]   Task dogfood-qa-week4: age 29585930m (timeout 120m)
[2026-04-02 14:50:00]     ⚠️  STALE (exceeded timeout)
[2026-04-02 14:50:00]   Task fix-dogfood-week4: age 29585930m (timeout 120m)
[2026-04-02 14:50:00]     ⚠️  STALE (exceeded timeout)
[2026-04-02 14:50:01]   Task test-opt-parallel-logger: age 29585930m (timeout 120m)
[2026-04-02 14:50:01]     ⚠️  STALE (exceeded timeout)
[2026-04-02 14:50:01]   Task test-opt-parallel-error: age 29585930m (timeout 120m)
[2026-04-02 14:50:01]     ⚠️  STALE (exceeded timeout)
[2026-04-02 14:50:01]   Task audit-all-work: age 29585930m (timeout 120m)
[2026-04-02 14:50:01]     ⚠️  STALE (exceeded timeout)
[2026-04-02 14:50:01]   Task workqueue-automation: age 29585930m (timeout 120m)
[2026-04-02 14:50:01]     ⚠️  STALE (exceeded timeout)
[2026-04-02 14:50:01]   Task test-opt-analytics-opus: age 29585930m (timeout 120m)
[2026-04-02 14:50:01]     ⚠️  STALE (exceeded timeout)
[2026-04-02 14:50:01]   Task fix-trade-builder-403: age 29585930m (timeout 120m)
[2026-04-02 14:50:01]     ⚠️  STALE (exceeded timeout)
[2026-04-02 14:50:01]   Task fix-all-trade-issues: age 29585930m (timeout 120m)
[2026-04-02 14:50:01]     ⚠️  STALE (exceeded timeout)
[2026-04-02 14:50:01] Archiving 9 stale + 0 completed tasks...
[2026-04-02 15:00:01] Checking 9 active tasks...
[2026-04-02 15:00:01]   Task dogfood-qa-week4: age 29585940m (timeout 120m)
[2026-04-02 15:00:01]     ⚠️  STALE (exceeded timeout)
[2026-04-02 15:00:01]   Task fix-dogfood-week4: age 29585940m (timeout 120m)
[2026-04-02 15:00:01]     ⚠️  STALE (exceeded timeout)
[2026-04-02 15:00:01]   Task test-opt-parallel-logger: age 29585940m (timeout 120m)
[2026-04-02 15:00:01]     ⚠️  STALE (exceeded timeout)
[2026-04-02 15:00:01]   Task test-opt-parallel-error: age 29585940m (timeout 120m)
[2026-04-02 15:00:01]     ⚠️  STALE (exceeded timeout)
[2026-04-02 15:00:01]   Task audit-all-work: age 29585940m (timeout 120m)
[2026-04-02 15:00:01]     ⚠️  STALE (exceeded timeout)
[2026-04-02 15:00:01]   Task workqueue-automation: age 29585940m (timeout 120m)
[2026-04-02 15:00:01]     ⚠️  STALE (exceeded timeout)
[2026-04-02 15:00:01]   Task test-opt-analytics-opus: age 29585940m (timeout 120m)
[2026-04-02 15:00:01]     ⚠️  STALE (exceeded timeout)
[2026-04-02 15:00:01]   Task fix-trade-builder-403: age 29585940m (timeout 120m)
[2026-04-02 15:00:01]     ⚠️  STALE (exceeded timeout)
[2026-04-02 15:00:01]   Task fix-all-trade-issues: age 29585940m (timeout 120m)
[2026-04-02 15:00:01]     ⚠️  STALE (exceeded timeout)
[2026-04-02 15:00:01] Archiving 9 stale + 0 completed tasks...
[2026-04-02 15:10:01] Checking 9 active tasks...
[2026-04-02 15:10:01]   Task dogfood-qa-week4: age 29585950m (timeout 120m)
[2026-04-02 15:10:01]     ⚠️  STALE (exceeded timeout)
[2026-04-02 15:10:01]   Task fix-dogfood-week4: age 29585950m (timeout 120m)
[2026-04-02 15:10:01]     ⚠️  STALE (exceeded timeout)
[2026-04-02 15:10:01]   Task test-opt-parallel-logger: age 29585950m (timeout 120m)
[2026-04-02 15:10:01]     ⚠️  STALE (exceeded timeout)
[2026-04-02 15:10:01]   Task test-opt-parallel-error: age 29585950m (timeout 120m)
[2026-04-02 15:10:01]     ⚠️  STALE (exceeded timeout)
[2026-04-02 15:10:01]   Task audit-all-work: age 29585950m (timeout 120m)
[2026-04-02 15:10:01]     ⚠️  STALE (exceeded timeout)
[2026-04-02 15:10:01]   Task workqueue-automation: age 29585950m (timeout 120m)
[2026-04-02 15:10:01]     ⚠️  STALE (exceeded timeout)
[2026-04-02 15:10:01]   Task test-opt-analytics-opus: age 29585950m (timeout 120m)
[2026-04-02 15:10:01]     ⚠️  STALE (exceeded timeout)
[2026-04-02 15:10:01]   Task fix-trade-builder-403: age 29585950m (timeout 120m)
[2026-04-02 15:10:01]     ⚠️  STALE (exceeded timeout)
[2026-04-02 15:10:01]   Task fix-all-trade-issues: age 29585950m (timeout 120m)
[2026-04-02 15:10:01]     ⚠️  STALE (exceeded timeout)
[2026-04-02 15:10:01] Archiving 9 stale + 0 completed tasks...
[2026-04-02 15:20:00] Checking 9 active tasks...
[2026-04-02 15:20:00]   Task dogfood-qa-week4: age 29585960m (timeout 120m)
[2026-04-02 15:20:00]     ⚠️  STALE (exceeded timeout)
[2026-04-02 15:20:00]   Task fix-dogfood-week4: age 29585960m (timeout 120m)
[2026-04-02 15:20:00]     ⚠️  STALE (exceeded timeout)
[2026-04-02 15:20:00]   Task test-opt-parallel-logger: age 29585960m (timeout 120m)
[2026-04-02 15:20:00]     ⚠️  STALE (exceeded timeout)
[2026-04-02 15:20:00]   Task test-opt-parallel-error: age 29585960m (timeout 120m)
[2026-04-02 15:20:00]     ⚠️  STALE (exceeded timeout)
[2026-04-02 15:20:00]   Task audit-all-work: age 29585960m (timeout 120m)
[2026-04-02 15:20:00]     ⚠️  STALE (exceeded timeout)
[2026-04-02 15:20:00]   Task workqueue-automation: age 29585960m (timeout 120m)
[2026-04-02 15:20:00]     ⚠️  STALE (exceeded timeout)
[2026-04-02 15:20:00]   Task test-opt-analytics-opus: age 29585960m (timeout 120m)
[2026-04-02 15:20:00]     ⚠️  STALE (exceeded timeout)
[2026-04-02 15:20:01]   Task fix-trade-builder-403: age 29585960m (timeout 120m)
[2026-04-02 15:20:01]     ⚠️  STALE (exceeded timeout)
[2026-04-02 15:20:01]   Task fix-all-trade-issues: age 29585960m (timeout 120m)
[2026-04-02 15:20:01]     ⚠️  STALE (exceeded timeout)
[2026-04-02 15:20:01] Archiving 9 stale + 0 completed tasks...
[2026-04-02 15:30:00] Checking 9 active tasks...
[2026-04-02 15:30:00]   Task dogfood-qa-week4: age 29585970m (timeout 120m)
[2026-04-02 15:30:00]     ⚠️  STALE (exceeded timeout)
[2026-04-02 15:30:00]   Task fix-dogfood-week4: age 29585970m (timeout 120m)
[2026-04-02 15:30:00]     ⚠️  STALE (exceeded timeout)
[2026-04-02 15:30:00]   Task test-opt-parallel-logger: age 29585970m (timeout 120m)
[2026-04-02 15:30:00]     ⚠️  STALE (exceeded timeout)
[2026-04-02 15:30:00]   Task test-opt-parallel-error: age 29585970m (timeout 120m)
[2026-04-02 15:30:00]     ⚠️  STALE (exceeded timeout)
[2026-04-02 15:30:00]   Task audit-all-work: age 29585970m (timeout 120m)
[2026-04-02 15:30:00]     ⚠️  STALE (exceeded timeout)
[2026-04-02 15:30:00]   Task workqueue-automation: age 29585970m (timeout 120m)
[2026-04-02 15:30:00]     ⚠️  STALE (exceeded timeout)
[2026-04-02 15:30:00]   Task test-opt-analytics-opus: age 29585970m (timeout 120m)
[2026-04-02 15:30:00]     ⚠️  STALE (exceeded timeout)
[2026-04-02 15:30:00]   Task fix-trade-builder-403: age 29585970m (timeout 120m)
[2026-04-02 15:30:00]     ⚠️  STALE (exceeded timeout)
[2026-04-02 15:30:00]   Task fix-all-trade-issues: age 29585970m (timeout 120m)
[2026-04-02 15:30:00]     ⚠️  STALE (exceeded timeout)
[2026-04-02 15:30:00] Archiving 9 stale + 0 completed tasks...
[2026-04-02 15:40:00] Checking 9 active tasks...
[2026-04-02 15:40:00]   Task dogfood-qa-week4: age 29585980m (timeout 120m)
[2026-04-02 15:40:00]     ⚠️  STALE (exceeded timeout)
[2026-04-02 15:40:00]   Task fix-dogfood-week4: age 29585980m (timeout 120m)
[2026-04-02 15:40:00]     ⚠️  STALE (exceeded timeout)
[2026-04-02 15:40:00]   Task test-opt-parallel-logger: age 29585980m (timeout 120m)
[2026-04-02 15:40:00]     ⚠️  STALE (exceeded timeout)
[2026-04-02 15:40:00]   Task test-opt-parallel-error: age 29585980m (timeout 120m)
[2026-04-02 15:40:00]     ⚠️  STALE (exceeded timeout)
[2026-04-02 15:40:00]   Task audit-all-work: age 29585980m (timeout 120m)
[2026-04-02 15:40:00]     ⚠️  STALE (exceeded timeout)
[2026-04-02 15:40:00]   Task workqueue-automation: age 29585980m (timeout 120m)
[2026-04-02 15:40:00]     ⚠️  STALE (exceeded timeout)
[2026-04-02 15:40:00]   Task test-opt-analytics-opus: age 29585980m (timeout 120m)
[2026-04-02 15:40:00]     ⚠️  STALE (exceeded timeout)
[2026-04-02 15:40:00]   Task fix-trade-builder-403: age 29585980m (timeout 120m)
[2026-04-02 15:40:00]     ⚠️  STALE (exceeded timeout)
[2026-04-02 15:40:00]   Task fix-all-trade-issues: age 29585980m (timeout 120m)
[2026-04-02 15:40:00]     ⚠️  STALE (exceeded timeout)
[2026-04-02 15:40:00] Archiving 9 stale + 0 completed tasks...
[2026-04-02 15:50:00] Checking 9 active tasks...
[2026-04-02 15:50:00]   Task dogfood-qa-week4: age 29585990m (timeout 120m)
[2026-04-02 15:50:00]     ⚠️  STALE (exceeded timeout)
[2026-04-02 15:50:00]   Task fix-dogfood-week4: age 29585990m (timeout 120m)
[2026-04-02 15:50:00]     ⚠️  STALE (exceeded timeout)
[2026-04-02 15:50:00]   Task test-opt-parallel-logger: age 29585990m (timeout 120m)
[2026-04-02 15:50:00]     ⚠️  STALE (exceeded timeout)
[2026-04-02 15:50:00]   Task test-opt-parallel-error: age 29585990m (timeout 120m)
[2026-04-02 15:50:00]     ⚠️  STALE (exceeded timeout)
[2026-04-02 15:50:00]   Task audit-all-work: age 29585990m (timeout 120m)
[2026-04-02 15:50:00]     ⚠️  STALE (exceeded timeout)
[2026-04-02 15:50:00]   Task workqueue-automation: age 29585990m (timeout 120m)
[2026-04-02 15:50:00]     ⚠️  STALE (exceeded timeout)
[2026-04-02 15:50:00]   Task test-opt-analytics-opus: age 29585990m (timeout 120m)
[2026-04-02 15:50:00]     ⚠️  STALE (exceeded timeout)
[2026-04-02 15:50:00]   Task fix-trade-builder-403: age 29585990m (timeout 120m)
[2026-04-02 15:50:00]     ⚠️  STALE (exceeded timeout)
[2026-04-02 15:50:01]   Task fix-all-trade-issues: age 29585990m (timeout 120m)
[2026-04-02 15:50:01]     ⚠️  STALE (exceeded timeout)
[2026-04-02 15:50:01] Archiving 9 stale + 0 completed tasks...
[2026-04-02 16:00:00] Checking 9 active tasks...
[2026-04-02 16:00:00]   Task dogfood-qa-week4: age 29586000m (timeout 120m)
[2026-04-02 16:00:00]     ⚠️  STALE (exceeded timeout)
[2026-04-02 16:00:00]   Task fix-dogfood-week4: age 29586000m (timeout 120m)
[2026-04-02 16:00:00]     ⚠️  STALE (exceeded timeout)
[2026-04-02 16:00:00]   Task test-opt-parallel-logger: age 29586000m (timeout 120m)
[2026-04-02 16:00:00]     ⚠️  STALE (exceeded timeout)
[2026-04-02 16:00:00]   Task test-opt-parallel-error: age 29586000m (timeout 120m)
[2026-04-02 16:00:00]     ⚠️  STALE (exceeded timeout)
[2026-04-02 16:00:00]   Task audit-all-work: age 29586000m (timeout 120m)
[2026-04-02 16:00:00]     ⚠️  STALE (exceeded timeout)
[2026-04-02 16:00:01]   Task workqueue-automation: age 29586000m (timeout 120m)
[2026-04-02 16:00:01]     ⚠️  STALE (exceeded timeout)
[2026-04-02 16:00:01]   Task test-opt-analytics-opus: age 29586000m (timeout 120m)
[2026-04-02 16:00:01]     ⚠️  STALE (exceeded timeout)
[2026-04-02 16:00:01]   Task fix-trade-builder-403: age 29586000m (timeout 120m)
[2026-04-02 16:00:01]     ⚠️  STALE (exceeded timeout)
[2026-04-02 16:00:01]   Task fix-all-trade-issues: age 29586000m (timeout 120m)
[2026-04-02 16:00:01]     ⚠️  STALE (exceeded timeout)
[2026-04-02 16:00:01] Archiving 9 stale + 0 completed tasks...
[2026-04-02 16:10:00] Checking 9 active tasks...
[2026-04-02 16:10:00]   Task dogfood-qa-week4: age 29586010m (timeout 120m)
[2026-04-02 16:10:00]     ⚠️  STALE (exceeded timeout)
[2026-04-02 16:10:00]   Task fix-dogfood-week4: age 29586010m (timeout 120m)
[2026-04-02 16:10:00]     ⚠️  STALE (exceeded timeout)
[2026-04-02 16:10:00]   Task test-opt-parallel-logger: age 29586010m (timeout 120m)
[2026-04-02 16:10:00]     ⚠️  STALE (exceeded timeout)
[2026-04-02 16:10:00]   Task test-opt-parallel-error: age 29586010m (timeout 120m)
[2026-04-02 16:10:00]     ⚠️  STALE (exceeded timeout)
[2026-04-02 16:10:01]   Task audit-all-work: age 29586010m (timeout 120m)
[2026-04-02 16:10:01]     ⚠️  STALE (exceeded timeout)
[2026-04-02 16:10:01]   Task workqueue-automation: age 29586010m (timeout 120m)
[2026-04-02 16:10:01]     ⚠️  STALE (exceeded timeout)
[2026-04-02 16:10:01]   Task test-opt-analytics-opus: age 29586010m (timeout 120m)
[2026-04-02 16:10:01]     ⚠️  STALE (exceeded timeout)
[2026-04-02 16:10:01]   Task fix-trade-builder-403: age 29586010m (timeout 120m)
[2026-04-02 16:10:01]     ⚠️  STALE (exceeded timeout)
[2026-04-02 16:10:01]   Task fix-all-trade-issues: age 29586010m (timeout 120m)
[2026-04-02 16:10:01]     ⚠️  STALE (exceeded timeout)
[2026-04-02 16:10:01] Archiving 9 stale + 0 completed tasks...
[2026-04-02 16:20:01] Checking 9 active tasks...
[2026-04-02 16:20:01]   Task dogfood-qa-week4: age 29586020m (timeout 120m)
[2026-04-02 16:20:01]     ⚠️  STALE (exceeded timeout)
[2026-04-02 16:20:01]   Task fix-dogfood-week4: age 29586020m (timeout 120m)
[2026-04-02 16:20:01]     ⚠️  STALE (exceeded timeout)
[2026-04-02 16:20:01]   Task test-opt-parallel-logger: age 29586020m (timeout 120m)
[2026-04-02 16:20:01]     ⚠️  STALE (exceeded timeout)
[2026-04-02 16:20:01]   Task test-opt-parallel-error: age 29586020m (timeout 120m)
[2026-04-02 16:20:01]     ⚠️  STALE (exceeded timeout)
[2026-04-02 16:20:01]   Task audit-all-work: age 29586020m (timeout 120m)
[2026-04-02 16:20:01]     ⚠️  STALE (exceeded timeout)
[2026-04-02 16:20:01]   Task workqueue-automation: age 29586020m (timeout 120m)
[2026-04-02 16:20:01]     ⚠️  STALE (exceeded timeout)
[2026-04-02 16:20:01]   Task test-opt-analytics-opus: age 29586020m (timeout 120m)
[2026-04-02 16:20:01]     ⚠️  STALE (exceeded timeout)
[2026-04-02 16:20:01]   Task fix-trade-builder-403: age 29586020m (timeout 120m)
[2026-04-02 16:20:01]     ⚠️  STALE (exceeded timeout)
[2026-04-02 16:20:01]   Task fix-all-trade-issues: age 29586020m (timeout 120m)
[2026-04-02 16:20:01]     ⚠️  STALE (exceeded timeout)
[2026-04-02 16:20:01] Archiving 9 stale + 0 completed tasks...
[2026-04-02 16:30:00] Checking 9 active tasks...
[2026-04-02 16:30:00]   Task dogfood-qa-week4: age 29586030m (timeout 120m)
[2026-04-02 16:30:00]     ⚠️  STALE (exceeded timeout)
[2026-04-02 16:30:00]   Task fix-dogfood-week4: age 29586030m (timeout 120m)
[2026-04-02 16:30:00]     ⚠️  STALE (exceeded timeout)
[2026-04-02 16:30:00]   Task test-opt-parallel-logger: age 29586030m (timeout 120m)
[2026-04-02 16:30:00]     ⚠️  STALE (exceeded timeout)
[2026-04-02 16:30:00]   Task test-opt-parallel-error: age 29586030m (timeout 120m)
[2026-04-02 16:30:00]     ⚠️  STALE (exceeded timeout)
[2026-04-02 16:30:00]   Task audit-all-work: age 29586030m (timeout 120m)
[2026-04-02 16:30:00]     ⚠️  STALE (exceeded timeout)
[2026-04-02 16:30:00]   Task workqueue-automation: age 29586030m (timeout 120m)
[2026-04-02 16:30:00]     ⚠️  STALE (exceeded timeout)
[2026-04-02 16:30:00]   Task test-opt-analytics-opus: age 29586030m (timeout 120m)
[2026-04-02 16:30:00]     ⚠️  STALE (exceeded timeout)
[2026-04-02 16:30:00]   Task fix-trade-builder-403: age 29586030m (timeout 120m)
[2026-04-02 16:30:00]     ⚠️  STALE (exceeded timeout)
[2026-04-02 16:30:00]   Task fix-all-trade-issues: age 29586030m (timeout 120m)
[2026-04-02 16:30:00]     ⚠️  STALE (exceeded timeout)
[2026-04-02 16:30:01] Archiving 9 stale + 0 completed tasks...
[2026-04-02 16:40:00] Checking 9 active tasks...
[2026-04-02 16:40:00]   Task dogfood-qa-week4: age 29586040m (timeout 120m)
[2026-04-02 16:40:00]     ⚠️  STALE (exceeded timeout)
[2026-04-02 16:40:00]   Task fix-dogfood-week4: age 29586040m (timeout 120m)
[2026-04-02 16:40:00]     ⚠️  STALE (exceeded timeout)
[2026-04-02 16:40:00]   Task test-opt-parallel-logger: age 29586040m (timeout 120m)
[2026-04-02 16:40:00]     ⚠️  STALE (exceeded timeout)
[2026-04-02 16:40:00]   Task test-opt-parallel-error: age 29586040m (timeout 120m)
[2026-04-02 16:40:00]     ⚠️  STALE (exceeded timeout)
[2026-04-02 16:40:00]   Task audit-all-work: age 29586040m (timeout 120m)
[2026-04-02 16:40:00]     ⚠️  STALE (exceeded timeout)
[2026-04-02 16:40:00]   Task workqueue-automation: age 29586040m (timeout 120m)
[2026-04-02 16:40:00]     ⚠️  STALE (exceeded timeout)
[2026-04-02 16:40:00]   Task test-opt-analytics-opus: age 29586040m (timeout 120m)
[2026-04-02 16:40:00]     ⚠️  STALE (exceeded timeout)
[2026-04-02 16:40:00]   Task fix-trade-builder-403: age 29586040m (timeout 120m)
[2026-04-02 16:40:00]     ⚠️  STALE (exceeded timeout)
[2026-04-02 16:40:00]   Task fix-all-trade-issues: age 29586040m (timeout 120m)
[2026-04-02 16:40:00]     ⚠️  STALE (exceeded timeout)
[2026-04-02 16:40:00] Archiving 9 stale + 0 completed tasks...
[2026-04-02 16:50:01] Checking 9 active tasks...
[2026-04-02 16:50:01]   Task dogfood-qa-week4: age 29586050m (timeout 120m)
[2026-04-02 16:50:01]     ⚠️  STALE (exceeded timeout)
[2026-04-02 16:50:01]   Task fix-dogfood-week4: age 29586050m (timeout 120m)
[2026-04-02 16:50:01]     ⚠️  STALE (exceeded timeout)
[2026-04-02 16:50:01]   Task test-opt-parallel-logger: age 29586050m (timeout 120m)
[2026-04-02 16:50:01]     ⚠️  STALE (exceeded timeout)
[2026-04-02 16:50:01]   Task test-opt-parallel-error: age 29586050m (timeout 120m)
[2026-04-02 16:50:01]     ⚠️  STALE (exceeded timeout)
[2026-04-02 16:50:01]   Task audit-all-work: age 29586050m (timeout 120m)
[2026-04-02 16:50:01]     ⚠️  STALE (exceeded timeout)
[2026-04-02 16:50:01]   Task workqueue-automation: age 29586050m (timeout 120m)
[2026-04-02 16:50:01]     ⚠️  STALE (exceeded timeout)
[2026-04-02 16:50:01]   Task test-opt-analytics-opus: age 29586050m (timeout 120m)
[2026-04-02 16:50:01]     ⚠️  STALE (exceeded timeout)
[2026-04-02 16:50:01]   Task fix-trade-builder-403: age 29586050m (timeout 120m)
[2026-04-02 16:50:01]     ⚠️  STALE (exceeded timeout)
[2026-04-02 16:50:01]   Task fix-all-trade-issues: age 29586050m (timeout 120m)
[2026-04-02 16:50:01]     ⚠️  STALE (exceeded timeout)
[2026-04-02 16:50:01] Archiving 9 stale + 0 completed tasks...
[2026-04-02 17:00:00] Checking 9 active tasks...
[2026-04-02 17:00:00]   Task dogfood-qa-week4: age 29586060m (timeout 120m)
[2026-04-02 17:00:00]     ⚠️  STALE (exceeded timeout)
[2026-04-02 17:00:00]   Task fix-dogfood-week4: age 29586060m (timeout 120m)
[2026-04-02 17:00:00]     ⚠️  STALE (exceeded timeout)
[2026-04-02 17:00:00]   Task test-opt-parallel-logger: age 29586060m (timeout 120m)
[2026-04-02 17:00:00]     ⚠️  STALE (exceeded timeout)
[2026-04-02 17:00:00]   Task test-opt-parallel-error: age 29586060m (timeout 120m)
[2026-04-02 17:00:01]     ⚠️  STALE (exceeded timeout)
[2026-04-02 17:00:01]   Task audit-all-work: age 29586060m (timeout 120m)
[2026-04-02 17:00:01]     ⚠️  STALE (exceeded timeout)
[2026-04-02 17:00:01]   Task workqueue-automation: age 29586060m (timeout 120m)
[2026-04-02 17:00:01]     ⚠️  STALE (exceeded timeout)
[2026-04-02 17:00:01]   Task test-opt-analytics-opus: age 29586060m (timeout 120m)
[2026-04-02 17:00:01]     ⚠️  STALE (exceeded timeout)
[2026-04-02 17:00:01]   Task fix-trade-builder-403: age 29586060m (timeout 120m)
[2026-04-02 17:00:01]     ⚠️  STALE (exceeded timeout)
[2026-04-02 17:00:01]   Task fix-all-trade-issues: age 29586060m (timeout 120m)
[2026-04-02 17:00:01]     ⚠️  STALE (exceeded timeout)
[2026-04-02 17:00:01] Archiving 9 stale + 0 completed tasks...
[2026-04-02 17:10:01] Checking 9 active tasks...
[2026-04-02 17:10:01]   Task dogfood-qa-week4: age 29586070m (timeout 120m)
[2026-04-02 17:10:01]     ⚠️  STALE (exceeded timeout)
[2026-04-02 17:10:01]   Task fix-dogfood-week4: age 29586070m (timeout 120m)
[2026-04-02 17:10:01]     ⚠️  STALE (exceeded timeout)
[2026-04-02 17:10:01]   Task test-opt-parallel-logger: age 29586070m (timeout 120m)
[2026-04-02 17:10:01]     ⚠️  STALE (exceeded timeout)
[2026-04-02 17:10:01]   Task test-opt-parallel-error: age 29586070m (timeout 120m)
[2026-04-02 17:10:01]     ⚠️  STALE (exceeded timeout)
[2026-04-02 17:10:01]   Task audit-all-work: age 29586070m (timeout 120m)
[2026-04-02 17:10:01]     ⚠️  STALE (exceeded timeout)
[2026-04-02 17:10:01]   Task workqueue-automation: age 29586070m (timeout 120m)
[2026-04-02 17:10:01]     ⚠️  STALE (exceeded timeout)
[2026-04-02 17:10:01]   Task test-opt-analytics-opus: age 29586070m (timeout 120m)
[2026-04-02 17:10:01]     ⚠️  STALE (exceeded timeout)
[2026-04-02 17:10:01]   Task fix-trade-builder-403: age 29586070m (timeout 120m)
[2026-04-02 17:10:01]     ⚠️  STALE (exceeded timeout)
[2026-04-02 17:10:01]   Task fix-all-trade-issues: age 29586070m (timeout 120m)
[2026-04-02 17:10:01]     ⚠️  STALE (exceeded timeout)
[2026-04-02 17:10:01] Archiving 9 stale + 0 completed tasks...
[2026-04-02 17:20:00] Checking 9 active tasks...
[2026-04-02 17:20:00]   Task dogfood-qa-week4: age 29586080m (timeout 120m)
[2026-04-02 17:20:00]     ⚠️  STALE (exceeded timeout)
[2026-04-02 17:20:00]   Task fix-dogfood-week4: age 29586080m (timeout 120m)
[2026-04-02 17:20:00]     ⚠️  STALE (exceeded timeout)
[2026-04-02 17:20:00]   Task test-opt-parallel-logger: age 29586080m (timeout 120m)
[2026-04-02 17:20:00]     ⚠️  STALE (exceeded timeout)
[2026-04-02 17:20:00]   Task test-opt-parallel-error: age 29586080m (timeout 120m)
[2026-04-02 17:20:00]     ⚠️  STALE (exceeded timeout)
[2026-04-02 17:20:00]   Task audit-all-work: age 29586080m (timeout 120m)
[2026-04-02 17:20:00]     ⚠️  STALE (exceeded timeout)
[2026-04-02 17:20:00]   Task workqueue-automation: age 29586080m (timeout 120m)
[2026-04-02 17:20:00]     ⚠️  STALE (exceeded timeout)
[2026-04-02 17:20:01]   Task test-opt-analytics-opus: age 29586080m (timeout 120m)
[2026-04-02 17:20:01]     ⚠️  STALE (exceeded timeout)
[2026-04-02 17:20:01]   Task fix-trade-builder-403: age 29586080m (timeout 120m)
[2026-04-02 17:20:01]     ⚠️  STALE (exceeded timeout)
[2026-04-02 17:20:01]   Task fix-all-trade-issues: age 29586080m (timeout 120m)
[2026-04-02 17:20:01]     ⚠️  STALE (exceeded timeout)
[2026-04-02 17:20:01] Archiving 9 stale + 0 completed tasks...
[2026-04-02 17:30:00] Checking 9 active tasks...
[2026-04-02 17:30:00]   Task dogfood-qa-week4: age 29586090m (timeout 120m)
[2026-04-02 17:30:00]     ⚠️  STALE (exceeded timeout)
[2026-04-02 17:30:00]   Task fix-dogfood-week4: age 29586090m (timeout 120m)
[2026-04-02 17:30:00]     ⚠️  STALE (exceeded timeout)
[2026-04-02 17:30:00]   Task test-opt-parallel-logger: age 29586090m (timeout 120m)
[2026-04-02 17:30:00]     ⚠️  STALE (exceeded timeout)
[2026-04-02 17:30:00]   Task test-opt-parallel-error: age 29586090m (timeout 120m)
[2026-04-02 17:30:00]     ⚠️  STALE (exceeded timeout)
[2026-04-02 17:30:00]   Task audit-all-work: age 29586090m (timeout 120m)
[2026-04-02 17:30:00]     ⚠️  STALE (exceeded timeout)
[2026-04-02 17:30:00]   Task workqueue-automation: age 29586090m (timeout 120m)
[2026-04-02 17:30:00]     ⚠️  STALE (exceeded timeout)
[2026-04-02 17:30:00]   Task test-opt-analytics-opus: age 29586090m (timeout 120m)
[2026-04-02 17:30:00]     ⚠️  STALE (exceeded timeout)
[2026-04-02 17:30:00]   Task fix-trade-builder-403: age 29586090m (timeout 120m)
[2026-04-02 17:30:00]     ⚠️  STALE (exceeded timeout)
[2026-04-02 17:30:00]   Task fix-all-trade-issues: age 29586090m (timeout 120m)
[2026-04-02 17:30:00]     ⚠️  STALE (exceeded timeout)
[2026-04-02 17:30:00] Archiving 9 stale + 0 completed tasks...
[2026-04-02 17:40:00] Checking 9 active tasks...
[2026-04-02 17:40:00]   Task dogfood-qa-week4: age 29586100m (timeout 120m)
[2026-04-02 17:40:00]     ⚠️  STALE (exceeded timeout)
[2026-04-02 17:40:00]   Task fix-dogfood-week4: age 29586100m (timeout 120m)
[2026-04-02 17:40:00]     ⚠️  STALE (exceeded timeout)
[2026-04-02 17:40:00]   Task test-opt-parallel-logger: age 29586100m (timeout 120m)
[2026-04-02 17:40:00]     ⚠️  STALE (exceeded timeout)
[2026-04-02 17:40:00]   Task test-opt-parallel-error: age 29586100m (timeout 120m)
[2026-04-02 17:40:00]     ⚠️  STALE (exceeded timeout)
[2026-04-02 17:40:00]   Task audit-all-work: age 29586100m (timeout 120m)
[2026-04-02 17:40:00]     ⚠️  STALE (exceeded timeout)
[2026-04-02 17:40:00]   Task workqueue-automation: age 29586100m (timeout 120m)
[2026-04-02 17:40:00]     ⚠️  STALE (exceeded timeout)
[2026-04-02 17:40:00]   Task test-opt-analytics-opus: age 29586100m (timeout 120m)
[2026-04-02 17:40:00]     ⚠️  STALE (exceeded timeout)
[2026-04-02 17:40:00]   Task fix-trade-builder-403: age 29586100m (timeout 120m)
[2026-04-02 17:40:00]     ⚠️  STALE (exceeded timeout)
[2026-04-02 17:40:01]   Task fix-all-trade-issues: age 29586100m (timeout 120m)
[2026-04-02 17:40:01]     ⚠️  STALE (exceeded timeout)
[2026-04-02 17:40:01] Archiving 9 stale + 0 completed tasks...
[2026-04-02 17:50:00] Checking 9 active tasks...
[2026-04-02 17:50:00]   Task dogfood-qa-week4: age 29586110m (timeout 120m)
[2026-04-02 17:50:00]     ⚠️  STALE (exceeded timeout)
[2026-04-02 17:50:00]   Task fix-dogfood-week4: age 29586110m (timeout 120m)
[2026-04-02 17:50:00]     ⚠️  STALE (exceeded timeout)
[2026-04-02 17:50:00]   Task test-opt-parallel-logger: age 29586110m (timeout 120m)
[2026-04-02 17:50:00]     ⚠️  STALE (exceeded timeout)
[2026-04-02 17:50:00]   Task test-opt-parallel-error: age 29586110m (timeout 120m)
[2026-04-02 17:50:00]     ⚠️  STALE (exceeded timeout)
[2026-04-02 17:50:00]   Task audit-all-work: age 29586110m (timeout 120m)
[2026-04-02 17:50:00]     ⚠️  STALE (exceeded timeout)
[2026-04-02 17:50:00]   Task workqueue-automation: age 29586110m (timeout 120m)
[2026-04-02 17:50:00]     ⚠️  STALE (exceeded timeout)
[2026-04-02 17:50:00]   Task test-opt-analytics-opus: age 29586110m (timeout 120m)
[2026-04-02 17:50:00]     ⚠️  STALE (exceeded timeout)
[2026-04-02 17:50:00]   Task fix-trade-builder-403: age 29586110m (timeout 120m)
[2026-04-02 17:50:00]     ⚠️  STALE (exceeded timeout)
[2026-04-02 17:50:01]   Task fix-all-trade-issues: age 29586110m (timeout 120m)
[2026-04-02 17:50:01]     ⚠️  STALE (exceeded timeout)
[2026-04-02 17:50:01] Archiving 9 stale + 0 completed tasks...
[2026-04-02 18:00:00] Checking 9 active tasks...
[2026-04-02 18:00:00]   Task dogfood-qa-week4: age 29586120m (timeout 120m)
[2026-04-02 18:00:00]     ⚠️  STALE (exceeded timeout)
[2026-04-02 18:00:00]   Task fix-dogfood-week4: age 29586120m (timeout 120m)
[2026-04-02 18:00:00]     ⚠️  STALE (exceeded timeout)
[2026-04-02 18:00:00]   Task test-opt-parallel-logger: age 29586120m (timeout 120m)
[2026-04-02 18:00:00]     ⚠️  STALE (exceeded timeout)
[2026-04-02 18:00:00]   Task test-opt-parallel-error: age 29586120m (timeout 120m)
[2026-04-02 18:00:00]     ⚠️  STALE (exceeded timeout)
[2026-04-02 18:00:00]   Task audit-all-work: age 29586120m (timeout 120m)
[2026-04-02 18:00:00]     ⚠️  STALE (exceeded timeout)
[2026-04-02 18:00:00]   Task workqueue-automation: age 29586120m (timeout 120m)
[2026-04-02 18:00:00]     ⚠️  STALE (exceeded timeout)
[2026-04-02 18:00:00]   Task test-opt-analytics-opus: age 29586120m (timeout 120m)
[2026-04-02 18:00:00]     ⚠️  STALE (exceeded timeout)
[2026-04-02 18:00:01]   Task fix-trade-builder-403: age 29586120m (timeout 120m)
[2026-04-02 18:00:01]     ⚠️  STALE (exceeded timeout)
[2026-04-02 18:00:01]   Task fix-all-trade-issues: age 29586120m (timeout 120m)
[2026-04-02 18:00:01]     ⚠️  STALE (exceeded timeout)
[2026-04-02 18:00:01] Archiving 9 stale + 0 completed tasks...
[2026-04-02 18:10:00] Checking 9 active tasks...
[2026-04-02 18:10:00]   Task dogfood-qa-week4: age 29586130m (timeout 120m)
[2026-04-02 18:10:00]     ⚠️  STALE (exceeded timeout)
[2026-04-02 18:10:00]   Task fix-dogfood-week4: age 29586130m (timeout 120m)
[2026-04-02 18:10:00]     ⚠️  STALE (exceeded timeout)
[2026-04-02 18:10:00]   Task test-opt-parallel-logger: age 29586130m (timeout 120m)
[2026-04-02 18:10:01]     ⚠️  STALE (exceeded timeout)
[2026-04-02 18:10:01]   Task test-opt-parallel-error: age 29586130m (timeout 120m)
[2026-04-02 18:10:01]     ⚠️  STALE (exceeded timeout)
[2026-04-02 18:10:01]   Task audit-all-work: age 29586130m (timeout 120m)
[2026-04-02 18:10:01]     ⚠️  STALE (exceeded timeout)
[2026-04-02 18:10:01]   Task workqueue-automation: age 29586130m (timeout 120m)
[2026-04-02 18:10:01]     ⚠️  STALE (exceeded timeout)
[2026-04-02 18:10:01]   Task test-opt-analytics-opus: age 29586130m (timeout 120m)
[2026-04-02 18:10:01]     ⚠️  STALE (exceeded timeout)
[2026-04-02 18:10:01]   Task fix-trade-builder-403: age 29586130m (timeout 120m)
[2026-04-02 18:10:01]     ⚠️  STALE (exceeded timeout)
[2026-04-02 18:10:01]   Task fix-all-trade-issues: age 29586130m (timeout 120m)
[2026-04-02 18:10:01]     ⚠️  STALE (exceeded timeout)
[2026-04-02 18:10:01] Archiving 9 stale + 0 completed tasks...
[2026-04-02 18:20:00] Checking 9 active tasks...
[2026-04-02 18:20:00]   Task dogfood-qa-week4: age 29586140m (timeout 120m)
[2026-04-02 18:20:00]     ⚠️  STALE (exceeded timeout)
[2026-04-02 18:20:01]   Task fix-dogfood-week4: age 29586140m (timeout 120m)
[2026-04-02 18:20:01]     ⚠️  STALE (exceeded timeout)
[2026-04-02 18:20:01]   Task test-opt-parallel-logger: age 29586140m (timeout 120m)
[2026-04-02 18:20:01]     ⚠️  STALE (exceeded timeout)
[2026-04-02 18:20:01]   Task test-opt-parallel-error: age 29586140m (timeout 120m)
[2026-04-02 18:20:01]     ⚠️  STALE (exceeded timeout)
[2026-04-02 18:20:01]   Task audit-all-work: age 29586140m (timeout 120m)
[2026-04-02 18:20:01]     ⚠️  STALE (exceeded timeout)
[2026-04-02 18:20:01]   Task workqueue-automation: age 29586140m (timeout 120m)
[2026-04-02 18:20:01]     ⚠️  STALE (exceeded timeout)
[2026-04-02 18:20:01]   Task test-opt-analytics-opus: age 29586140m (timeout 120m)
[2026-04-02 18:20:01]     ⚠️  STALE (exceeded timeout)
[2026-04-02 18:20:01]   Task fix-trade-builder-403: age 29586140m (timeout 120m)
[2026-04-02 18:20:01]     ⚠️  STALE (exceeded timeout)
[2026-04-02 18:20:01]   Task fix-all-trade-issues: age 29586140m (timeout 120m)
[2026-04-02 18:20:01]     ⚠️  STALE (exceeded timeout)
[2026-04-02 18:20:01] Archiving 9 stale + 0 completed tasks...
[2026-04-02 18:30:00] Checking 9 active tasks...
[2026-04-02 18:30:00]   Task dogfood-qa-week4: age 29586150m (timeout 120m)
[2026-04-02 18:30:00]     ⚠️  STALE (exceeded timeout)
[2026-04-02 18:30:00]   Task fix-dogfood-week4: age 29586150m (timeout 120m)
[2026-04-02 18:30:00]     ⚠️  STALE (exceeded timeout)
[2026-04-02 18:30:00]   Task test-opt-parallel-logger: age 29586150m (timeout 120m)
[2026-04-02 18:30:00]     ⚠️  STALE (exceeded timeout)
[2026-04-02 18:30:00]   Task test-opt-parallel-error: age 29586150m (timeout 120m)
[2026-04-02 18:30:00]     ⚠️  STALE (exceeded timeout)
[2026-04-02 18:30:00]   Task audit-all-work: age 29586150m (timeout 120m)
[2026-04-02 18:30:00]     ⚠️  STALE (exceeded timeout)
[2026-04-02 18:30:01]   Task workqueue-automation: age 29586150m (timeout 120m)
[2026-04-02 18:30:01]     ⚠️  STALE (exceeded timeout)
[2026-04-02 18:30:01]   Task test-opt-analytics-opus: age 29586150m (timeout 120m)
[2026-04-02 18:30:01]     ⚠️  STALE (exceeded timeout)
[2026-04-02 18:30:01]   Task fix-trade-builder-403: age 29586150m (timeout 120m)
[2026-04-02 18:30:01]     ⚠️  STALE (exceeded timeout)
[2026-04-02 18:30:01]   Task fix-all-trade-issues: age 29586150m (timeout 120m)
[2026-04-02 18:30:01]     ⚠️  STALE (exceeded timeout)
[2026-04-02 18:30:01] Archiving 9 stale + 0 completed tasks...
[2026-04-02 18:40:00] Checking 9 active tasks...
[2026-04-02 18:40:00]   Task dogfood-qa-week4: age 29586160m (timeout 120m)
[2026-04-02 18:40:00]     ⚠️  STALE (exceeded timeout)
[2026-04-02 18:40:00]   Task fix-dogfood-week4: age 29586160m (timeout 120m)
[2026-04-02 18:40:00]     ⚠️  STALE (exceeded timeout)
[2026-04-02 18:40:00]   Task test-opt-parallel-logger: age 29586160m (timeout 120m)
[2026-04-02 18:40:00]     ⚠️  STALE (exceeded timeout)
[2026-04-02 18:40:00]   Task test-opt-parallel-error: age 29586160m (timeout 120m)
[2026-04-02 18:40:00]     ⚠️  STALE (exceeded timeout)
[2026-04-02 18:40:00]   Task audit-all-work: age 29586160m (timeout 120m)
[2026-04-02 18:40:01]     ⚠️  STALE (exceeded timeout)
[2026-04-02 18:40:01]   Task workqueue-automation: age 29586160m (timeout 120m)
[2026-04-02 18:40:01]     ⚠️  STALE (exceeded timeout)
[2026-04-02 18:40:01]   Task test-opt-analytics-opus: age 29586160m (timeout 120m)
[2026-04-02 18:40:01]     ⚠️  STALE (exceeded timeout)
[2026-04-02 18:40:01]   Task fix-trade-builder-403: age 29586160m (timeout 120m)
[2026-04-02 18:40:01]     ⚠️  STALE (exceeded timeout)
[2026-04-02 18:40:01]   Task fix-all-trade-issues: age 29586160m (timeout 120m)
[2026-04-02 18:40:01]     ⚠️  STALE (exceeded timeout)
[2026-04-02 18:40:01] Archiving 9 stale + 0 completed tasks...
[2026-04-02 18:50:01] Checking 9 active tasks...
[2026-04-02 18:50:01]   Task dogfood-qa-week4: age 29586170m (timeout 120m)
[2026-04-02 18:50:01]     ⚠️  STALE (exceeded timeout)
[2026-04-02 18:50:01]   Task fix-dogfood-week4: age 29586170m (timeout 120m)
[2026-04-02 18:50:01]     ⚠️  STALE (exceeded timeout)
[2026-04-02 18:50:01]   Task test-opt-parallel-logger: age 29586170m (timeout 120m)
[2026-04-02 18:50:01]     ⚠️  STALE (exceeded timeout)
[2026-04-02 18:50:01]   Task test-opt-parallel-error: age 29586170m (timeout 120m)
[2026-04-02 18:50:01]     ⚠️  STALE (exceeded timeout)
[2026-04-02 18:50:01]   Task audit-all-work: age 29586170m (timeout 120m)
[2026-04-02 18:50:01]     ⚠️  STALE (exceeded timeout)
[2026-04-02 18:50:01]   Task workqueue-automation: age 29586170m (timeout 120m)
[2026-04-02 18:50:01]     ⚠️  STALE (exceeded timeout)
[2026-04-02 18:50:01]   Task test-opt-analytics-opus: age 29586170m (timeout 120m)
[2026-04-02 18:50:01]     ⚠️  STALE (exceeded timeout)
[2026-04-02 18:50:01]   Task fix-trade-builder-403: age 29586170m (timeout 120m)
[2026-04-02 18:50:01]     ⚠️  STALE (exceeded timeout)
[2026-04-02 18:50:01]   Task fix-all-trade-issues: age 29586170m (timeout 120m)
[2026-04-02 18:50:01]     ⚠️  STALE (exceeded timeout)
[2026-04-02 18:50:01] Archiving 9 stale + 0 completed tasks...
[2026-04-02 19:00:01] Checking 9 active tasks...
[2026-04-02 19:00:01]   Task dogfood-qa-week4: age 29586180m (timeout 120m)
[2026-04-02 19:00:01]     ⚠️  STALE (exceeded timeout)
[2026-04-02 19:00:01]   Task fix-dogfood-week4: age 29586180m (timeout 120m)
[2026-04-02 19:00:01]     ⚠️  STALE (exceeded timeout)
[2026-04-02 19:00:01]   Task test-opt-parallel-logger: age 29586180m (timeout 120m)
[2026-04-02 19:00:01]     ⚠️  STALE (exceeded timeout)
[2026-04-02 19:00:01]   Task test-opt-parallel-error: age 29586180m (timeout 120m)
[2026-04-02 19:00:01]     ⚠️  STALE (exceeded timeout)
[2026-04-02 19:00:01]   Task audit-all-work: age 29586180m (timeout 120m)
[2026-04-02 19:00:01]     ⚠️  STALE (exceeded timeout)
[2026-04-02 19:00:01]   Task workqueue-automation: age 29586180m (timeout 120m)
[2026-04-02 19:00:01]     ⚠️  STALE (exceeded timeout)
[2026-04-02 19:00:01]   Task test-opt-analytics-opus: age 29586180m (timeout 120m)
[2026-04-02 19:00:01]     ⚠️  STALE (exceeded timeout)
[2026-04-02 19:00:01]   Task fix-trade-builder-403: age 29586180m (timeout 120m)
[2026-04-02 19:00:01]     ⚠️  STALE (exceeded timeout)
[2026-04-02 19:00:01]   Task fix-all-trade-issues: age 29586180m (timeout 120m)
[2026-04-02 19:00:01]     ⚠️  STALE (exceeded timeout)
[2026-04-02 19:00:01] Archiving 9 stale + 0 completed tasks...
[2026-04-02 19:10:01] Checking 9 active tasks...
[2026-04-02 19:10:01]   Task dogfood-qa-week4: age 29586190m (timeout 120m)
[2026-04-02 19:10:01]     ⚠️  STALE (exceeded timeout)
[2026-04-02 19:10:01]   Task fix-dogfood-week4: age 29586190m (timeout 120m)
[2026-04-02 19:10:01]     ⚠️  STALE (exceeded timeout)
[2026-04-02 19:10:01]   Task test-opt-parallel-logger: age 29586190m (timeout 120m)
[2026-04-02 19:10:01]     ⚠️  STALE (exceeded timeout)
[2026-04-02 19:10:01]   Task test-opt-parallel-error: age 29586190m (timeout 120m)
[2026-04-02 19:10:01]     ⚠️  STALE (exceeded timeout)
[2026-04-02 19:10:01]   Task audit-all-work: age 29586190m (timeout 120m)
[2026-04-02 19:10:01]     ⚠️  STALE (exceeded timeout)
[2026-04-02 19:10:01]   Task workqueue-automation: age 29586190m (timeout 120m)
[2026-04-02 19:10:01]     ⚠️  STALE (exceeded timeout)
[2026-04-02 19:10:01]   Task test-opt-analytics-opus: age 29586190m (timeout 120m)
[2026-04-02 19:10:01]     ⚠️  STALE (exceeded timeout)
[2026-04-02 19:10:01]   Task fix-trade-builder-403: age 29586190m (timeout 120m)
[2026-04-02 19:10:01]     ⚠️  STALE (exceeded timeout)
[2026-04-02 19:10:01]   Task fix-all-trade-issues: age 29586190m (timeout 120m)
[2026-04-02 19:10:01]     ⚠️  STALE (exceeded timeout)
[2026-04-02 19:10:01] Archiving 9 stale + 0 completed tasks...
[2026-04-02 19:20:00] Checking 9 active tasks...
[2026-04-02 19:20:01]   Task dogfood-qa-week4: age 29586200m (timeout 120m)
[2026-04-02 19:20:01]     ⚠️  STALE (exceeded timeout)
[2026-04-02 19:20:01]   Task fix-dogfood-week4: age 29586200m (timeout 120m)
[2026-04-02 19:20:01]     ⚠️  STALE (exceeded timeout)
[2026-04-02 19:20:01]   Task test-opt-parallel-logger: age 29586200m (timeout 120m)
[2026-04-02 19:20:01]     ⚠️  STALE (exceeded timeout)
[2026-04-02 19:20:01]   Task test-opt-parallel-error: age 29586200m (timeout 120m)
[2026-04-02 19:20:01]     ⚠️  STALE (exceeded timeout)
[2026-04-02 19:20:01]   Task audit-all-work: age 29586200m (timeout 120m)
[2026-04-02 19:20:01]     ⚠️  STALE (exceeded timeout)
[2026-04-02 19:20:01]   Task workqueue-automation: age 29586200m (timeout 120m)
[2026-04-02 19:20:01]     ⚠️  STALE (exceeded timeout)
[2026-04-02 19:20:01]   Task test-opt-analytics-opus: age 29586200m (timeout 120m)
[2026-04-02 19:20:01]     ⚠️  STALE (exceeded timeout)
[2026-04-02 19:20:01]   Task fix-trade-builder-403: age 29586200m (timeout 120m)
[2026-04-02 19:20:01]     ⚠️  STALE (exceeded timeout)
[2026-04-02 19:20:01]   Task fix-all-trade-issues: age 29586200m (timeout 120m)
[2026-04-02 19:20:01]     ⚠️  STALE (exceeded timeout)
[2026-04-02 19:20:01] Archiving 9 stale + 0 completed tasks...
[2026-04-02 19:30:01] Checking 9 active tasks...
[2026-04-02 19:30:01]   Task dogfood-qa-week4: age 29586210m (timeout 120m)
[2026-04-02 19:30:01]     ⚠️  STALE (exceeded timeout)
[2026-04-02 19:30:01]   Task fix-dogfood-week4: age 29586210m (timeout 120m)
[2026-04-02 19:30:01]     ⚠️  STALE (exceeded timeout)
[2026-04-02 19:30:01]   Task test-opt-parallel-logger: age 29586210m (timeout 120m)
[2026-04-02 19:30:01]     ⚠️  STALE (exceeded timeout)
[2026-04-02 19:30:01]   Task test-opt-parallel-error: age 29586210m (timeout 120m)
[2026-04-02 19:30:01]     ⚠️  STALE (exceeded timeout)
[2026-04-02 19:30:01]   Task audit-all-work: age 29586210m (timeout 120m)
[2026-04-02 19:30:01]     ⚠️  STALE (exceeded timeout)
[2026-04-02 19:30:01]   Task workqueue-automation: age 29586210m (timeout 120m)
[2026-04-02 19:30:01]     ⚠️  STALE (exceeded timeout)
[2026-04-02 19:30:01]   Task test-opt-analytics-opus: age 29586210m (timeout 120m)
[2026-04-02 19:30:01]     ⚠️  STALE (exceeded timeout)
[2026-04-02 19:30:01]   Task fix-trade-builder-403: age 29586210m (timeout 120m)
[2026-04-02 19:30:01]     ⚠️  STALE (exceeded timeout)
[2026-04-02 19:30:01]   Task fix-all-trade-issues: age 29586210m (timeout 120m)
[2026-04-02 19:30:01]     ⚠️  STALE (exceeded timeout)
[2026-04-02 19:30:01] Archiving 9 stale + 0 completed tasks...
[2026-04-02 19:40:00] Checking 9 active tasks...
[2026-04-02 19:40:00]   Task dogfood-qa-week4: age 29586220m (timeout 120m)
[2026-04-02 19:40:00]     ⚠️  STALE (exceeded timeout)
[2026-04-02 19:40:00]   Task fix-dogfood-week4: age 29586220m (timeout 120m)
[2026-04-02 19:40:00]     ⚠️  STALE (exceeded timeout)
[2026-04-02 19:40:00]   Task test-opt-parallel-logger: age 29586220m (timeout 120m)
[2026-04-02 19:40:00]     ⚠️  STALE (exceeded timeout)
[2026-04-02 19:40:01]   Task test-opt-parallel-error: age 29586220m (timeout 120m)
[2026-04-02 19:40:01]     ⚠️  STALE (exceeded timeout)
[2026-04-02 19:40:01]   Task audit-all-work: age 29586220m (timeout 120m)
[2026-04-02 19:40:01]     ⚠️  STALE (exceeded timeout)
[2026-04-02 19:40:01]   Task workqueue-automation: age 29586220m (timeout 120m)
[2026-04-02 19:40:01]     ⚠️  STALE (exceeded timeout)
[2026-04-02 19:40:01]   Task test-opt-analytics-opus: age 29586220m (timeout 120m)
[2026-04-02 19:40:01]     ⚠️  STALE (exceeded timeout)
[2026-04-02 19:40:01]   Task fix-trade-builder-403: age 29586220m (timeout 120m)
[2026-04-02 19:40:01]     ⚠️  STALE (exceeded timeout)
[2026-04-02 19:40:01]   Task fix-all-trade-issues: age 29586220m (timeout 120m)
[2026-04-02 19:40:01]     ⚠️  STALE (exceeded timeout)
[2026-04-02 19:40:01] Archiving 9 stale + 0 completed tasks...
[2026-04-02 19:50:00] Checking 9 active tasks...
[2026-04-02 19:50:00]   Task dogfood-qa-week4: age 29586230m (timeout 120m)
[2026-04-02 19:50:00]     ⚠️  STALE (exceeded timeout)
[2026-04-02 19:50:00]   Task fix-dogfood-week4: age 29586230m (timeout 120m)
[2026-04-02 19:50:00]     ⚠️  STALE (exceeded timeout)
[2026-04-02 19:50:00]   Task test-opt-parallel-logger: age 29586230m (timeout 120m)
[2026-04-02 19:50:00]     ⚠️  STALE (exceeded timeout)
[2026-04-02 19:50:00]   Task test-opt-parallel-error: age 29586230m (timeout 120m)
[2026-04-02 19:50:00]     ⚠️  STALE (exceeded timeout)
[2026-04-02 19:50:00]   Task audit-all-work: age 29586230m (timeout 120m)
[2026-04-02 19:50:00]     ⚠️  STALE (exceeded timeout)
[2026-04-02 19:50:00]   Task workqueue-automation: age 29586230m (timeout 120m)
[2026-04-02 19:50:00]     ⚠️  STALE (exceeded timeout)
[2026-04-02 19:50:01]   Task test-opt-analytics-opus: age 29586230m (timeout 120m)
[2026-04-02 19:50:01]     ⚠️  STALE (exceeded timeout)
[2026-04-02 19:50:01]   Task fix-trade-builder-403: age 29586230m (timeout 120m)
[2026-04-02 19:50:01]     ⚠️  STALE (exceeded timeout)
[2026-04-02 19:50:01]   Task fix-all-trade-issues: age 29586230m (timeout 120m)
[2026-04-02 19:50:01]     ⚠️  STALE (exceeded timeout)
[2026-04-02 19:50:01] Archiving 9 stale + 0 completed tasks...
[2026-04-02 20:00:00] Checking 9 active tasks...
[2026-04-02 20:00:00]   Task dogfood-qa-week4: age 29586240m (timeout 120m)
[2026-04-02 20:00:00]     ⚠️  STALE (exceeded timeout)
[2026-04-02 20:00:00]   Task fix-dogfood-week4: age 29586240m (timeout 120m)
[2026-04-02 20:00:00]     ⚠️  STALE (exceeded timeout)
[2026-04-02 20:00:00]   Task test-opt-parallel-logger: age 29586240m (timeout 120m)
[2026-04-02 20:00:00]     ⚠️  STALE (exceeded timeout)
[2026-04-02 20:00:00]   Task test-opt-parallel-error: age 29586240m (timeout 120m)
[2026-04-02 20:00:00]     ⚠️  STALE (exceeded timeout)
[2026-04-02 20:00:00]   Task audit-all-work: age 29586240m (timeout 120m)
[2026-04-02 20:00:00]     ⚠️  STALE (exceeded timeout)
[2026-04-02 20:00:00]   Task workqueue-automation: age 29586240m (timeout 120m)
[2026-04-02 20:00:00]     ⚠️  STALE (exceeded timeout)
[2026-04-02 20:00:00]   Task test-opt-analytics-opus: age 29586240m (timeout 120m)
[2026-04-02 20:00:00]     ⚠️  STALE (exceeded timeout)
[2026-04-02 20:00:00]   Task fix-trade-builder-403: age 29586240m (timeout 120m)
[2026-04-02 20:00:00]     ⚠️  STALE (exceeded timeout)
[2026-04-02 20:00:01]   Task fix-all-trade-issues: age 29586240m (timeout 120m)
[2026-04-02 20:00:01]     ⚠️  STALE (exceeded timeout)
[2026-04-02 20:00:01] Archiving 9 stale + 0 completed tasks...
[2026-04-02 20:10:00] Checking 9 active tasks...
[2026-04-02 20:10:00]   Task dogfood-qa-week4: age 29586250m (timeout 120m)
[2026-04-02 20:10:00]     ⚠️  STALE (exceeded timeout)
[2026-04-02 20:10:00]   Task fix-dogfood-week4: age 29586250m (timeout 120m)
[2026-04-02 20:10:00]     ⚠️  STALE (exceeded timeout)
[2026-04-02 20:10:00]   Task test-opt-parallel-logger: age 29586250m (timeout 120m)
[2026-04-02 20:10:00]     ⚠️  STALE (exceeded timeout)
[2026-04-02 20:10:00]   Task test-opt-parallel-error: age 29586250m (timeout 120m)
[2026-04-02 20:10:00]     ⚠️  STALE (exceeded timeout)
[2026-04-02 20:10:00]   Task audit-all-work: age 29586250m (timeout 120m)
[2026-04-02 20:10:00]     ⚠️  STALE (exceeded timeout)
[2026-04-02 20:10:00]   Task workqueue-automation: age 29586250m (timeout 120m)
[2026-04-02 20:10:00]     ⚠️  STALE (exceeded timeout)
[2026-04-02 20:10:01]   Task test-opt-analytics-opus: age 29586250m (timeout 120m)
[2026-04-02 20:10:01]     ⚠️  STALE (exceeded timeout)
[2026-04-02 20:10:01]   Task fix-trade-builder-403: age 29586250m (timeout 120m)
[2026-04-02 20:10:01]     ⚠️  STALE (exceeded timeout)
[2026-04-02 20:10:01]   Task fix-all-trade-issues: age 29586250m (timeout 120m)
[2026-04-02 20:10:01]     ⚠️  STALE (exceeded timeout)
[2026-04-02 20:10:01] Archiving 9 stale + 0 completed tasks...
[2026-04-02 20:20:00] Checking 9 active tasks...
[2026-04-02 20:20:00]   Task dogfood-qa-week4: age 29586260m (timeout 120m)
[2026-04-02 20:20:00]     ⚠️  STALE (exceeded timeout)
[2026-04-02 20:20:00]   Task fix-dogfood-week4: age 29586260m (timeout 120m)
[2026-04-02 20:20:00]     ⚠️  STALE (exceeded timeout)
[2026-04-02 20:20:00]   Task test-opt-parallel-logger: age 29586260m (timeout 120m)
[2026-04-02 20:20:00]     ⚠️  STALE (exceeded timeout)
[2026-04-02 20:20:00]   Task test-opt-parallel-error: age 29586260m (timeout 120m)
[2026-04-02 20:20:00]     ⚠️  STALE (exceeded timeout)
[2026-04-02 20:20:00]   Task audit-all-work: age 29586260m (timeout 120m)
[2026-04-02 20:20:00]     ⚠️  STALE (exceeded timeout)
[2026-04-02 20:20:00]   Task workqueue-automation: age 29586260m (timeout 120m)
[2026-04-02 20:20:00]     ⚠️  STALE (exceeded timeout)
[2026-04-02 20:20:00]   Task test-opt-analytics-opus: age 29586260m (timeout 120m)
[2026-04-02 20:20:00]     ⚠️  STALE (exceeded timeout)
[2026-04-02 20:20:00]   Task fix-trade-builder-403: age 29586260m (timeout 120m)
[2026-04-02 20:20:00]     ⚠️  STALE (exceeded timeout)
[2026-04-02 20:20:00]   Task fix-all-trade-issues: age 29586260m (timeout 120m)
[2026-04-02 20:20:01]     ⚠️  STALE (exceeded timeout)
[2026-04-02 20:20:01] Archiving 9 stale + 0 completed tasks...
[2026-04-02 20:30:00] Checking 9 active tasks...
[2026-04-02 20:30:00]   Task dogfood-qa-week4: age 29586270m (timeout 120m)
[2026-04-02 20:30:00]     ⚠️  STALE (exceeded timeout)
[2026-04-02 20:30:00]   Task fix-dogfood-week4: age 29586270m (timeout 120m)
[2026-04-02 20:30:00]     ⚠️  STALE (exceeded timeout)
[2026-04-02 20:30:00]   Task test-opt-parallel-logger: age 29586270m (timeout 120m)
[2026-04-02 20:30:00]     ⚠️  STALE (exceeded timeout)
[2026-04-02 20:30:00]   Task test-opt-parallel-error: age 29586270m (timeout 120m)
[2026-04-02 20:30:00]     ⚠️  STALE (exceeded timeout)
[2026-04-02 20:30:00]   Task audit-all-work: age 29586270m (timeout 120m)
[2026-04-02 20:30:00]     ⚠️  STALE (exceeded timeout)
[2026-04-02 20:30:00]   Task workqueue-automation: age 29586270m (timeout 120m)
[2026-04-02 20:30:00]     ⚠️  STALE (exceeded timeout)
[2026-04-02 20:30:00]   Task test-opt-analytics-opus: age 29586270m (timeout 120m)
[2026-04-02 20:30:00]     ⚠️  STALE (exceeded timeout)
[2026-04-02 20:30:01]   Task fix-trade-builder-403: age 29586270m (timeout 120m)
[2026-04-02 20:30:01]     ⚠️  STALE (exceeded timeout)
[2026-04-02 20:30:01]   Task fix-all-trade-issues: age 29586270m (timeout 120m)
[2026-04-02 20:30:01]     ⚠️  STALE (exceeded timeout)
[2026-04-02 20:30:01] Archiving 9 stale + 0 completed tasks...
[2026-04-02 20:40:00] Checking 9 active tasks...
[2026-04-02 20:40:00]   Task dogfood-qa-week4: age 29586280m (timeout 120m)
[2026-04-02 20:40:00]     ⚠️  STALE (exceeded timeout)
[2026-04-02 20:40:00]   Task fix-dogfood-week4: age 29586280m (timeout 120m)
[2026-04-02 20:40:00]     ⚠️  STALE (exceeded timeout)
[2026-04-02 20:40:00]   Task test-opt-parallel-logger: age 29586280m (timeout 120m)
[2026-04-02 20:40:00]     ⚠️  STALE (exceeded timeout)
[2026-04-02 20:40:00]   Task test-opt-parallel-error: age 29586280m (timeout 120m)
[2026-04-02 20:40:00]     ⚠️  STALE (exceeded timeout)
[2026-04-02 20:40:00]   Task audit-all-work: age 29586280m (timeout 120m)
[2026-04-02 20:40:00]     ⚠️  STALE (exceeded timeout)
[2026-04-02 20:40:01]   Task workqueue-automation: age 29586280m (timeout 120m)
[2026-04-02 20:40:01]     ⚠️  STALE (exceeded timeout)
[2026-04-02 20:40:01]   Task test-opt-analytics-opus: age 29586280m (timeout 120m)
[2026-04-02 20:40:01]     ⚠️  STALE (exceeded timeout)
[2026-04-02 20:40:01]   Task fix-trade-builder-403: age 29586280m (timeout 120m)
[2026-04-02 20:40:01]     ⚠️  STALE (exceeded timeout)
[2026-04-02 20:40:01]   Task fix-all-trade-issues: age 29586280m (timeout 120m)
[2026-04-02 20:40:01]     ⚠️  STALE (exceeded timeout)
[2026-04-02 20:40:01] Archiving 9 stale + 0 completed tasks...
[2026-04-02 20:50:00] Checking 9 active tasks...
[2026-04-02 20:50:00]   Task dogfood-qa-week4: age 29586290m (timeout 120m)
[2026-04-02 20:50:01]     ⚠️  STALE (exceeded timeout)
[2026-04-02 20:50:01]   Task fix-dogfood-week4: age 29586290m (timeout 120m)
[2026-04-02 20:50:01]     ⚠️  STALE (exceeded timeout)
[2026-04-02 20:50:01]   Task test-opt-parallel-logger: age 29586290m (timeout 120m)
[2026-04-02 20:50:01]     ⚠️  STALE (exceeded timeout)
[2026-04-02 20:50:01]   Task test-opt-parallel-error: age 29586290m (timeout 120m)
[2026-04-02 20:50:01]     ⚠️  STALE (exceeded timeout)
[2026-04-02 20:50:01]   Task audit-all-work: age 29586290m (timeout 120m)
[2026-04-02 20:50:01]     ⚠️  STALE (exceeded timeout)
[2026-04-02 20:50:01]   Task workqueue-automation: age 29586290m (timeout 120m)
[2026-04-02 20:50:01]     ⚠️  STALE (exceeded timeout)
[2026-04-02 20:50:01]   Task test-opt-analytics-opus: age 29586290m (timeout 120m)
[2026-04-02 20:50:01]     ⚠️  STALE (exceeded timeout)
[2026-04-02 20:50:01]   Task fix-trade-builder-403: age 29586290m (timeout 120m)
[2026-04-02 20:50:01]     ⚠️  STALE (exceeded timeout)
[2026-04-02 20:50:01]   Task fix-all-trade-issues: age 29586290m (timeout 120m)
[2026-04-02 20:50:01]     ⚠️  STALE (exceeded timeout)
[2026-04-02 20:50:01] Archiving 9 stale + 0 completed tasks...
[2026-04-02 21:00:00] Checking 9 active tasks...
[2026-04-02 21:00:01]   Task dogfood-qa-week4: age 29586300m (timeout 120m)
[2026-04-02 21:00:01]     ⚠️  STALE (exceeded timeout)
[2026-04-02 21:00:01]   Task fix-dogfood-week4: age 29586300m (timeout 120m)
[2026-04-02 21:00:01]     ⚠️  STALE (exceeded timeout)
[2026-04-02 21:00:01]   Task test-opt-parallel-logger: age 29586300m (timeout 120m)
[2026-04-02 21:00:01]     ⚠️  STALE (exceeded timeout)
[2026-04-02 21:00:01]   Task test-opt-parallel-error: age 29586300m (timeout 120m)
[2026-04-02 21:00:01]     ⚠️  STALE (exceeded timeout)
[2026-04-02 21:00:01]   Task audit-all-work: age 29586300m (timeout 120m)
[2026-04-02 21:00:01]     ⚠️  STALE (exceeded timeout)
[2026-04-02 21:00:01]   Task workqueue-automation: age 29586300m (timeout 120m)
[2026-04-02 21:00:01]     ⚠️  STALE (exceeded timeout)
[2026-04-02 21:00:01]   Task test-opt-analytics-opus: age 29586300m (timeout 120m)
[2026-04-02 21:00:01]     ⚠️  STALE (exceeded timeout)
[2026-04-02 21:00:01]   Task fix-trade-builder-403: age 29586300m (timeout 120m)
[2026-04-02 21:00:01]     ⚠️  STALE (exceeded timeout)
[2026-04-02 21:00:01]   Task fix-all-trade-issues: age 29586300m (timeout 120m)
[2026-04-02 21:00:01]     ⚠️  STALE (exceeded timeout)
[2026-04-02 21:00:01] Archiving 9 stale + 0 completed tasks...
[2026-04-02 21:10:01] Checking 9 active tasks...
[2026-04-02 21:10:01]   Task dogfood-qa-week4: age 29586310m (timeout 120m)
[2026-04-02 21:10:01]     ⚠️  STALE (exceeded timeout)
[2026-04-02 21:10:01]   Task fix-dogfood-week4: age 29586310m (timeout 120m)
[2026-04-02 21:10:01]     ⚠️  STALE (exceeded timeout)
[2026-04-02 21:10:01]   Task test-opt-parallel-logger: age 29586310m (timeout 120m)
[2026-04-02 21:10:01]     ⚠️  STALE (exceeded timeout)
[2026-04-02 21:10:01]   Task test-opt-parallel-error: age 29586310m (timeout 120m)
[2026-04-02 21:10:01]     ⚠️  STALE (exceeded timeout)
[2026-04-02 21:10:01]   Task audit-all-work: age 29586310m (timeout 120m)
[2026-04-02 21:10:01]     ⚠️  STALE (exceeded timeout)
[2026-04-02 21:10:01]   Task workqueue-automation: age 29586310m (timeout 120m)
[2026-04-02 21:10:01]     ⚠️  STALE (exceeded timeout)
[2026-04-02 21:10:01]   Task test-opt-analytics-opus: age 29586310m (timeout 120m)
[2026-04-02 21:10:01]     ⚠️  STALE (exceeded timeout)
[2026-04-02 21:10:01]   Task fix-trade-builder-403: age 29586310m (timeout 120m)
[2026-04-02 21:10:01]     ⚠️  STALE (exceeded timeout)
[2026-04-02 21:10:01]   Task fix-all-trade-issues: age 29586310m (timeout 120m)
[2026-04-02 21:10:01]     ⚠️  STALE (exceeded timeout)
[2026-04-02 21:10:01] Archiving 9 stale + 0 completed tasks...
[2026-04-02 21:20:01] Checking 9 active tasks...
[2026-04-02 21:20:01]   Task dogfood-qa-week4: age 29586320m (timeout 120m)
[2026-04-02 21:20:01]     ⚠️  STALE (exceeded timeout)
[2026-04-02 21:20:01]   Task fix-dogfood-week4: age 29586320m (timeout 120m)
[2026-04-02 21:20:01]     ⚠️  STALE (exceeded timeout)
[2026-04-02 21:20:01]   Task test-opt-parallel-logger: age 29586320m (timeout 120m)
[2026-04-02 21:20:01]     ⚠️  STALE (exceeded timeout)
[2026-04-02 21:20:01]   Task test-opt-parallel-error: age 29586320m (timeout 120m)
[2026-04-02 21:20:01]     ⚠️  STALE (exceeded timeout)
[2026-04-02 21:20:01]   Task audit-all-work: age 29586320m (timeout 120m)
[2026-04-02 21:20:01]     ⚠️  STALE (exceeded timeout)
[2026-04-02 21:20:01]   Task workqueue-automation: age 29586320m (timeout 120m)
[2026-04-02 21:20:01]     ⚠️  STALE (exceeded timeout)
[2026-04-02 21:20:01]   Task test-opt-analytics-opus: age 29586320m (timeout 120m)
[2026-04-02 21:20:01]     ⚠️  STALE (exceeded timeout)
[2026-04-02 21:20:01]   Task fix-trade-builder-403: age 29586320m (timeout 120m)
[2026-04-02 21:20:01]     ⚠️  STALE (exceeded timeout)
[2026-04-02 21:20:01]   Task fix-all-trade-issues: age 29586320m (timeout 120m)
[2026-04-02 21:20:01]     ⚠️  STALE (exceeded timeout)
[2026-04-02 21:20:01] Archiving 9 stale + 0 completed tasks...
[2026-04-02 21:30:01] Checking 9 active tasks...
[2026-04-02 21:30:01]   Task dogfood-qa-week4: age 29586330m (timeout 120m)
[2026-04-02 21:30:01]     ⚠️  STALE (exceeded timeout)
[2026-04-02 21:30:01]   Task fix-dogfood-week4: age 29586330m (timeout 120m)
[2026-04-02 21:30:01]     ⚠️  STALE (exceeded timeout)
[2026-04-02 21:30:01]   Task test-opt-parallel-logger: age 29586330m (timeout 120m)
[2026-04-02 21:30:01]     ⚠️  STALE (exceeded timeout)
[2026-04-02 21:30:01]   Task test-opt-parallel-error: age 29586330m (timeout 120m)
[2026-04-02 21:30:01]     ⚠️  STALE (exceeded timeout)
[2026-04-02 21:30:01]   Task audit-all-work: age 29586330m (timeout 120m)
[2026-04-02 21:30:01]     ⚠️  STALE (exceeded timeout)
[2026-04-02 21:30:01]   Task workqueue-automation: age 29586330m (timeout 120m)
[2026-04-02 21:30:01]     ⚠️  STALE (exceeded timeout)
[2026-04-02 21:30:01]   Task test-opt-analytics-opus: age 29586330m (timeout 120m)
[2026-04-02 21:30:01]     ⚠️  STALE (exceeded timeout)
[2026-04-02 21:30:01]   Task fix-trade-builder-403: age 29586330m (timeout 120m)
[2026-04-02 21:30:01]     ⚠️  STALE (exceeded timeout)
[2026-04-02 21:30:01]   Task fix-all-trade-issues: age 29586330m (timeout 120m)
[2026-04-02 21:30:01]     ⚠️  STALE (exceeded timeout)
[2026-04-02 21:30:01] Archiving 9 stale + 0 completed tasks...
[2026-04-02 21:40:00] Checking 9 active tasks...
[2026-04-02 21:40:00]   Task dogfood-qa-week4: age 29586340m (timeout 120m)
[2026-04-02 21:40:00]     ⚠️  STALE (exceeded timeout)
[2026-04-02 21:40:00]   Task fix-dogfood-week4: age 29586340m (timeout 120m)
[2026-04-02 21:40:00]     ⚠️  STALE (exceeded timeout)
[2026-04-02 21:40:00]   Task test-opt-parallel-logger: age 29586340m (timeout 120m)
[2026-04-02 21:40:00]     ⚠️  STALE (exceeded timeout)
[2026-04-02 21:40:00]   Task test-opt-parallel-error: age 29586340m (timeout 120m)
[2026-04-02 21:40:00]     ⚠️  STALE (exceeded timeout)
[2026-04-02 21:40:01]   Task audit-all-work: age 29586340m (timeout 120m)
[2026-04-02 21:40:01]     ⚠️  STALE (exceeded timeout)
[2026-04-02 21:40:01]   Task workqueue-automation: age 29586340m (timeout 120m)
[2026-04-02 21:40:01]     ⚠️  STALE (exceeded timeout)
[2026-04-02 21:40:01]   Task test-opt-analytics-opus: age 29586340m (timeout 120m)
[2026-04-02 21:40:01]     ⚠️  STALE (exceeded timeout)
[2026-04-02 21:40:01]   Task fix-trade-builder-403: age 29586340m (timeout 120m)
[2026-04-02 21:40:01]     ⚠️  STALE (exceeded timeout)
[2026-04-02 21:40:01]   Task fix-all-trade-issues: age 29586340m (timeout 120m)
[2026-04-02 21:40:01]     ⚠️  STALE (exceeded timeout)
[2026-04-02 21:40:01] Archiving 9 stale + 0 completed tasks...
[2026-04-02 21:50:00] Checking 9 active tasks...
[2026-04-02 21:50:00]   Task dogfood-qa-week4: age 29586350m (timeout 120m)
[2026-04-02 21:50:00]     ⚠️  STALE (exceeded timeout)
[2026-04-02 21:50:00]   Task fix-dogfood-week4: age 29586350m (timeout 120m)
[2026-04-02 21:50:00]     ⚠️  STALE (exceeded timeout)
[2026-04-02 21:50:00]   Task test-opt-parallel-logger: age 29586350m (timeout 120m)
[2026-04-02 21:50:00]     ⚠️  STALE (exceeded timeout)
[2026-04-02 21:50:01]   Task test-opt-parallel-error: age 29586350m (timeout 120m)
[2026-04-02 21:50:01]     ⚠️  STALE (exceeded timeout)
[2026-04-02 21:50:01]   Task audit-all-work: age 29586350m (timeout 120m)
[2026-04-02 21:50:01]     ⚠️  STALE (exceeded timeout)
[2026-04-02 21:50:01]   Task workqueue-automation: age 29586350m (timeout 120m)
[2026-04-02 21:50:01]     ⚠️  STALE (exceeded timeout)
[2026-04-02 21:50:01]   Task test-opt-analytics-opus: age 29586350m (timeout 120m)
[2026-04-02 21:50:01]     ⚠️  STALE (exceeded timeout)
[2026-04-02 21:50:01]   Task fix-trade-builder-403: age 29586350m (timeout 120m)
[2026-04-02 21:50:01]     ⚠️  STALE (exceeded timeout)
[2026-04-02 21:50:01]   Task fix-all-trade-issues: age 29586350m (timeout 120m)
[2026-04-02 21:50:01]     ⚠️  STALE (exceeded timeout)
[2026-04-02 21:50:01] Archiving 9 stale + 0 completed tasks...
[2026-04-02 22:00:01] Checking 9 active tasks...
[2026-04-02 22:00:01]   Task dogfood-qa-week4: age 29586360m (timeout 120m)
[2026-04-02 22:00:01]     ⚠️  STALE (exceeded timeout)
[2026-04-02 22:00:01]   Task fix-dogfood-week4: age 29586360m (timeout 120m)
[2026-04-02 22:00:01]     ⚠️  STALE (exceeded timeout)
[2026-04-02 22:00:01]   Task test-opt-parallel-logger: age 29586360m (timeout 120m)
[2026-04-02 22:00:01]     ⚠️  STALE (exceeded timeout)
[2026-04-02 22:00:01]   Task test-opt-parallel-error: age 29586360m (timeout 120m)
[2026-04-02 22:00:01]     ⚠️  STALE (exceeded timeout)
[2026-04-02 22:00:01]   Task audit-all-work: age 29586360m (timeout 120m)
[2026-04-02 22:00:01]     ⚠️  STALE (exceeded timeout)
[2026-04-02 22:00:01]   Task workqueue-automation: age 29586360m (timeout 120m)
[2026-04-02 22:00:01]     ⚠️  STALE (exceeded timeout)
[2026-04-02 22:00:01]   Task test-opt-analytics-opus: age 29586360m (timeout 120m)
[2026-04-02 22:00:01]     ⚠️  STALE (exceeded timeout)
[2026-04-02 22:00:01]   Task fix-trade-builder-403: age 29586360m (timeout 120m)
[2026-04-02 22:00:01]     ⚠️  STALE (exceeded timeout)
[2026-04-02 22:00:01]   Task fix-all-trade-issues: age 29586360m (timeout 120m)
[2026-04-02 22:00:01]     ⚠️  STALE (exceeded timeout)
[2026-04-02 22:00:01] Archiving 9 stale + 0 completed tasks...
[2026-04-02 22:10:00] Checking 9 active tasks...
[2026-04-02 22:10:00]   Task dogfood-qa-week4: age 29586370m (timeout 120m)
[2026-04-02 22:10:00]     ⚠️  STALE (exceeded timeout)
[2026-04-02 22:10:00]   Task fix-dogfood-week4: age 29586370m (timeout 120m)
[2026-04-02 22:10:00]     ⚠️  STALE (exceeded timeout)
[2026-04-02 22:10:00]   Task test-opt-parallel-logger: age 29586370m (timeout 120m)
[2026-04-02 22:10:00]     ⚠️  STALE (exceeded timeout)
[2026-04-02 22:10:00]   Task test-opt-parallel-error: age 29586370m (timeout 120m)
[2026-04-02 22:10:00]     ⚠️  STALE (exceeded timeout)
[2026-04-02 22:10:00]   Task audit-all-work: age 29586370m (timeout 120m)
[2026-04-02 22:10:00]     ⚠️  STALE (exceeded timeout)
[2026-04-02 22:10:00]   Task workqueue-automation: age 29586370m (timeout 120m)
[2026-04-02 22:10:00]     ⚠️  STALE (exceeded timeout)
[2026-04-02 22:10:01]   Task test-opt-analytics-opus: age 29586370m (timeout 120m)
[2026-04-02 22:10:01]     ⚠️  STALE (exceeded timeout)
[2026-04-02 22:10:01]   Task fix-trade-builder-403: age 29586370m (timeout 120m)
[2026-04-02 22:10:01]     ⚠️  STALE (exceeded timeout)
[2026-04-02 22:10:01]   Task fix-all-trade-issues: age 29586370m (timeout 120m)
[2026-04-02 22:10:01]     ⚠️  STALE (exceeded timeout)
[2026-04-02 22:10:01] Archiving 9 stale + 0 completed tasks...
[2026-04-02 22:20:00] Checking 9 active tasks...
[2026-04-02 22:20:00]   Task dogfood-qa-week4: age 29586380m (timeout 120m)
[2026-04-02 22:20:00]     ⚠️  STALE (exceeded timeout)
[2026-04-02 22:20:00]   Task fix-dogfood-week4: age 29586380m (timeout 120m)
[2026-04-02 22:20:00]     ⚠️  STALE (exceeded timeout)
[2026-04-02 22:20:01]   Task test-opt-parallel-logger: age 29586380m (timeout 120m)
[2026-04-02 22:20:01]     ⚠️  STALE (exceeded timeout)
[2026-04-02 22:20:01]   Task test-opt-parallel-error: age 29586380m (timeout 120m)
[2026-04-02 22:20:01]     ⚠️  STALE (exceeded timeout)
[2026-04-02 22:20:01]   Task audit-all-work: age 29586380m (timeout 120m)
[2026-04-02 22:20:01]     ⚠️  STALE (exceeded timeout)
[2026-04-02 22:20:01]   Task workqueue-automation: age 29586380m (timeout 120m)
[2026-04-02 22:20:01]     ⚠️  STALE (exceeded timeout)
[2026-04-02 22:20:01]   Task test-opt-analytics-opus: age 29586380m (timeout 120m)
[2026-04-02 22:20:01]     ⚠️  STALE (exceeded timeout)
[2026-04-02 22:20:01]   Task fix-trade-builder-403: age 29586380m (timeout 120m)
[2026-04-02 22:20:01]     ⚠️  STALE (exceeded timeout)
[2026-04-02 22:20:01]   Task fix-all-trade-issues: age 29586380m (timeout 120m)
[2026-04-02 22:20:01]     ⚠️  STALE (exceeded timeout)
[2026-04-02 22:20:01] Archiving 9 stale + 0 completed tasks...
