[2026-04-03 00:00:00] Checking 9 active tasks...
[2026-04-03 00:00:00]   Task dogfood-qa-week4: age 29586480m (timeout 120m)
[2026-04-03 00:00:00]     ⚠️  STALE (exceeded timeout)
[2026-04-03 00:00:01]   Task fix-dogfood-week4: age 29586480m (timeout 120m)
[2026-04-03 00:00:01]     ⚠️  STALE (exceeded timeout)
[2026-04-03 00:00:01]   Task test-opt-parallel-logger: age 29586480m (timeout 120m)
[2026-04-03 00:00:01]     ⚠️  STALE (exceeded timeout)
[2026-04-03 00:00:01]   Task test-opt-parallel-error: age 29586480m (timeout 120m)
[2026-04-03 00:00:01]     ⚠️  STALE (exceeded timeout)
[2026-04-03 00:00:01]   Task audit-all-work: age 29586480m (timeout 120m)
[2026-04-03 00:00:01]     ⚠️  STALE (exceeded timeout)
[2026-04-03 00:00:01]   Task workqueue-automation: age 29586480m (timeout 120m)
[2026-04-03 00:00:01]     ⚠️  STALE (exceeded timeout)
[2026-04-03 00:00:01]   Task test-opt-analytics-opus: age 29586480m (timeout 120m)
[2026-04-03 00:00:01]     ⚠️  STALE (exceeded timeout)
[2026-04-03 00:00:01]   Task fix-trade-builder-403: age 29586480m (timeout 120m)
[2026-04-03 00:00:01]     ⚠️  STALE (exceeded timeout)
[2026-04-03 00:00:01]   Task fix-all-trade-issues: age 29586480m (timeout 120m)
[2026-04-03 00:00:01]     ⚠️  STALE (exceeded timeout)
[2026-04-03 00:00:01] Archiving 9 stale + 0 completed tasks...
[2026-04-03 00:10:00] Checking 9 active tasks...
[2026-04-03 00:10:00]   Task dogfood-qa-week4: age 29586490m (timeout 120m)
[2026-04-03 00:10:00]     ⚠️  STALE (exceeded timeout)
[2026-04-03 00:10:01]   Task fix-dogfood-week4: age 29586490m (timeout 120m)
[2026-04-03 00:10:01]     ⚠️  STALE (exceeded timeout)
[2026-04-03 00:10:01]   Task test-opt-parallel-logger: age 29586490m (timeout 120m)
[2026-04-03 00:10:01]     ⚠️  STALE (exceeded timeout)
[2026-04-03 00:10:01]   Task test-opt-parallel-error: age 29586490m (timeout 120m)
[2026-04-03 00:10:01]     ⚠️  STALE (exceeded timeout)
[2026-04-03 00:10:01]   Task audit-all-work: age 29586490m (timeout 120m)
[2026-04-03 00:10:01]     ⚠️  STALE (exceeded timeout)
[2026-04-03 00:10:01]   Task workqueue-automation: age 29586490m (timeout 120m)
[2026-04-03 00:10:01]     ⚠️  STALE (exceeded timeout)
[2026-04-03 00:10:01]   Task test-opt-analytics-opus: age 29586490m (timeout 120m)
[2026-04-03 00:10:01]     ⚠️  STALE (exceeded timeout)
[2026-04-03 00:10:01]   Task fix-trade-builder-403: age 29586490m (timeout 120m)
[2026-04-03 00:10:01]     ⚠️  STALE (exceeded timeout)
[2026-04-03 00:10:01]   Task fix-all-trade-issues: age 29586490m (timeout 120m)
[2026-04-03 00:10:01]     ⚠️  STALE (exceeded timeout)
[2026-04-03 00:10:01] Archiving 9 stale + 0 completed tasks...
[2026-04-03 00:20:00] Checking 9 active tasks...
[2026-04-03 00:20:00]   Task dogfood-qa-week4: age 29586500m (timeout 120m)
[2026-04-03 00:20:00]     ⚠️  STALE (exceeded timeout)
[2026-04-03 00:20:00]   Task fix-dogfood-week4: age 29586500m (timeout 120m)
[2026-04-03 00:20:00]     ⚠️  STALE (exceeded timeout)
[2026-04-03 00:20:00]   Task test-opt-parallel-logger: age 29586500m (timeout 120m)
[2026-04-03 00:20:00]     ⚠️  STALE (exceeded timeout)
[2026-04-03 00:20:00]   Task test-opt-parallel-error: age 29586500m (timeout 120m)
[2026-04-03 00:20:00]     ⚠️  STALE (exceeded timeout)
[2026-04-03 00:20:00]   Task audit-all-work: age 29586500m (timeout 120m)
[2026-04-03 00:20:00]     ⚠️  STALE (exceeded timeout)
[2026-04-03 00:20:00]   Task workqueue-automation: age 29586500m (timeout 120m)
[2026-04-03 00:20:00]     ⚠️  STALE (exceeded timeout)
[2026-04-03 00:20:00]   Task test-opt-analytics-opus: age 29586500m (timeout 120m)
[2026-04-03 00:20:00]     ⚠️  STALE (exceeded timeout)
[2026-04-03 00:20:00]   Task fix-trade-builder-403: age 29586500m (timeout 120m)
[2026-04-03 00:20:01]     ⚠️  STALE (exceeded timeout)
[2026-04-03 00:20:01]   Task fix-all-trade-issues: age 29586500m (timeout 120m)
[2026-04-03 00:20:01]     ⚠️  STALE (exceeded timeout)
[2026-04-03 00:20:01] Archiving 9 stale + 0 completed tasks...
[2026-04-03 00:30:00] Checking 9 active tasks...
[2026-04-03 00:30:00]   Task dogfood-qa-week4: age 29586510m (timeout 120m)
[2026-04-03 00:30:00]     ⚠️  STALE (exceeded timeout)
[2026-04-03 00:30:00]   Task fix-dogfood-week4: age 29586510m (timeout 120m)
[2026-04-03 00:30:00]     ⚠️  STALE (exceeded timeout)
[2026-04-03 00:30:00]   Task test-opt-parallel-logger: age 29586510m (timeout 120m)
[2026-04-03 00:30:00]     ⚠️  STALE (exceeded timeout)
[2026-04-03 00:30:00]   Task test-opt-parallel-error: age 29586510m (timeout 120m)
[2026-04-03 00:30:00]     ⚠️  STALE (exceeded timeout)
[2026-04-03 00:30:00]   Task audit-all-work: age 29586510m (timeout 120m)
[2026-04-03 00:30:00]     ⚠️  STALE (exceeded timeout)
[2026-04-03 00:30:00]   Task workqueue-automation: age 29586510m (timeout 120m)
[2026-04-03 00:30:00]     ⚠️  STALE (exceeded timeout)
[2026-04-03 00:30:00]   Task test-opt-analytics-opus: age 29586510m (timeout 120m)
[2026-04-03 00:30:00]     ⚠️  STALE (exceeded timeout)
[2026-04-03 00:30:00]   Task fix-trade-builder-403: age 29586510m (timeout 120m)
[2026-04-03 00:30:00]     ⚠️  STALE (exceeded timeout)
[2026-04-03 00:30:01]   Task fix-all-trade-issues: age 29586510m (timeout 120m)
[2026-04-03 00:30:01]     ⚠️  STALE (exceeded timeout)
[2026-04-03 00:30:01] Archiving 9 stale + 0 completed tasks...
[2026-04-03 00:40:00] Checking 9 active tasks...
[2026-04-03 00:40:00]   Task dogfood-qa-week4: age 29586520m (timeout 120m)
[2026-04-03 00:40:00]     ⚠️  STALE (exceeded timeout)
[2026-04-03 00:40:00]   Task fix-dogfood-week4: age 29586520m (timeout 120m)
[2026-04-03 00:40:00]     ⚠️  STALE (exceeded timeout)
[2026-04-03 00:40:00]   Task test-opt-parallel-logger: age 29586520m (timeout 120m)
[2026-04-03 00:40:00]     ⚠️  STALE (exceeded timeout)
[2026-04-03 00:40:00]   Task test-opt-parallel-error: age 29586520m (timeout 120m)
[2026-04-03 00:40:00]     ⚠️  STALE (exceeded timeout)
[2026-04-03 00:40:00]   Task audit-all-work: age 29586520m (timeout 120m)
[2026-04-03 00:40:00]     ⚠️  STALE (exceeded timeout)
[2026-04-03 00:40:00]   Task workqueue-automation: age 29586520m (timeout 120m)
[2026-04-03 00:40:00]     ⚠️  STALE (exceeded timeout)
[2026-04-03 00:40:00]   Task test-opt-analytics-opus: age 29586520m (timeout 120m)
[2026-04-03 00:40:00]     ⚠️  STALE (exceeded timeout)
[2026-04-03 00:40:00]   Task fix-trade-builder-403: age 29586520m (timeout 120m)
[2026-04-03 00:40:00]     ⚠️  STALE (exceeded timeout)
[2026-04-03 00:40:00]   Task fix-all-trade-issues: age 29586520m (timeout 120m)
[2026-04-03 00:40:00]     ⚠️  STALE (exceeded timeout)
[2026-04-03 00:40:00] Archiving 9 stale + 0 completed tasks...
[2026-04-03 00:50:00] Checking 9 active tasks...
[2026-04-03 00:50:01]   Task dogfood-qa-week4: age 29586530m (timeout 120m)
[2026-04-03 00:50:01]     ⚠️  STALE (exceeded timeout)
[2026-04-03 00:50:01]   Task fix-dogfood-week4: age 29586530m (timeout 120m)
[2026-04-03 00:50:01]     ⚠️  STALE (exceeded timeout)
[2026-04-03 00:50:01]   Task test-opt-parallel-logger: age 29586530m (timeout 120m)
[2026-04-03 00:50:01]     ⚠️  STALE (exceeded timeout)
[2026-04-03 00:50:01]   Task test-opt-parallel-error: age 29586530m (timeout 120m)
[2026-04-03 00:50:01]     ⚠️  STALE (exceeded timeout)
[2026-04-03 00:50:01]   Task audit-all-work: age 29586530m (timeout 120m)
[2026-04-03 00:50:01]     ⚠️  STALE (exceeded timeout)
[2026-04-03 00:50:01]   Task workqueue-automation: age 29586530m (timeout 120m)
[2026-04-03 00:50:01]     ⚠️  STALE (exceeded timeout)
[2026-04-03 00:50:01]   Task test-opt-analytics-opus: age 29586530m (timeout 120m)
[2026-04-03 00:50:01]     ⚠️  STALE (exceeded timeout)
[2026-04-03 00:50:01]   Task fix-trade-builder-403: age 29586530m (timeout 120m)
[2026-04-03 00:50:01]     ⚠️  STALE (exceeded timeout)
[2026-04-03 00:50:01]   Task fix-all-trade-issues: age 29586530m (timeout 120m)
[2026-04-03 00:50:01]     ⚠️  STALE (exceeded timeout)
[2026-04-03 00:50:01] Archiving 9 stale + 0 completed tasks...
[2026-04-03 01:00:01] Checking 9 active tasks...
[2026-04-03 01:00:01]   Task dogfood-qa-week4: age 29586540m (timeout 120m)
[2026-04-03 01:00:01]     ⚠️  STALE (exceeded timeout)
[2026-04-03 01:00:01]   Task fix-dogfood-week4: age 29586540m (timeout 120m)
[2026-04-03 01:00:01]     ⚠️  STALE (exceeded timeout)
[2026-04-03 01:00:01]   Task test-opt-parallel-logger: age 29586540m (timeout 120m)
[2026-04-03 01:00:01]     ⚠️  STALE (exceeded timeout)
[2026-04-03 01:00:01]   Task test-opt-parallel-error: age 29586540m (timeout 120m)
[2026-04-03 01:00:01]     ⚠️  STALE (exceeded timeout)
[2026-04-03 01:00:01]   Task audit-all-work: age 29586540m (timeout 120m)
[2026-04-03 01:00:01]     ⚠️  STALE (exceeded timeout)
[2026-04-03 01:00:01]   Task workqueue-automation: age 29586540m (timeout 120m)
[2026-04-03 01:00:01]     ⚠️  STALE (exceeded timeout)
[2026-04-03 01:00:01]   Task test-opt-analytics-opus: age 29586540m (timeout 120m)
[2026-04-03 01:00:01]     ⚠️  STALE (exceeded timeout)
[2026-04-03 01:00:01]   Task fix-trade-builder-403: age 29586540m (timeout 120m)
[2026-04-03 01:00:01]     ⚠️  STALE (exceeded timeout)
[2026-04-03 01:00:01]   Task fix-all-trade-issues: age 29586540m (timeout 120m)
[2026-04-03 01:00:01]     ⚠️  STALE (exceeded timeout)
[2026-04-03 01:00:01] Archiving 9 stale + 0 completed tasks...
[2026-04-03 01:10:00] Checking 9 active tasks...
[2026-04-03 01:10:00]   Task dogfood-qa-week4: age 29586550m (timeout 120m)
[2026-04-03 01:10:00]     ⚠️  STALE (exceeded timeout)
[2026-04-03 01:10:00]   Task fix-dogfood-week4: age 29586550m (timeout 120m)
[2026-04-03 01:10:00]     ⚠️  STALE (exceeded timeout)
[2026-04-03 01:10:00]   Task test-opt-parallel-logger: age 29586550m (timeout 120m)
[2026-04-03 01:10:00]     ⚠️  STALE (exceeded timeout)
[2026-04-03 01:10:00]   Task test-opt-parallel-error: age 29586550m (timeout 120m)
[2026-04-03 01:10:00]     ⚠️  STALE (exceeded timeout)
[2026-04-03 01:10:00]   Task audit-all-work: age 29586550m (timeout 120m)
[2026-04-03 01:10:00]     ⚠️  STALE (exceeded timeout)
[2026-04-03 01:10:00]   Task workqueue-automation: age 29586550m (timeout 120m)
[2026-04-03 01:10:00]     ⚠️  STALE (exceeded timeout)
[2026-04-03 01:10:00]   Task test-opt-analytics-opus: age 29586550m (timeout 120m)
[2026-04-03 01:10:00]     ⚠️  STALE (exceeded timeout)
[2026-04-03 01:10:00]   Task fix-trade-builder-403: age 29586550m (timeout 120m)
[2026-04-03 01:10:00]     ⚠️  STALE (exceeded timeout)
[2026-04-03 01:10:00]   Task fix-all-trade-issues: age 29586550m (timeout 120m)
[2026-04-03 01:10:01]     ⚠️  STALE (exceeded timeout)
[2026-04-03 01:10:01] Archiving 9 stale + 0 completed tasks...
[2026-04-03 01:20:01] Checking 9 active tasks...
[2026-04-03 01:20:01]   Task dogfood-qa-week4: age 29586560m (timeout 120m)
[2026-04-03 01:20:01]     ⚠️  STALE (exceeded timeout)
[2026-04-03 01:20:01]   Task fix-dogfood-week4: age 29586560m (timeout 120m)
[2026-04-03 01:20:01]     ⚠️  STALE (exceeded timeout)
[2026-04-03 01:20:01]   Task test-opt-parallel-logger: age 29586560m (timeout 120m)
[2026-04-03 01:20:01]     ⚠️  STALE (exceeded timeout)
[2026-04-03 01:20:01]   Task test-opt-parallel-error: age 29586560m (timeout 120m)
[2026-04-03 01:20:01]     ⚠️  STALE (exceeded timeout)
[2026-04-03 01:20:01]   Task audit-all-work: age 29586560m (timeout 120m)
[2026-04-03 01:20:01]     ⚠️  STALE (exceeded timeout)
[2026-04-03 01:20:01]   Task workqueue-automation: age 29586560m (timeout 120m)
[2026-04-03 01:20:01]     ⚠️  STALE (exceeded timeout)
[2026-04-03 01:20:01]   Task test-opt-analytics-opus: age 29586560m (timeout 120m)
[2026-04-03 01:20:01]     ⚠️  STALE (exceeded timeout)
[2026-04-03 01:20:01]   Task fix-trade-builder-403: age 29586560m (timeout 120m)
[2026-04-03 01:20:01]     ⚠️  STALE (exceeded timeout)
[2026-04-03 01:20:01]   Task fix-all-trade-issues: age 29586560m (timeout 120m)
[2026-04-03 01:20:01]     ⚠️  STALE (exceeded timeout)
[2026-04-03 01:20:01] Archiving 9 stale + 0 completed tasks...
[2026-04-03 01:30:00] Checking 9 active tasks...
[2026-04-03 01:30:00]   Task dogfood-qa-week4: age 29586570m (timeout 120m)
[2026-04-03 01:30:00]     ⚠️  STALE (exceeded timeout)
[2026-04-03 01:30:00]   Task fix-dogfood-week4: age 29586570m (timeout 120m)
[2026-04-03 01:30:00]     ⚠️  STALE (exceeded timeout)
[2026-04-03 01:30:00]   Task test-opt-parallel-logger: age 29586570m (timeout 120m)
[2026-04-03 01:30:00]     ⚠️  STALE (exceeded timeout)
[2026-04-03 01:30:00]   Task test-opt-parallel-error: age 29586570m (timeout 120m)
[2026-04-03 01:30:00]     ⚠️  STALE (exceeded timeout)
[2026-04-03 01:30:01]   Task audit-all-work: age 29586570m (timeout 120m)
[2026-04-03 01:30:01]     ⚠️  STALE (exceeded timeout)
[2026-04-03 01:30:01]   Task workqueue-automation: age 29586570m (timeout 120m)
[2026-04-03 01:30:01]     ⚠️  STALE (exceeded timeout)
[2026-04-03 01:30:01]   Task test-opt-analytics-opus: age 29586570m (timeout 120m)
[2026-04-03 01:30:01]     ⚠️  STALE (exceeded timeout)
[2026-04-03 01:30:01]   Task fix-trade-builder-403: age 29586570m (timeout 120m)
[2026-04-03 01:30:01]     ⚠️  STALE (exceeded timeout)
[2026-04-03 01:30:01]   Task fix-all-trade-issues: age 29586570m (timeout 120m)
[2026-04-03 01:30:01]     ⚠️  STALE (exceeded timeout)
[2026-04-03 01:30:01] Archiving 9 stale + 0 completed tasks...
[2026-04-03 01:40:00] Checking 9 active tasks...
[2026-04-03 01:40:00]   Task dogfood-qa-week4: age 29586580m (timeout 120m)
[2026-04-03 01:40:00]     ⚠️  STALE (exceeded timeout)
[2026-04-03 01:40:00]   Task fix-dogfood-week4: age 29586580m (timeout 120m)
[2026-04-03 01:40:00]     ⚠️  STALE (exceeded timeout)
[2026-04-03 01:40:00]   Task test-opt-parallel-logger: age 29586580m (timeout 120m)
[2026-04-03 01:40:00]     ⚠️  STALE (exceeded timeout)
[2026-04-03 01:40:00]   Task test-opt-parallel-error: age 29586580m (timeout 120m)
[2026-04-03 01:40:00]     ⚠️  STALE (exceeded timeout)
[2026-04-03 01:40:00]   Task audit-all-work: age 29586580m (timeout 120m)
[2026-04-03 01:40:00]     ⚠️  STALE (exceeded timeout)
[2026-04-03 01:40:00]   Task workqueue-automation: age 29586580m (timeout 120m)
[2026-04-03 01:40:00]     ⚠️  STALE (exceeded timeout)
[2026-04-03 01:40:00]   Task test-opt-analytics-opus: age 29586580m (timeout 120m)
[2026-04-03 01:40:00]     ⚠️  STALE (exceeded timeout)
[2026-04-03 01:40:00]   Task fix-trade-builder-403: age 29586580m (timeout 120m)
[2026-04-03 01:40:00]     ⚠️  STALE (exceeded timeout)
[2026-04-03 01:40:00]   Task fix-all-trade-issues: age 29586580m (timeout 120m)
[2026-04-03 01:40:00]     ⚠️  STALE (exceeded timeout)
[2026-04-03 01:40:00] Archiving 9 stale + 0 completed tasks...
[2026-04-03 01:50:01] Checking 9 active tasks...
[2026-04-03 01:50:01]   Task dogfood-qa-week4: age 29586590m (timeout 120m)
[2026-04-03 01:50:01]     ⚠️  STALE (exceeded timeout)
[2026-04-03 01:50:01]   Task fix-dogfood-week4: age 29586590m (timeout 120m)
[2026-04-03 01:50:01]     ⚠️  STALE (exceeded timeout)
[2026-04-03 01:50:01]   Task test-opt-parallel-logger: age 29586590m (timeout 120m)
[2026-04-03 01:50:01]     ⚠️  STALE (exceeded timeout)
[2026-04-03 01:50:01]   Task test-opt-parallel-error: age 29586590m (timeout 120m)
[2026-04-03 01:50:01]     ⚠️  STALE (exceeded timeout)
[2026-04-03 01:50:01]   Task audit-all-work: age 29586590m (timeout 120m)
[2026-04-03 01:50:01]     ⚠️  STALE (exceeded timeout)
[2026-04-03 01:50:01]   Task workqueue-automation: age 29586590m (timeout 120m)
[2026-04-03 01:50:01]     ⚠️  STALE (exceeded timeout)
[2026-04-03 01:50:01]   Task test-opt-analytics-opus: age 29586590m (timeout 120m)
[2026-04-03 01:50:01]     ⚠️  STALE (exceeded timeout)
[2026-04-03 01:50:01]   Task fix-trade-builder-403: age 29586590m (timeout 120m)
[2026-04-03 01:50:01]     ⚠️  STALE (exceeded timeout)
[2026-04-03 01:50:01]   Task fix-all-trade-issues: age 29586590m (timeout 120m)
[2026-04-03 01:50:01]     ⚠️  STALE (exceeded timeout)
[2026-04-03 01:50:01] Archiving 9 stale + 0 completed tasks...
[2026-04-03 02:00:01] Checking 9 active tasks...
[2026-04-03 02:00:01]   Task dogfood-qa-week4: age 29586600m (timeout 120m)
[2026-04-03 02:00:01]     ⚠️  STALE (exceeded timeout)
[2026-04-03 02:00:01]   Task fix-dogfood-week4: age 29586600m (timeout 120m)
[2026-04-03 02:00:01]     ⚠️  STALE (exceeded timeout)
[2026-04-03 02:00:01]   Task test-opt-parallel-logger: age 29586600m (timeout 120m)
[2026-04-03 02:00:01]     ⚠️  STALE (exceeded timeout)
[2026-04-03 02:00:01]   Task test-opt-parallel-error: age 29586600m (timeout 120m)
[2026-04-03 02:00:01]     ⚠️  STALE (exceeded timeout)
[2026-04-03 02:00:01]   Task audit-all-work: age 29586600m (timeout 120m)
[2026-04-03 02:00:01]     ⚠️  STALE (exceeded timeout)
[2026-04-03 02:00:01]   Task workqueue-automation: age 29586600m (timeout 120m)
[2026-04-03 02:00:01]     ⚠️  STALE (exceeded timeout)
[2026-04-03 02:00:01]   Task test-opt-analytics-opus: age 29586600m (timeout 120m)
[2026-04-03 02:00:01]     ⚠️  STALE (exceeded timeout)
[2026-04-03 02:00:01]   Task fix-trade-builder-403: age 29586600m (timeout 120m)
[2026-04-03 02:00:01]     ⚠️  STALE (exceeded timeout)
[2026-04-03 02:00:01]   Task fix-all-trade-issues: age 29586600m (timeout 120m)
[2026-04-03 02:00:01]     ⚠️  STALE (exceeded timeout)
[2026-04-03 02:00:01] Archiving 9 stale + 0 completed tasks...
[2026-04-03 02:10:01] Checking 9 active tasks...
[2026-04-03 02:10:01]   Task dogfood-qa-week4: age 29586610m (timeout 120m)
[2026-04-03 02:10:01]     ⚠️  STALE (exceeded timeout)
[2026-04-03 02:10:01]   Task fix-dogfood-week4: age 29586610m (timeout 120m)
[2026-04-03 02:10:01]     ⚠️  STALE (exceeded timeout)
[2026-04-03 02:10:01]   Task test-opt-parallel-logger: age 29586610m (timeout 120m)
[2026-04-03 02:10:01]     ⚠️  STALE (exceeded timeout)
[2026-04-03 02:10:01]   Task test-opt-parallel-error: age 29586610m (timeout 120m)
[2026-04-03 02:10:01]     ⚠️  STALE (exceeded timeout)
[2026-04-03 02:10:01]   Task audit-all-work: age 29586610m (timeout 120m)
[2026-04-03 02:10:01]     ⚠️  STALE (exceeded timeout)
[2026-04-03 02:10:01]   Task workqueue-automation: age 29586610m (timeout 120m)
[2026-04-03 02:10:01]     ⚠️  STALE (exceeded timeout)
[2026-04-03 02:10:01]   Task test-opt-analytics-opus: age 29586610m (timeout 120m)
[2026-04-03 02:10:01]     ⚠️  STALE (exceeded timeout)
[2026-04-03 02:10:01]   Task fix-trade-builder-403: age 29586610m (timeout 120m)
[2026-04-03 02:10:01]     ⚠️  STALE (exceeded timeout)
[2026-04-03 02:10:01]   Task fix-all-trade-issues: age 29586610m (timeout 120m)
[2026-04-03 02:10:01]     ⚠️  STALE (exceeded timeout)
[2026-04-03 02:10:01] Archiving 9 stale + 0 completed tasks...
[2026-04-03 02:20:00] Checking 9 active tasks...
[2026-04-03 02:20:00]   Task dogfood-qa-week4: age 29586620m (timeout 120m)
[2026-04-03 02:20:00]     ⚠️  STALE (exceeded timeout)
[2026-04-03 02:20:00]   Task fix-dogfood-week4: age 29586620m (timeout 120m)
[2026-04-03 02:20:00]     ⚠️  STALE (exceeded timeout)
[2026-04-03 02:20:00]   Task test-opt-parallel-logger: age 29586620m (timeout 120m)
[2026-04-03 02:20:00]     ⚠️  STALE (exceeded timeout)
[2026-04-03 02:20:00]   Task test-opt-parallel-error: age 29586620m (timeout 120m)
[2026-04-03 02:20:00]     ⚠️  STALE (exceeded timeout)
[2026-04-03 02:20:00]   Task audit-all-work: age 29586620m (timeout 120m)
[2026-04-03 02:20:00]     ⚠️  STALE (exceeded timeout)
[2026-04-03 02:20:01]   Task workqueue-automation: age 29586620m (timeout 120m)
[2026-04-03 02:20:01]     ⚠️  STALE (exceeded timeout)
[2026-04-03 02:20:01]   Task test-opt-analytics-opus: age 29586620m (timeout 120m)
[2026-04-03 02:20:01]     ⚠️  STALE (exceeded timeout)
[2026-04-03 02:20:01]   Task fix-trade-builder-403: age 29586620m (timeout 120m)
[2026-04-03 02:20:01]     ⚠️  STALE (exceeded timeout)
[2026-04-03 02:20:01]   Task fix-all-trade-issues: age 29586620m (timeout 120m)
[2026-04-03 02:20:01]     ⚠️  STALE (exceeded timeout)
[2026-04-03 02:20:01] Archiving 9 stale + 0 completed tasks...
[2026-04-03 02:30:01] Checking 9 active tasks...
[2026-04-03 02:30:01]   Task dogfood-qa-week4: age 29586630m (timeout 120m)
[2026-04-03 02:30:01]     ⚠️  STALE (exceeded timeout)
[2026-04-03 02:30:01]   Task fix-dogfood-week4: age 29586630m (timeout 120m)
[2026-04-03 02:30:01]     ⚠️  STALE (exceeded timeout)
[2026-04-03 02:30:01]   Task test-opt-parallel-logger: age 29586630m (timeout 120m)
[2026-04-03 02:30:01]     ⚠️  STALE (exceeded timeout)
[2026-04-03 02:30:01]   Task test-opt-parallel-error: age 29586630m (timeout 120m)
[2026-04-03 02:30:01]     ⚠️  STALE (exceeded timeout)
[2026-04-03 02:30:01]   Task audit-all-work: age 29586630m (timeout 120m)
[2026-04-03 02:30:01]     ⚠️  STALE (exceeded timeout)
[2026-04-03 02:30:01]   Task workqueue-automation: age 29586630m (timeout 120m)
[2026-04-03 02:30:01]     ⚠️  STALE (exceeded timeout)
[2026-04-03 02:30:01]   Task test-opt-analytics-opus: age 29586630m (timeout 120m)
[2026-04-03 02:30:01]     ⚠️  STALE (exceeded timeout)
[2026-04-03 02:30:01]   Task fix-trade-builder-403: age 29586630m (timeout 120m)
[2026-04-03 02:30:01]     ⚠️  STALE (exceeded timeout)
[2026-04-03 02:30:01]   Task fix-all-trade-issues: age 29586630m (timeout 120m)
[2026-04-03 02:30:01]     ⚠️  STALE (exceeded timeout)
[2026-04-03 02:30:01] Archiving 9 stale + 0 completed tasks...
[2026-04-03 02:40:00] Checking 9 active tasks...
[2026-04-03 02:40:00]   Task dogfood-qa-week4: age 29586640m (timeout 120m)
[2026-04-03 02:40:00]     ⚠️  STALE (exceeded timeout)
[2026-04-03 02:40:01]   Task fix-dogfood-week4: age 29586640m (timeout 120m)
[2026-04-03 02:40:01]     ⚠️  STALE (exceeded timeout)
[2026-04-03 02:40:01]   Task test-opt-parallel-logger: age 29586640m (timeout 120m)
[2026-04-03 02:40:01]     ⚠️  STALE (exceeded timeout)
[2026-04-03 02:40:01]   Task test-opt-parallel-error: age 29586640m (timeout 120m)
[2026-04-03 02:40:01]     ⚠️  STALE (exceeded timeout)
[2026-04-03 02:40:01]   Task audit-all-work: age 29586640m (timeout 120m)
[2026-04-03 02:40:01]     ⚠️  STALE (exceeded timeout)
[2026-04-03 02:40:01]   Task workqueue-automation: age 29586640m (timeout 120m)
[2026-04-03 02:40:01]     ⚠️  STALE (exceeded timeout)
[2026-04-03 02:40:01]   Task test-opt-analytics-opus: age 29586640m (timeout 120m)
[2026-04-03 02:40:01]     ⚠️  STALE (exceeded timeout)
[2026-04-03 02:40:01]   Task fix-trade-builder-403: age 29586640m (timeout 120m)
[2026-04-03 02:40:01]     ⚠️  STALE (exceeded timeout)
[2026-04-03 02:40:01]   Task fix-all-trade-issues: age 29586640m (timeout 120m)
[2026-04-03 02:40:01]     ⚠️  STALE (exceeded timeout)
[2026-04-03 02:40:01] Archiving 9 stale + 0 completed tasks...
[2026-04-03 02:50:00] Checking 9 active tasks...
[2026-04-03 02:50:00]   Task dogfood-qa-week4: age 29586650m (timeout 120m)
[2026-04-03 02:50:00]     ⚠️  STALE (exceeded timeout)
[2026-04-03 02:50:01]   Task fix-dogfood-week4: age 29586650m (timeout 120m)
[2026-04-03 02:50:01]     ⚠️  STALE (exceeded timeout)
[2026-04-03 02:50:01]   Task test-opt-parallel-logger: age 29586650m (timeout 120m)
[2026-04-03 02:50:01]     ⚠️  STALE (exceeded timeout)
[2026-04-03 02:50:01]   Task test-opt-parallel-error: age 29586650m (timeout 120m)
[2026-04-03 02:50:01]     ⚠️  STALE (exceeded timeout)
[2026-04-03 02:50:01]   Task audit-all-work: age 29586650m (timeout 120m)
[2026-04-03 02:50:01]     ⚠️  STALE (exceeded timeout)
[2026-04-03 02:50:01]   Task workqueue-automation: age 29586650m (timeout 120m)
[2026-04-03 02:50:01]     ⚠️  STALE (exceeded timeout)
[2026-04-03 02:50:01]   Task test-opt-analytics-opus: age 29586650m (timeout 120m)
[2026-04-03 02:50:01]     ⚠️  STALE (exceeded timeout)
[2026-04-03 02:50:01]   Task fix-trade-builder-403: age 29586650m (timeout 120m)
[2026-04-03 02:50:01]     ⚠️  STALE (exceeded timeout)
[2026-04-03 02:50:01]   Task fix-all-trade-issues: age 29586650m (timeout 120m)
[2026-04-03 02:50:01]     ⚠️  STALE (exceeded timeout)
[2026-04-03 02:50:01] Archiving 9 stale + 0 completed tasks...
[2026-04-03 03:00:01] Checking 9 active tasks...
[2026-04-03 03:00:01]   Task dogfood-qa-week4: age 29586660m (timeout 120m)
[2026-04-03 03:00:01]     ⚠️  STALE (exceeded timeout)
[2026-04-03 03:00:01]   Task fix-dogfood-week4: age 29586660m (timeout 120m)
[2026-04-03 03:00:01]     ⚠️  STALE (exceeded timeout)
[2026-04-03 03:00:01]   Task test-opt-parallel-logger: age 29586660m (timeout 120m)
[2026-04-03 03:00:01]     ⚠️  STALE (exceeded timeout)
[2026-04-03 03:00:01]   Task test-opt-parallel-error: age 29586660m (timeout 120m)
[2026-04-03 03:00:01]     ⚠️  STALE (exceeded timeout)
[2026-04-03 03:00:01]   Task audit-all-work: age 29586660m (timeout 120m)
[2026-04-03 03:00:01]     ⚠️  STALE (exceeded timeout)
[2026-04-03 03:00:01]   Task workqueue-automation: age 29586660m (timeout 120m)
[2026-04-03 03:00:01]     ⚠️  STALE (exceeded timeout)
[2026-04-03 03:00:01]   Task test-opt-analytics-opus: age 29586660m (timeout 120m)
[2026-04-03 03:00:01]     ⚠️  STALE (exceeded timeout)
[2026-04-03 03:00:01]   Task fix-trade-builder-403: age 29586660m (timeout 120m)
[2026-04-03 03:00:01]     ⚠️  STALE (exceeded timeout)
[2026-04-03 03:00:01]   Task fix-all-trade-issues: age 29586660m (timeout 120m)
[2026-04-03 03:00:01]     ⚠️  STALE (exceeded timeout)
[2026-04-03 03:00:01] Archiving 9 stale + 0 completed tasks...
[2026-04-03 03:10:00] Checking 9 active tasks...
[2026-04-03 03:10:00]   Task dogfood-qa-week4: age 29586670m (timeout 120m)
[2026-04-03 03:10:00]     ⚠️  STALE (exceeded timeout)
[2026-04-03 03:10:00]   Task fix-dogfood-week4: age 29586670m (timeout 120m)
[2026-04-03 03:10:00]     ⚠️  STALE (exceeded timeout)
[2026-04-03 03:10:00]   Task test-opt-parallel-logger: age 29586670m (timeout 120m)
[2026-04-03 03:10:00]     ⚠️  STALE (exceeded timeout)
[2026-04-03 03:10:00]   Task test-opt-parallel-error: age 29586670m (timeout 120m)
[2026-04-03 03:10:00]     ⚠️  STALE (exceeded timeout)
[2026-04-03 03:10:00]   Task audit-all-work: age 29586670m (timeout 120m)
[2026-04-03 03:10:00]     ⚠️  STALE (exceeded timeout)
[2026-04-03 03:10:00]   Task workqueue-automation: age 29586670m (timeout 120m)
[2026-04-03 03:10:00]     ⚠️  STALE (exceeded timeout)
[2026-04-03 03:10:00]   Task test-opt-analytics-opus: age 29586670m (timeout 120m)
[2026-04-03 03:10:00]     ⚠️  STALE (exceeded timeout)
[2026-04-03 03:10:00]   Task fix-trade-builder-403: age 29586670m (timeout 120m)
[2026-04-03 03:10:00]     ⚠️  STALE (exceeded timeout)
[2026-04-03 03:10:01]   Task fix-all-trade-issues: age 29586670m (timeout 120m)
[2026-04-03 03:10:01]     ⚠️  STALE (exceeded timeout)
[2026-04-03 03:10:01] Archiving 9 stale + 0 completed tasks...
[2026-04-03 03:20:00] Checking 9 active tasks...
[2026-04-03 03:20:00]   Task dogfood-qa-week4: age 29586680m (timeout 120m)
[2026-04-03 03:20:00]     ⚠️  STALE (exceeded timeout)
[2026-04-03 03:20:00]   Task fix-dogfood-week4: age 29586680m (timeout 120m)
[2026-04-03 03:20:00]     ⚠️  STALE (exceeded timeout)
[2026-04-03 03:20:00]   Task test-opt-parallel-logger: age 29586680m (timeout 120m)
[2026-04-03 03:20:00]     ⚠️  STALE (exceeded timeout)
[2026-04-03 03:20:00]   Task test-opt-parallel-error: age 29586680m (timeout 120m)
[2026-04-03 03:20:00]     ⚠️  STALE (exceeded timeout)
[2026-04-03 03:20:00]   Task audit-all-work: age 29586680m (timeout 120m)
[2026-04-03 03:20:00]     ⚠️  STALE (exceeded timeout)
[2026-04-03 03:20:00]   Task workqueue-automation: age 29586680m (timeout 120m)
[2026-04-03 03:20:00]     ⚠️  STALE (exceeded timeout)
[2026-04-03 03:20:00]   Task test-opt-analytics-opus: age 29586680m (timeout 120m)
[2026-04-03 03:20:00]     ⚠️  STALE (exceeded timeout)
[2026-04-03 03:20:00]   Task fix-trade-builder-403: age 29586680m (timeout 120m)
[2026-04-03 03:20:00]     ⚠️  STALE (exceeded timeout)
[2026-04-03 03:20:00]   Task fix-all-trade-issues: age 29586680m (timeout 120m)
[2026-04-03 03:20:00]     ⚠️  STALE (exceeded timeout)
[2026-04-03 03:20:00] Archiving 9 stale + 0 completed tasks...
[2026-04-03 03:30:00] Checking 9 active tasks...
[2026-04-03 03:30:00]   Task dogfood-qa-week4: age 29586690m (timeout 120m)
[2026-04-03 03:30:00]     ⚠️  STALE (exceeded timeout)
[2026-04-03 03:30:00]   Task fix-dogfood-week4: age 29586690m (timeout 120m)
[2026-04-03 03:30:00]     ⚠️  STALE (exceeded timeout)
[2026-04-03 03:30:00]   Task test-opt-parallel-logger: age 29586690m (timeout 120m)
[2026-04-03 03:30:00]     ⚠️  STALE (exceeded timeout)
[2026-04-03 03:30:00]   Task test-opt-parallel-error: age 29586690m (timeout 120m)
[2026-04-03 03:30:00]     ⚠️  STALE (exceeded timeout)
[2026-04-03 03:30:00]   Task audit-all-work: age 29586690m (timeout 120m)
[2026-04-03 03:30:00]     ⚠️  STALE (exceeded timeout)
[2026-04-03 03:30:00]   Task workqueue-automation: age 29586690m (timeout 120m)
[2026-04-03 03:30:00]     ⚠️  STALE (exceeded timeout)
[2026-04-03 03:30:00]   Task test-opt-analytics-opus: age 29586690m (timeout 120m)
[2026-04-03 03:30:00]     ⚠️  STALE (exceeded timeout)
[2026-04-03 03:30:00]   Task fix-trade-builder-403: age 29586690m (timeout 120m)
[2026-04-03 03:30:00]     ⚠️  STALE (exceeded timeout)
[2026-04-03 03:30:01]   Task fix-all-trade-issues: age 29586690m (timeout 120m)
[2026-04-03 03:30:01]     ⚠️  STALE (exceeded timeout)
[2026-04-03 03:30:01] Archiving 9 stale + 0 completed tasks...
[2026-04-03 03:40:00] Checking 9 active tasks...
[2026-04-03 03:40:01]   Task dogfood-qa-week4: age 29586700m (timeout 120m)
[2026-04-03 03:40:01]     ⚠️  STALE (exceeded timeout)
[2026-04-03 03:40:01]   Task fix-dogfood-week4: age 29586700m (timeout 120m)
[2026-04-03 03:40:01]     ⚠️  STALE (exceeded timeout)
[2026-04-03 03:40:01]   Task test-opt-parallel-logger: age 29586700m (timeout 120m)
[2026-04-03 03:40:01]     ⚠️  STALE (exceeded timeout)
[2026-04-03 03:40:01]   Task test-opt-parallel-error: age 29586700m (timeout 120m)
[2026-04-03 03:40:01]     ⚠️  STALE (exceeded timeout)
[2026-04-03 03:40:01]   Task audit-all-work: age 29586700m (timeout 120m)
[2026-04-03 03:40:01]     ⚠️  STALE (exceeded timeout)
[2026-04-03 03:40:01]   Task workqueue-automation: age 29586700m (timeout 120m)
[2026-04-03 03:40:01]     ⚠️  STALE (exceeded timeout)
[2026-04-03 03:40:01]   Task test-opt-analytics-opus: age 29586700m (timeout 120m)
[2026-04-03 03:40:01]     ⚠️  STALE (exceeded timeout)
[2026-04-03 03:40:01]   Task fix-trade-builder-403: age 29586700m (timeout 120m)
[2026-04-03 03:40:01]     ⚠️  STALE (exceeded timeout)
[2026-04-03 03:40:01]   Task fix-all-trade-issues: age 29586700m (timeout 120m)
[2026-04-03 03:40:01]     ⚠️  STALE (exceeded timeout)
[2026-04-03 03:40:01] Archiving 9 stale + 0 completed tasks...
[2026-04-03 03:50:01] Checking 9 active tasks...
[2026-04-03 03:50:01]   Task dogfood-qa-week4: age 29586710m (timeout 120m)
[2026-04-03 03:50:01]     ⚠️  STALE (exceeded timeout)
[2026-04-03 03:50:01]   Task fix-dogfood-week4: age 29586710m (timeout 120m)
[2026-04-03 03:50:01]     ⚠️  STALE (exceeded timeout)
[2026-04-03 03:50:01]   Task test-opt-parallel-logger: age 29586710m (timeout 120m)
[2026-04-03 03:50:01]     ⚠️  STALE (exceeded timeout)
[2026-04-03 03:50:01]   Task test-opt-parallel-error: age 29586710m (timeout 120m)
[2026-04-03 03:50:01]     ⚠️  STALE (exceeded timeout)
[2026-04-03 03:50:01]   Task audit-all-work: age 29586710m (timeout 120m)
[2026-04-03 03:50:01]     ⚠️  STALE (exceeded timeout)
[2026-04-03 03:50:01]   Task workqueue-automation: age 29586710m (timeout 120m)
[2026-04-03 03:50:01]     ⚠️  STALE (exceeded timeout)
[2026-04-03 03:50:01]   Task test-opt-analytics-opus: age 29586710m (timeout 120m)
[2026-04-03 03:50:01]     ⚠️  STALE (exceeded timeout)
[2026-04-03 03:50:01]   Task fix-trade-builder-403: age 29586710m (timeout 120m)
[2026-04-03 03:50:01]     ⚠️  STALE (exceeded timeout)
[2026-04-03 03:50:01]   Task fix-all-trade-issues: age 29586710m (timeout 120m)
[2026-04-03 03:50:01]     ⚠️  STALE (exceeded timeout)
[2026-04-03 03:50:01] Archiving 9 stale + 0 completed tasks...
[2026-04-03 04:00:01] Checking 9 active tasks...
[2026-04-03 04:00:01]   Task dogfood-qa-week4: age 29586720m (timeout 120m)
[2026-04-03 04:00:01]     ⚠️  STALE (exceeded timeout)
[2026-04-03 04:00:01]   Task fix-dogfood-week4: age 29586720m (timeout 120m)
[2026-04-03 04:00:01]     ⚠️  STALE (exceeded timeout)
[2026-04-03 04:00:01]   Task test-opt-parallel-logger: age 29586720m (timeout 120m)
[2026-04-03 04:00:01]     ⚠️  STALE (exceeded timeout)
[2026-04-03 04:00:01]   Task test-opt-parallel-error: age 29586720m (timeout 120m)
[2026-04-03 04:00:01]     ⚠️  STALE (exceeded timeout)
[2026-04-03 04:00:01]   Task audit-all-work: age 29586720m (timeout 120m)
[2026-04-03 04:00:01]     ⚠️  STALE (exceeded timeout)
[2026-04-03 04:00:01]   Task workqueue-automation: age 29586720m (timeout 120m)
[2026-04-03 04:00:01]     ⚠️  STALE (exceeded timeout)
[2026-04-03 04:00:01]   Task test-opt-analytics-opus: age 29586720m (timeout 120m)
[2026-04-03 04:00:01]     ⚠️  STALE (exceeded timeout)
[2026-04-03 04:00:01]   Task fix-trade-builder-403: age 29586720m (timeout 120m)
[2026-04-03 04:00:01]     ⚠️  STALE (exceeded timeout)
[2026-04-03 04:00:01]   Task fix-all-trade-issues: age 29586720m (timeout 120m)
[2026-04-03 04:00:01]     ⚠️  STALE (exceeded timeout)
[2026-04-03 04:00:01] Archiving 9 stale + 0 completed tasks...
[2026-04-03 04:10:00] Checking 9 active tasks...
[2026-04-03 04:10:00]   Task dogfood-qa-week4: age 29586730m (timeout 120m)
[2026-04-03 04:10:00]     ⚠️  STALE (exceeded timeout)
[2026-04-03 04:10:00]   Task fix-dogfood-week4: age 29586730m (timeout 120m)
[2026-04-03 04:10:00]     ⚠️  STALE (exceeded timeout)
[2026-04-03 04:10:01]   Task test-opt-parallel-logger: age 29586730m (timeout 120m)
[2026-04-03 04:10:01]     ⚠️  STALE (exceeded timeout)
[2026-04-03 04:10:01]   Task test-opt-parallel-error: age 29586730m (timeout 120m)
[2026-04-03 04:10:01]     ⚠️  STALE (exceeded timeout)
[2026-04-03 04:10:01]   Task audit-all-work: age 29586730m (timeout 120m)
[2026-04-03 04:10:01]     ⚠️  STALE (exceeded timeout)
[2026-04-03 04:10:01]   Task workqueue-automation: age 29586730m (timeout 120m)
[2026-04-03 04:10:01]     ⚠️  STALE (exceeded timeout)
[2026-04-03 04:10:01]   Task test-opt-analytics-opus: age 29586730m (timeout 120m)
[2026-04-03 04:10:01]     ⚠️  STALE (exceeded timeout)
[2026-04-03 04:10:01]   Task fix-trade-builder-403: age 29586730m (timeout 120m)
[2026-04-03 04:10:01]     ⚠️  STALE (exceeded timeout)
[2026-04-03 04:10:01]   Task fix-all-trade-issues: age 29586730m (timeout 120m)
[2026-04-03 04:10:01]     ⚠️  STALE (exceeded timeout)
[2026-04-03 04:10:01] Archiving 9 stale + 0 completed tasks...
[2026-04-03 04:20:01] Checking 9 active tasks...
[2026-04-03 04:20:01]   Task dogfood-qa-week4: age 29586740m (timeout 120m)
[2026-04-03 04:20:01]     ⚠️  STALE (exceeded timeout)
[2026-04-03 04:20:01]   Task fix-dogfood-week4: age 29586740m (timeout 120m)
[2026-04-03 04:20:01]     ⚠️  STALE (exceeded timeout)
[2026-04-03 04:20:01]   Task test-opt-parallel-logger: age 29586740m (timeout 120m)
[2026-04-03 04:20:01]     ⚠️  STALE (exceeded timeout)
[2026-04-03 04:20:01]   Task test-opt-parallel-error: age 29586740m (timeout 120m)
[2026-04-03 04:20:01]     ⚠️  STALE (exceeded timeout)
[2026-04-03 04:20:01]   Task audit-all-work: age 29586740m (timeout 120m)
[2026-04-03 04:20:01]     ⚠️  STALE (exceeded timeout)
[2026-04-03 04:20:01]   Task workqueue-automation: age 29586740m (timeout 120m)
[2026-04-03 04:20:01]     ⚠️  STALE (exceeded timeout)
[2026-04-03 04:20:01]   Task test-opt-analytics-opus: age 29586740m (timeout 120m)
[2026-04-03 04:20:01]     ⚠️  STALE (exceeded timeout)
[2026-04-03 04:20:01]   Task fix-trade-builder-403: age 29586740m (timeout 120m)
[2026-04-03 04:20:01]     ⚠️  STALE (exceeded timeout)
[2026-04-03 04:20:01]   Task fix-all-trade-issues: age 29586740m (timeout 120m)
[2026-04-03 04:20:01]     ⚠️  STALE (exceeded timeout)
[2026-04-03 04:20:01] Archiving 9 stale + 0 completed tasks...
[2026-04-03 04:30:01] Checking 9 active tasks...
[2026-04-03 04:30:01]   Task dogfood-qa-week4: age 29586750m (timeout 120m)
[2026-04-03 04:30:01]     ⚠️  STALE (exceeded timeout)
[2026-04-03 04:30:01]   Task fix-dogfood-week4: age 29586750m (timeout 120m)
[2026-04-03 04:30:01]     ⚠️  STALE (exceeded timeout)
[2026-04-03 04:30:01]   Task test-opt-parallel-logger: age 29586750m (timeout 120m)
[2026-04-03 04:30:01]     ⚠️  STALE (exceeded timeout)
[2026-04-03 04:30:01]   Task test-opt-parallel-error: age 29586750m (timeout 120m)
[2026-04-03 04:30:01]     ⚠️  STALE (exceeded timeout)
[2026-04-03 04:30:01]   Task audit-all-work: age 29586750m (timeout 120m)
[2026-04-03 04:30:01]     ⚠️  STALE (exceeded timeout)
[2026-04-03 04:30:01]   Task workqueue-automation: age 29586750m (timeout 120m)
[2026-04-03 04:30:01]     ⚠️  STALE (exceeded timeout)
[2026-04-03 04:30:01]   Task test-opt-analytics-opus: age 29586750m (timeout 120m)
[2026-04-03 04:30:01]     ⚠️  STALE (exceeded timeout)
[2026-04-03 04:30:01]   Task fix-trade-builder-403: age 29586750m (timeout 120m)
[2026-04-03 04:30:01]     ⚠️  STALE (exceeded timeout)
[2026-04-03 04:30:01]   Task fix-all-trade-issues: age 29586750m (timeout 120m)
[2026-04-03 04:30:01]     ⚠️  STALE (exceeded timeout)
[2026-04-03 04:30:01] Archiving 9 stale + 0 completed tasks...
[2026-04-03 04:40:01] Checking 9 active tasks...
[2026-04-03 04:40:01]   Task dogfood-qa-week4: age 29586760m (timeout 120m)
[2026-04-03 04:40:01]     ⚠️  STALE (exceeded timeout)
[2026-04-03 04:40:01]   Task fix-dogfood-week4: age 29586760m (timeout 120m)
[2026-04-03 04:40:01]     ⚠️  STALE (exceeded timeout)
[2026-04-03 04:40:01]   Task test-opt-parallel-logger: age 29586760m (timeout 120m)
[2026-04-03 04:40:01]     ⚠️  STALE (exceeded timeout)
[2026-04-03 04:40:01]   Task test-opt-parallel-error: age 29586760m (timeout 120m)
[2026-04-03 04:40:01]     ⚠️  STALE (exceeded timeout)
[2026-04-03 04:40:01]   Task audit-all-work: age 29586760m (timeout 120m)
[2026-04-03 04:40:01]     ⚠️  STALE (exceeded timeout)
[2026-04-03 04:40:01]   Task workqueue-automation: age 29586760m (timeout 120m)
[2026-04-03 04:40:01]     ⚠️  STALE (exceeded timeout)
[2026-04-03 04:40:01]   Task test-opt-analytics-opus: age 29586760m (timeout 120m)
[2026-04-03 04:40:01]     ⚠️  STALE (exceeded timeout)
[2026-04-03 04:40:01]   Task fix-trade-builder-403: age 29586760m (timeout 120m)
[2026-04-03 04:40:01]     ⚠️  STALE (exceeded timeout)
[2026-04-03 04:40:01]   Task fix-all-trade-issues: age 29586760m (timeout 120m)
[2026-04-03 04:40:01]     ⚠️  STALE (exceeded timeout)
[2026-04-03 04:40:01] Archiving 9 stale + 0 completed tasks...
[2026-04-03 04:50:01] Checking 9 active tasks...
[2026-04-03 04:50:01]   Task dogfood-qa-week4: age 29586770m (timeout 120m)
[2026-04-03 04:50:01]     ⚠️  STALE (exceeded timeout)
[2026-04-03 04:50:01]   Task fix-dogfood-week4: age 29586770m (timeout 120m)
[2026-04-03 04:50:01]     ⚠️  STALE (exceeded timeout)
[2026-04-03 04:50:01]   Task test-opt-parallel-logger: age 29586770m (timeout 120m)
[2026-04-03 04:50:01]     ⚠️  STALE (exceeded timeout)
[2026-04-03 04:50:01]   Task test-opt-parallel-error: age 29586770m (timeout 120m)
[2026-04-03 04:50:01]     ⚠️  STALE (exceeded timeout)
[2026-04-03 04:50:01]   Task audit-all-work: age 29586770m (timeout 120m)
[2026-04-03 04:50:01]     ⚠️  STALE (exceeded timeout)
[2026-04-03 04:50:01]   Task workqueue-automation: age 29586770m (timeout 120m)
[2026-04-03 04:50:01]     ⚠️  STALE (exceeded timeout)
[2026-04-03 04:50:01]   Task test-opt-analytics-opus: age 29586770m (timeout 120m)
[2026-04-03 04:50:01]     ⚠️  STALE (exceeded timeout)
[2026-04-03 04:50:01]   Task fix-trade-builder-403: age 29586770m (timeout 120m)
[2026-04-03 04:50:01]     ⚠️  STALE (exceeded timeout)
[2026-04-03 04:50:01]   Task fix-all-trade-issues: age 29586770m (timeout 120m)
[2026-04-03 04:50:01]     ⚠️  STALE (exceeded timeout)
[2026-04-03 04:50:01] Archiving 9 stale + 0 completed tasks...
[2026-04-03 05:00:01] Checking 9 active tasks...
[2026-04-03 05:00:01]   Task dogfood-qa-week4: age 29586780m (timeout 120m)
[2026-04-03 05:00:01]     ⚠️  STALE (exceeded timeout)
[2026-04-03 05:00:01]   Task fix-dogfood-week4: age 29586780m (timeout 120m)
[2026-04-03 05:00:01]     ⚠️  STALE (exceeded timeout)
[2026-04-03 05:00:01]   Task test-opt-parallel-logger: age 29586780m (timeout 120m)
[2026-04-03 05:00:01]     ⚠️  STALE (exceeded timeout)
[2026-04-03 05:00:01]   Task test-opt-parallel-error: age 29586780m (timeout 120m)
[2026-04-03 05:00:01]     ⚠️  STALE (exceeded timeout)
[2026-04-03 05:00:01]   Task audit-all-work: age 29586780m (timeout 120m)
[2026-04-03 05:00:01]     ⚠️  STALE (exceeded timeout)
[2026-04-03 05:00:01]   Task workqueue-automation: age 29586780m (timeout 120m)
[2026-04-03 05:00:01]     ⚠️  STALE (exceeded timeout)
[2026-04-03 05:00:01]   Task test-opt-analytics-opus: age 29586780m (timeout 120m)
[2026-04-03 05:00:01]     ⚠️  STALE (exceeded timeout)
[2026-04-03 05:00:01]   Task fix-trade-builder-403: age 29586780m (timeout 120m)
[2026-04-03 05:00:01]     ⚠️  STALE (exceeded timeout)
[2026-04-03 05:00:02]   Task fix-all-trade-issues: age 29586780m (timeout 120m)
[2026-04-03 05:00:02]     ⚠️  STALE (exceeded timeout)
[2026-04-03 05:00:02] Archiving 9 stale + 0 completed tasks...
[2026-04-03 05:10:00] Checking 9 active tasks...
[2026-04-03 05:10:00]   Task dogfood-qa-week4: age 29586790m (timeout 120m)
[2026-04-03 05:10:00]     ⚠️  STALE (exceeded timeout)
[2026-04-03 05:10:00]   Task fix-dogfood-week4: age 29586790m (timeout 120m)
[2026-04-03 05:10:00]     ⚠️  STALE (exceeded timeout)
[2026-04-03 05:10:00]   Task test-opt-parallel-logger: age 29586790m (timeout 120m)
[2026-04-03 05:10:00]     ⚠️  STALE (exceeded timeout)
[2026-04-03 05:10:01]   Task test-opt-parallel-error: age 29586790m (timeout 120m)
[2026-04-03 05:10:01]     ⚠️  STALE (exceeded timeout)
[2026-04-03 05:10:01]   Task audit-all-work: age 29586790m (timeout 120m)
[2026-04-03 05:10:01]     ⚠️  STALE (exceeded timeout)
[2026-04-03 05:10:01]   Task workqueue-automation: age 29586790m (timeout 120m)
[2026-04-03 05:10:01]     ⚠️  STALE (exceeded timeout)
[2026-04-03 05:10:01]   Task test-opt-analytics-opus: age 29586790m (timeout 120m)
[2026-04-03 05:10:01]     ⚠️  STALE (exceeded timeout)
[2026-04-03 05:10:01]   Task fix-trade-builder-403: age 29586790m (timeout 120m)
[2026-04-03 05:10:01]     ⚠️  STALE (exceeded timeout)
[2026-04-03 05:10:01]   Task fix-all-trade-issues: age 29586790m (timeout 120m)
[2026-04-03 05:10:01]     ⚠️  STALE (exceeded timeout)
[2026-04-03 05:10:01] Archiving 9 stale + 0 completed tasks...
[2026-04-03 05:20:00] Checking 9 active tasks...
[2026-04-03 05:20:00]   Task dogfood-qa-week4: age 29586800m (timeout 120m)
[2026-04-03 05:20:00]     ⚠️  STALE (exceeded timeout)
[2026-04-03 05:20:00]   Task fix-dogfood-week4: age 29586800m (timeout 120m)
[2026-04-03 05:20:00]     ⚠️  STALE (exceeded timeout)
[2026-04-03 05:20:00]   Task test-opt-parallel-logger: age 29586800m (timeout 120m)
[2026-04-03 05:20:00]     ⚠️  STALE (exceeded timeout)
[2026-04-03 05:20:01]   Task test-opt-parallel-error: age 29586800m (timeout 120m)
[2026-04-03 05:20:01]     ⚠️  STALE (exceeded timeout)
[2026-04-03 05:20:01]   Task audit-all-work: age 29586800m (timeout 120m)
[2026-04-03 05:20:01]     ⚠️  STALE (exceeded timeout)
[2026-04-03 05:20:01]   Task workqueue-automation: age 29586800m (timeout 120m)
[2026-04-03 05:20:01]     ⚠️  STALE (exceeded timeout)
[2026-04-03 05:20:01]   Task test-opt-analytics-opus: age 29586800m (timeout 120m)
[2026-04-03 05:20:01]     ⚠️  STALE (exceeded timeout)
[2026-04-03 05:20:01]   Task fix-trade-builder-403: age 29586800m (timeout 120m)
[2026-04-03 05:20:01]     ⚠️  STALE (exceeded timeout)
[2026-04-03 05:20:01]   Task fix-all-trade-issues: age 29586800m (timeout 120m)
[2026-04-03 05:20:01]     ⚠️  STALE (exceeded timeout)
[2026-04-03 05:20:01] Archiving 9 stale + 0 completed tasks...
[2026-04-03 05:30:00] Checking 9 active tasks...
[2026-04-03 05:30:00]   Task dogfood-qa-week4: age 29586810m (timeout 120m)
[2026-04-03 05:30:00]     ⚠️  STALE (exceeded timeout)
[2026-04-03 05:30:01]   Task fix-dogfood-week4: age 29586810m (timeout 120m)
[2026-04-03 05:30:01]     ⚠️  STALE (exceeded timeout)
[2026-04-03 05:30:01]   Task test-opt-parallel-logger: age 29586810m (timeout 120m)
[2026-04-03 05:30:01]     ⚠️  STALE (exceeded timeout)
[2026-04-03 05:30:01]   Task test-opt-parallel-error: age 29586810m (timeout 120m)
[2026-04-03 05:30:01]     ⚠️  STALE (exceeded timeout)
[2026-04-03 05:30:01]   Task audit-all-work: age 29586810m (timeout 120m)
[2026-04-03 05:30:01]     ⚠️  STALE (exceeded timeout)
[2026-04-03 05:30:01]   Task workqueue-automation: age 29586810m (timeout 120m)
[2026-04-03 05:30:01]     ⚠️  STALE (exceeded timeout)
[2026-04-03 05:30:01]   Task test-opt-analytics-opus: age 29586810m (timeout 120m)
[2026-04-03 05:30:01]     ⚠️  STALE (exceeded timeout)
[2026-04-03 05:30:01]   Task fix-trade-builder-403: age 29586810m (timeout 120m)
[2026-04-03 05:30:01]     ⚠️  STALE (exceeded timeout)
[2026-04-03 05:30:01]   Task fix-all-trade-issues: age 29586810m (timeout 120m)
[2026-04-03 05:30:01]     ⚠️  STALE (exceeded timeout)
[2026-04-03 05:30:01] Archiving 9 stale + 0 completed tasks...
[2026-04-03 05:40:00] Checking 9 active tasks...
[2026-04-03 05:40:00]   Task dogfood-qa-week4: age 29586820m (timeout 120m)
[2026-04-03 05:40:00]     ⚠️  STALE (exceeded timeout)
[2026-04-03 05:40:00]   Task fix-dogfood-week4: age 29586820m (timeout 120m)
[2026-04-03 05:40:00]     ⚠️  STALE (exceeded timeout)
[2026-04-03 05:40:00]   Task test-opt-parallel-logger: age 29586820m (timeout 120m)
[2026-04-03 05:40:00]     ⚠️  STALE (exceeded timeout)
[2026-04-03 05:40:00]   Task test-opt-parallel-error: age 29586820m (timeout 120m)
[2026-04-03 05:40:00]     ⚠️  STALE (exceeded timeout)
[2026-04-03 05:40:00]   Task audit-all-work: age 29586820m (timeout 120m)
[2026-04-03 05:40:00]     ⚠️  STALE (exceeded timeout)
[2026-04-03 05:40:01]   Task workqueue-automation: age 29586820m (timeout 120m)
[2026-04-03 05:40:01]     ⚠️  STALE (exceeded timeout)
[2026-04-03 05:40:01]   Task test-opt-analytics-opus: age 29586820m (timeout 120m)
[2026-04-03 05:40:01]     ⚠️  STALE (exceeded timeout)
[2026-04-03 05:40:01]   Task fix-trade-builder-403: age 29586820m (timeout 120m)
[2026-04-03 05:40:01]     ⚠️  STALE (exceeded timeout)
[2026-04-03 05:40:01]   Task fix-all-trade-issues: age 29586820m (timeout 120m)
[2026-04-03 05:40:01]     ⚠️  STALE (exceeded timeout)
[2026-04-03 05:40:01] Archiving 9 stale + 0 completed tasks...
[2026-04-03 05:50:00] Checking 9 active tasks...
[2026-04-03 05:50:00]   Task dogfood-qa-week4: age 29586830m (timeout 120m)
[2026-04-03 05:50:00]     ⚠️  STALE (exceeded timeout)
[2026-04-03 05:50:00]   Task fix-dogfood-week4: age 29586830m (timeout 120m)
[2026-04-03 05:50:00]     ⚠️  STALE (exceeded timeout)
[2026-04-03 05:50:00]   Task test-opt-parallel-logger: age 29586830m (timeout 120m)
[2026-04-03 05:50:00]     ⚠️  STALE (exceeded timeout)
[2026-04-03 05:50:00]   Task test-opt-parallel-error: age 29586830m (timeout 120m)
[2026-04-03 05:50:00]     ⚠️  STALE (exceeded timeout)
[2026-04-03 05:50:00]   Task audit-all-work: age 29586830m (timeout 120m)
[2026-04-03 05:50:00]     ⚠️  STALE (exceeded timeout)
[2026-04-03 05:50:00]   Task workqueue-automation: age 29586830m (timeout 120m)
[2026-04-03 05:50:00]     ⚠️  STALE (exceeded timeout)
[2026-04-03 05:50:00]   Task test-opt-analytics-opus: age 29586830m (timeout 120m)
[2026-04-03 05:50:00]     ⚠️  STALE (exceeded timeout)
[2026-04-03 05:50:00]   Task fix-trade-builder-403: age 29586830m (timeout 120m)
[2026-04-03 05:50:00]     ⚠️  STALE (exceeded timeout)
[2026-04-03 05:50:01]   Task fix-all-trade-issues: age 29586830m (timeout 120m)
[2026-04-03 05:50:01]     ⚠️  STALE (exceeded timeout)
[2026-04-03 05:50:01] Archiving 9 stale + 0 completed tasks...
[2026-04-03 06:00:00] Checking 9 active tasks...
[2026-04-03 06:00:00]   Task dogfood-qa-week4: age 29586840m (timeout 120m)
[2026-04-03 06:00:00]     ⚠️  STALE (exceeded timeout)
[2026-04-03 06:00:00]   Task fix-dogfood-week4: age 29586840m (timeout 120m)
[2026-04-03 06:00:00]     ⚠️  STALE (exceeded timeout)
[2026-04-03 06:00:00]   Task test-opt-parallel-logger: age 29586840m (timeout 120m)
[2026-04-03 06:00:00]     ⚠️  STALE (exceeded timeout)
[2026-04-03 06:00:00]   Task test-opt-parallel-error: age 29586840m (timeout 120m)
[2026-04-03 06:00:00]     ⚠️  STALE (exceeded timeout)
[2026-04-03 06:00:00]   Task audit-all-work: age 29586840m (timeout 120m)
[2026-04-03 06:00:00]     ⚠️  STALE (exceeded timeout)
[2026-04-03 06:00:01]   Task workqueue-automation: age 29586840m (timeout 120m)
[2026-04-03 06:00:01]     ⚠️  STALE (exceeded timeout)
[2026-04-03 06:00:01]   Task test-opt-analytics-opus: age 29586840m (timeout 120m)
[2026-04-03 06:00:01]     ⚠️  STALE (exceeded timeout)
[2026-04-03 06:00:01]   Task fix-trade-builder-403: age 29586840m (timeout 120m)
[2026-04-03 06:00:01]     ⚠️  STALE (exceeded timeout)
[2026-04-03 06:00:01]   Task fix-all-trade-issues: age 29586840m (timeout 120m)
[2026-04-03 06:00:01]     ⚠️  STALE (exceeded timeout)
[2026-04-03 06:00:01] Archiving 9 stale + 0 completed tasks...
[2026-04-03 06:10:01] Checking 9 active tasks...
[2026-04-03 06:10:01]   Task dogfood-qa-week4: age 29586850m (timeout 120m)
[2026-04-03 06:10:01]     ⚠️  STALE (exceeded timeout)
[2026-04-03 06:10:01]   Task fix-dogfood-week4: age 29586850m (timeout 120m)
[2026-04-03 06:10:01]     ⚠️  STALE (exceeded timeout)
[2026-04-03 06:10:01]   Task test-opt-parallel-logger: age 29586850m (timeout 120m)
[2026-04-03 06:10:01]     ⚠️  STALE (exceeded timeout)
[2026-04-03 06:10:01]   Task test-opt-parallel-error: age 29586850m (timeout 120m)
[2026-04-03 06:10:01]     ⚠️  STALE (exceeded timeout)
[2026-04-03 06:10:01]   Task audit-all-work: age 29586850m (timeout 120m)
[2026-04-03 06:10:01]     ⚠️  STALE (exceeded timeout)
[2026-04-03 06:10:01]   Task workqueue-automation: age 29586850m (timeout 120m)
[2026-04-03 06:10:01]     ⚠️  STALE (exceeded timeout)
[2026-04-03 06:10:01]   Task test-opt-analytics-opus: age 29586850m (timeout 120m)
[2026-04-03 06:10:01]     ⚠️  STALE (exceeded timeout)
[2026-04-03 06:10:01]   Task fix-trade-builder-403: age 29586850m (timeout 120m)
[2026-04-03 06:10:01]     ⚠️  STALE (exceeded timeout)
[2026-04-03 06:10:01]   Task fix-all-trade-issues: age 29586850m (timeout 120m)
[2026-04-03 06:10:01]     ⚠️  STALE (exceeded timeout)
[2026-04-03 06:10:01] Archiving 9 stale + 0 completed tasks...
[2026-04-03 06:20:01] Checking 9 active tasks...
[2026-04-03 06:20:01]   Task dogfood-qa-week4: age 29586860m (timeout 120m)
[2026-04-03 06:20:01]     ⚠️  STALE (exceeded timeout)
[2026-04-03 06:20:01]   Task fix-dogfood-week4: age 29586860m (timeout 120m)
[2026-04-03 06:20:01]     ⚠️  STALE (exceeded timeout)
[2026-04-03 06:20:01]   Task test-opt-parallel-logger: age 29586860m (timeout 120m)
[2026-04-03 06:20:01]     ⚠️  STALE (exceeded timeout)
[2026-04-03 06:20:01]   Task test-opt-parallel-error: age 29586860m (timeout 120m)
[2026-04-03 06:20:01]     ⚠️  STALE (exceeded timeout)
[2026-04-03 06:20:01]   Task audit-all-work: age 29586860m (timeout 120m)
[2026-04-03 06:20:01]     ⚠️  STALE (exceeded timeout)
[2026-04-03 06:20:01]   Task workqueue-automation: age 29586860m (timeout 120m)
[2026-04-03 06:20:01]     ⚠️  STALE (exceeded timeout)
[2026-04-03 06:20:01]   Task test-opt-analytics-opus: age 29586860m (timeout 120m)
[2026-04-03 06:20:01]     ⚠️  STALE (exceeded timeout)
[2026-04-03 06:20:01]   Task fix-trade-builder-403: age 29586860m (timeout 120m)
[2026-04-03 06:20:01]     ⚠️  STALE (exceeded timeout)
[2026-04-03 06:20:01]   Task fix-all-trade-issues: age 29586860m (timeout 120m)
[2026-04-03 06:20:01]     ⚠️  STALE (exceeded timeout)
[2026-04-03 06:20:01] Archiving 9 stale + 0 completed tasks...
[2026-04-03 06:30:00] Checking 9 active tasks...
[2026-04-03 06:30:00]   Task dogfood-qa-week4: age 29586870m (timeout 120m)
[2026-04-03 06:30:00]     ⚠️  STALE (exceeded timeout)
[2026-04-03 06:30:00]   Task fix-dogfood-week4: age 29586870m (timeout 120m)
[2026-04-03 06:30:00]     ⚠️  STALE (exceeded timeout)
[2026-04-03 06:30:00]   Task test-opt-parallel-logger: age 29586870m (timeout 120m)
[2026-04-03 06:30:00]     ⚠️  STALE (exceeded timeout)
[2026-04-03 06:30:00]   Task test-opt-parallel-error: age 29586870m (timeout 120m)
[2026-04-03 06:30:00]     ⚠️  STALE (exceeded timeout)
[2026-04-03 06:30:00]   Task audit-all-work: age 29586870m (timeout 120m)
[2026-04-03 06:30:00]     ⚠️  STALE (exceeded timeout)
[2026-04-03 06:30:00]   Task workqueue-automation: age 29586870m (timeout 120m)
[2026-04-03 06:30:00]     ⚠️  STALE (exceeded timeout)
[2026-04-03 06:30:00]   Task test-opt-analytics-opus: age 29586870m (timeout 120m)
[2026-04-03 06:30:00]     ⚠️  STALE (exceeded timeout)
[2026-04-03 06:30:00]   Task fix-trade-builder-403: age 29586870m (timeout 120m)
[2026-04-03 06:30:01]     ⚠️  STALE (exceeded timeout)
[2026-04-03 06:30:01]   Task fix-all-trade-issues: age 29586870m (timeout 120m)
[2026-04-03 06:30:01]     ⚠️  STALE (exceeded timeout)
[2026-04-03 06:30:01] Archiving 9 stale + 0 completed tasks...
[2026-04-03 06:40:00] Checking 9 active tasks...
[2026-04-03 06:40:00]   Task dogfood-qa-week4: age 29586880m (timeout 120m)
[2026-04-03 06:40:00]     ⚠️  STALE (exceeded timeout)
[2026-04-03 06:40:00]   Task fix-dogfood-week4: age 29586880m (timeout 120m)
[2026-04-03 06:40:00]     ⚠️  STALE (exceeded timeout)
[2026-04-03 06:40:00]   Task test-opt-parallel-logger: age 29586880m (timeout 120m)
[2026-04-03 06:40:00]     ⚠️  STALE (exceeded timeout)
[2026-04-03 06:40:00]   Task test-opt-parallel-error: age 29586880m (timeout 120m)
[2026-04-03 06:40:00]     ⚠️  STALE (exceeded timeout)
[2026-04-03 06:40:00]   Task audit-all-work: age 29586880m (timeout 120m)
[2026-04-03 06:40:00]     ⚠️  STALE (exceeded timeout)
[2026-04-03 06:40:00]   Task workqueue-automation: age 29586880m (timeout 120m)
[2026-04-03 06:40:00]     ⚠️  STALE (exceeded timeout)
[2026-04-03 06:40:00]   Task test-opt-analytics-opus: age 29586880m (timeout 120m)
[2026-04-03 06:40:00]     ⚠️  STALE (exceeded timeout)
[2026-04-03 06:40:00]   Task fix-trade-builder-403: age 29586880m (timeout 120m)
[2026-04-03 06:40:00]     ⚠️  STALE (exceeded timeout)
[2026-04-03 06:40:01]   Task fix-all-trade-issues: age 29586880m (timeout 120m)
[2026-04-03 06:40:01]     ⚠️  STALE (exceeded timeout)
[2026-04-03 06:40:01] Archiving 9 stale + 0 completed tasks...
[2026-04-03 06:50:00] Checking 9 active tasks...
[2026-04-03 06:50:00]   Task dogfood-qa-week4: age 29586890m (timeout 120m)
[2026-04-03 06:50:00]     ⚠️  STALE (exceeded timeout)
[2026-04-03 06:50:00]   Task fix-dogfood-week4: age 29586890m (timeout 120m)
[2026-04-03 06:50:00]     ⚠️  STALE (exceeded timeout)
[2026-04-03 06:50:00]   Task test-opt-parallel-logger: age 29586890m (timeout 120m)
[2026-04-03 06:50:00]     ⚠️  STALE (exceeded timeout)
[2026-04-03 06:50:00]   Task test-opt-parallel-error: age 29586890m (timeout 120m)
[2026-04-03 06:50:00]     ⚠️  STALE (exceeded timeout)
[2026-04-03 06:50:00]   Task audit-all-work: age 29586890m (timeout 120m)
[2026-04-03 06:50:00]     ⚠️  STALE (exceeded timeout)
[2026-04-03 06:50:00]   Task workqueue-automation: age 29586890m (timeout 120m)
[2026-04-03 06:50:00]     ⚠️  STALE (exceeded timeout)
[2026-04-03 06:50:00]   Task test-opt-analytics-opus: age 29586890m (timeout 120m)
[2026-04-03 06:50:00]     ⚠️  STALE (exceeded timeout)
[2026-04-03 06:50:00]   Task fix-trade-builder-403: age 29586890m (timeout 120m)
[2026-04-03 06:50:00]     ⚠️  STALE (exceeded timeout)
[2026-04-03 06:50:00]   Task fix-all-trade-issues: age 29586890m (timeout 120m)
[2026-04-03 06:50:00]     ⚠️  STALE (exceeded timeout)
[2026-04-03 06:50:00] Archiving 9 stale + 0 completed tasks...
[2026-04-03 07:00:00] Checking 9 active tasks...
[2026-04-03 07:00:00]   Task dogfood-qa-week4: age 29586900m (timeout 120m)
[2026-04-03 07:00:00]     ⚠️  STALE (exceeded timeout)
[2026-04-03 07:00:00]   Task fix-dogfood-week4: age 29586900m (timeout 120m)
[2026-04-03 07:00:00]     ⚠️  STALE (exceeded timeout)
[2026-04-03 07:00:00]   Task test-opt-parallel-logger: age 29586900m (timeout 120m)
[2026-04-03 07:00:00]     ⚠️  STALE (exceeded timeout)
[2026-04-03 07:00:00]   Task test-opt-parallel-error: age 29586900m (timeout 120m)
[2026-04-03 07:00:00]     ⚠️  STALE (exceeded timeout)
[2026-04-03 07:00:00]   Task audit-all-work: age 29586900m (timeout 120m)
[2026-04-03 07:00:00]     ⚠️  STALE (exceeded timeout)
[2026-04-03 07:00:00]   Task workqueue-automation: age 29586900m (timeout 120m)
[2026-04-03 07:00:00]     ⚠️  STALE (exceeded timeout)
[2026-04-03 07:00:00]   Task test-opt-analytics-opus: age 29586900m (timeout 120m)
[2026-04-03 07:00:00]     ⚠️  STALE (exceeded timeout)
[2026-04-03 07:00:00]   Task fix-trade-builder-403: age 29586900m (timeout 120m)
[2026-04-03 07:00:00]     ⚠️  STALE (exceeded timeout)
[2026-04-03 07:00:00]   Task fix-all-trade-issues: age 29586900m (timeout 120m)
[2026-04-03 07:00:00]     ⚠️  STALE (exceeded timeout)
[2026-04-03 07:00:00] Archiving 9 stale + 0 completed tasks...
[2026-04-03 07:10:00] Checking 9 active tasks...
[2026-04-03 07:10:00]   Task dogfood-qa-week4: age 29586910m (timeout 120m)
[2026-04-03 07:10:00]     ⚠️  STALE (exceeded timeout)
[2026-04-03 07:10:00]   Task fix-dogfood-week4: age 29586910m (timeout 120m)
[2026-04-03 07:10:00]     ⚠️  STALE (exceeded timeout)
[2026-04-03 07:10:00]   Task test-opt-parallel-logger: age 29586910m (timeout 120m)
[2026-04-03 07:10:00]     ⚠️  STALE (exceeded timeout)
[2026-04-03 07:10:00]   Task test-opt-parallel-error: age 29586910m (timeout 120m)
[2026-04-03 07:10:00]     ⚠️  STALE (exceeded timeout)
[2026-04-03 07:10:00]   Task audit-all-work: age 29586910m (timeout 120m)
[2026-04-03 07:10:00]     ⚠️  STALE (exceeded timeout)
[2026-04-03 07:10:00]   Task workqueue-automation: age 29586910m (timeout 120m)
[2026-04-03 07:10:00]     ⚠️  STALE (exceeded timeout)
[2026-04-03 07:10:00]   Task test-opt-analytics-opus: age 29586910m (timeout 120m)
[2026-04-03 07:10:00]     ⚠️  STALE (exceeded timeout)
[2026-04-03 07:10:00]   Task fix-trade-builder-403: age 29586910m (timeout 120m)
[2026-04-03 07:10:00]     ⚠️  STALE (exceeded timeout)
[2026-04-03 07:10:01]   Task fix-all-trade-issues: age 29586910m (timeout 120m)
[2026-04-03 07:10:01]     ⚠️  STALE (exceeded timeout)
[2026-04-03 07:10:01] Archiving 9 stale + 0 completed tasks...
[2026-04-03 07:20:00] Checking 9 active tasks...
[2026-04-03 07:20:00]   Task dogfood-qa-week4: age 29586920m (timeout 120m)
[2026-04-03 07:20:00]     ⚠️  STALE (exceeded timeout)
[2026-04-03 07:20:00]   Task fix-dogfood-week4: age 29586920m (timeout 120m)
[2026-04-03 07:20:00]     ⚠️  STALE (exceeded timeout)
[2026-04-03 07:20:00]   Task test-opt-parallel-logger: age 29586920m (timeout 120m)
[2026-04-03 07:20:00]     ⚠️  STALE (exceeded timeout)
[2026-04-03 07:20:00]   Task test-opt-parallel-error: age 29586920m (timeout 120m)
[2026-04-03 07:20:00]     ⚠️  STALE (exceeded timeout)
[2026-04-03 07:20:00]   Task audit-all-work: age 29586920m (timeout 120m)
[2026-04-03 07:20:00]     ⚠️  STALE (exceeded timeout)
[2026-04-03 07:20:00]   Task workqueue-automation: age 29586920m (timeout 120m)
[2026-04-03 07:20:00]     ⚠️  STALE (exceeded timeout)
[2026-04-03 07:20:00]   Task test-opt-analytics-opus: age 29586920m (timeout 120m)
[2026-04-03 07:20:00]     ⚠️  STALE (exceeded timeout)
[2026-04-03 07:20:00]   Task fix-trade-builder-403: age 29586920m (timeout 120m)
[2026-04-03 07:20:00]     ⚠️  STALE (exceeded timeout)
[2026-04-03 07:20:01]   Task fix-all-trade-issues: age 29586920m (timeout 120m)
[2026-04-03 07:20:01]     ⚠️  STALE (exceeded timeout)
[2026-04-03 07:20:01] Archiving 9 stale + 0 completed tasks...
[2026-04-03 07:30:00] Checking 9 active tasks...
[2026-04-03 07:30:01]   Task dogfood-qa-week4: age 29586930m (timeout 120m)
[2026-04-03 07:30:01]     ⚠️  STALE (exceeded timeout)
[2026-04-03 07:30:01]   Task fix-dogfood-week4: age 29586930m (timeout 120m)
[2026-04-03 07:30:01]     ⚠️  STALE (exceeded timeout)
[2026-04-03 07:30:01]   Task test-opt-parallel-logger: age 29586930m (timeout 120m)
[2026-04-03 07:30:01]     ⚠️  STALE (exceeded timeout)
[2026-04-03 07:30:01]   Task test-opt-parallel-error: age 29586930m (timeout 120m)
[2026-04-03 07:30:01]     ⚠️  STALE (exceeded timeout)
[2026-04-03 07:30:01]   Task audit-all-work: age 29586930m (timeout 120m)
[2026-04-03 07:30:01]     ⚠️  STALE (exceeded timeout)
[2026-04-03 07:30:01]   Task workqueue-automation: age 29586930m (timeout 120m)
[2026-04-03 07:30:01]     ⚠️  STALE (exceeded timeout)
[2026-04-03 07:30:01]   Task test-opt-analytics-opus: age 29586930m (timeout 120m)
[2026-04-03 07:30:01]     ⚠️  STALE (exceeded timeout)
[2026-04-03 07:30:01]   Task fix-trade-builder-403: age 29586930m (timeout 120m)
[2026-04-03 07:30:01]     ⚠️  STALE (exceeded timeout)
[2026-04-03 07:30:01]   Task fix-all-trade-issues: age 29586930m (timeout 120m)
[2026-04-03 07:30:01]     ⚠️  STALE (exceeded timeout)
[2026-04-03 07:30:01] Archiving 9 stale + 0 completed tasks...
[2026-04-03 07:40:00] Checking 9 active tasks...
[2026-04-03 07:40:01]   Task dogfood-qa-week4: age 29586940m (timeout 120m)
[2026-04-03 07:40:01]     ⚠️  STALE (exceeded timeout)
[2026-04-03 07:40:01]   Task fix-dogfood-week4: age 29586940m (timeout 120m)
[2026-04-03 07:40:01]     ⚠️  STALE (exceeded timeout)
[2026-04-03 07:40:01]   Task test-opt-parallel-logger: age 29586940m (timeout 120m)
[2026-04-03 07:40:01]     ⚠️  STALE (exceeded timeout)
[2026-04-03 07:40:01]   Task test-opt-parallel-error: age 29586940m (timeout 120m)
[2026-04-03 07:40:01]     ⚠️  STALE (exceeded timeout)
[2026-04-03 07:40:01]   Task audit-all-work: age 29586940m (timeout 120m)
[2026-04-03 07:40:01]     ⚠️  STALE (exceeded timeout)
[2026-04-03 07:40:01]   Task workqueue-automation: age 29586940m (timeout 120m)
[2026-04-03 07:40:01]     ⚠️  STALE (exceeded timeout)
[2026-04-03 07:40:01]   Task test-opt-analytics-opus: age 29586940m (timeout 120m)
[2026-04-03 07:40:01]     ⚠️  STALE (exceeded timeout)
[2026-04-03 07:40:01]   Task fix-trade-builder-403: age 29586940m (timeout 120m)
[2026-04-03 07:40:01]     ⚠️  STALE (exceeded timeout)
[2026-04-03 07:40:01]   Task fix-all-trade-issues: age 29586940m (timeout 120m)
[2026-04-03 07:40:01]     ⚠️  STALE (exceeded timeout)
[2026-04-03 07:40:01] Archiving 9 stale + 0 completed tasks...
[2026-04-03 07:50:00] Checking 9 active tasks...
[2026-04-03 07:50:00]   Task dogfood-qa-week4: age 29586950m (timeout 120m)
[2026-04-03 07:50:00]     ⚠️  STALE (exceeded timeout)
[2026-04-03 07:50:00]   Task fix-dogfood-week4: age 29586950m (timeout 120m)
[2026-04-03 07:50:00]     ⚠️  STALE (exceeded timeout)
[2026-04-03 07:50:00]   Task test-opt-parallel-logger: age 29586950m (timeout 120m)
[2026-04-03 07:50:00]     ⚠️  STALE (exceeded timeout)
[2026-04-03 07:50:00]   Task test-opt-parallel-error: age 29586950m (timeout 120m)
[2026-04-03 07:50:00]     ⚠️  STALE (exceeded timeout)
[2026-04-03 07:50:00]   Task audit-all-work: age 29586950m (timeout 120m)
[2026-04-03 07:50:00]     ⚠️  STALE (exceeded timeout)
[2026-04-03 07:50:00]   Task workqueue-automation: age 29586950m (timeout 120m)
[2026-04-03 07:50:01]     ⚠️  STALE (exceeded timeout)
[2026-04-03 07:50:01]   Task test-opt-analytics-opus: age 29586950m (timeout 120m)
[2026-04-03 07:50:01]     ⚠️  STALE (exceeded timeout)
[2026-04-03 07:50:01]   Task fix-trade-builder-403: age 29586950m (timeout 120m)
[2026-04-03 07:50:01]     ⚠️  STALE (exceeded timeout)
[2026-04-03 07:50:01]   Task fix-all-trade-issues: age 29586950m (timeout 120m)
[2026-04-03 07:50:01]     ⚠️  STALE (exceeded timeout)
[2026-04-03 07:50:01] Archiving 9 stale + 0 completed tasks...
[2026-04-03 08:00:00] Checking 9 active tasks...
[2026-04-03 08:00:00]   Task dogfood-qa-week4: age 29586960m (timeout 120m)
[2026-04-03 08:00:00]     ⚠️  STALE (exceeded timeout)
[2026-04-03 08:00:00]   Task fix-dogfood-week4: age 29586960m (timeout 120m)
[2026-04-03 08:00:00]     ⚠️  STALE (exceeded timeout)
[2026-04-03 08:00:00]   Task test-opt-parallel-logger: age 29586960m (timeout 120m)
[2026-04-03 08:00:01]     ⚠️  STALE (exceeded timeout)
[2026-04-03 08:00:01]   Task test-opt-parallel-error: age 29586960m (timeout 120m)
[2026-04-03 08:00:01]     ⚠️  STALE (exceeded timeout)
[2026-04-03 08:00:01]   Task audit-all-work: age 29586960m (timeout 120m)
[2026-04-03 08:00:01]     ⚠️  STALE (exceeded timeout)
[2026-04-03 08:00:01]   Task workqueue-automation: age 29586960m (timeout 120m)
[2026-04-03 08:00:01]     ⚠️  STALE (exceeded timeout)
[2026-04-03 08:00:01]   Task test-opt-analytics-opus: age 29586960m (timeout 120m)
[2026-04-03 08:00:01]     ⚠️  STALE (exceeded timeout)
[2026-04-03 08:00:01]   Task fix-trade-builder-403: age 29586960m (timeout 120m)
[2026-04-03 08:00:01]     ⚠️  STALE (exceeded timeout)
[2026-04-03 08:00:01]   Task fix-all-trade-issues: age 29586960m (timeout 120m)
[2026-04-03 08:00:01]     ⚠️  STALE (exceeded timeout)
[2026-04-03 08:00:01] Archiving 9 stale + 0 completed tasks...
[2026-04-03 08:10:00] Checking 9 active tasks...
[2026-04-03 08:10:00]   Task dogfood-qa-week4: age 29586970m (timeout 120m)
[2026-04-03 08:10:00]     ⚠️  STALE (exceeded timeout)
[2026-04-03 08:10:00]   Task fix-dogfood-week4: age 29586970m (timeout 120m)
[2026-04-03 08:10:00]     ⚠️  STALE (exceeded timeout)
[2026-04-03 08:10:01]   Task test-opt-parallel-logger: age 29586970m (timeout 120m)
[2026-04-03 08:10:01]     ⚠️  STALE (exceeded timeout)
[2026-04-03 08:10:01]   Task test-opt-parallel-error: age 29586970m (timeout 120m)
[2026-04-03 08:10:01]     ⚠️  STALE (exceeded timeout)
[2026-04-03 08:10:01]   Task audit-all-work: age 29586970m (timeout 120m)
[2026-04-03 08:10:01]     ⚠️  STALE (exceeded timeout)
[2026-04-03 08:10:01]   Task workqueue-automation: age 29586970m (timeout 120m)
[2026-04-03 08:10:01]     ⚠️  STALE (exceeded timeout)
[2026-04-03 08:10:01]   Task test-opt-analytics-opus: age 29586970m (timeout 120m)
[2026-04-03 08:10:01]     ⚠️  STALE (exceeded timeout)
[2026-04-03 08:10:01]   Task fix-trade-builder-403: age 29586970m (timeout 120m)
[2026-04-03 08:10:01]     ⚠️  STALE (exceeded timeout)
[2026-04-03 08:10:01]   Task fix-all-trade-issues: age 29586970m (timeout 120m)
[2026-04-03 08:10:01]     ⚠️  STALE (exceeded timeout)
[2026-04-03 08:10:01] Archiving 9 stale + 0 completed tasks...
[2026-04-03 08:20:00] Checking 9 active tasks...
[2026-04-03 08:20:00]   Task dogfood-qa-week4: age 29586980m (timeout 120m)
[2026-04-03 08:20:00]     ⚠️  STALE (exceeded timeout)
[2026-04-03 08:20:00]   Task fix-dogfood-week4: age 29586980m (timeout 120m)
[2026-04-03 08:20:00]     ⚠️  STALE (exceeded timeout)
[2026-04-03 08:20:00]   Task test-opt-parallel-logger: age 29586980m (timeout 120m)
[2026-04-03 08:20:00]     ⚠️  STALE (exceeded timeout)
[2026-04-03 08:20:01]   Task test-opt-parallel-error: age 29586980m (timeout 120m)
[2026-04-03 08:20:01]     ⚠️  STALE (exceeded timeout)
[2026-04-03 08:20:01]   Task audit-all-work: age 29586980m (timeout 120m)
[2026-04-03 08:20:01]     ⚠️  STALE (exceeded timeout)
[2026-04-03 08:20:01]   Task workqueue-automation: age 29586980m (timeout 120m)
[2026-04-03 08:20:01]     ⚠️  STALE (exceeded timeout)
[2026-04-03 08:20:01]   Task test-opt-analytics-opus: age 29586980m (timeout 120m)
[2026-04-03 08:20:01]     ⚠️  STALE (exceeded timeout)
[2026-04-03 08:20:01]   Task fix-trade-builder-403: age 29586980m (timeout 120m)
[2026-04-03 08:20:01]     ⚠️  STALE (exceeded timeout)
[2026-04-03 08:20:01]   Task fix-all-trade-issues: age 29586980m (timeout 120m)
[2026-04-03 08:20:01]     ⚠️  STALE (exceeded timeout)
[2026-04-03 08:20:01] Archiving 9 stale + 0 completed tasks...
[2026-04-03 08:30:00] Checking 9 active tasks...
[2026-04-03 08:30:00]   Task dogfood-qa-week4: age 29586990m (timeout 120m)
[2026-04-03 08:30:00]     ⚠️  STALE (exceeded timeout)
[2026-04-03 08:30:00]   Task fix-dogfood-week4: age 29586990m (timeout 120m)
[2026-04-03 08:30:00]     ⚠️  STALE (exceeded timeout)
[2026-04-03 08:30:00]   Task test-opt-parallel-logger: age 29586990m (timeout 120m)
[2026-04-03 08:30:00]     ⚠️  STALE (exceeded timeout)
[2026-04-03 08:30:00]   Task test-opt-parallel-error: age 29586990m (timeout 120m)
[2026-04-03 08:30:00]     ⚠️  STALE (exceeded timeout)
[2026-04-03 08:30:00]   Task audit-all-work: age 29586990m (timeout 120m)
[2026-04-03 08:30:00]     ⚠️  STALE (exceeded timeout)
[2026-04-03 08:30:01]   Task workqueue-automation: age 29586990m (timeout 120m)
[2026-04-03 08:30:01]     ⚠️  STALE (exceeded timeout)
[2026-04-03 08:30:01]   Task test-opt-analytics-opus: age 29586990m (timeout 120m)
[2026-04-03 08:30:01]     ⚠️  STALE (exceeded timeout)
[2026-04-03 08:30:01]   Task fix-trade-builder-403: age 29586990m (timeout 120m)
[2026-04-03 08:30:01]     ⚠️  STALE (exceeded timeout)
[2026-04-03 08:30:01]   Task fix-all-trade-issues: age 29586990m (timeout 120m)
[2026-04-03 08:30:01]     ⚠️  STALE (exceeded timeout)
[2026-04-03 08:30:01] Archiving 9 stale + 0 completed tasks...
[2026-04-03 08:40:00] Checking 9 active tasks...
[2026-04-03 08:40:00]   Task dogfood-qa-week4: age 29587000m (timeout 120m)
[2026-04-03 08:40:00]     ⚠️  STALE (exceeded timeout)
[2026-04-03 08:40:00]   Task fix-dogfood-week4: age 29587000m (timeout 120m)
[2026-04-03 08:40:00]     ⚠️  STALE (exceeded timeout)
[2026-04-03 08:40:00]   Task test-opt-parallel-logger: age 29587000m (timeout 120m)
[2026-04-03 08:40:00]     ⚠️  STALE (exceeded timeout)
[2026-04-03 08:40:01]   Task test-opt-parallel-error: age 29587000m (timeout 120m)
[2026-04-03 08:40:01]     ⚠️  STALE (exceeded timeout)
[2026-04-03 08:40:01]   Task audit-all-work: age 29587000m (timeout 120m)
[2026-04-03 08:40:01]     ⚠️  STALE (exceeded timeout)
[2026-04-03 08:40:01]   Task workqueue-automation: age 29587000m (timeout 120m)
[2026-04-03 08:40:01]     ⚠️  STALE (exceeded timeout)
[2026-04-03 08:40:01]   Task test-opt-analytics-opus: age 29587000m (timeout 120m)
[2026-04-03 08:40:01]     ⚠️  STALE (exceeded timeout)
[2026-04-03 08:40:01]   Task fix-trade-builder-403: age 29587000m (timeout 120m)
[2026-04-03 08:40:01]     ⚠️  STALE (exceeded timeout)
[2026-04-03 08:40:01]   Task fix-all-trade-issues: age 29587000m (timeout 120m)
[2026-04-03 08:40:01]     ⚠️  STALE (exceeded timeout)
[2026-04-03 08:40:01] Archiving 9 stale + 0 completed tasks...
[2026-04-03 08:50:00] Checking 9 active tasks...
[2026-04-03 08:50:00]   Task dogfood-qa-week4: age 29587010m (timeout 120m)
[2026-04-03 08:50:00]     ⚠️  STALE (exceeded timeout)
[2026-04-03 08:50:01]   Task fix-dogfood-week4: age 29587010m (timeout 120m)
[2026-04-03 08:50:01]     ⚠️  STALE (exceeded timeout)
[2026-04-03 08:50:01]   Task test-opt-parallel-logger: age 29587010m (timeout 120m)
[2026-04-03 08:50:01]     ⚠️  STALE (exceeded timeout)
[2026-04-03 08:50:01]   Task test-opt-parallel-error: age 29587010m (timeout 120m)
[2026-04-03 08:50:01]     ⚠️  STALE (exceeded timeout)
[2026-04-03 08:50:01]   Task audit-all-work: age 29587010m (timeout 120m)
[2026-04-03 08:50:01]     ⚠️  STALE (exceeded timeout)
[2026-04-03 08:50:01]   Task workqueue-automation: age 29587010m (timeout 120m)
[2026-04-03 08:50:01]     ⚠️  STALE (exceeded timeout)
[2026-04-03 08:50:01]   Task test-opt-analytics-opus: age 29587010m (timeout 120m)
[2026-04-03 08:50:01]     ⚠️  STALE (exceeded timeout)
[2026-04-03 08:50:01]   Task fix-trade-builder-403: age 29587010m (timeout 120m)
[2026-04-03 08:50:01]     ⚠️  STALE (exceeded timeout)
[2026-04-03 08:50:01]   Task fix-all-trade-issues: age 29587010m (timeout 120m)
[2026-04-03 08:50:01]     ⚠️  STALE (exceeded timeout)
[2026-04-03 08:50:01] Archiving 9 stale + 0 completed tasks...
[2026-04-03 09:00:00] Checking 9 active tasks...
[2026-04-03 09:00:01]   Task dogfood-qa-week4: age 29587020m (timeout 120m)
[2026-04-03 09:00:01]     ⚠️  STALE (exceeded timeout)
[2026-04-03 09:00:01]   Task fix-dogfood-week4: age 29587020m (timeout 120m)
[2026-04-03 09:00:01]     ⚠️  STALE (exceeded timeout)
[2026-04-03 09:00:01]   Task test-opt-parallel-logger: age 29587020m (timeout 120m)
[2026-04-03 09:00:01]     ⚠️  STALE (exceeded timeout)
[2026-04-03 09:00:01]   Task test-opt-parallel-error: age 29587020m (timeout 120m)
[2026-04-03 09:00:01]     ⚠️  STALE (exceeded timeout)
[2026-04-03 09:00:01]   Task audit-all-work: age 29587020m (timeout 120m)
[2026-04-03 09:00:01]     ⚠️  STALE (exceeded timeout)
[2026-04-03 09:00:01]   Task workqueue-automation: age 29587020m (timeout 120m)
[2026-04-03 09:00:01]     ⚠️  STALE (exceeded timeout)
[2026-04-03 09:00:01]   Task test-opt-analytics-opus: age 29587020m (timeout 120m)
[2026-04-03 09:00:01]     ⚠️  STALE (exceeded timeout)
[2026-04-03 09:00:01]   Task fix-trade-builder-403: age 29587020m (timeout 120m)
[2026-04-03 09:00:01]     ⚠️  STALE (exceeded timeout)
[2026-04-03 09:00:01]   Task fix-all-trade-issues: age 29587020m (timeout 120m)
[2026-04-03 09:00:01]     ⚠️  STALE (exceeded timeout)
[2026-04-03 09:00:01] Archiving 9 stale + 0 completed tasks...
[2026-04-03 09:10:00] Checking 9 active tasks...
[2026-04-03 09:10:00]   Task dogfood-qa-week4: age 29587030m (timeout 120m)
[2026-04-03 09:10:00]     ⚠️  STALE (exceeded timeout)
[2026-04-03 09:10:00]   Task fix-dogfood-week4: age 29587030m (timeout 120m)
[2026-04-03 09:10:00]     ⚠️  STALE (exceeded timeout)
[2026-04-03 09:10:00]   Task test-opt-parallel-logger: age 29587030m (timeout 120m)
[2026-04-03 09:10:00]     ⚠️  STALE (exceeded timeout)
[2026-04-03 09:10:00]   Task test-opt-parallel-error: age 29587030m (timeout 120m)
[2026-04-03 09:10:00]     ⚠️  STALE (exceeded timeout)
[2026-04-03 09:10:00]   Task audit-all-work: age 29587030m (timeout 120m)
[2026-04-03 09:10:00]     ⚠️  STALE (exceeded timeout)
[2026-04-03 09:10:00]   Task workqueue-automation: age 29587030m (timeout 120m)
[2026-04-03 09:10:00]     ⚠️  STALE (exceeded timeout)
[2026-04-03 09:10:00]   Task test-opt-analytics-opus: age 29587030m (timeout 120m)
[2026-04-03 09:10:00]     ⚠️  STALE (exceeded timeout)
[2026-04-03 09:10:00]   Task fix-trade-builder-403: age 29587030m (timeout 120m)
[2026-04-03 09:10:00]     ⚠️  STALE (exceeded timeout)
[2026-04-03 09:10:00]   Task fix-all-trade-issues: age 29587030m (timeout 120m)
[2026-04-03 09:10:00]     ⚠️  STALE (exceeded timeout)
[2026-04-03 09:10:00] Archiving 9 stale + 0 completed tasks...
[2026-04-03 09:20:01] Checking 9 active tasks...
[2026-04-03 09:20:01]   Task dogfood-qa-week4: age 29587040m (timeout 120m)
[2026-04-03 09:20:01]     ⚠️  STALE (exceeded timeout)
[2026-04-03 09:20:01]   Task fix-dogfood-week4: age 29587040m (timeout 120m)
[2026-04-03 09:20:01]     ⚠️  STALE (exceeded timeout)
[2026-04-03 09:20:01]   Task test-opt-parallel-logger: age 29587040m (timeout 120m)
[2026-04-03 09:20:01]     ⚠️  STALE (exceeded timeout)
[2026-04-03 09:20:01]   Task test-opt-parallel-error: age 29587040m (timeout 120m)
[2026-04-03 09:20:01]     ⚠️  STALE (exceeded timeout)
[2026-04-03 09:20:01]   Task audit-all-work: age 29587040m (timeout 120m)
[2026-04-03 09:20:01]     ⚠️  STALE (exceeded timeout)
[2026-04-03 09:20:01]   Task workqueue-automation: age 29587040m (timeout 120m)
[2026-04-03 09:20:01]     ⚠️  STALE (exceeded timeout)
[2026-04-03 09:20:01]   Task test-opt-analytics-opus: age 29587040m (timeout 120m)
[2026-04-03 09:20:01]     ⚠️  STALE (exceeded timeout)
[2026-04-03 09:20:01]   Task fix-trade-builder-403: age 29587040m (timeout 120m)
[2026-04-03 09:20:01]     ⚠️  STALE (exceeded timeout)
[2026-04-03 09:20:01]   Task fix-all-trade-issues: age 29587040m (timeout 120m)
[2026-04-03 09:20:01]     ⚠️  STALE (exceeded timeout)
[2026-04-03 09:20:01] Archiving 9 stale + 0 completed tasks...
[2026-04-03 09:30:00] Checking 9 active tasks...
[2026-04-03 09:30:00]   Task dogfood-qa-week4: age 29587050m (timeout 120m)
[2026-04-03 09:30:00]     ⚠️  STALE (exceeded timeout)
[2026-04-03 09:30:01]   Task fix-dogfood-week4: age 29587050m (timeout 120m)
[2026-04-03 09:30:01]     ⚠️  STALE (exceeded timeout)
[2026-04-03 09:30:01]   Task test-opt-parallel-logger: age 29587050m (timeout 120m)
[2026-04-03 09:30:01]     ⚠️  STALE (exceeded timeout)
[2026-04-03 09:30:01]   Task test-opt-parallel-error: age 29587050m (timeout 120m)
[2026-04-03 09:30:01]     ⚠️  STALE (exceeded timeout)
[2026-04-03 09:30:01]   Task audit-all-work: age 29587050m (timeout 120m)
[2026-04-03 09:30:01]     ⚠️  STALE (exceeded timeout)
[2026-04-03 09:30:01]   Task workqueue-automation: age 29587050m (timeout 120m)
[2026-04-03 09:30:01]     ⚠️  STALE (exceeded timeout)
[2026-04-03 09:30:01]   Task test-opt-analytics-opus: age 29587050m (timeout 120m)
[2026-04-03 09:30:01]     ⚠️  STALE (exceeded timeout)
[2026-04-03 09:30:01]   Task fix-trade-builder-403: age 29587050m (timeout 120m)
[2026-04-03 09:30:01]     ⚠️  STALE (exceeded timeout)
[2026-04-03 09:30:01]   Task fix-all-trade-issues: age 29587050m (timeout 120m)
[2026-04-03 09:30:01]     ⚠️  STALE (exceeded timeout)
[2026-04-03 09:30:01] Archiving 9 stale + 0 completed tasks...
[2026-04-03 09:40:00] Checking 9 active tasks...
[2026-04-03 09:40:00]   Task dogfood-qa-week4: age 29587060m (timeout 120m)
[2026-04-03 09:40:00]     ⚠️  STALE (exceeded timeout)
[2026-04-03 09:40:00]   Task fix-dogfood-week4: age 29587060m (timeout 120m)
[2026-04-03 09:40:00]     ⚠️  STALE (exceeded timeout)
[2026-04-03 09:40:00]   Task test-opt-parallel-logger: age 29587060m (timeout 120m)
[2026-04-03 09:40:01]     ⚠️  STALE (exceeded timeout)
[2026-04-03 09:40:01]   Task test-opt-parallel-error: age 29587060m (timeout 120m)
[2026-04-03 09:40:01]     ⚠️  STALE (exceeded timeout)
[2026-04-03 09:40:01]   Task audit-all-work: age 29587060m (timeout 120m)
[2026-04-03 09:40:01]     ⚠️  STALE (exceeded timeout)
[2026-04-03 09:40:01]   Task workqueue-automation: age 29587060m (timeout 120m)
[2026-04-03 09:40:01]     ⚠️  STALE (exceeded timeout)
[2026-04-03 09:40:01]   Task test-opt-analytics-opus: age 29587060m (timeout 120m)
[2026-04-03 09:40:01]     ⚠️  STALE (exceeded timeout)
[2026-04-03 09:40:01]   Task fix-trade-builder-403: age 29587060m (timeout 120m)
[2026-04-03 09:40:01]     ⚠️  STALE (exceeded timeout)
[2026-04-03 09:40:01]   Task fix-all-trade-issues: age 29587060m (timeout 120m)
[2026-04-03 09:40:01]     ⚠️  STALE (exceeded timeout)
[2026-04-03 09:40:01] Archiving 9 stale + 0 completed tasks...
[2026-04-03 09:50:00] Checking 9 active tasks...
[2026-04-03 09:50:00]   Task dogfood-qa-week4: age 29587070m (timeout 120m)
[2026-04-03 09:50:00]     ⚠️  STALE (exceeded timeout)
[2026-04-03 09:50:00]   Task fix-dogfood-week4: age 29587070m (timeout 120m)
[2026-04-03 09:50:00]     ⚠️  STALE (exceeded timeout)
[2026-04-03 09:50:00]   Task test-opt-parallel-logger: age 29587070m (timeout 120m)
[2026-04-03 09:50:00]     ⚠️  STALE (exceeded timeout)
[2026-04-03 09:50:01]   Task test-opt-parallel-error: age 29587070m (timeout 120m)
[2026-04-03 09:50:01]     ⚠️  STALE (exceeded timeout)
[2026-04-03 09:50:01]   Task audit-all-work: age 29587070m (timeout 120m)
[2026-04-03 09:50:01]     ⚠️  STALE (exceeded timeout)
[2026-04-03 09:50:01]   Task workqueue-automation: age 29587070m (timeout 120m)
[2026-04-03 09:50:01]     ⚠️  STALE (exceeded timeout)
[2026-04-03 09:50:01]   Task test-opt-analytics-opus: age 29587070m (timeout 120m)
[2026-04-03 09:50:01]     ⚠️  STALE (exceeded timeout)
[2026-04-03 09:50:01]   Task fix-trade-builder-403: age 29587070m (timeout 120m)
[2026-04-03 09:50:01]     ⚠️  STALE (exceeded timeout)
[2026-04-03 09:50:01]   Task fix-all-trade-issues: age 29587070m (timeout 120m)
[2026-04-03 09:50:01]     ⚠️  STALE (exceeded timeout)
[2026-04-03 09:50:01] Archiving 9 stale + 0 completed tasks...
[2026-04-03 10:00:00] Checking 9 active tasks...
[2026-04-03 10:00:00]   Task dogfood-qa-week4: age 29587080m (timeout 120m)
[2026-04-03 10:00:00]     ⚠️  STALE (exceeded timeout)
[2026-04-03 10:00:00]   Task fix-dogfood-week4: age 29587080m (timeout 120m)
[2026-04-03 10:00:00]     ⚠️  STALE (exceeded timeout)
[2026-04-03 10:00:00]   Task test-opt-parallel-logger: age 29587080m (timeout 120m)
[2026-04-03 10:00:00]     ⚠️  STALE (exceeded timeout)
[2026-04-03 10:00:00]   Task test-opt-parallel-error: age 29587080m (timeout 120m)
[2026-04-03 10:00:00]     ⚠️  STALE (exceeded timeout)
[2026-04-03 10:00:00]   Task audit-all-work: age 29587080m (timeout 120m)
[2026-04-03 10:00:00]     ⚠️  STALE (exceeded timeout)
[2026-04-03 10:00:00]   Task workqueue-automation: age 29587080m (timeout 120m)
[2026-04-03 10:00:00]     ⚠️  STALE (exceeded timeout)
[2026-04-03 10:00:00]   Task test-opt-analytics-opus: age 29587080m (timeout 120m)
[2026-04-03 10:00:00]     ⚠️  STALE (exceeded timeout)
[2026-04-03 10:00:01]   Task fix-trade-builder-403: age 29587080m (timeout 120m)
[2026-04-03 10:00:01]     ⚠️  STALE (exceeded timeout)
[2026-04-03 10:00:01]   Task fix-all-trade-issues: age 29587080m (timeout 120m)
[2026-04-03 10:00:01]     ⚠️  STALE (exceeded timeout)
[2026-04-03 10:00:01] Archiving 9 stale + 0 completed tasks...
[2026-04-03 10:10:00] Checking 9 active tasks...
[2026-04-03 10:10:00]   Task dogfood-qa-week4: age 29587090m (timeout 120m)
[2026-04-03 10:10:00]     ⚠️  STALE (exceeded timeout)
[2026-04-03 10:10:00]   Task fix-dogfood-week4: age 29587090m (timeout 120m)
[2026-04-03 10:10:00]     ⚠️  STALE (exceeded timeout)
[2026-04-03 10:10:00]   Task test-opt-parallel-logger: age 29587090m (timeout 120m)
[2026-04-03 10:10:00]     ⚠️  STALE (exceeded timeout)
[2026-04-03 10:10:00]   Task test-opt-parallel-error: age 29587090m (timeout 120m)
[2026-04-03 10:10:00]     ⚠️  STALE (exceeded timeout)
[2026-04-03 10:10:00]   Task audit-all-work: age 29587090m (timeout 120m)
[2026-04-03 10:10:00]     ⚠️  STALE (exceeded timeout)
[2026-04-03 10:10:00]   Task workqueue-automation: age 29587090m (timeout 120m)
[2026-04-03 10:10:00]     ⚠️  STALE (exceeded timeout)
[2026-04-03 10:10:01]   Task test-opt-analytics-opus: age 29587090m (timeout 120m)
[2026-04-03 10:10:01]     ⚠️  STALE (exceeded timeout)
[2026-04-03 10:10:01]   Task fix-trade-builder-403: age 29587090m (timeout 120m)
[2026-04-03 10:10:01]     ⚠️  STALE (exceeded timeout)
[2026-04-03 10:10:01]   Task fix-all-trade-issues: age 29587090m (timeout 120m)
[2026-04-03 10:10:01]     ⚠️  STALE (exceeded timeout)
[2026-04-03 10:10:01] Archiving 9 stale + 0 completed tasks...
[2026-04-03 10:20:00] Checking 9 active tasks...
[2026-04-03 10:20:01]   Task dogfood-qa-week4: age 29587100m (timeout 120m)
[2026-04-03 10:20:01]     ⚠️  STALE (exceeded timeout)
[2026-04-03 10:20:01]   Task fix-dogfood-week4: age 29587100m (timeout 120m)
[2026-04-03 10:20:01]     ⚠️  STALE (exceeded timeout)
[2026-04-03 10:20:01]   Task test-opt-parallel-logger: age 29587100m (timeout 120m)
[2026-04-03 10:20:01]     ⚠️  STALE (exceeded timeout)
[2026-04-03 10:20:01]   Task test-opt-parallel-error: age 29587100m (timeout 120m)
[2026-04-03 10:20:01]     ⚠️  STALE (exceeded timeout)
[2026-04-03 10:20:01]   Task audit-all-work: age 29587100m (timeout 120m)
[2026-04-03 10:20:01]     ⚠️  STALE (exceeded timeout)
[2026-04-03 10:20:01]   Task workqueue-automation: age 29587100m (timeout 120m)
[2026-04-03 10:20:01]     ⚠️  STALE (exceeded timeout)
[2026-04-03 10:20:01]   Task test-opt-analytics-opus: age 29587100m (timeout 120m)
[2026-04-03 10:20:01]     ⚠️  STALE (exceeded timeout)
[2026-04-03 10:20:01]   Task fix-trade-builder-403: age 29587100m (timeout 120m)
[2026-04-03 10:20:01]     ⚠️  STALE (exceeded timeout)
[2026-04-03 10:20:01]   Task fix-all-trade-issues: age 29587100m (timeout 120m)
[2026-04-03 10:20:01]     ⚠️  STALE (exceeded timeout)
[2026-04-03 10:20:01] Archiving 9 stale + 0 completed tasks...
[2026-04-03 10:30:00] Checking 9 active tasks...
[2026-04-03 10:30:01]   Task dogfood-qa-week4: age 29587110m (timeout 120m)
[2026-04-03 10:30:01]     ⚠️  STALE (exceeded timeout)
[2026-04-03 10:30:01]   Task fix-dogfood-week4: age 29587110m (timeout 120m)
[2026-04-03 10:30:01]     ⚠️  STALE (exceeded timeout)
[2026-04-03 10:30:01]   Task test-opt-parallel-logger: age 29587110m (timeout 120m)
[2026-04-03 10:30:01]     ⚠️  STALE (exceeded timeout)
[2026-04-03 10:30:01]   Task test-opt-parallel-error: age 29587110m (timeout 120m)
[2026-04-03 10:30:01]     ⚠️  STALE (exceeded timeout)
[2026-04-03 10:30:01]   Task audit-all-work: age 29587110m (timeout 120m)
[2026-04-03 10:30:01]     ⚠️  STALE (exceeded timeout)
[2026-04-03 10:30:01]   Task workqueue-automation: age 29587110m (timeout 120m)
[2026-04-03 10:30:01]     ⚠️  STALE (exceeded timeout)
[2026-04-03 10:30:01]   Task test-opt-analytics-opus: age 29587110m (timeout 120m)
[2026-04-03 10:30:01]     ⚠️  STALE (exceeded timeout)
[2026-04-03 10:30:01]   Task fix-trade-builder-403: age 29587110m (timeout 120m)
[2026-04-03 10:30:01]     ⚠️  STALE (exceeded timeout)
[2026-04-03 10:30:01]   Task fix-all-trade-issues: age 29587110m (timeout 120m)
[2026-04-03 10:30:01]     ⚠️  STALE (exceeded timeout)
[2026-04-03 10:30:01] Archiving 9 stale + 0 completed tasks...
[2026-04-03 10:40:01] Checking 9 active tasks...
[2026-04-03 10:40:01]   Task dogfood-qa-week4: age 29587120m (timeout 120m)
[2026-04-03 10:40:01]     ⚠️  STALE (exceeded timeout)
[2026-04-03 10:40:01]   Task fix-dogfood-week4: age 29587120m (timeout 120m)
[2026-04-03 10:40:01]     ⚠️  STALE (exceeded timeout)
[2026-04-03 10:40:01]   Task test-opt-parallel-logger: age 29587120m (timeout 120m)
[2026-04-03 10:40:01]     ⚠️  STALE (exceeded timeout)
[2026-04-03 10:40:01]   Task test-opt-parallel-error: age 29587120m (timeout 120m)
[2026-04-03 10:40:01]     ⚠️  STALE (exceeded timeout)
[2026-04-03 10:40:01]   Task audit-all-work: age 29587120m (timeout 120m)
[2026-04-03 10:40:01]     ⚠️  STALE (exceeded timeout)
[2026-04-03 10:40:01]   Task workqueue-automation: age 29587120m (timeout 120m)
[2026-04-03 10:40:01]     ⚠️  STALE (exceeded timeout)
[2026-04-03 10:40:01]   Task test-opt-analytics-opus: age 29587120m (timeout 120m)
[2026-04-03 10:40:01]     ⚠️  STALE (exceeded timeout)
[2026-04-03 10:40:01]   Task fix-trade-builder-403: age 29587120m (timeout 120m)
[2026-04-03 10:40:01]     ⚠️  STALE (exceeded timeout)
[2026-04-03 10:40:01]   Task fix-all-trade-issues: age 29587120m (timeout 120m)
[2026-04-03 10:40:01]     ⚠️  STALE (exceeded timeout)
[2026-04-03 10:40:01] Archiving 9 stale + 0 completed tasks...
[2026-04-03 10:50:00] Checking 9 active tasks...
[2026-04-03 10:50:00]   Task dogfood-qa-week4: age 29587130m (timeout 120m)
[2026-04-03 10:50:00]     ⚠️  STALE (exceeded timeout)
[2026-04-03 10:50:00]   Task fix-dogfood-week4: age 29587130m (timeout 120m)
[2026-04-03 10:50:00]     ⚠️  STALE (exceeded timeout)
[2026-04-03 10:50:00]   Task test-opt-parallel-logger: age 29587130m (timeout 120m)
[2026-04-03 10:50:00]     ⚠️  STALE (exceeded timeout)
[2026-04-03 10:50:01]   Task test-opt-parallel-error: age 29587130m (timeout 120m)
[2026-04-03 10:50:01]     ⚠️  STALE (exceeded timeout)
[2026-04-03 10:50:01]   Task audit-all-work: age 29587130m (timeout 120m)
[2026-04-03 10:50:01]     ⚠️  STALE (exceeded timeout)
[2026-04-03 10:50:01]   Task workqueue-automation: age 29587130m (timeout 120m)
[2026-04-03 10:50:01]     ⚠️  STALE (exceeded timeout)
[2026-04-03 10:50:01]   Task test-opt-analytics-opus: age 29587130m (timeout 120m)
[2026-04-03 10:50:01]     ⚠️  STALE (exceeded timeout)
[2026-04-03 10:50:01]   Task fix-trade-builder-403: age 29587130m (timeout 120m)
[2026-04-03 10:50:01]     ⚠️  STALE (exceeded timeout)
[2026-04-03 10:50:01]   Task fix-all-trade-issues: age 29587130m (timeout 120m)
[2026-04-03 10:50:01]     ⚠️  STALE (exceeded timeout)
[2026-04-03 10:50:01] Archiving 9 stale + 0 completed tasks...
[2026-04-03 11:00:00] Checking 9 active tasks...
[2026-04-03 11:00:00]   Task dogfood-qa-week4: age 29587140m (timeout 120m)
[2026-04-03 11:00:00]     ⚠️  STALE (exceeded timeout)
[2026-04-03 11:00:00]   Task fix-dogfood-week4: age 29587140m (timeout 120m)
[2026-04-03 11:00:00]     ⚠️  STALE (exceeded timeout)
[2026-04-03 11:00:00]   Task test-opt-parallel-logger: age 29587140m (timeout 120m)
[2026-04-03 11:00:00]     ⚠️  STALE (exceeded timeout)
[2026-04-03 11:00:00]   Task test-opt-parallel-error: age 29587140m (timeout 120m)
[2026-04-03 11:00:00]     ⚠️  STALE (exceeded timeout)
[2026-04-03 11:00:00]   Task audit-all-work: age 29587140m (timeout 120m)
[2026-04-03 11:00:00]     ⚠️  STALE (exceeded timeout)
[2026-04-03 11:00:00]   Task workqueue-automation: age 29587140m (timeout 120m)
[2026-04-03 11:00:00]     ⚠️  STALE (exceeded timeout)
[2026-04-03 11:00:00]   Task test-opt-analytics-opus: age 29587140m (timeout 120m)
[2026-04-03 11:00:00]     ⚠️  STALE (exceeded timeout)
[2026-04-03 11:00:00]   Task fix-trade-builder-403: age 29587140m (timeout 120m)
[2026-04-03 11:00:01]     ⚠️  STALE (exceeded timeout)
[2026-04-03 11:00:01]   Task fix-all-trade-issues: age 29587140m (timeout 120m)
[2026-04-03 11:00:01]     ⚠️  STALE (exceeded timeout)
[2026-04-03 11:00:01] Archiving 9 stale + 0 completed tasks...
[2026-04-03 11:10:00] Checking 9 active tasks...
[2026-04-03 11:10:00]   Task dogfood-qa-week4: age 29587150m (timeout 120m)
[2026-04-03 11:10:00]     ⚠️  STALE (exceeded timeout)
[2026-04-03 11:10:00]   Task fix-dogfood-week4: age 29587150m (timeout 120m)
[2026-04-03 11:10:00]     ⚠️  STALE (exceeded timeout)
[2026-04-03 11:10:00]   Task test-opt-parallel-logger: age 29587150m (timeout 120m)
[2026-04-03 11:10:00]     ⚠️  STALE (exceeded timeout)
[2026-04-03 11:10:00]   Task test-opt-parallel-error: age 29587150m (timeout 120m)
[2026-04-03 11:10:00]     ⚠️  STALE (exceeded timeout)
[2026-04-03 11:10:00]   Task audit-all-work: age 29587150m (timeout 120m)
[2026-04-03 11:10:00]     ⚠️  STALE (exceeded timeout)
[2026-04-03 11:10:01]   Task workqueue-automation: age 29587150m (timeout 120m)
[2026-04-03 11:10:01]     ⚠️  STALE (exceeded timeout)
[2026-04-03 11:10:01]   Task test-opt-analytics-opus: age 29587150m (timeout 120m)
[2026-04-03 11:10:01]     ⚠️  STALE (exceeded timeout)
[2026-04-03 11:10:01]   Task fix-trade-builder-403: age 29587150m (timeout 120m)
[2026-04-03 11:10:01]     ⚠️  STALE (exceeded timeout)
[2026-04-03 11:10:01]   Task fix-all-trade-issues: age 29587150m (timeout 120m)
[2026-04-03 11:10:01]     ⚠️  STALE (exceeded timeout)
[2026-04-03 11:10:01] Archiving 9 stale + 0 completed tasks...
[2026-04-03 11:20:00] Checking 9 active tasks...
[2026-04-03 11:20:00]   Task dogfood-qa-week4: age 29587160m (timeout 120m)
[2026-04-03 11:20:00]     ⚠️  STALE (exceeded timeout)
[2026-04-03 11:20:00]   Task fix-dogfood-week4: age 29587160m (timeout 120m)
[2026-04-03 11:20:00]     ⚠️  STALE (exceeded timeout)
[2026-04-03 11:20:00]   Task test-opt-parallel-logger: age 29587160m (timeout 120m)
[2026-04-03 11:20:00]     ⚠️  STALE (exceeded timeout)
[2026-04-03 11:20:00]   Task test-opt-parallel-error: age 29587160m (timeout 120m)
[2026-04-03 11:20:00]     ⚠️  STALE (exceeded timeout)
[2026-04-03 11:20:00]   Task audit-all-work: age 29587160m (timeout 120m)
[2026-04-03 11:20:00]     ⚠️  STALE (exceeded timeout)
[2026-04-03 11:20:00]   Task workqueue-automation: age 29587160m (timeout 120m)
[2026-04-03 11:20:00]     ⚠️  STALE (exceeded timeout)
[2026-04-03 11:20:00]   Task test-opt-analytics-opus: age 29587160m (timeout 120m)
[2026-04-03 11:20:00]     ⚠️  STALE (exceeded timeout)
[2026-04-03 11:20:00]   Task fix-trade-builder-403: age 29587160m (timeout 120m)
[2026-04-03 11:20:01]     ⚠️  STALE (exceeded timeout)
[2026-04-03 11:20:01]   Task fix-all-trade-issues: age 29587160m (timeout 120m)
[2026-04-03 11:20:01]     ⚠️  STALE (exceeded timeout)
[2026-04-03 11:20:01] Archiving 9 stale + 0 completed tasks...
[2026-04-03 11:30:00] Checking 9 active tasks...
[2026-04-03 11:30:00]   Task dogfood-qa-week4: age 29587170m (timeout 120m)
[2026-04-03 11:30:00]     ⚠️  STALE (exceeded timeout)
[2026-04-03 11:30:00]   Task fix-dogfood-week4: age 29587170m (timeout 120m)
[2026-04-03 11:30:00]     ⚠️  STALE (exceeded timeout)
[2026-04-03 11:30:00]   Task test-opt-parallel-logger: age 29587170m (timeout 120m)
[2026-04-03 11:30:00]     ⚠️  STALE (exceeded timeout)
[2026-04-03 11:30:00]   Task test-opt-parallel-error: age 29587170m (timeout 120m)
[2026-04-03 11:30:00]     ⚠️  STALE (exceeded timeout)
[2026-04-03 11:30:00]   Task audit-all-work: age 29587170m (timeout 120m)
[2026-04-03 11:30:00]     ⚠️  STALE (exceeded timeout)
[2026-04-03 11:30:00]   Task workqueue-automation: age 29587170m (timeout 120m)
[2026-04-03 11:30:00]     ⚠️  STALE (exceeded timeout)
[2026-04-03 11:30:00]   Task test-opt-analytics-opus: age 29587170m (timeout 120m)
[2026-04-03 11:30:00]     ⚠️  STALE (exceeded timeout)
[2026-04-03 11:30:01]   Task fix-trade-builder-403: age 29587170m (timeout 120m)
[2026-04-03 11:30:01]     ⚠️  STALE (exceeded timeout)
[2026-04-03 11:30:01]   Task fix-all-trade-issues: age 29587170m (timeout 120m)
[2026-04-03 11:30:01]     ⚠️  STALE (exceeded timeout)
[2026-04-03 11:30:01] Archiving 9 stale + 0 completed tasks...
[2026-04-03 11:40:00] Checking 9 active tasks...
[2026-04-03 11:40:00]   Task dogfood-qa-week4: age 29587180m (timeout 120m)
[2026-04-03 11:40:00]     ⚠️  STALE (exceeded timeout)
[2026-04-03 11:40:00]   Task fix-dogfood-week4: age 29587180m (timeout 120m)
[2026-04-03 11:40:00]     ⚠️  STALE (exceeded timeout)
[2026-04-03 11:40:00]   Task test-opt-parallel-logger: age 29587180m (timeout 120m)
[2026-04-03 11:40:00]     ⚠️  STALE (exceeded timeout)
[2026-04-03 11:40:00]   Task test-opt-parallel-error: age 29587180m (timeout 120m)
[2026-04-03 11:40:00]     ⚠️  STALE (exceeded timeout)
[2026-04-03 11:40:00]   Task audit-all-work: age 29587180m (timeout 120m)
[2026-04-03 11:40:00]     ⚠️  STALE (exceeded timeout)
[2026-04-03 11:40:00]   Task workqueue-automation: age 29587180m (timeout 120m)
[2026-04-03 11:40:00]     ⚠️  STALE (exceeded timeout)
[2026-04-03 11:40:00]   Task test-opt-analytics-opus: age 29587180m (timeout 120m)
[2026-04-03 11:40:00]     ⚠️  STALE (exceeded timeout)
[2026-04-03 11:40:01]   Task fix-trade-builder-403: age 29587180m (timeout 120m)
[2026-04-03 11:40:01]     ⚠️  STALE (exceeded timeout)
[2026-04-03 11:40:01]   Task fix-all-trade-issues: age 29587180m (timeout 120m)
[2026-04-03 11:40:01]     ⚠️  STALE (exceeded timeout)
[2026-04-03 11:40:01] Archiving 9 stale + 0 completed tasks...
[2026-04-03 11:50:00] Checking 9 active tasks...
[2026-04-03 11:50:00]   Task dogfood-qa-week4: age 29587190m (timeout 120m)
[2026-04-03 11:50:00]     ⚠️  STALE (exceeded timeout)
[2026-04-03 11:50:00]   Task fix-dogfood-week4: age 29587190m (timeout 120m)
[2026-04-03 11:50:00]     ⚠️  STALE (exceeded timeout)
[2026-04-03 11:50:00]   Task test-opt-parallel-logger: age 29587190m (timeout 120m)
[2026-04-03 11:50:00]     ⚠️  STALE (exceeded timeout)
[2026-04-03 11:50:00]   Task test-opt-parallel-error: age 29587190m (timeout 120m)
[2026-04-03 11:50:00]     ⚠️  STALE (exceeded timeout)
[2026-04-03 11:50:00]   Task audit-all-work: age 29587190m (timeout 120m)
[2026-04-03 11:50:00]     ⚠️  STALE (exceeded timeout)
[2026-04-03 11:50:01]   Task workqueue-automation: age 29587190m (timeout 120m)
[2026-04-03 11:50:01]     ⚠️  STALE (exceeded timeout)
[2026-04-03 11:50:01]   Task test-opt-analytics-opus: age 29587190m (timeout 120m)
[2026-04-03 11:50:01]     ⚠️  STALE (exceeded timeout)
[2026-04-03 11:50:01]   Task fix-trade-builder-403: age 29587190m (timeout 120m)
[2026-04-03 11:50:01]     ⚠️  STALE (exceeded timeout)
[2026-04-03 11:50:01]   Task fix-all-trade-issues: age 29587190m (timeout 120m)
[2026-04-03 11:50:01]     ⚠️  STALE (exceeded timeout)
[2026-04-03 11:50:01] Archiving 9 stale + 0 completed tasks...
[2026-04-03 12:00:01] Checking 9 active tasks...
[2026-04-03 12:00:01]   Task dogfood-qa-week4: age 29587200m (timeout 120m)
[2026-04-03 12:00:01]     ⚠️  STALE (exceeded timeout)
[2026-04-03 12:00:01]   Task fix-dogfood-week4: age 29587200m (timeout 120m)
[2026-04-03 12:00:01]     ⚠️  STALE (exceeded timeout)
[2026-04-03 12:00:01]   Task test-opt-parallel-logger: age 29587200m (timeout 120m)
[2026-04-03 12:00:01]     ⚠️  STALE (exceeded timeout)
[2026-04-03 12:00:01]   Task test-opt-parallel-error: age 29587200m (timeout 120m)
[2026-04-03 12:00:01]     ⚠️  STALE (exceeded timeout)
[2026-04-03 12:00:01]   Task audit-all-work: age 29587200m (timeout 120m)
[2026-04-03 12:00:01]     ⚠️  STALE (exceeded timeout)
[2026-04-03 12:00:01]   Task workqueue-automation: age 29587200m (timeout 120m)
[2026-04-03 12:00:01]     ⚠️  STALE (exceeded timeout)
[2026-04-03 12:00:01]   Task test-opt-analytics-opus: age 29587200m (timeout 120m)
[2026-04-03 12:00:01]     ⚠️  STALE (exceeded timeout)
[2026-04-03 12:00:01]   Task fix-trade-builder-403: age 29587200m (timeout 120m)
[2026-04-03 12:00:01]     ⚠️  STALE (exceeded timeout)
[2026-04-03 12:00:01]   Task fix-all-trade-issues: age 29587200m (timeout 120m)
[2026-04-03 12:00:01]     ⚠️  STALE (exceeded timeout)
[2026-04-03 12:00:01] Archiving 9 stale + 0 completed tasks...
[2026-04-03 12:10:00] Checking 9 active tasks...
[2026-04-03 12:10:00]   Task dogfood-qa-week4: age 29587210m (timeout 120m)
[2026-04-03 12:10:00]     ⚠️  STALE (exceeded timeout)
[2026-04-03 12:10:01]   Task fix-dogfood-week4: age 29587210m (timeout 120m)
[2026-04-03 12:10:01]     ⚠️  STALE (exceeded timeout)
[2026-04-03 12:10:01]   Task test-opt-parallel-logger: age 29587210m (timeout 120m)
[2026-04-03 12:10:01]     ⚠️  STALE (exceeded timeout)
[2026-04-03 12:10:01]   Task test-opt-parallel-error: age 29587210m (timeout 120m)
[2026-04-03 12:10:01]     ⚠️  STALE (exceeded timeout)
[2026-04-03 12:10:01]   Task audit-all-work: age 29587210m (timeout 120m)
[2026-04-03 12:10:01]     ⚠️  STALE (exceeded timeout)
[2026-04-03 12:10:01]   Task workqueue-automation: age 29587210m (timeout 120m)
[2026-04-03 12:10:01]     ⚠️  STALE (exceeded timeout)
[2026-04-03 12:10:01]   Task test-opt-analytics-opus: age 29587210m (timeout 120m)
[2026-04-03 12:10:01]     ⚠️  STALE (exceeded timeout)
[2026-04-03 12:10:01]   Task fix-trade-builder-403: age 29587210m (timeout 120m)
[2026-04-03 12:10:01]     ⚠️  STALE (exceeded timeout)
[2026-04-03 12:10:01]   Task fix-all-trade-issues: age 29587210m (timeout 120m)
[2026-04-03 12:10:01]     ⚠️  STALE (exceeded timeout)
[2026-04-03 12:10:01] Archiving 9 stale + 0 completed tasks...
[2026-04-03 12:20:01] Checking 9 active tasks...
[2026-04-03 12:20:01]   Task dogfood-qa-week4: age 29587220m (timeout 120m)
[2026-04-03 12:20:01]     ⚠️  STALE (exceeded timeout)
[2026-04-03 12:20:01]   Task fix-dogfood-week4: age 29587220m (timeout 120m)
[2026-04-03 12:20:01]     ⚠️  STALE (exceeded timeout)
[2026-04-03 12:20:01]   Task test-opt-parallel-logger: age 29587220m (timeout 120m)
[2026-04-03 12:20:01]     ⚠️  STALE (exceeded timeout)
[2026-04-03 12:20:01]   Task test-opt-parallel-error: age 29587220m (timeout 120m)
[2026-04-03 12:20:01]     ⚠️  STALE (exceeded timeout)
[2026-04-03 12:20:01]   Task audit-all-work: age 29587220m (timeout 120m)
[2026-04-03 12:20:01]     ⚠️  STALE (exceeded timeout)
[2026-04-03 12:20:01]   Task workqueue-automation: age 29587220m (timeout 120m)
[2026-04-03 12:20:01]     ⚠️  STALE (exceeded timeout)
[2026-04-03 12:20:01]   Task test-opt-analytics-opus: age 29587220m (timeout 120m)
[2026-04-03 12:20:01]     ⚠️  STALE (exceeded timeout)
[2026-04-03 12:20:01]   Task fix-trade-builder-403: age 29587220m (timeout 120m)
[2026-04-03 12:20:01]     ⚠️  STALE (exceeded timeout)
[2026-04-03 12:20:01]   Task fix-all-trade-issues: age 29587220m (timeout 120m)
[2026-04-03 12:20:01]     ⚠️  STALE (exceeded timeout)
[2026-04-03 12:20:01] Archiving 9 stale + 0 completed tasks...
[2026-04-03 12:30:00] Checking 9 active tasks...
[2026-04-03 12:30:01]   Task dogfood-qa-week4: age 29587230m (timeout 120m)
[2026-04-03 12:30:01]     ⚠️  STALE (exceeded timeout)
[2026-04-03 12:30:01]   Task fix-dogfood-week4: age 29587230m (timeout 120m)
[2026-04-03 12:30:01]     ⚠️  STALE (exceeded timeout)
[2026-04-03 12:30:01]   Task test-opt-parallel-logger: age 29587230m (timeout 120m)
[2026-04-03 12:30:01]     ⚠️  STALE (exceeded timeout)
[2026-04-03 12:30:01]   Task test-opt-parallel-error: age 29587230m (timeout 120m)
[2026-04-03 12:30:01]     ⚠️  STALE (exceeded timeout)
[2026-04-03 12:30:01]   Task audit-all-work: age 29587230m (timeout 120m)
[2026-04-03 12:30:01]     ⚠️  STALE (exceeded timeout)
[2026-04-03 12:30:01]   Task workqueue-automation: age 29587230m (timeout 120m)
[2026-04-03 12:30:01]     ⚠️  STALE (exceeded timeout)
[2026-04-03 12:30:01]   Task test-opt-analytics-opus: age 29587230m (timeout 120m)
[2026-04-03 12:30:01]     ⚠️  STALE (exceeded timeout)
[2026-04-03 12:30:01]   Task fix-trade-builder-403: age 29587230m (timeout 120m)
[2026-04-03 12:30:01]     ⚠️  STALE (exceeded timeout)
[2026-04-03 12:30:01]   Task fix-all-trade-issues: age 29587230m (timeout 120m)
[2026-04-03 12:30:01]     ⚠️  STALE (exceeded timeout)
[2026-04-03 12:30:01] Archiving 9 stale + 0 completed tasks...
[2026-04-03 12:40:00] Checking 9 active tasks...
[2026-04-03 12:40:00]   Task dogfood-qa-week4: age 29587240m (timeout 120m)
[2026-04-03 12:40:00]     ⚠️  STALE (exceeded timeout)
[2026-04-03 12:40:00]   Task fix-dogfood-week4: age 29587240m (timeout 120m)
[2026-04-03 12:40:00]     ⚠️  STALE (exceeded timeout)
[2026-04-03 12:40:00]   Task test-opt-parallel-logger: age 29587240m (timeout 120m)
[2026-04-03 12:40:00]     ⚠️  STALE (exceeded timeout)
[2026-04-03 12:40:00]   Task test-opt-parallel-error: age 29587240m (timeout 120m)
[2026-04-03 12:40:00]     ⚠️  STALE (exceeded timeout)
[2026-04-03 12:40:00]   Task audit-all-work: age 29587240m (timeout 120m)
[2026-04-03 12:40:00]     ⚠️  STALE (exceeded timeout)
[2026-04-03 12:40:01]   Task workqueue-automation: age 29587240m (timeout 120m)
[2026-04-03 12:40:01]     ⚠️  STALE (exceeded timeout)
[2026-04-03 12:40:01]   Task test-opt-analytics-opus: age 29587240m (timeout 120m)
[2026-04-03 12:40:01]     ⚠️  STALE (exceeded timeout)
[2026-04-03 12:40:01]   Task fix-trade-builder-403: age 29587240m (timeout 120m)
[2026-04-03 12:40:01]     ⚠️  STALE (exceeded timeout)
[2026-04-03 12:40:01]   Task fix-all-trade-issues: age 29587240m (timeout 120m)
[2026-04-03 12:40:01]     ⚠️  STALE (exceeded timeout)
[2026-04-03 12:40:01] Archiving 9 stale + 0 completed tasks...
[2026-04-03 12:50:00] Checking 9 active tasks...
[2026-04-03 12:50:00]   Task dogfood-qa-week4: age 29587250m (timeout 120m)
[2026-04-03 12:50:00]     ⚠️  STALE (exceeded timeout)
[2026-04-03 12:50:00]   Task fix-dogfood-week4: age 29587250m (timeout 120m)
[2026-04-03 12:50:00]     ⚠️  STALE (exceeded timeout)
[2026-04-03 12:50:00]   Task test-opt-parallel-logger: age 29587250m (timeout 120m)
[2026-04-03 12:50:00]     ⚠️  STALE (exceeded timeout)
[2026-04-03 12:50:00]   Task test-opt-parallel-error: age 29587250m (timeout 120m)
[2026-04-03 12:50:00]     ⚠️  STALE (exceeded timeout)
[2026-04-03 12:50:00]   Task audit-all-work: age 29587250m (timeout 120m)
[2026-04-03 12:50:00]     ⚠️  STALE (exceeded timeout)
[2026-04-03 12:50:01]   Task workqueue-automation: age 29587250m (timeout 120m)
[2026-04-03 12:50:01]     ⚠️  STALE (exceeded timeout)
[2026-04-03 12:50:01]   Task test-opt-analytics-opus: age 29587250m (timeout 120m)
[2026-04-03 12:50:01]     ⚠️  STALE (exceeded timeout)
[2026-04-03 12:50:01]   Task fix-trade-builder-403: age 29587250m (timeout 120m)
[2026-04-03 12:50:01]     ⚠️  STALE (exceeded timeout)
[2026-04-03 12:50:01]   Task fix-all-trade-issues: age 29587250m (timeout 120m)
[2026-04-03 12:50:01]     ⚠️  STALE (exceeded timeout)
[2026-04-03 12:50:01] Archiving 9 stale + 0 completed tasks...
[2026-04-03 13:00:00] Checking 9 active tasks...
[2026-04-03 13:00:00]   Task dogfood-qa-week4: age 29587260m (timeout 120m)
[2026-04-03 13:00:00]     ⚠️  STALE (exceeded timeout)
[2026-04-03 13:00:00]   Task fix-dogfood-week4: age 29587260m (timeout 120m)
[2026-04-03 13:00:00]     ⚠️  STALE (exceeded timeout)
[2026-04-03 13:00:00]   Task test-opt-parallel-logger: age 29587260m (timeout 120m)
[2026-04-03 13:00:00]     ⚠️  STALE (exceeded timeout)
[2026-04-03 13:00:00]   Task test-opt-parallel-error: age 29587260m (timeout 120m)
[2026-04-03 13:00:00]     ⚠️  STALE (exceeded timeout)
[2026-04-03 13:00:00]   Task audit-all-work: age 29587260m (timeout 120m)
[2026-04-03 13:00:01]     ⚠️  STALE (exceeded timeout)
[2026-04-03 13:00:01]   Task workqueue-automation: age 29587260m (timeout 120m)
[2026-04-03 13:00:01]     ⚠️  STALE (exceeded timeout)
[2026-04-03 13:00:01]   Task test-opt-analytics-opus: age 29587260m (timeout 120m)
[2026-04-03 13:00:01]     ⚠️  STALE (exceeded timeout)
[2026-04-03 13:00:01]   Task fix-trade-builder-403: age 29587260m (timeout 120m)
[2026-04-03 13:00:01]     ⚠️  STALE (exceeded timeout)
[2026-04-03 13:00:01]   Task fix-all-trade-issues: age 29587260m (timeout 120m)
[2026-04-03 13:00:01]     ⚠️  STALE (exceeded timeout)
[2026-04-03 13:00:01] Archiving 9 stale + 0 completed tasks...
[2026-04-03 13:10:00] Checking 9 active tasks...
[2026-04-03 13:10:01]   Task dogfood-qa-week4: age 29587270m (timeout 120m)
[2026-04-03 13:10:01]     ⚠️  STALE (exceeded timeout)
[2026-04-03 13:10:01]   Task fix-dogfood-week4: age 29587270m (timeout 120m)
[2026-04-03 13:10:01]     ⚠️  STALE (exceeded timeout)
[2026-04-03 13:10:01]   Task test-opt-parallel-logger: age 29587270m (timeout 120m)
[2026-04-03 13:10:01]     ⚠️  STALE (exceeded timeout)
[2026-04-03 13:10:01]   Task test-opt-parallel-error: age 29587270m (timeout 120m)
[2026-04-03 13:10:01]     ⚠️  STALE (exceeded timeout)
[2026-04-03 13:10:01]   Task audit-all-work: age 29587270m (timeout 120m)
[2026-04-03 13:10:01]     ⚠️  STALE (exceeded timeout)
[2026-04-03 13:10:01]   Task workqueue-automation: age 29587270m (timeout 120m)
[2026-04-03 13:10:01]     ⚠️  STALE (exceeded timeout)
[2026-04-03 13:10:01]   Task test-opt-analytics-opus: age 29587270m (timeout 120m)
[2026-04-03 13:10:01]     ⚠️  STALE (exceeded timeout)
[2026-04-03 13:10:01]   Task fix-trade-builder-403: age 29587270m (timeout 120m)
[2026-04-03 13:10:01]     ⚠️  STALE (exceeded timeout)
[2026-04-03 13:10:01]   Task fix-all-trade-issues: age 29587270m (timeout 120m)
[2026-04-03 13:10:01]     ⚠️  STALE (exceeded timeout)
[2026-04-03 13:10:01] Archiving 9 stale + 0 completed tasks...
[2026-04-03 13:20:00] Checking 9 active tasks...
[2026-04-03 13:20:00]   Task dogfood-qa-week4: age 29587280m (timeout 120m)
[2026-04-03 13:20:00]     ⚠️  STALE (exceeded timeout)
[2026-04-03 13:20:00]   Task fix-dogfood-week4: age 29587280m (timeout 120m)
[2026-04-03 13:20:00]     ⚠️  STALE (exceeded timeout)
[2026-04-03 13:20:00]   Task test-opt-parallel-logger: age 29587280m (timeout 120m)
[2026-04-03 13:20:00]     ⚠️  STALE (exceeded timeout)
[2026-04-03 13:20:00]   Task test-opt-parallel-error: age 29587280m (timeout 120m)
[2026-04-03 13:20:00]     ⚠️  STALE (exceeded timeout)
[2026-04-03 13:20:00]   Task audit-all-work: age 29587280m (timeout 120m)
[2026-04-03 13:20:00]     ⚠️  STALE (exceeded timeout)
[2026-04-03 13:20:00]   Task workqueue-automation: age 29587280m (timeout 120m)
[2026-04-03 13:20:00]     ⚠️  STALE (exceeded timeout)
[2026-04-03 13:20:01]   Task test-opt-analytics-opus: age 29587280m (timeout 120m)
[2026-04-03 13:20:01]     ⚠️  STALE (exceeded timeout)
[2026-04-03 13:20:01]   Task fix-trade-builder-403: age 29587280m (timeout 120m)
[2026-04-03 13:20:01]     ⚠️  STALE (exceeded timeout)
[2026-04-03 13:20:01]   Task fix-all-trade-issues: age 29587280m (timeout 120m)
[2026-04-03 13:20:01]     ⚠️  STALE (exceeded timeout)
[2026-04-03 13:20:01] Archiving 9 stale + 0 completed tasks...
[2026-04-03 13:30:00] Checking 9 active tasks...
[2026-04-03 13:30:00]   Task dogfood-qa-week4: age 29587290m (timeout 120m)
[2026-04-03 13:30:00]     ⚠️  STALE (exceeded timeout)
[2026-04-03 13:30:00]   Task fix-dogfood-week4: age 29587290m (timeout 120m)
[2026-04-03 13:30:00]     ⚠️  STALE (exceeded timeout)
[2026-04-03 13:30:00]   Task test-opt-parallel-logger: age 29587290m (timeout 120m)
[2026-04-03 13:30:00]     ⚠️  STALE (exceeded timeout)
[2026-04-03 13:30:00]   Task test-opt-parallel-error: age 29587290m (timeout 120m)
[2026-04-03 13:30:00]     ⚠️  STALE (exceeded timeout)
[2026-04-03 13:30:00]   Task audit-all-work: age 29587290m (timeout 120m)
[2026-04-03 13:30:00]     ⚠️  STALE (exceeded timeout)
[2026-04-03 13:30:01]   Task workqueue-automation: age 29587290m (timeout 120m)
[2026-04-03 13:30:01]     ⚠️  STALE (exceeded timeout)
[2026-04-03 13:30:01]   Task test-opt-analytics-opus: age 29587290m (timeout 120m)
[2026-04-03 13:30:01]     ⚠️  STALE (exceeded timeout)
[2026-04-03 13:30:01]   Task fix-trade-builder-403: age 29587290m (timeout 120m)
[2026-04-03 13:30:01]     ⚠️  STALE (exceeded timeout)
[2026-04-03 13:30:01]   Task fix-all-trade-issues: age 29587290m (timeout 120m)
[2026-04-03 13:30:01]     ⚠️  STALE (exceeded timeout)
[2026-04-03 13:30:01] Archiving 9 stale + 0 completed tasks...
[2026-04-03 13:40:00] Checking 9 active tasks...
[2026-04-03 13:40:00]   Task dogfood-qa-week4: age 29587300m (timeout 120m)
[2026-04-03 13:40:00]     ⚠️  STALE (exceeded timeout)
[2026-04-03 13:40:00]   Task fix-dogfood-week4: age 29587300m (timeout 120m)
[2026-04-03 13:40:00]     ⚠️  STALE (exceeded timeout)
[2026-04-03 13:40:00]   Task test-opt-parallel-logger: age 29587300m (timeout 120m)
[2026-04-03 13:40:00]     ⚠️  STALE (exceeded timeout)
[2026-04-03 13:40:00]   Task test-opt-parallel-error: age 29587300m (timeout 120m)
[2026-04-03 13:40:00]     ⚠️  STALE (exceeded timeout)
[2026-04-03 13:40:00]   Task audit-all-work: age 29587300m (timeout 120m)
[2026-04-03 13:40:00]     ⚠️  STALE (exceeded timeout)
[2026-04-03 13:40:00]   Task workqueue-automation: age 29587300m (timeout 120m)
[2026-04-03 13:40:00]     ⚠️  STALE (exceeded timeout)
[2026-04-03 13:40:00]   Task test-opt-analytics-opus: age 29587300m (timeout 120m)
[2026-04-03 13:40:00]     ⚠️  STALE (exceeded timeout)
[2026-04-03 13:40:00]   Task fix-trade-builder-403: age 29587300m (timeout 120m)
[2026-04-03 13:40:00]     ⚠️  STALE (exceeded timeout)
[2026-04-03 13:40:00]   Task fix-all-trade-issues: age 29587300m (timeout 120m)
[2026-04-03 13:40:00]     ⚠️  STALE (exceeded timeout)
[2026-04-03 13:40:00] Archiving 9 stale + 0 completed tasks...
[2026-04-03 13:50:01] Checking 9 active tasks...
[2026-04-03 13:50:01]   Task dogfood-qa-week4: age 29587310m (timeout 120m)
[2026-04-03 13:50:01]     ⚠️  STALE (exceeded timeout)
[2026-04-03 13:50:01]   Task fix-dogfood-week4: age 29587310m (timeout 120m)
[2026-04-03 13:50:01]     ⚠️  STALE (exceeded timeout)
[2026-04-03 13:50:01]   Task test-opt-parallel-logger: age 29587310m (timeout 120m)
[2026-04-03 13:50:01]     ⚠️  STALE (exceeded timeout)
[2026-04-03 13:50:01]   Task test-opt-parallel-error: age 29587310m (timeout 120m)
[2026-04-03 13:50:01]     ⚠️  STALE (exceeded timeout)
[2026-04-03 13:50:01]   Task audit-all-work: age 29587310m (timeout 120m)
[2026-04-03 13:50:01]     ⚠️  STALE (exceeded timeout)
[2026-04-03 13:50:01]   Task workqueue-automation: age 29587310m (timeout 120m)
[2026-04-03 13:50:01]     ⚠️  STALE (exceeded timeout)
[2026-04-03 13:50:01]   Task test-opt-analytics-opus: age 29587310m (timeout 120m)
[2026-04-03 13:50:01]     ⚠️  STALE (exceeded timeout)
[2026-04-03 13:50:01]   Task fix-trade-builder-403: age 29587310m (timeout 120m)
[2026-04-03 13:50:01]     ⚠️  STALE (exceeded timeout)
[2026-04-03 13:50:01]   Task fix-all-trade-issues: age 29587310m (timeout 120m)
[2026-04-03 13:50:01]     ⚠️  STALE (exceeded timeout)
[2026-04-03 13:50:01] Archiving 9 stale + 0 completed tasks...
[2026-04-03 14:00:00] Checking 9 active tasks...
[2026-04-03 14:00:00]   Task dogfood-qa-week4: age 29587320m (timeout 120m)
[2026-04-03 14:00:00]     ⚠️  STALE (exceeded timeout)
[2026-04-03 14:00:00]   Task fix-dogfood-week4: age 29587320m (timeout 120m)
[2026-04-03 14:00:00]     ⚠️  STALE (exceeded timeout)
[2026-04-03 14:00:01]   Task test-opt-parallel-logger: age 29587320m (timeout 120m)
[2026-04-03 14:00:01]     ⚠️  STALE (exceeded timeout)
[2026-04-03 14:00:01]   Task test-opt-parallel-error: age 29587320m (timeout 120m)
[2026-04-03 14:00:01]     ⚠️  STALE (exceeded timeout)
[2026-04-03 14:00:01]   Task audit-all-work: age 29587320m (timeout 120m)
[2026-04-03 14:00:01]     ⚠️  STALE (exceeded timeout)
[2026-04-03 14:00:01]   Task workqueue-automation: age 29587320m (timeout 120m)
[2026-04-03 14:00:01]     ⚠️  STALE (exceeded timeout)
[2026-04-03 14:00:01]   Task test-opt-analytics-opus: age 29587320m (timeout 120m)
[2026-04-03 14:00:01]     ⚠️  STALE (exceeded timeout)
[2026-04-03 14:00:01]   Task fix-trade-builder-403: age 29587320m (timeout 120m)
[2026-04-03 14:00:01]     ⚠️  STALE (exceeded timeout)
[2026-04-03 14:00:01]   Task fix-all-trade-issues: age 29587320m (timeout 120m)
[2026-04-03 14:00:01]     ⚠️  STALE (exceeded timeout)
[2026-04-03 14:00:01] Archiving 9 stale + 0 completed tasks...
[2026-04-03 14:10:00] Checking 9 active tasks...
[2026-04-03 14:10:00]   Task dogfood-qa-week4: age 29587330m (timeout 120m)
[2026-04-03 14:10:00]     ⚠️  STALE (exceeded timeout)
[2026-04-03 14:10:00]   Task fix-dogfood-week4: age 29587330m (timeout 120m)
[2026-04-03 14:10:00]     ⚠️  STALE (exceeded timeout)
[2026-04-03 14:10:00]   Task test-opt-parallel-logger: age 29587330m (timeout 120m)
[2026-04-03 14:10:00]     ⚠️  STALE (exceeded timeout)
[2026-04-03 14:10:00]   Task test-opt-parallel-error: age 29587330m (timeout 120m)
[2026-04-03 14:10:00]     ⚠️  STALE (exceeded timeout)
[2026-04-03 14:10:01]   Task audit-all-work: age 29587330m (timeout 120m)
[2026-04-03 14:10:01]     ⚠️  STALE (exceeded timeout)
[2026-04-03 14:10:01]   Task workqueue-automation: age 29587330m (timeout 120m)
[2026-04-03 14:10:01]     ⚠️  STALE (exceeded timeout)
[2026-04-03 14:10:01]   Task test-opt-analytics-opus: age 29587330m (timeout 120m)
[2026-04-03 14:10:01]     ⚠️  STALE (exceeded timeout)
[2026-04-03 14:10:01]   Task fix-trade-builder-403: age 29587330m (timeout 120m)
[2026-04-03 14:10:01]     ⚠️  STALE (exceeded timeout)
[2026-04-03 14:10:01]   Task fix-all-trade-issues: age 29587330m (timeout 120m)
[2026-04-03 14:10:01]     ⚠️  STALE (exceeded timeout)
[2026-04-03 14:10:01] Archiving 9 stale + 0 completed tasks...
[2026-04-03 14:20:00] Checking 9 active tasks...
[2026-04-03 14:20:00]   Task dogfood-qa-week4: age 29587340m (timeout 120m)
[2026-04-03 14:20:00]     ⚠️  STALE (exceeded timeout)
[2026-04-03 14:20:00]   Task fix-dogfood-week4: age 29587340m (timeout 120m)
[2026-04-03 14:20:00]     ⚠️  STALE (exceeded timeout)
[2026-04-03 14:20:01]   Task test-opt-parallel-logger: age 29587340m (timeout 120m)
[2026-04-03 14:20:01]     ⚠️  STALE (exceeded timeout)
[2026-04-03 14:20:01]   Task test-opt-parallel-error: age 29587340m (timeout 120m)
[2026-04-03 14:20:01]     ⚠️  STALE (exceeded timeout)
[2026-04-03 14:20:01]   Task audit-all-work: age 29587340m (timeout 120m)
[2026-04-03 14:20:01]     ⚠️  STALE (exceeded timeout)
[2026-04-03 14:20:01]   Task workqueue-automation: age 29587340m (timeout 120m)
[2026-04-03 14:20:01]     ⚠️  STALE (exceeded timeout)
[2026-04-03 14:20:01]   Task test-opt-analytics-opus: age 29587340m (timeout 120m)
[2026-04-03 14:20:01]     ⚠️  STALE (exceeded timeout)
[2026-04-03 14:20:01]   Task fix-trade-builder-403: age 29587340m (timeout 120m)
[2026-04-03 14:20:01]     ⚠️  STALE (exceeded timeout)
[2026-04-03 14:20:01]   Task fix-all-trade-issues: age 29587340m (timeout 120m)
[2026-04-03 14:20:01]     ⚠️  STALE (exceeded timeout)
[2026-04-03 14:20:01] Archiving 9 stale + 0 completed tasks...
[2026-04-03 14:30:00] Checking 9 active tasks...
[2026-04-03 14:30:00]   Task dogfood-qa-week4: age 29587350m (timeout 120m)
[2026-04-03 14:30:00]     ⚠️  STALE (exceeded timeout)
[2026-04-03 14:30:00]   Task fix-dogfood-week4: age 29587350m (timeout 120m)
[2026-04-03 14:30:00]     ⚠️  STALE (exceeded timeout)
[2026-04-03 14:30:00]   Task test-opt-parallel-logger: age 29587350m (timeout 120m)
[2026-04-03 14:30:00]     ⚠️  STALE (exceeded timeout)
[2026-04-03 14:30:00]   Task test-opt-parallel-error: age 29587350m (timeout 120m)
[2026-04-03 14:30:00]     ⚠️  STALE (exceeded timeout)
[2026-04-03 14:30:00]   Task audit-all-work: age 29587350m (timeout 120m)
[2026-04-03 14:30:00]     ⚠️  STALE (exceeded timeout)
[2026-04-03 14:30:00]   Task workqueue-automation: age 29587350m (timeout 120m)
[2026-04-03 14:30:00]     ⚠️  STALE (exceeded timeout)
[2026-04-03 14:30:00]   Task test-opt-analytics-opus: age 29587350m (timeout 120m)
[2026-04-03 14:30:00]     ⚠️  STALE (exceeded timeout)
[2026-04-03 14:30:00]   Task fix-trade-builder-403: age 29587350m (timeout 120m)
[2026-04-03 14:30:00]     ⚠️  STALE (exceeded timeout)
[2026-04-03 14:30:01]   Task fix-all-trade-issues: age 29587350m (timeout 120m)
[2026-04-03 14:30:01]     ⚠️  STALE (exceeded timeout)
[2026-04-03 14:30:01] Archiving 9 stale + 0 completed tasks...
[2026-04-03 14:40:00] Checking 9 active tasks...
[2026-04-03 14:40:00]   Task dogfood-qa-week4: age 29587360m (timeout 120m)
[2026-04-03 14:40:00]     ⚠️  STALE (exceeded timeout)
[2026-04-03 14:40:00]   Task fix-dogfood-week4: age 29587360m (timeout 120m)
[2026-04-03 14:40:00]     ⚠️  STALE (exceeded timeout)
[2026-04-03 14:40:00]   Task test-opt-parallel-logger: age 29587360m (timeout 120m)
[2026-04-03 14:40:00]     ⚠️  STALE (exceeded timeout)
[2026-04-03 14:40:00]   Task test-opt-parallel-error: age 29587360m (timeout 120m)
[2026-04-03 14:40:00]     ⚠️  STALE (exceeded timeout)
[2026-04-03 14:40:01]   Task audit-all-work: age 29587360m (timeout 120m)
[2026-04-03 14:40:01]     ⚠️  STALE (exceeded timeout)
[2026-04-03 14:40:01]   Task workqueue-automation: age 29587360m (timeout 120m)
[2026-04-03 14:40:01]     ⚠️  STALE (exceeded timeout)
[2026-04-03 14:40:01]   Task test-opt-analytics-opus: age 29587360m (timeout 120m)
[2026-04-03 14:40:01]     ⚠️  STALE (exceeded timeout)
[2026-04-03 14:40:01]   Task fix-trade-builder-403: age 29587360m (timeout 120m)
[2026-04-03 14:40:01]     ⚠️  STALE (exceeded timeout)
[2026-04-03 14:40:01]   Task fix-all-trade-issues: age 29587360m (timeout 120m)
[2026-04-03 14:40:01]     ⚠️  STALE (exceeded timeout)
[2026-04-03 14:40:01] Archiving 9 stale + 0 completed tasks...
[2026-04-03 14:50:00] Checking 9 active tasks...
[2026-04-03 14:50:00]   Task dogfood-qa-week4: age 29587370m (timeout 120m)
[2026-04-03 14:50:00]     ⚠️  STALE (exceeded timeout)
[2026-04-03 14:50:00]   Task fix-dogfood-week4: age 29587370m (timeout 120m)
[2026-04-03 14:50:00]     ⚠️  STALE (exceeded timeout)
[2026-04-03 14:50:00]   Task test-opt-parallel-logger: age 29587370m (timeout 120m)
[2026-04-03 14:50:00]     ⚠️  STALE (exceeded timeout)
[2026-04-03 14:50:01]   Task test-opt-parallel-error: age 29587370m (timeout 120m)
[2026-04-03 14:50:01]     ⚠️  STALE (exceeded timeout)
[2026-04-03 14:50:01]   Task audit-all-work: age 29587370m (timeout 120m)
[2026-04-03 14:50:01]     ⚠️  STALE (exceeded timeout)
[2026-04-03 14:50:01]   Task workqueue-automation: age 29587370m (timeout 120m)
[2026-04-03 14:50:01]     ⚠️  STALE (exceeded timeout)
[2026-04-03 14:50:01]   Task test-opt-analytics-opus: age 29587370m (timeout 120m)
[2026-04-03 14:50:01]     ⚠️  STALE (exceeded timeout)
[2026-04-03 14:50:01]   Task fix-trade-builder-403: age 29587370m (timeout 120m)
[2026-04-03 14:50:01]     ⚠️  STALE (exceeded timeout)
[2026-04-03 14:50:01]   Task fix-all-trade-issues: age 29587370m (timeout 120m)
[2026-04-03 14:50:01]     ⚠️  STALE (exceeded timeout)
[2026-04-03 14:50:01] Archiving 9 stale + 0 completed tasks...
[2026-04-03 15:00:00] Checking 9 active tasks...
[2026-04-03 15:00:00]   Task dogfood-qa-week4: age 29587380m (timeout 120m)
[2026-04-03 15:00:00]     ⚠️  STALE (exceeded timeout)
[2026-04-03 15:00:00]   Task fix-dogfood-week4: age 29587380m (timeout 120m)
[2026-04-03 15:00:00]     ⚠️  STALE (exceeded timeout)
[2026-04-03 15:00:00]   Task test-opt-parallel-logger: age 29587380m (timeout 120m)
[2026-04-03 15:00:00]     ⚠️  STALE (exceeded timeout)
[2026-04-03 15:00:01]   Task test-opt-parallel-error: age 29587380m (timeout 120m)
[2026-04-03 15:00:01]     ⚠️  STALE (exceeded timeout)
[2026-04-03 15:00:01]   Task audit-all-work: age 29587380m (timeout 120m)
[2026-04-03 15:00:01]     ⚠️  STALE (exceeded timeout)
[2026-04-03 15:00:01]   Task workqueue-automation: age 29587380m (timeout 120m)
[2026-04-03 15:00:01]     ⚠️  STALE (exceeded timeout)
[2026-04-03 15:00:01]   Task test-opt-analytics-opus: age 29587380m (timeout 120m)
[2026-04-03 15:00:01]     ⚠️  STALE (exceeded timeout)
[2026-04-03 15:00:01]   Task fix-trade-builder-403: age 29587380m (timeout 120m)
[2026-04-03 15:00:01]     ⚠️  STALE (exceeded timeout)
[2026-04-03 15:00:01]   Task fix-all-trade-issues: age 29587380m (timeout 120m)
[2026-04-03 15:00:01]     ⚠️  STALE (exceeded timeout)
[2026-04-03 15:00:01] Archiving 9 stale + 0 completed tasks...
