[2026-03-25 00:00:00] Checking 9 active tasks...
[2026-03-25 00:00:00]   Task dogfood-qa-week4: age 29573520m (timeout 120m)
[2026-03-25 00:00:00]     ⚠️  STALE (exceeded timeout)
[2026-03-25 00:00:00]   Task fix-dogfood-week4: age 29573520m (timeout 120m)
[2026-03-25 00:00:00]     ⚠️  STALE (exceeded timeout)
[2026-03-25 00:00:00]   Task test-opt-parallel-logger: age 29573520m (timeout 120m)
[2026-03-25 00:00:00]     ⚠️  STALE (exceeded timeout)
[2026-03-25 00:00:00]   Task test-opt-parallel-error: age 29573520m (timeout 120m)
[2026-03-25 00:00:00]     ⚠️  STALE (exceeded timeout)
[2026-03-25 00:00:00]   Task audit-all-work: age 29573520m (timeout 120m)
[2026-03-25 00:00:00]     ⚠️  STALE (exceeded timeout)
[2026-03-25 00:00:00]   Task workqueue-automation: age 29573520m (timeout 120m)
[2026-03-25 00:00:00]     ⚠️  STALE (exceeded timeout)
[2026-03-25 00:00:00]   Task test-opt-analytics-opus: age 29573520m (timeout 120m)
[2026-03-25 00:00:00]     ⚠️  STALE (exceeded timeout)
[2026-03-25 00:00:00]   Task fix-trade-builder-403: age 29573520m (timeout 120m)
[2026-03-25 00:00:00]     ⚠️  STALE (exceeded timeout)
[2026-03-25 00:00:00]   Task fix-all-trade-issues: age 29573520m (timeout 120m)
[2026-03-25 00:00:00]     ⚠️  STALE (exceeded timeout)
[2026-03-25 00:00:00] Archiving 9 stale + 0 completed tasks...
[2026-03-25 00:10:00] Checking 9 active tasks...
[2026-03-25 00:10:00]   Task dogfood-qa-week4: age 29573530m (timeout 120m)
[2026-03-25 00:10:00]     ⚠️  STALE (exceeded timeout)
[2026-03-25 00:10:00]   Task fix-dogfood-week4: age 29573530m (timeout 120m)
[2026-03-25 00:10:00]     ⚠️  STALE (exceeded timeout)
[2026-03-25 00:10:00]   Task test-opt-parallel-logger: age 29573530m (timeout 120m)
[2026-03-25 00:10:00]     ⚠️  STALE (exceeded timeout)
[2026-03-25 00:10:00]   Task test-opt-parallel-error: age 29573530m (timeout 120m)
[2026-03-25 00:10:00]     ⚠️  STALE (exceeded timeout)
[2026-03-25 00:10:00]   Task audit-all-work: age 29573530m (timeout 120m)
[2026-03-25 00:10:00]     ⚠️  STALE (exceeded timeout)
[2026-03-25 00:10:00]   Task workqueue-automation: age 29573530m (timeout 120m)
[2026-03-25 00:10:00]     ⚠️  STALE (exceeded timeout)
[2026-03-25 00:10:00]   Task test-opt-analytics-opus: age 29573530m (timeout 120m)
[2026-03-25 00:10:00]     ⚠️  STALE (exceeded timeout)
[2026-03-25 00:10:00]   Task fix-trade-builder-403: age 29573530m (timeout 120m)
[2026-03-25 00:10:00]     ⚠️  STALE (exceeded timeout)
[2026-03-25 00:10:00]   Task fix-all-trade-issues: age 29573530m (timeout 120m)
[2026-03-25 00:10:00]     ⚠️  STALE (exceeded timeout)
[2026-03-25 00:10:00] Archiving 9 stale + 0 completed tasks...
[2026-03-25 00:20:00] Checking 9 active tasks...
[2026-03-25 00:20:00]   Task dogfood-qa-week4: age 29573540m (timeout 120m)
[2026-03-25 00:20:00]     ⚠️  STALE (exceeded timeout)
[2026-03-25 00:20:00]   Task fix-dogfood-week4: age 29573540m (timeout 120m)
[2026-03-25 00:20:00]     ⚠️  STALE (exceeded timeout)
[2026-03-25 00:20:00]   Task test-opt-parallel-logger: age 29573540m (timeout 120m)
[2026-03-25 00:20:00]     ⚠️  STALE (exceeded timeout)
[2026-03-25 00:20:00]   Task test-opt-parallel-error: age 29573540m (timeout 120m)
[2026-03-25 00:20:00]     ⚠️  STALE (exceeded timeout)
[2026-03-25 00:20:00]   Task audit-all-work: age 29573540m (timeout 120m)
[2026-03-25 00:20:00]     ⚠️  STALE (exceeded timeout)
[2026-03-25 00:20:00]   Task workqueue-automation: age 29573540m (timeout 120m)
[2026-03-25 00:20:00]     ⚠️  STALE (exceeded timeout)
[2026-03-25 00:20:00]   Task test-opt-analytics-opus: age 29573540m (timeout 120m)
[2026-03-25 00:20:00]     ⚠️  STALE (exceeded timeout)
[2026-03-25 00:20:00]   Task fix-trade-builder-403: age 29573540m (timeout 120m)
[2026-03-25 00:20:00]     ⚠️  STALE (exceeded timeout)
[2026-03-25 00:20:00]   Task fix-all-trade-issues: age 29573540m (timeout 120m)
[2026-03-25 00:20:00]     ⚠️  STALE (exceeded timeout)
[2026-03-25 00:20:00] Archiving 9 stale + 0 completed tasks...
[2026-03-25 00:30:01] Checking 9 active tasks...
[2026-03-25 00:30:01]   Task dogfood-qa-week4: age 29573550m (timeout 120m)
[2026-03-25 00:30:01]     ⚠️  STALE (exceeded timeout)
[2026-03-25 00:30:01]   Task fix-dogfood-week4: age 29573550m (timeout 120m)
[2026-03-25 00:30:01]     ⚠️  STALE (exceeded timeout)
[2026-03-25 00:30:01]   Task test-opt-parallel-logger: age 29573550m (timeout 120m)
[2026-03-25 00:30:01]     ⚠️  STALE (exceeded timeout)
[2026-03-25 00:30:01]   Task test-opt-parallel-error: age 29573550m (timeout 120m)
[2026-03-25 00:30:01]     ⚠️  STALE (exceeded timeout)
[2026-03-25 00:30:01]   Task audit-all-work: age 29573550m (timeout 120m)
[2026-03-25 00:30:01]     ⚠️  STALE (exceeded timeout)
[2026-03-25 00:30:01]   Task workqueue-automation: age 29573550m (timeout 120m)
[2026-03-25 00:30:01]     ⚠️  STALE (exceeded timeout)
[2026-03-25 00:30:01]   Task test-opt-analytics-opus: age 29573550m (timeout 120m)
[2026-03-25 00:30:01]     ⚠️  STALE (exceeded timeout)
[2026-03-25 00:30:01]   Task fix-trade-builder-403: age 29573550m (timeout 120m)
[2026-03-25 00:30:01]     ⚠️  STALE (exceeded timeout)
[2026-03-25 00:30:01]   Task fix-all-trade-issues: age 29573550m (timeout 120m)
[2026-03-25 00:30:01]     ⚠️  STALE (exceeded timeout)
[2026-03-25 00:30:01] Archiving 9 stale + 0 completed tasks...
[2026-03-25 00:40:00] Checking 9 active tasks...
[2026-03-25 00:40:00]   Task dogfood-qa-week4: age 29573560m (timeout 120m)
[2026-03-25 00:40:00]     ⚠️  STALE (exceeded timeout)
[2026-03-25 00:40:00]   Task fix-dogfood-week4: age 29573560m (timeout 120m)
[2026-03-25 00:40:00]     ⚠️  STALE (exceeded timeout)
[2026-03-25 00:40:00]   Task test-opt-parallel-logger: age 29573560m (timeout 120m)
[2026-03-25 00:40:00]     ⚠️  STALE (exceeded timeout)
[2026-03-25 00:40:00]   Task test-opt-parallel-error: age 29573560m (timeout 120m)
[2026-03-25 00:40:00]     ⚠️  STALE (exceeded timeout)
[2026-03-25 00:40:00]   Task audit-all-work: age 29573560m (timeout 120m)
[2026-03-25 00:40:00]     ⚠️  STALE (exceeded timeout)
[2026-03-25 00:40:00]   Task workqueue-automation: age 29573560m (timeout 120m)
[2026-03-25 00:40:00]     ⚠️  STALE (exceeded timeout)
[2026-03-25 00:40:00]   Task test-opt-analytics-opus: age 29573560m (timeout 120m)
[2026-03-25 00:40:00]     ⚠️  STALE (exceeded timeout)
[2026-03-25 00:40:00]   Task fix-trade-builder-403: age 29573560m (timeout 120m)
[2026-03-25 00:40:00]     ⚠️  STALE (exceeded timeout)
[2026-03-25 00:40:00]   Task fix-all-trade-issues: age 29573560m (timeout 120m)
[2026-03-25 00:40:00]     ⚠️  STALE (exceeded timeout)
[2026-03-25 00:40:00] Archiving 9 stale + 0 completed tasks...
[2026-03-25 00:50:00] Checking 9 active tasks...
[2026-03-25 00:50:00]   Task dogfood-qa-week4: age 29573570m (timeout 120m)
[2026-03-25 00:50:00]     ⚠️  STALE (exceeded timeout)
[2026-03-25 00:50:00]   Task fix-dogfood-week4: age 29573570m (timeout 120m)
[2026-03-25 00:50:00]     ⚠️  STALE (exceeded timeout)
[2026-03-25 00:50:00]   Task test-opt-parallel-logger: age 29573570m (timeout 120m)
[2026-03-25 00:50:00]     ⚠️  STALE (exceeded timeout)
[2026-03-25 00:50:00]   Task test-opt-parallel-error: age 29573570m (timeout 120m)
[2026-03-25 00:50:00]     ⚠️  STALE (exceeded timeout)
[2026-03-25 00:50:00]   Task audit-all-work: age 29573570m (timeout 120m)
[2026-03-25 00:50:00]     ⚠️  STALE (exceeded timeout)
[2026-03-25 00:50:00]   Task workqueue-automation: age 29573570m (timeout 120m)
[2026-03-25 00:50:00]     ⚠️  STALE (exceeded timeout)
[2026-03-25 00:50:00]   Task test-opt-analytics-opus: age 29573570m (timeout 120m)
[2026-03-25 00:50:00]     ⚠️  STALE (exceeded timeout)
[2026-03-25 00:50:00]   Task fix-trade-builder-403: age 29573570m (timeout 120m)
[2026-03-25 00:50:00]     ⚠️  STALE (exceeded timeout)
[2026-03-25 00:50:00]   Task fix-all-trade-issues: age 29573570m (timeout 120m)
[2026-03-25 00:50:00]     ⚠️  STALE (exceeded timeout)
[2026-03-25 00:50:00] Archiving 9 stale + 0 completed tasks...
[2026-03-25 01:00:00] Checking 9 active tasks...
[2026-03-25 01:00:00]   Task dogfood-qa-week4: age 29573580m (timeout 120m)
[2026-03-25 01:00:00]     ⚠️  STALE (exceeded timeout)
[2026-03-25 01:00:00]   Task fix-dogfood-week4: age 29573580m (timeout 120m)
[2026-03-25 01:00:00]     ⚠️  STALE (exceeded timeout)
[2026-03-25 01:00:00]   Task test-opt-parallel-logger: age 29573580m (timeout 120m)
[2026-03-25 01:00:00]     ⚠️  STALE (exceeded timeout)
[2026-03-25 01:00:00]   Task test-opt-parallel-error: age 29573580m (timeout 120m)
[2026-03-25 01:00:00]     ⚠️  STALE (exceeded timeout)
[2026-03-25 01:00:00]   Task audit-all-work: age 29573580m (timeout 120m)
[2026-03-25 01:00:00]     ⚠️  STALE (exceeded timeout)
[2026-03-25 01:00:00]   Task workqueue-automation: age 29573580m (timeout 120m)
[2026-03-25 01:00:00]     ⚠️  STALE (exceeded timeout)
[2026-03-25 01:00:00]   Task test-opt-analytics-opus: age 29573580m (timeout 120m)
[2026-03-25 01:00:00]     ⚠️  STALE (exceeded timeout)
[2026-03-25 01:00:01]   Task fix-trade-builder-403: age 29573580m (timeout 120m)
[2026-03-25 01:00:01]     ⚠️  STALE (exceeded timeout)
[2026-03-25 01:00:01]   Task fix-all-trade-issues: age 29573580m (timeout 120m)
[2026-03-25 01:00:01]     ⚠️  STALE (exceeded timeout)
[2026-03-25 01:00:01] Archiving 9 stale + 0 completed tasks...
[2026-03-25 01:10:00] Checking 9 active tasks...
[2026-03-25 01:10:00]   Task dogfood-qa-week4: age 29573590m (timeout 120m)
[2026-03-25 01:10:00]     ⚠️  STALE (exceeded timeout)
[2026-03-25 01:10:00]   Task fix-dogfood-week4: age 29573590m (timeout 120m)
[2026-03-25 01:10:00]     ⚠️  STALE (exceeded timeout)
[2026-03-25 01:10:00]   Task test-opt-parallel-logger: age 29573590m (timeout 120m)
[2026-03-25 01:10:00]     ⚠️  STALE (exceeded timeout)
[2026-03-25 01:10:00]   Task test-opt-parallel-error: age 29573590m (timeout 120m)
[2026-03-25 01:10:00]     ⚠️  STALE (exceeded timeout)
[2026-03-25 01:10:00]   Task audit-all-work: age 29573590m (timeout 120m)
[2026-03-25 01:10:00]     ⚠️  STALE (exceeded timeout)
[2026-03-25 01:10:00]   Task workqueue-automation: age 29573590m (timeout 120m)
[2026-03-25 01:10:00]     ⚠️  STALE (exceeded timeout)
[2026-03-25 01:10:00]   Task test-opt-analytics-opus: age 29573590m (timeout 120m)
[2026-03-25 01:10:00]     ⚠️  STALE (exceeded timeout)
[2026-03-25 01:10:00]   Task fix-trade-builder-403: age 29573590m (timeout 120m)
[2026-03-25 01:10:00]     ⚠️  STALE (exceeded timeout)
[2026-03-25 01:10:00]   Task fix-all-trade-issues: age 29573590m (timeout 120m)
[2026-03-25 01:10:01]     ⚠️  STALE (exceeded timeout)
[2026-03-25 01:10:01] Archiving 9 stale + 0 completed tasks...
[2026-03-25 01:20:00] Checking 9 active tasks...
[2026-03-25 01:20:00]   Task dogfood-qa-week4: age 29573600m (timeout 120m)
[2026-03-25 01:20:00]     ⚠️  STALE (exceeded timeout)
[2026-03-25 01:20:00]   Task fix-dogfood-week4: age 29573600m (timeout 120m)
[2026-03-25 01:20:00]     ⚠️  STALE (exceeded timeout)
[2026-03-25 01:20:00]   Task test-opt-parallel-logger: age 29573600m (timeout 120m)
[2026-03-25 01:20:00]     ⚠️  STALE (exceeded timeout)
[2026-03-25 01:20:00]   Task test-opt-parallel-error: age 29573600m (timeout 120m)
[2026-03-25 01:20:00]     ⚠️  STALE (exceeded timeout)
[2026-03-25 01:20:00]   Task audit-all-work: age 29573600m (timeout 120m)
[2026-03-25 01:20:00]     ⚠️  STALE (exceeded timeout)
[2026-03-25 01:20:00]   Task workqueue-automation: age 29573600m (timeout 120m)
[2026-03-25 01:20:00]     ⚠️  STALE (exceeded timeout)
[2026-03-25 01:20:00]   Task test-opt-analytics-opus: age 29573600m (timeout 120m)
[2026-03-25 01:20:00]     ⚠️  STALE (exceeded timeout)
[2026-03-25 01:20:00]   Task fix-trade-builder-403: age 29573600m (timeout 120m)
[2026-03-25 01:20:00]     ⚠️  STALE (exceeded timeout)
[2026-03-25 01:20:00]   Task fix-all-trade-issues: age 29573600m (timeout 120m)
[2026-03-25 01:20:00]     ⚠️  STALE (exceeded timeout)
[2026-03-25 01:20:00] Archiving 9 stale + 0 completed tasks...
[2026-03-25 01:30:01] Checking 9 active tasks...
[2026-03-25 01:30:01]   Task dogfood-qa-week4: age 29573610m (timeout 120m)
[2026-03-25 01:30:01]     ⚠️  STALE (exceeded timeout)
[2026-03-25 01:30:01]   Task fix-dogfood-week4: age 29573610m (timeout 120m)
[2026-03-25 01:30:01]     ⚠️  STALE (exceeded timeout)
[2026-03-25 01:30:01]   Task test-opt-parallel-logger: age 29573610m (timeout 120m)
[2026-03-25 01:30:01]     ⚠️  STALE (exceeded timeout)
[2026-03-25 01:30:01]   Task test-opt-parallel-error: age 29573610m (timeout 120m)
[2026-03-25 01:30:01]     ⚠️  STALE (exceeded timeout)
[2026-03-25 01:30:01]   Task audit-all-work: age 29573610m (timeout 120m)
[2026-03-25 01:30:01]     ⚠️  STALE (exceeded timeout)
[2026-03-25 01:30:01]   Task workqueue-automation: age 29573610m (timeout 120m)
[2026-03-25 01:30:01]     ⚠️  STALE (exceeded timeout)
[2026-03-25 01:30:01]   Task test-opt-analytics-opus: age 29573610m (timeout 120m)
[2026-03-25 01:30:01]     ⚠️  STALE (exceeded timeout)
[2026-03-25 01:30:01]   Task fix-trade-builder-403: age 29573610m (timeout 120m)
[2026-03-25 01:30:01]     ⚠️  STALE (exceeded timeout)
[2026-03-25 01:30:01]   Task fix-all-trade-issues: age 29573610m (timeout 120m)
[2026-03-25 01:30:01]     ⚠️  STALE (exceeded timeout)
[2026-03-25 01:30:01] Archiving 9 stale + 0 completed tasks...
[2026-03-25 01:40:00] Checking 9 active tasks...
[2026-03-25 01:40:00]   Task dogfood-qa-week4: age 29573620m (timeout 120m)
[2026-03-25 01:40:00]     ⚠️  STALE (exceeded timeout)
[2026-03-25 01:40:00]   Task fix-dogfood-week4: age 29573620m (timeout 120m)
[2026-03-25 01:40:00]     ⚠️  STALE (exceeded timeout)
[2026-03-25 01:40:01]   Task test-opt-parallel-logger: age 29573620m (timeout 120m)
[2026-03-25 01:40:01]     ⚠️  STALE (exceeded timeout)
[2026-03-25 01:40:01]   Task test-opt-parallel-error: age 29573620m (timeout 120m)
[2026-03-25 01:40:01]     ⚠️  STALE (exceeded timeout)
[2026-03-25 01:40:01]   Task audit-all-work: age 29573620m (timeout 120m)
[2026-03-25 01:40:01]     ⚠️  STALE (exceeded timeout)
[2026-03-25 01:40:01]   Task workqueue-automation: age 29573620m (timeout 120m)
[2026-03-25 01:40:01]     ⚠️  STALE (exceeded timeout)
[2026-03-25 01:40:01]   Task test-opt-analytics-opus: age 29573620m (timeout 120m)
[2026-03-25 01:40:01]     ⚠️  STALE (exceeded timeout)
[2026-03-25 01:40:01]   Task fix-trade-builder-403: age 29573620m (timeout 120m)
[2026-03-25 01:40:01]     ⚠️  STALE (exceeded timeout)
[2026-03-25 01:40:01]   Task fix-all-trade-issues: age 29573620m (timeout 120m)
[2026-03-25 01:40:01]     ⚠️  STALE (exceeded timeout)
[2026-03-25 01:40:01] Archiving 9 stale + 0 completed tasks...
[2026-03-25 01:50:00] Checking 9 active tasks...
[2026-03-25 01:50:00]   Task dogfood-qa-week4: age 29573630m (timeout 120m)
[2026-03-25 01:50:00]     ⚠️  STALE (exceeded timeout)
[2026-03-25 01:50:00]   Task fix-dogfood-week4: age 29573630m (timeout 120m)
[2026-03-25 01:50:00]     ⚠️  STALE (exceeded timeout)
[2026-03-25 01:50:00]   Task test-opt-parallel-logger: age 29573630m (timeout 120m)
[2026-03-25 01:50:00]     ⚠️  STALE (exceeded timeout)
[2026-03-25 01:50:00]   Task test-opt-parallel-error: age 29573630m (timeout 120m)
[2026-03-25 01:50:00]     ⚠️  STALE (exceeded timeout)
[2026-03-25 01:50:00]   Task audit-all-work: age 29573630m (timeout 120m)
[2026-03-25 01:50:00]     ⚠️  STALE (exceeded timeout)
[2026-03-25 01:50:00]   Task workqueue-automation: age 29573630m (timeout 120m)
[2026-03-25 01:50:00]     ⚠️  STALE (exceeded timeout)
[2026-03-25 01:50:00]   Task test-opt-analytics-opus: age 29573630m (timeout 120m)
[2026-03-25 01:50:00]     ⚠️  STALE (exceeded timeout)
[2026-03-25 01:50:00]   Task fix-trade-builder-403: age 29573630m (timeout 120m)
[2026-03-25 01:50:00]     ⚠️  STALE (exceeded timeout)
[2026-03-25 01:50:00]   Task fix-all-trade-issues: age 29573630m (timeout 120m)
[2026-03-25 01:50:00]     ⚠️  STALE (exceeded timeout)
[2026-03-25 01:50:00] Archiving 9 stale + 0 completed tasks...
[2026-03-25 02:00:00] Checking 9 active tasks...
[2026-03-25 02:00:00]   Task dogfood-qa-week4: age 29573640m (timeout 120m)
[2026-03-25 02:00:00]     ⚠️  STALE (exceeded timeout)
[2026-03-25 02:00:00]   Task fix-dogfood-week4: age 29573640m (timeout 120m)
[2026-03-25 02:00:00]     ⚠️  STALE (exceeded timeout)
[2026-03-25 02:00:00]   Task test-opt-parallel-logger: age 29573640m (timeout 120m)
[2026-03-25 02:00:00]     ⚠️  STALE (exceeded timeout)
[2026-03-25 02:00:00]   Task test-opt-parallel-error: age 29573640m (timeout 120m)
[2026-03-25 02:00:00]     ⚠️  STALE (exceeded timeout)
[2026-03-25 02:00:00]   Task audit-all-work: age 29573640m (timeout 120m)
[2026-03-25 02:00:00]     ⚠️  STALE (exceeded timeout)
[2026-03-25 02:00:01]   Task workqueue-automation: age 29573640m (timeout 120m)
[2026-03-25 02:00:01]     ⚠️  STALE (exceeded timeout)
[2026-03-25 02:00:01]   Task test-opt-analytics-opus: age 29573640m (timeout 120m)
[2026-03-25 02:00:01]     ⚠️  STALE (exceeded timeout)
[2026-03-25 02:00:01]   Task fix-trade-builder-403: age 29573640m (timeout 120m)
[2026-03-25 02:00:01]     ⚠️  STALE (exceeded timeout)
[2026-03-25 02:00:01]   Task fix-all-trade-issues: age 29573640m (timeout 120m)
[2026-03-25 02:00:01]     ⚠️  STALE (exceeded timeout)
[2026-03-25 02:00:01] Archiving 9 stale + 0 completed tasks...
[2026-03-25 02:10:00] Checking 9 active tasks...
[2026-03-25 02:10:00]   Task dogfood-qa-week4: age 29573650m (timeout 120m)
[2026-03-25 02:10:00]     ⚠️  STALE (exceeded timeout)
[2026-03-25 02:10:00]   Task fix-dogfood-week4: age 29573650m (timeout 120m)
[2026-03-25 02:10:00]     ⚠️  STALE (exceeded timeout)
[2026-03-25 02:10:00]   Task test-opt-parallel-logger: age 29573650m (timeout 120m)
[2026-03-25 02:10:00]     ⚠️  STALE (exceeded timeout)
[2026-03-25 02:10:00]   Task test-opt-parallel-error: age 29573650m (timeout 120m)
[2026-03-25 02:10:00]     ⚠️  STALE (exceeded timeout)
[2026-03-25 02:10:01]   Task audit-all-work: age 29573650m (timeout 120m)
[2026-03-25 02:10:01]     ⚠️  STALE (exceeded timeout)
[2026-03-25 02:10:01]   Task workqueue-automation: age 29573650m (timeout 120m)
[2026-03-25 02:10:01]     ⚠️  STALE (exceeded timeout)
[2026-03-25 02:10:01]   Task test-opt-analytics-opus: age 29573650m (timeout 120m)
[2026-03-25 02:10:01]     ⚠️  STALE (exceeded timeout)
[2026-03-25 02:10:01]   Task fix-trade-builder-403: age 29573650m (timeout 120m)
[2026-03-25 02:10:01]     ⚠️  STALE (exceeded timeout)
[2026-03-25 02:10:01]   Task fix-all-trade-issues: age 29573650m (timeout 120m)
[2026-03-25 02:10:01]     ⚠️  STALE (exceeded timeout)
[2026-03-25 02:10:01] Archiving 9 stale + 0 completed tasks...
[2026-03-25 02:20:00] Checking 9 active tasks...
[2026-03-25 02:20:00]   Task dogfood-qa-week4: age 29573660m (timeout 120m)
[2026-03-25 02:20:00]     ⚠️  STALE (exceeded timeout)
[2026-03-25 02:20:00]   Task fix-dogfood-week4: age 29573660m (timeout 120m)
[2026-03-25 02:20:00]     ⚠️  STALE (exceeded timeout)
[2026-03-25 02:20:00]   Task test-opt-parallel-logger: age 29573660m (timeout 120m)
[2026-03-25 02:20:00]     ⚠️  STALE (exceeded timeout)
[2026-03-25 02:20:00]   Task test-opt-parallel-error: age 29573660m (timeout 120m)
[2026-03-25 02:20:00]     ⚠️  STALE (exceeded timeout)
[2026-03-25 02:20:00]   Task audit-all-work: age 29573660m (timeout 120m)
[2026-03-25 02:20:00]     ⚠️  STALE (exceeded timeout)
[2026-03-25 02:20:00]   Task workqueue-automation: age 29573660m (timeout 120m)
[2026-03-25 02:20:00]     ⚠️  STALE (exceeded timeout)
[2026-03-25 02:20:00]   Task test-opt-analytics-opus: age 29573660m (timeout 120m)
[2026-03-25 02:20:00]     ⚠️  STALE (exceeded timeout)
[2026-03-25 02:20:00]   Task fix-trade-builder-403: age 29573660m (timeout 120m)
[2026-03-25 02:20:00]     ⚠️  STALE (exceeded timeout)
[2026-03-25 02:20:00]   Task fix-all-trade-issues: age 29573660m (timeout 120m)
[2026-03-25 02:20:00]     ⚠️  STALE (exceeded timeout)
[2026-03-25 02:20:00] Archiving 9 stale + 0 completed tasks...
[2026-03-25 02:30:00] Checking 9 active tasks...
[2026-03-25 02:30:00]   Task dogfood-qa-week4: age 29573670m (timeout 120m)
[2026-03-25 02:30:00]     ⚠️  STALE (exceeded timeout)
[2026-03-25 02:30:00]   Task fix-dogfood-week4: age 29573670m (timeout 120m)
[2026-03-25 02:30:00]     ⚠️  STALE (exceeded timeout)
[2026-03-25 02:30:00]   Task test-opt-parallel-logger: age 29573670m (timeout 120m)
[2026-03-25 02:30:00]     ⚠️  STALE (exceeded timeout)
[2026-03-25 02:30:00]   Task test-opt-parallel-error: age 29573670m (timeout 120m)
[2026-03-25 02:30:00]     ⚠️  STALE (exceeded timeout)
[2026-03-25 02:30:00]   Task audit-all-work: age 29573670m (timeout 120m)
[2026-03-25 02:30:00]     ⚠️  STALE (exceeded timeout)
[2026-03-25 02:30:00]   Task workqueue-automation: age 29573670m (timeout 120m)
[2026-03-25 02:30:00]     ⚠️  STALE (exceeded timeout)
[2026-03-25 02:30:00]   Task test-opt-analytics-opus: age 29573670m (timeout 120m)
[2026-03-25 02:30:00]     ⚠️  STALE (exceeded timeout)
[2026-03-25 02:30:00]   Task fix-trade-builder-403: age 29573670m (timeout 120m)
[2026-03-25 02:30:00]     ⚠️  STALE (exceeded timeout)
[2026-03-25 02:30:00]   Task fix-all-trade-issues: age 29573670m (timeout 120m)
[2026-03-25 02:30:00]     ⚠️  STALE (exceeded timeout)
[2026-03-25 02:30:00] Archiving 9 stale + 0 completed tasks...
[2026-03-25 02:40:00] Checking 9 active tasks...
[2026-03-25 02:40:00]   Task dogfood-qa-week4: age 29573680m (timeout 120m)
[2026-03-25 02:40:00]     ⚠️  STALE (exceeded timeout)
[2026-03-25 02:40:00]   Task fix-dogfood-week4: age 29573680m (timeout 120m)
[2026-03-25 02:40:00]     ⚠️  STALE (exceeded timeout)
[2026-03-25 02:40:01]   Task test-opt-parallel-logger: age 29573680m (timeout 120m)
[2026-03-25 02:40:01]     ⚠️  STALE (exceeded timeout)
[2026-03-25 02:40:01]   Task test-opt-parallel-error: age 29573680m (timeout 120m)
[2026-03-25 02:40:01]     ⚠️  STALE (exceeded timeout)
[2026-03-25 02:40:01]   Task audit-all-work: age 29573680m (timeout 120m)
[2026-03-25 02:40:01]     ⚠️  STALE (exceeded timeout)
[2026-03-25 02:40:01]   Task workqueue-automation: age 29573680m (timeout 120m)
[2026-03-25 02:40:01]     ⚠️  STALE (exceeded timeout)
[2026-03-25 02:40:01]   Task test-opt-analytics-opus: age 29573680m (timeout 120m)
[2026-03-25 02:40:01]     ⚠️  STALE (exceeded timeout)
[2026-03-25 02:40:01]   Task fix-trade-builder-403: age 29573680m (timeout 120m)
[2026-03-25 02:40:01]     ⚠️  STALE (exceeded timeout)
[2026-03-25 02:40:01]   Task fix-all-trade-issues: age 29573680m (timeout 120m)
[2026-03-25 02:40:01]     ⚠️  STALE (exceeded timeout)
[2026-03-25 02:40:01] Archiving 9 stale + 0 completed tasks...
[2026-03-25 02:50:01] Checking 9 active tasks...
[2026-03-25 02:50:01]   Task dogfood-qa-week4: age 29573690m (timeout 120m)
[2026-03-25 02:50:01]     ⚠️  STALE (exceeded timeout)
[2026-03-25 02:50:01]   Task fix-dogfood-week4: age 29573690m (timeout 120m)
[2026-03-25 02:50:01]     ⚠️  STALE (exceeded timeout)
[2026-03-25 02:50:01]   Task test-opt-parallel-logger: age 29573690m (timeout 120m)
[2026-03-25 02:50:01]     ⚠️  STALE (exceeded timeout)
[2026-03-25 02:50:01]   Task test-opt-parallel-error: age 29573690m (timeout 120m)
[2026-03-25 02:50:01]     ⚠️  STALE (exceeded timeout)
[2026-03-25 02:50:01]   Task audit-all-work: age 29573690m (timeout 120m)
[2026-03-25 02:50:01]     ⚠️  STALE (exceeded timeout)
[2026-03-25 02:50:01]   Task workqueue-automation: age 29573690m (timeout 120m)
[2026-03-25 02:50:01]     ⚠️  STALE (exceeded timeout)
[2026-03-25 02:50:01]   Task test-opt-analytics-opus: age 29573690m (timeout 120m)
[2026-03-25 02:50:01]     ⚠️  STALE (exceeded timeout)
[2026-03-25 02:50:01]   Task fix-trade-builder-403: age 29573690m (timeout 120m)
[2026-03-25 02:50:01]     ⚠️  STALE (exceeded timeout)
[2026-03-25 02:50:01]   Task fix-all-trade-issues: age 29573690m (timeout 120m)
[2026-03-25 02:50:01]     ⚠️  STALE (exceeded timeout)
[2026-03-25 02:50:01] Archiving 9 stale + 0 completed tasks...
[2026-03-25 03:00:00] Checking 9 active tasks...
[2026-03-25 03:00:00]   Task dogfood-qa-week4: age 29573700m (timeout 120m)
[2026-03-25 03:00:00]     ⚠️  STALE (exceeded timeout)
[2026-03-25 03:00:00]   Task fix-dogfood-week4: age 29573700m (timeout 120m)
[2026-03-25 03:00:00]     ⚠️  STALE (exceeded timeout)
[2026-03-25 03:00:00]   Task test-opt-parallel-logger: age 29573700m (timeout 120m)
[2026-03-25 03:00:00]     ⚠️  STALE (exceeded timeout)
[2026-03-25 03:00:00]   Task test-opt-parallel-error: age 29573700m (timeout 120m)
[2026-03-25 03:00:00]     ⚠️  STALE (exceeded timeout)
[2026-03-25 03:00:00]   Task audit-all-work: age 29573700m (timeout 120m)
[2026-03-25 03:00:00]     ⚠️  STALE (exceeded timeout)
[2026-03-25 03:00:00]   Task workqueue-automation: age 29573700m (timeout 120m)
[2026-03-25 03:00:00]     ⚠️  STALE (exceeded timeout)
[2026-03-25 03:00:00]   Task test-opt-analytics-opus: age 29573700m (timeout 120m)
[2026-03-25 03:00:00]     ⚠️  STALE (exceeded timeout)
[2026-03-25 03:00:00]   Task fix-trade-builder-403: age 29573700m (timeout 120m)
[2026-03-25 03:00:00]     ⚠️  STALE (exceeded timeout)
[2026-03-25 03:00:00]   Task fix-all-trade-issues: age 29573700m (timeout 120m)
[2026-03-25 03:00:00]     ⚠️  STALE (exceeded timeout)
[2026-03-25 03:00:00] Archiving 9 stale + 0 completed tasks...
[2026-03-25 03:10:01] Checking 9 active tasks...
[2026-03-25 03:10:01]   Task dogfood-qa-week4: age 29573710m (timeout 120m)
[2026-03-25 03:10:01]     ⚠️  STALE (exceeded timeout)
[2026-03-25 03:10:01]   Task fix-dogfood-week4: age 29573710m (timeout 120m)
[2026-03-25 03:10:01]     ⚠️  STALE (exceeded timeout)
[2026-03-25 03:10:01]   Task test-opt-parallel-logger: age 29573710m (timeout 120m)
[2026-03-25 03:10:01]     ⚠️  STALE (exceeded timeout)
[2026-03-25 03:10:01]   Task test-opt-parallel-error: age 29573710m (timeout 120m)
[2026-03-25 03:10:01]     ⚠️  STALE (exceeded timeout)
[2026-03-25 03:10:01]   Task audit-all-work: age 29573710m (timeout 120m)
[2026-03-25 03:10:01]     ⚠️  STALE (exceeded timeout)
[2026-03-25 03:10:01]   Task workqueue-automation: age 29573710m (timeout 120m)
[2026-03-25 03:10:01]     ⚠️  STALE (exceeded timeout)
[2026-03-25 03:10:01]   Task test-opt-analytics-opus: age 29573710m (timeout 120m)
[2026-03-25 03:10:01]     ⚠️  STALE (exceeded timeout)
[2026-03-25 03:10:01]   Task fix-trade-builder-403: age 29573710m (timeout 120m)
[2026-03-25 03:10:01]     ⚠️  STALE (exceeded timeout)
[2026-03-25 03:10:01]   Task fix-all-trade-issues: age 29573710m (timeout 120m)
[2026-03-25 03:10:01]     ⚠️  STALE (exceeded timeout)
[2026-03-25 03:10:01] Archiving 9 stale + 0 completed tasks...
[2026-03-25 03:20:01] Checking 9 active tasks...
[2026-03-25 03:20:01]   Task dogfood-qa-week4: age 29573720m (timeout 120m)
[2026-03-25 03:20:01]     ⚠️  STALE (exceeded timeout)
[2026-03-25 03:20:01]   Task fix-dogfood-week4: age 29573720m (timeout 120m)
[2026-03-25 03:20:01]     ⚠️  STALE (exceeded timeout)
[2026-03-25 03:20:01]   Task test-opt-parallel-logger: age 29573720m (timeout 120m)
[2026-03-25 03:20:01]     ⚠️  STALE (exceeded timeout)
[2026-03-25 03:20:01]   Task test-opt-parallel-error: age 29573720m (timeout 120m)
[2026-03-25 03:20:01]     ⚠️  STALE (exceeded timeout)
[2026-03-25 03:20:01]   Task audit-all-work: age 29573720m (timeout 120m)
[2026-03-25 03:20:01]     ⚠️  STALE (exceeded timeout)
[2026-03-25 03:20:01]   Task workqueue-automation: age 29573720m (timeout 120m)
[2026-03-25 03:20:01]     ⚠️  STALE (exceeded timeout)
[2026-03-25 03:20:01]   Task test-opt-analytics-opus: age 29573720m (timeout 120m)
[2026-03-25 03:20:01]     ⚠️  STALE (exceeded timeout)
[2026-03-25 03:20:01]   Task fix-trade-builder-403: age 29573720m (timeout 120m)
[2026-03-25 03:20:01]     ⚠️  STALE (exceeded timeout)
[2026-03-25 03:20:01]   Task fix-all-trade-issues: age 29573720m (timeout 120m)
[2026-03-25 03:20:01]     ⚠️  STALE (exceeded timeout)
[2026-03-25 03:20:01] Archiving 9 stale + 0 completed tasks...
[2026-03-25 03:30:01] Checking 9 active tasks...
[2026-03-25 03:30:01]   Task dogfood-qa-week4: age 29573730m (timeout 120m)
[2026-03-25 03:30:01]     ⚠️  STALE (exceeded timeout)
[2026-03-25 03:30:01]   Task fix-dogfood-week4: age 29573730m (timeout 120m)
[2026-03-25 03:30:01]     ⚠️  STALE (exceeded timeout)
[2026-03-25 03:30:01]   Task test-opt-parallel-logger: age 29573730m (timeout 120m)
[2026-03-25 03:30:01]     ⚠️  STALE (exceeded timeout)
[2026-03-25 03:30:01]   Task test-opt-parallel-error: age 29573730m (timeout 120m)
[2026-03-25 03:30:01]     ⚠️  STALE (exceeded timeout)
[2026-03-25 03:30:01]   Task audit-all-work: age 29573730m (timeout 120m)
[2026-03-25 03:30:01]     ⚠️  STALE (exceeded timeout)
[2026-03-25 03:30:01]   Task workqueue-automation: age 29573730m (timeout 120m)
[2026-03-25 03:30:01]     ⚠️  STALE (exceeded timeout)
[2026-03-25 03:30:01]   Task test-opt-analytics-opus: age 29573730m (timeout 120m)
[2026-03-25 03:30:01]     ⚠️  STALE (exceeded timeout)
[2026-03-25 03:30:01]   Task fix-trade-builder-403: age 29573730m (timeout 120m)
[2026-03-25 03:30:01]     ⚠️  STALE (exceeded timeout)
[2026-03-25 03:30:01]   Task fix-all-trade-issues: age 29573730m (timeout 120m)
[2026-03-25 03:30:01]     ⚠️  STALE (exceeded timeout)
[2026-03-25 03:30:01] Archiving 9 stale + 0 completed tasks...
[2026-03-25 03:40:00] Checking 9 active tasks...
[2026-03-25 03:40:00]   Task dogfood-qa-week4: age 29573740m (timeout 120m)
[2026-03-25 03:40:00]     ⚠️  STALE (exceeded timeout)
[2026-03-25 03:40:00]   Task fix-dogfood-week4: age 29573740m (timeout 120m)
[2026-03-25 03:40:00]     ⚠️  STALE (exceeded timeout)
[2026-03-25 03:40:00]   Task test-opt-parallel-logger: age 29573740m (timeout 120m)
[2026-03-25 03:40:00]     ⚠️  STALE (exceeded timeout)
[2026-03-25 03:40:00]   Task test-opt-parallel-error: age 29573740m (timeout 120m)
[2026-03-25 03:40:00]     ⚠️  STALE (exceeded timeout)
[2026-03-25 03:40:00]   Task audit-all-work: age 29573740m (timeout 120m)
[2026-03-25 03:40:00]     ⚠️  STALE (exceeded timeout)
[2026-03-25 03:40:00]   Task workqueue-automation: age 29573740m (timeout 120m)
[2026-03-25 03:40:00]     ⚠️  STALE (exceeded timeout)
[2026-03-25 03:40:00]   Task test-opt-analytics-opus: age 29573740m (timeout 120m)
[2026-03-25 03:40:00]     ⚠️  STALE (exceeded timeout)
[2026-03-25 03:40:00]   Task fix-trade-builder-403: age 29573740m (timeout 120m)
[2026-03-25 03:40:00]     ⚠️  STALE (exceeded timeout)
[2026-03-25 03:40:00]   Task fix-all-trade-issues: age 29573740m (timeout 120m)
[2026-03-25 03:40:00]     ⚠️  STALE (exceeded timeout)
[2026-03-25 03:40:00] Archiving 9 stale + 0 completed tasks...
[2026-03-25 03:50:00] Checking 9 active tasks...
[2026-03-25 03:50:00]   Task dogfood-qa-week4: age 29573750m (timeout 120m)
[2026-03-25 03:50:00]     ⚠️  STALE (exceeded timeout)
[2026-03-25 03:50:00]   Task fix-dogfood-week4: age 29573750m (timeout 120m)
[2026-03-25 03:50:00]     ⚠️  STALE (exceeded timeout)
[2026-03-25 03:50:00]   Task test-opt-parallel-logger: age 29573750m (timeout 120m)
[2026-03-25 03:50:01]     ⚠️  STALE (exceeded timeout)
[2026-03-25 03:50:01]   Task test-opt-parallel-error: age 29573750m (timeout 120m)
[2026-03-25 03:50:01]     ⚠️  STALE (exceeded timeout)
[2026-03-25 03:50:01]   Task audit-all-work: age 29573750m (timeout 120m)
[2026-03-25 03:50:01]     ⚠️  STALE (exceeded timeout)
[2026-03-25 03:50:01]   Task workqueue-automation: age 29573750m (timeout 120m)
[2026-03-25 03:50:01]     ⚠️  STALE (exceeded timeout)
[2026-03-25 03:50:01]   Task test-opt-analytics-opus: age 29573750m (timeout 120m)
[2026-03-25 03:50:01]     ⚠️  STALE (exceeded timeout)
[2026-03-25 03:50:01]   Task fix-trade-builder-403: age 29573750m (timeout 120m)
[2026-03-25 03:50:01]     ⚠️  STALE (exceeded timeout)
[2026-03-25 03:50:01]   Task fix-all-trade-issues: age 29573750m (timeout 120m)
[2026-03-25 03:50:01]     ⚠️  STALE (exceeded timeout)
[2026-03-25 03:50:01] Archiving 9 stale + 0 completed tasks...
[2026-03-25 04:00:00] Checking 9 active tasks...
[2026-03-25 04:00:00]   Task dogfood-qa-week4: age 29573760m (timeout 120m)
[2026-03-25 04:00:00]     ⚠️  STALE (exceeded timeout)
[2026-03-25 04:00:00]   Task fix-dogfood-week4: age 29573760m (timeout 120m)
[2026-03-25 04:00:00]     ⚠️  STALE (exceeded timeout)
[2026-03-25 04:00:00]   Task test-opt-parallel-logger: age 29573760m (timeout 120m)
[2026-03-25 04:00:00]     ⚠️  STALE (exceeded timeout)
[2026-03-25 04:00:00]   Task test-opt-parallel-error: age 29573760m (timeout 120m)
[2026-03-25 04:00:00]     ⚠️  STALE (exceeded timeout)
[2026-03-25 04:00:00]   Task audit-all-work: age 29573760m (timeout 120m)
[2026-03-25 04:00:00]     ⚠️  STALE (exceeded timeout)
[2026-03-25 04:00:00]   Task workqueue-automation: age 29573760m (timeout 120m)
[2026-03-25 04:00:00]     ⚠️  STALE (exceeded timeout)
[2026-03-25 04:00:00]   Task test-opt-analytics-opus: age 29573760m (timeout 120m)
[2026-03-25 04:00:00]     ⚠️  STALE (exceeded timeout)
[2026-03-25 04:00:00]   Task fix-trade-builder-403: age 29573760m (timeout 120m)
[2026-03-25 04:00:00]     ⚠️  STALE (exceeded timeout)
[2026-03-25 04:00:00]   Task fix-all-trade-issues: age 29573760m (timeout 120m)
[2026-03-25 04:00:00]     ⚠️  STALE (exceeded timeout)
[2026-03-25 04:00:00] Archiving 9 stale + 0 completed tasks...
[2026-03-25 04:10:00] Checking 9 active tasks...
[2026-03-25 04:10:00]   Task dogfood-qa-week4: age 29573770m (timeout 120m)
[2026-03-25 04:10:00]     ⚠️  STALE (exceeded timeout)
[2026-03-25 04:10:00]   Task fix-dogfood-week4: age 29573770m (timeout 120m)
[2026-03-25 04:10:00]     ⚠️  STALE (exceeded timeout)
[2026-03-25 04:10:01]   Task test-opt-parallel-logger: age 29573770m (timeout 120m)
[2026-03-25 04:10:01]     ⚠️  STALE (exceeded timeout)
[2026-03-25 04:10:01]   Task test-opt-parallel-error: age 29573770m (timeout 120m)
[2026-03-25 04:10:01]     ⚠️  STALE (exceeded timeout)
[2026-03-25 04:10:01]   Task audit-all-work: age 29573770m (timeout 120m)
[2026-03-25 04:10:01]     ⚠️  STALE (exceeded timeout)
[2026-03-25 04:10:01]   Task workqueue-automation: age 29573770m (timeout 120m)
[2026-03-25 04:10:01]     ⚠️  STALE (exceeded timeout)
[2026-03-25 04:10:01]   Task test-opt-analytics-opus: age 29573770m (timeout 120m)
[2026-03-25 04:10:01]     ⚠️  STALE (exceeded timeout)
[2026-03-25 04:10:01]   Task fix-trade-builder-403: age 29573770m (timeout 120m)
[2026-03-25 04:10:01]     ⚠️  STALE (exceeded timeout)
[2026-03-25 04:10:01]   Task fix-all-trade-issues: age 29573770m (timeout 120m)
[2026-03-25 04:10:01]     ⚠️  STALE (exceeded timeout)
[2026-03-25 04:10:01] Archiving 9 stale + 0 completed tasks...
[2026-03-25 04:20:00] Checking 9 active tasks...
[2026-03-25 04:20:00]   Task dogfood-qa-week4: age 29573780m (timeout 120m)
[2026-03-25 04:20:00]     ⚠️  STALE (exceeded timeout)
[2026-03-25 04:20:00]   Task fix-dogfood-week4: age 29573780m (timeout 120m)
[2026-03-25 04:20:00]     ⚠️  STALE (exceeded timeout)
[2026-03-25 04:20:00]   Task test-opt-parallel-logger: age 29573780m (timeout 120m)
[2026-03-25 04:20:00]     ⚠️  STALE (exceeded timeout)
[2026-03-25 04:20:00]   Task test-opt-parallel-error: age 29573780m (timeout 120m)
[2026-03-25 04:20:00]     ⚠️  STALE (exceeded timeout)
[2026-03-25 04:20:00]   Task audit-all-work: age 29573780m (timeout 120m)
[2026-03-25 04:20:00]     ⚠️  STALE (exceeded timeout)
[2026-03-25 04:20:00]   Task workqueue-automation: age 29573780m (timeout 120m)
[2026-03-25 04:20:00]     ⚠️  STALE (exceeded timeout)
[2026-03-25 04:20:00]   Task test-opt-analytics-opus: age 29573780m (timeout 120m)
[2026-03-25 04:20:00]     ⚠️  STALE (exceeded timeout)
[2026-03-25 04:20:00]   Task fix-trade-builder-403: age 29573780m (timeout 120m)
[2026-03-25 04:20:00]     ⚠️  STALE (exceeded timeout)
[2026-03-25 04:20:00]   Task fix-all-trade-issues: age 29573780m (timeout 120m)
[2026-03-25 04:20:00]     ⚠️  STALE (exceeded timeout)
[2026-03-25 04:20:00] Archiving 9 stale + 0 completed tasks...
[2026-03-25 04:30:01] Checking 9 active tasks...
[2026-03-25 04:30:01]   Task dogfood-qa-week4: age 29573790m (timeout 120m)
[2026-03-25 04:30:01]     ⚠️  STALE (exceeded timeout)
[2026-03-25 04:30:01]   Task fix-dogfood-week4: age 29573790m (timeout 120m)
[2026-03-25 04:30:01]     ⚠️  STALE (exceeded timeout)
[2026-03-25 04:30:01]   Task test-opt-parallel-logger: age 29573790m (timeout 120m)
[2026-03-25 04:30:01]     ⚠️  STALE (exceeded timeout)
[2026-03-25 04:30:01]   Task test-opt-parallel-error: age 29573790m (timeout 120m)
[2026-03-25 04:30:01]     ⚠️  STALE (exceeded timeout)
[2026-03-25 04:30:01]   Task audit-all-work: age 29573790m (timeout 120m)
[2026-03-25 04:30:01]     ⚠️  STALE (exceeded timeout)
[2026-03-25 04:30:01]   Task workqueue-automation: age 29573790m (timeout 120m)
[2026-03-25 04:30:01]     ⚠️  STALE (exceeded timeout)
[2026-03-25 04:30:01]   Task test-opt-analytics-opus: age 29573790m (timeout 120m)
[2026-03-25 04:30:01]     ⚠️  STALE (exceeded timeout)
[2026-03-25 04:30:01]   Task fix-trade-builder-403: age 29573790m (timeout 120m)
[2026-03-25 04:30:01]     ⚠️  STALE (exceeded timeout)
[2026-03-25 04:30:01]   Task fix-all-trade-issues: age 29573790m (timeout 120m)
[2026-03-25 04:30:01]     ⚠️  STALE (exceeded timeout)
[2026-03-25 04:30:01] Archiving 9 stale + 0 completed tasks...
[2026-03-25 04:40:00] Checking 9 active tasks...
[2026-03-25 04:40:00]   Task dogfood-qa-week4: age 29573800m (timeout 120m)
[2026-03-25 04:40:00]     ⚠️  STALE (exceeded timeout)
[2026-03-25 04:40:00]   Task fix-dogfood-week4: age 29573800m (timeout 120m)
[2026-03-25 04:40:00]     ⚠️  STALE (exceeded timeout)
[2026-03-25 04:40:00]   Task test-opt-parallel-logger: age 29573800m (timeout 120m)
[2026-03-25 04:40:00]     ⚠️  STALE (exceeded timeout)
[2026-03-25 04:40:00]   Task test-opt-parallel-error: age 29573800m (timeout 120m)
[2026-03-25 04:40:00]     ⚠️  STALE (exceeded timeout)
[2026-03-25 04:40:00]   Task audit-all-work: age 29573800m (timeout 120m)
[2026-03-25 04:40:00]     ⚠️  STALE (exceeded timeout)
[2026-03-25 04:40:00]   Task workqueue-automation: age 29573800m (timeout 120m)
[2026-03-25 04:40:00]     ⚠️  STALE (exceeded timeout)
[2026-03-25 04:40:00]   Task test-opt-analytics-opus: age 29573800m (timeout 120m)
[2026-03-25 04:40:00]     ⚠️  STALE (exceeded timeout)
[2026-03-25 04:40:00]   Task fix-trade-builder-403: age 29573800m (timeout 120m)
[2026-03-25 04:40:00]     ⚠️  STALE (exceeded timeout)
[2026-03-25 04:40:00]   Task fix-all-trade-issues: age 29573800m (timeout 120m)
[2026-03-25 04:40:00]     ⚠️  STALE (exceeded timeout)
[2026-03-25 04:40:00] Archiving 9 stale + 0 completed tasks...
[2026-03-25 04:50:00] Checking 9 active tasks...
[2026-03-25 04:50:00]   Task dogfood-qa-week4: age 29573810m (timeout 120m)
[2026-03-25 04:50:00]     ⚠️  STALE (exceeded timeout)
[2026-03-25 04:50:00]   Task fix-dogfood-week4: age 29573810m (timeout 120m)
[2026-03-25 04:50:00]     ⚠️  STALE (exceeded timeout)
[2026-03-25 04:50:00]   Task test-opt-parallel-logger: age 29573810m (timeout 120m)
[2026-03-25 04:50:00]     ⚠️  STALE (exceeded timeout)
[2026-03-25 04:50:00]   Task test-opt-parallel-error: age 29573810m (timeout 120m)
[2026-03-25 04:50:00]     ⚠️  STALE (exceeded timeout)
[2026-03-25 04:50:00]   Task audit-all-work: age 29573810m (timeout 120m)
[2026-03-25 04:50:00]     ⚠️  STALE (exceeded timeout)
[2026-03-25 04:50:00]   Task workqueue-automation: age 29573810m (timeout 120m)
[2026-03-25 04:50:00]     ⚠️  STALE (exceeded timeout)
[2026-03-25 04:50:00]   Task test-opt-analytics-opus: age 29573810m (timeout 120m)
[2026-03-25 04:50:00]     ⚠️  STALE (exceeded timeout)
[2026-03-25 04:50:00]   Task fix-trade-builder-403: age 29573810m (timeout 120m)
[2026-03-25 04:50:00]     ⚠️  STALE (exceeded timeout)
[2026-03-25 04:50:00]   Task fix-all-trade-issues: age 29573810m (timeout 120m)
[2026-03-25 04:50:00]     ⚠️  STALE (exceeded timeout)
[2026-03-25 04:50:00] Archiving 9 stale + 0 completed tasks...
[2026-03-25 05:00:00] Checking 9 active tasks...
[2026-03-25 05:00:00]   Task dogfood-qa-week4: age 29573820m (timeout 120m)
[2026-03-25 05:00:00]     ⚠️  STALE (exceeded timeout)
[2026-03-25 05:00:00]   Task fix-dogfood-week4: age 29573820m (timeout 120m)
[2026-03-25 05:00:00]     ⚠️  STALE (exceeded timeout)
[2026-03-25 05:00:00]   Task test-opt-parallel-logger: age 29573820m (timeout 120m)
[2026-03-25 05:00:00]     ⚠️  STALE (exceeded timeout)
[2026-03-25 05:00:00]   Task test-opt-parallel-error: age 29573820m (timeout 120m)
[2026-03-25 05:00:00]     ⚠️  STALE (exceeded timeout)
[2026-03-25 05:00:00]   Task audit-all-work: age 29573820m (timeout 120m)
[2026-03-25 05:00:00]     ⚠️  STALE (exceeded timeout)
[2026-03-25 05:00:00]   Task workqueue-automation: age 29573820m (timeout 120m)
[2026-03-25 05:00:00]     ⚠️  STALE (exceeded timeout)
[2026-03-25 05:00:00]   Task test-opt-analytics-opus: age 29573820m (timeout 120m)
[2026-03-25 05:00:00]     ⚠️  STALE (exceeded timeout)
[2026-03-25 05:00:00]   Task fix-trade-builder-403: age 29573820m (timeout 120m)
[2026-03-25 05:00:00]     ⚠️  STALE (exceeded timeout)
[2026-03-25 05:00:00]   Task fix-all-trade-issues: age 29573820m (timeout 120m)
[2026-03-25 05:00:00]     ⚠️  STALE (exceeded timeout)
[2026-03-25 05:00:00] Archiving 9 stale + 0 completed tasks...
[2026-03-25 05:10:00] Checking 9 active tasks...
[2026-03-25 05:10:00]   Task dogfood-qa-week4: age 29573830m (timeout 120m)
[2026-03-25 05:10:00]     ⚠️  STALE (exceeded timeout)
[2026-03-25 05:10:00]   Task fix-dogfood-week4: age 29573830m (timeout 120m)
[2026-03-25 05:10:00]     ⚠️  STALE (exceeded timeout)
[2026-03-25 05:10:00]   Task test-opt-parallel-logger: age 29573830m (timeout 120m)
[2026-03-25 05:10:00]     ⚠️  STALE (exceeded timeout)
[2026-03-25 05:10:00]   Task test-opt-parallel-error: age 29573830m (timeout 120m)
[2026-03-25 05:10:00]     ⚠️  STALE (exceeded timeout)
[2026-03-25 05:10:00]   Task audit-all-work: age 29573830m (timeout 120m)
[2026-03-25 05:10:00]     ⚠️  STALE (exceeded timeout)
[2026-03-25 05:10:00]   Task workqueue-automation: age 29573830m (timeout 120m)
[2026-03-25 05:10:00]     ⚠️  STALE (exceeded timeout)
[2026-03-25 05:10:00]   Task test-opt-analytics-opus: age 29573830m (timeout 120m)
[2026-03-25 05:10:00]     ⚠️  STALE (exceeded timeout)
[2026-03-25 05:10:00]   Task fix-trade-builder-403: age 29573830m (timeout 120m)
[2026-03-25 05:10:00]     ⚠️  STALE (exceeded timeout)
[2026-03-25 05:10:00]   Task fix-all-trade-issues: age 29573830m (timeout 120m)
[2026-03-25 05:10:00]     ⚠️  STALE (exceeded timeout)
[2026-03-25 05:10:00] Archiving 9 stale + 0 completed tasks...
[2026-03-25 05:20:00] Checking 9 active tasks...
[2026-03-25 05:20:00]   Task dogfood-qa-week4: age 29573840m (timeout 120m)
[2026-03-25 05:20:00]     ⚠️  STALE (exceeded timeout)
[2026-03-25 05:20:00]   Task fix-dogfood-week4: age 29573840m (timeout 120m)
[2026-03-25 05:20:00]     ⚠️  STALE (exceeded timeout)
[2026-03-25 05:20:00]   Task test-opt-parallel-logger: age 29573840m (timeout 120m)
[2026-03-25 05:20:00]     ⚠️  STALE (exceeded timeout)
[2026-03-25 05:20:00]   Task test-opt-parallel-error: age 29573840m (timeout 120m)
[2026-03-25 05:20:00]     ⚠️  STALE (exceeded timeout)
[2026-03-25 05:20:00]   Task audit-all-work: age 29573840m (timeout 120m)
[2026-03-25 05:20:00]     ⚠️  STALE (exceeded timeout)
[2026-03-25 05:20:00]   Task workqueue-automation: age 29573840m (timeout 120m)
[2026-03-25 05:20:00]     ⚠️  STALE (exceeded timeout)
[2026-03-25 05:20:01]   Task test-opt-analytics-opus: age 29573840m (timeout 120m)
[2026-03-25 05:20:01]     ⚠️  STALE (exceeded timeout)
[2026-03-25 05:20:01]   Task fix-trade-builder-403: age 29573840m (timeout 120m)
[2026-03-25 05:20:01]     ⚠️  STALE (exceeded timeout)
[2026-03-25 05:20:01]   Task fix-all-trade-issues: age 29573840m (timeout 120m)
[2026-03-25 05:20:01]     ⚠️  STALE (exceeded timeout)
[2026-03-25 05:20:01] Archiving 9 stale + 0 completed tasks...
[2026-03-25 05:30:01] Checking 9 active tasks...
[2026-03-25 05:30:01]   Task dogfood-qa-week4: age 29573850m (timeout 120m)
[2026-03-25 05:30:01]     ⚠️  STALE (exceeded timeout)
[2026-03-25 05:30:01]   Task fix-dogfood-week4: age 29573850m (timeout 120m)
[2026-03-25 05:30:01]     ⚠️  STALE (exceeded timeout)
[2026-03-25 05:30:01]   Task test-opt-parallel-logger: age 29573850m (timeout 120m)
[2026-03-25 05:30:01]     ⚠️  STALE (exceeded timeout)
[2026-03-25 05:30:01]   Task test-opt-parallel-error: age 29573850m (timeout 120m)
[2026-03-25 05:30:01]     ⚠️  STALE (exceeded timeout)
[2026-03-25 05:30:01]   Task audit-all-work: age 29573850m (timeout 120m)
[2026-03-25 05:30:01]     ⚠️  STALE (exceeded timeout)
[2026-03-25 05:30:01]   Task workqueue-automation: age 29573850m (timeout 120m)
[2026-03-25 05:30:01]     ⚠️  STALE (exceeded timeout)
[2026-03-25 05:30:01]   Task test-opt-analytics-opus: age 29573850m (timeout 120m)
[2026-03-25 05:30:01]     ⚠️  STALE (exceeded timeout)
[2026-03-25 05:30:01]   Task fix-trade-builder-403: age 29573850m (timeout 120m)
[2026-03-25 05:30:01]     ⚠️  STALE (exceeded timeout)
[2026-03-25 05:30:01]   Task fix-all-trade-issues: age 29573850m (timeout 120m)
[2026-03-25 05:30:01]     ⚠️  STALE (exceeded timeout)
[2026-03-25 05:30:01] Archiving 9 stale + 0 completed tasks...
[2026-03-25 05:40:00] Checking 9 active tasks...
[2026-03-25 05:40:00]   Task dogfood-qa-week4: age 29573860m (timeout 120m)
[2026-03-25 05:40:00]     ⚠️  STALE (exceeded timeout)
[2026-03-25 05:40:00]   Task fix-dogfood-week4: age 29573860m (timeout 120m)
[2026-03-25 05:40:00]     ⚠️  STALE (exceeded timeout)
[2026-03-25 05:40:00]   Task test-opt-parallel-logger: age 29573860m (timeout 120m)
[2026-03-25 05:40:00]     ⚠️  STALE (exceeded timeout)
[2026-03-25 05:40:00]   Task test-opt-parallel-error: age 29573860m (timeout 120m)
[2026-03-25 05:40:00]     ⚠️  STALE (exceeded timeout)
[2026-03-25 05:40:00]   Task audit-all-work: age 29573860m (timeout 120m)
[2026-03-25 05:40:00]     ⚠️  STALE (exceeded timeout)
[2026-03-25 05:40:00]   Task workqueue-automation: age 29573860m (timeout 120m)
[2026-03-25 05:40:00]     ⚠️  STALE (exceeded timeout)
[2026-03-25 05:40:00]   Task test-opt-analytics-opus: age 29573860m (timeout 120m)
[2026-03-25 05:40:00]     ⚠️  STALE (exceeded timeout)
[2026-03-25 05:40:00]   Task fix-trade-builder-403: age 29573860m (timeout 120m)
[2026-03-25 05:40:00]     ⚠️  STALE (exceeded timeout)
[2026-03-25 05:40:00]   Task fix-all-trade-issues: age 29573860m (timeout 120m)
[2026-03-25 05:40:00]     ⚠️  STALE (exceeded timeout)
[2026-03-25 05:40:00] Archiving 9 stale + 0 completed tasks...
[2026-03-25 05:50:00] Checking 9 active tasks...
[2026-03-25 05:50:00]   Task dogfood-qa-week4: age 29573870m (timeout 120m)
[2026-03-25 05:50:00]     ⚠️  STALE (exceeded timeout)
[2026-03-25 05:50:00]   Task fix-dogfood-week4: age 29573870m (timeout 120m)
[2026-03-25 05:50:00]     ⚠️  STALE (exceeded timeout)
[2026-03-25 05:50:00]   Task test-opt-parallel-logger: age 29573870m (timeout 120m)
[2026-03-25 05:50:00]     ⚠️  STALE (exceeded timeout)
[2026-03-25 05:50:00]   Task test-opt-parallel-error: age 29573870m (timeout 120m)
[2026-03-25 05:50:00]     ⚠️  STALE (exceeded timeout)
[2026-03-25 05:50:00]   Task audit-all-work: age 29573870m (timeout 120m)
[2026-03-25 05:50:01]     ⚠️  STALE (exceeded timeout)
[2026-03-25 05:50:01]   Task workqueue-automation: age 29573870m (timeout 120m)
[2026-03-25 05:50:01]     ⚠️  STALE (exceeded timeout)
[2026-03-25 05:50:01]   Task test-opt-analytics-opus: age 29573870m (timeout 120m)
[2026-03-25 05:50:01]     ⚠️  STALE (exceeded timeout)
[2026-03-25 05:50:01]   Task fix-trade-builder-403: age 29573870m (timeout 120m)
[2026-03-25 05:50:01]     ⚠️  STALE (exceeded timeout)
[2026-03-25 05:50:01]   Task fix-all-trade-issues: age 29573870m (timeout 120m)
[2026-03-25 05:50:01]     ⚠️  STALE (exceeded timeout)
[2026-03-25 05:50:01] Archiving 9 stale + 0 completed tasks...
[2026-03-25 06:00:00] Checking 9 active tasks...
[2026-03-25 06:00:00]   Task dogfood-qa-week4: age 29573880m (timeout 120m)
[2026-03-25 06:00:00]     ⚠️  STALE (exceeded timeout)
[2026-03-25 06:00:00]   Task fix-dogfood-week4: age 29573880m (timeout 120m)
[2026-03-25 06:00:00]     ⚠️  STALE (exceeded timeout)
[2026-03-25 06:00:00]   Task test-opt-parallel-logger: age 29573880m (timeout 120m)
[2026-03-25 06:00:00]     ⚠️  STALE (exceeded timeout)
[2026-03-25 06:00:00]   Task test-opt-parallel-error: age 29573880m (timeout 120m)
[2026-03-25 06:00:00]     ⚠️  STALE (exceeded timeout)
[2026-03-25 06:00:00]   Task audit-all-work: age 29573880m (timeout 120m)
[2026-03-25 06:00:00]     ⚠️  STALE (exceeded timeout)
[2026-03-25 06:00:00]   Task workqueue-automation: age 29573880m (timeout 120m)
[2026-03-25 06:00:00]     ⚠️  STALE (exceeded timeout)
[2026-03-25 06:00:00]   Task test-opt-analytics-opus: age 29573880m (timeout 120m)
[2026-03-25 06:00:00]     ⚠️  STALE (exceeded timeout)
[2026-03-25 06:00:00]   Task fix-trade-builder-403: age 29573880m (timeout 120m)
[2026-03-25 06:00:00]     ⚠️  STALE (exceeded timeout)
[2026-03-25 06:00:00]   Task fix-all-trade-issues: age 29573880m (timeout 120m)
[2026-03-25 06:00:00]     ⚠️  STALE (exceeded timeout)
[2026-03-25 06:00:00] Archiving 9 stale + 0 completed tasks...
[2026-03-25 06:10:00] Checking 9 active tasks...
[2026-03-25 06:10:00]   Task dogfood-qa-week4: age 29573890m (timeout 120m)
[2026-03-25 06:10:00]     ⚠️  STALE (exceeded timeout)
[2026-03-25 06:10:00]   Task fix-dogfood-week4: age 29573890m (timeout 120m)
[2026-03-25 06:10:00]     ⚠️  STALE (exceeded timeout)
[2026-03-25 06:10:01]   Task test-opt-parallel-logger: age 29573890m (timeout 120m)
[2026-03-25 06:10:01]     ⚠️  STALE (exceeded timeout)
[2026-03-25 06:10:01]   Task test-opt-parallel-error: age 29573890m (timeout 120m)
[2026-03-25 06:10:01]     ⚠️  STALE (exceeded timeout)
[2026-03-25 06:10:01]   Task audit-all-work: age 29573890m (timeout 120m)
[2026-03-25 06:10:01]     ⚠️  STALE (exceeded timeout)
[2026-03-25 06:10:01]   Task workqueue-automation: age 29573890m (timeout 120m)
[2026-03-25 06:10:01]     ⚠️  STALE (exceeded timeout)
[2026-03-25 06:10:01]   Task test-opt-analytics-opus: age 29573890m (timeout 120m)
[2026-03-25 06:10:01]     ⚠️  STALE (exceeded timeout)
[2026-03-25 06:10:01]   Task fix-trade-builder-403: age 29573890m (timeout 120m)
[2026-03-25 06:10:01]     ⚠️  STALE (exceeded timeout)
[2026-03-25 06:10:01]   Task fix-all-trade-issues: age 29573890m (timeout 120m)
[2026-03-25 06:10:01]     ⚠️  STALE (exceeded timeout)
[2026-03-25 06:10:01] Archiving 9 stale + 0 completed tasks...
[2026-03-25 06:20:00] Checking 9 active tasks...
[2026-03-25 06:20:00]   Task dogfood-qa-week4: age 29573900m (timeout 120m)
[2026-03-25 06:20:00]     ⚠️  STALE (exceeded timeout)
[2026-03-25 06:20:00]   Task fix-dogfood-week4: age 29573900m (timeout 120m)
[2026-03-25 06:20:00]     ⚠️  STALE (exceeded timeout)
[2026-03-25 06:20:00]   Task test-opt-parallel-logger: age 29573900m (timeout 120m)
[2026-03-25 06:20:00]     ⚠️  STALE (exceeded timeout)
[2026-03-25 06:20:00]   Task test-opt-parallel-error: age 29573900m (timeout 120m)
[2026-03-25 06:20:00]     ⚠️  STALE (exceeded timeout)
[2026-03-25 06:20:00]   Task audit-all-work: age 29573900m (timeout 120m)
[2026-03-25 06:20:00]     ⚠️  STALE (exceeded timeout)
[2026-03-25 06:20:00]   Task workqueue-automation: age 29573900m (timeout 120m)
[2026-03-25 06:20:00]     ⚠️  STALE (exceeded timeout)
[2026-03-25 06:20:00]   Task test-opt-analytics-opus: age 29573900m (timeout 120m)
[2026-03-25 06:20:00]     ⚠️  STALE (exceeded timeout)
[2026-03-25 06:20:00]   Task fix-trade-builder-403: age 29573900m (timeout 120m)
[2026-03-25 06:20:00]     ⚠️  STALE (exceeded timeout)
[2026-03-25 06:20:00]   Task fix-all-trade-issues: age 29573900m (timeout 120m)
[2026-03-25 06:20:00]     ⚠️  STALE (exceeded timeout)
[2026-03-25 06:20:00] Archiving 9 stale + 0 completed tasks...
[2026-03-25 06:30:00] Checking 9 active tasks...
[2026-03-25 06:30:00]   Task dogfood-qa-week4: age 29573910m (timeout 120m)
[2026-03-25 06:30:00]     ⚠️  STALE (exceeded timeout)
[2026-03-25 06:30:00]   Task fix-dogfood-week4: age 29573910m (timeout 120m)
[2026-03-25 06:30:00]     ⚠️  STALE (exceeded timeout)
[2026-03-25 06:30:00]   Task test-opt-parallel-logger: age 29573910m (timeout 120m)
[2026-03-25 06:30:00]     ⚠️  STALE (exceeded timeout)
[2026-03-25 06:30:00]   Task test-opt-parallel-error: age 29573910m (timeout 120m)
[2026-03-25 06:30:00]     ⚠️  STALE (exceeded timeout)
[2026-03-25 06:30:00]   Task audit-all-work: age 29573910m (timeout 120m)
[2026-03-25 06:30:00]     ⚠️  STALE (exceeded timeout)
[2026-03-25 06:30:00]   Task workqueue-automation: age 29573910m (timeout 120m)
[2026-03-25 06:30:00]     ⚠️  STALE (exceeded timeout)
[2026-03-25 06:30:00]   Task test-opt-analytics-opus: age 29573910m (timeout 120m)
[2026-03-25 06:30:00]     ⚠️  STALE (exceeded timeout)
[2026-03-25 06:30:01]   Task fix-trade-builder-403: age 29573910m (timeout 120m)
[2026-03-25 06:30:01]     ⚠️  STALE (exceeded timeout)
[2026-03-25 06:30:01]   Task fix-all-trade-issues: age 29573910m (timeout 120m)
[2026-03-25 06:30:01]     ⚠️  STALE (exceeded timeout)
[2026-03-25 06:30:01] Archiving 9 stale + 0 completed tasks...
[2026-03-25 06:40:00] Checking 9 active tasks...
[2026-03-25 06:40:00]   Task dogfood-qa-week4: age 29573920m (timeout 120m)
[2026-03-25 06:40:00]     ⚠️  STALE (exceeded timeout)
[2026-03-25 06:40:00]   Task fix-dogfood-week4: age 29573920m (timeout 120m)
[2026-03-25 06:40:00]     ⚠️  STALE (exceeded timeout)
[2026-03-25 06:40:00]   Task test-opt-parallel-logger: age 29573920m (timeout 120m)
[2026-03-25 06:40:00]     ⚠️  STALE (exceeded timeout)
[2026-03-25 06:40:00]   Task test-opt-parallel-error: age 29573920m (timeout 120m)
[2026-03-25 06:40:00]     ⚠️  STALE (exceeded timeout)
[2026-03-25 06:40:00]   Task audit-all-work: age 29573920m (timeout 120m)
[2026-03-25 06:40:00]     ⚠️  STALE (exceeded timeout)
[2026-03-25 06:40:00]   Task workqueue-automation: age 29573920m (timeout 120m)
[2026-03-25 06:40:00]     ⚠️  STALE (exceeded timeout)
[2026-03-25 06:40:00]   Task test-opt-analytics-opus: age 29573920m (timeout 120m)
[2026-03-25 06:40:00]     ⚠️  STALE (exceeded timeout)
[2026-03-25 06:40:00]   Task fix-trade-builder-403: age 29573920m (timeout 120m)
[2026-03-25 06:40:00]     ⚠️  STALE (exceeded timeout)
[2026-03-25 06:40:00]   Task fix-all-trade-issues: age 29573920m (timeout 120m)
[2026-03-25 06:40:00]     ⚠️  STALE (exceeded timeout)
[2026-03-25 06:40:00] Archiving 9 stale + 0 completed tasks...
[2026-03-25 06:50:01] Checking 9 active tasks...
[2026-03-25 06:50:01]   Task dogfood-qa-week4: age 29573930m (timeout 120m)
[2026-03-25 06:50:01]     ⚠️  STALE (exceeded timeout)
[2026-03-25 06:50:01]   Task fix-dogfood-week4: age 29573930m (timeout 120m)
[2026-03-25 06:50:01]     ⚠️  STALE (exceeded timeout)
[2026-03-25 06:50:01]   Task test-opt-parallel-logger: age 29573930m (timeout 120m)
[2026-03-25 06:50:01]     ⚠️  STALE (exceeded timeout)
[2026-03-25 06:50:01]   Task test-opt-parallel-error: age 29573930m (timeout 120m)
[2026-03-25 06:50:01]     ⚠️  STALE (exceeded timeout)
[2026-03-25 06:50:01]   Task audit-all-work: age 29573930m (timeout 120m)
[2026-03-25 06:50:01]     ⚠️  STALE (exceeded timeout)
[2026-03-25 06:50:01]   Task workqueue-automation: age 29573930m (timeout 120m)
[2026-03-25 06:50:01]     ⚠️  STALE (exceeded timeout)
[2026-03-25 06:50:01]   Task test-opt-analytics-opus: age 29573930m (timeout 120m)
[2026-03-25 06:50:01]     ⚠️  STALE (exceeded timeout)
[2026-03-25 06:50:01]   Task fix-trade-builder-403: age 29573930m (timeout 120m)
[2026-03-25 06:50:01]     ⚠️  STALE (exceeded timeout)
[2026-03-25 06:50:01]   Task fix-all-trade-issues: age 29573930m (timeout 120m)
[2026-03-25 06:50:01]     ⚠️  STALE (exceeded timeout)
[2026-03-25 06:50:01] Archiving 9 stale + 0 completed tasks...
[2026-03-25 07:00:00] Checking 9 active tasks...
[2026-03-25 07:00:00]   Task dogfood-qa-week4: age 29573940m (timeout 120m)
[2026-03-25 07:00:00]     ⚠️  STALE (exceeded timeout)
[2026-03-25 07:00:00]   Task fix-dogfood-week4: age 29573940m (timeout 120m)
[2026-03-25 07:00:00]     ⚠️  STALE (exceeded timeout)
[2026-03-25 07:00:00]   Task test-opt-parallel-logger: age 29573940m (timeout 120m)
[2026-03-25 07:00:00]     ⚠️  STALE (exceeded timeout)
[2026-03-25 07:00:00]   Task test-opt-parallel-error: age 29573940m (timeout 120m)
[2026-03-25 07:00:00]     ⚠️  STALE (exceeded timeout)
[2026-03-25 07:00:00]   Task audit-all-work: age 29573940m (timeout 120m)
[2026-03-25 07:00:00]     ⚠️  STALE (exceeded timeout)
[2026-03-25 07:00:00]   Task workqueue-automation: age 29573940m (timeout 120m)
[2026-03-25 07:00:00]     ⚠️  STALE (exceeded timeout)
[2026-03-25 07:00:00]   Task test-opt-analytics-opus: age 29573940m (timeout 120m)
[2026-03-25 07:00:00]     ⚠️  STALE (exceeded timeout)
[2026-03-25 07:00:00]   Task fix-trade-builder-403: age 29573940m (timeout 120m)
[2026-03-25 07:00:00]     ⚠️  STALE (exceeded timeout)
[2026-03-25 07:00:00]   Task fix-all-trade-issues: age 29573940m (timeout 120m)
[2026-03-25 07:00:00]     ⚠️  STALE (exceeded timeout)
[2026-03-25 07:00:00] Archiving 9 stale + 0 completed tasks...
[2026-03-25 07:10:00] Checking 9 active tasks...
[2026-03-25 07:10:00]   Task dogfood-qa-week4: age 29573950m (timeout 120m)
[2026-03-25 07:10:00]     ⚠️  STALE (exceeded timeout)
[2026-03-25 07:10:00]   Task fix-dogfood-week4: age 29573950m (timeout 120m)
[2026-03-25 07:10:00]     ⚠️  STALE (exceeded timeout)
[2026-03-25 07:10:00]   Task test-opt-parallel-logger: age 29573950m (timeout 120m)
[2026-03-25 07:10:00]     ⚠️  STALE (exceeded timeout)
[2026-03-25 07:10:00]   Task test-opt-parallel-error: age 29573950m (timeout 120m)
[2026-03-25 07:10:00]     ⚠️  STALE (exceeded timeout)
[2026-03-25 07:10:00]   Task audit-all-work: age 29573950m (timeout 120m)
[2026-03-25 07:10:00]     ⚠️  STALE (exceeded timeout)
[2026-03-25 07:10:00]   Task workqueue-automation: age 29573950m (timeout 120m)
[2026-03-25 07:10:00]     ⚠️  STALE (exceeded timeout)
[2026-03-25 07:10:00]   Task test-opt-analytics-opus: age 29573950m (timeout 120m)
[2026-03-25 07:10:00]     ⚠️  STALE (exceeded timeout)
[2026-03-25 07:10:00]   Task fix-trade-builder-403: age 29573950m (timeout 120m)
[2026-03-25 07:10:00]     ⚠️  STALE (exceeded timeout)
[2026-03-25 07:10:00]   Task fix-all-trade-issues: age 29573950m (timeout 120m)
[2026-03-25 07:10:00]     ⚠️  STALE (exceeded timeout)
[2026-03-25 07:10:00] Archiving 9 stale + 0 completed tasks...
[2026-03-25 07:20:00] Checking 9 active tasks...
[2026-03-25 07:20:00]   Task dogfood-qa-week4: age 29573960m (timeout 120m)
[2026-03-25 07:20:00]     ⚠️  STALE (exceeded timeout)
[2026-03-25 07:20:00]   Task fix-dogfood-week4: age 29573960m (timeout 120m)
[2026-03-25 07:20:00]     ⚠️  STALE (exceeded timeout)
[2026-03-25 07:20:00]   Task test-opt-parallel-logger: age 29573960m (timeout 120m)
[2026-03-25 07:20:00]     ⚠️  STALE (exceeded timeout)
[2026-03-25 07:20:00]   Task test-opt-parallel-error: age 29573960m (timeout 120m)
[2026-03-25 07:20:00]     ⚠️  STALE (exceeded timeout)
[2026-03-25 07:20:00]   Task audit-all-work: age 29573960m (timeout 120m)
[2026-03-25 07:20:00]     ⚠️  STALE (exceeded timeout)
[2026-03-25 07:20:00]   Task workqueue-automation: age 29573960m (timeout 120m)
[2026-03-25 07:20:00]     ⚠️  STALE (exceeded timeout)
[2026-03-25 07:20:00]   Task test-opt-analytics-opus: age 29573960m (timeout 120m)
[2026-03-25 07:20:00]     ⚠️  STALE (exceeded timeout)
[2026-03-25 07:20:00]   Task fix-trade-builder-403: age 29573960m (timeout 120m)
[2026-03-25 07:20:00]     ⚠️  STALE (exceeded timeout)
[2026-03-25 07:20:01]   Task fix-all-trade-issues: age 29573960m (timeout 120m)
[2026-03-25 07:20:01]     ⚠️  STALE (exceeded timeout)
[2026-03-25 07:20:01] Archiving 9 stale + 0 completed tasks...
[2026-03-25 07:30:00] Checking 9 active tasks...
[2026-03-25 07:30:00]   Task dogfood-qa-week4: age 29573970m (timeout 120m)
[2026-03-25 07:30:00]     ⚠️  STALE (exceeded timeout)
[2026-03-25 07:30:00]   Task fix-dogfood-week4: age 29573970m (timeout 120m)
[2026-03-25 07:30:00]     ⚠️  STALE (exceeded timeout)
[2026-03-25 07:30:00]   Task test-opt-parallel-logger: age 29573970m (timeout 120m)
[2026-03-25 07:30:00]     ⚠️  STALE (exceeded timeout)
[2026-03-25 07:30:00]   Task test-opt-parallel-error: age 29573970m (timeout 120m)
[2026-03-25 07:30:00]     ⚠️  STALE (exceeded timeout)
[2026-03-25 07:30:00]   Task audit-all-work: age 29573970m (timeout 120m)
[2026-03-25 07:30:00]     ⚠️  STALE (exceeded timeout)
[2026-03-25 07:30:00]   Task workqueue-automation: age 29573970m (timeout 120m)
[2026-03-25 07:30:00]     ⚠️  STALE (exceeded timeout)
[2026-03-25 07:30:00]   Task test-opt-analytics-opus: age 29573970m (timeout 120m)
[2026-03-25 07:30:00]     ⚠️  STALE (exceeded timeout)
[2026-03-25 07:30:00]   Task fix-trade-builder-403: age 29573970m (timeout 120m)
[2026-03-25 07:30:00]     ⚠️  STALE (exceeded timeout)
[2026-03-25 07:30:00]   Task fix-all-trade-issues: age 29573970m (timeout 120m)
[2026-03-25 07:30:00]     ⚠️  STALE (exceeded timeout)
[2026-03-25 07:30:00] Archiving 9 stale + 0 completed tasks...
[2026-03-25 07:40:00] Checking 9 active tasks...
[2026-03-25 07:40:00]   Task dogfood-qa-week4: age 29573980m (timeout 120m)
[2026-03-25 07:40:00]     ⚠️  STALE (exceeded timeout)
[2026-03-25 07:40:00]   Task fix-dogfood-week4: age 29573980m (timeout 120m)
[2026-03-25 07:40:00]     ⚠️  STALE (exceeded timeout)
[2026-03-25 07:40:00]   Task test-opt-parallel-logger: age 29573980m (timeout 120m)
[2026-03-25 07:40:00]     ⚠️  STALE (exceeded timeout)
[2026-03-25 07:40:00]   Task test-opt-parallel-error: age 29573980m (timeout 120m)
[2026-03-25 07:40:00]     ⚠️  STALE (exceeded timeout)
[2026-03-25 07:40:00]   Task audit-all-work: age 29573980m (timeout 120m)
[2026-03-25 07:40:00]     ⚠️  STALE (exceeded timeout)
[2026-03-25 07:40:00]   Task workqueue-automation: age 29573980m (timeout 120m)
[2026-03-25 07:40:00]     ⚠️  STALE (exceeded timeout)
[2026-03-25 07:40:00]   Task test-opt-analytics-opus: age 29573980m (timeout 120m)
[2026-03-25 07:40:00]     ⚠️  STALE (exceeded timeout)
[2026-03-25 07:40:01]   Task fix-trade-builder-403: age 29573980m (timeout 120m)
[2026-03-25 07:40:01]     ⚠️  STALE (exceeded timeout)
[2026-03-25 07:40:01]   Task fix-all-trade-issues: age 29573980m (timeout 120m)
[2026-03-25 07:40:01]     ⚠️  STALE (exceeded timeout)
[2026-03-25 07:40:01] Archiving 9 stale + 0 completed tasks...
[2026-03-25 07:50:01] Checking 9 active tasks...
[2026-03-25 07:50:01]   Task dogfood-qa-week4: age 29573990m (timeout 120m)
[2026-03-25 07:50:01]     ⚠️  STALE (exceeded timeout)
[2026-03-25 07:50:01]   Task fix-dogfood-week4: age 29573990m (timeout 120m)
[2026-03-25 07:50:01]     ⚠️  STALE (exceeded timeout)
[2026-03-25 07:50:01]   Task test-opt-parallel-logger: age 29573990m (timeout 120m)
[2026-03-25 07:50:01]     ⚠️  STALE (exceeded timeout)
[2026-03-25 07:50:01]   Task test-opt-parallel-error: age 29573990m (timeout 120m)
[2026-03-25 07:50:01]     ⚠️  STALE (exceeded timeout)
[2026-03-25 07:50:01]   Task audit-all-work: age 29573990m (timeout 120m)
[2026-03-25 07:50:01]     ⚠️  STALE (exceeded timeout)
[2026-03-25 07:50:01]   Task workqueue-automation: age 29573990m (timeout 120m)
[2026-03-25 07:50:01]     ⚠️  STALE (exceeded timeout)
[2026-03-25 07:50:01]   Task test-opt-analytics-opus: age 29573990m (timeout 120m)
[2026-03-25 07:50:01]     ⚠️  STALE (exceeded timeout)
[2026-03-25 07:50:01]   Task fix-trade-builder-403: age 29573990m (timeout 120m)
[2026-03-25 07:50:01]     ⚠️  STALE (exceeded timeout)
[2026-03-25 07:50:01]   Task fix-all-trade-issues: age 29573990m (timeout 120m)
[2026-03-25 07:50:01]     ⚠️  STALE (exceeded timeout)
[2026-03-25 07:50:01] Archiving 9 stale + 0 completed tasks...
[2026-03-25 08:00:00] Checking 9 active tasks...
[2026-03-25 08:00:00]   Task dogfood-qa-week4: age 29574000m (timeout 120m)
[2026-03-25 08:00:00]     ⚠️  STALE (exceeded timeout)
[2026-03-25 08:00:00]   Task fix-dogfood-week4: age 29574000m (timeout 120m)
[2026-03-25 08:00:00]     ⚠️  STALE (exceeded timeout)
[2026-03-25 08:00:00]   Task test-opt-parallel-logger: age 29574000m (timeout 120m)
[2026-03-25 08:00:00]     ⚠️  STALE (exceeded timeout)
[2026-03-25 08:00:00]   Task test-opt-parallel-error: age 29574000m (timeout 120m)
[2026-03-25 08:00:00]     ⚠️  STALE (exceeded timeout)
[2026-03-25 08:00:00]   Task audit-all-work: age 29574000m (timeout 120m)
[2026-03-25 08:00:00]     ⚠️  STALE (exceeded timeout)
[2026-03-25 08:00:00]   Task workqueue-automation: age 29574000m (timeout 120m)
[2026-03-25 08:00:00]     ⚠️  STALE (exceeded timeout)
[2026-03-25 08:00:00]   Task test-opt-analytics-opus: age 29574000m (timeout 120m)
[2026-03-25 08:00:00]     ⚠️  STALE (exceeded timeout)
[2026-03-25 08:00:00]   Task fix-trade-builder-403: age 29574000m (timeout 120m)
[2026-03-25 08:00:00]     ⚠️  STALE (exceeded timeout)
[2026-03-25 08:00:00]   Task fix-all-trade-issues: age 29574000m (timeout 120m)
[2026-03-25 08:00:00]     ⚠️  STALE (exceeded timeout)
[2026-03-25 08:00:00] Archiving 9 stale + 0 completed tasks...
[2026-03-25 08:10:00] Checking 9 active tasks...
[2026-03-25 08:10:00]   Task dogfood-qa-week4: age 29574010m (timeout 120m)
[2026-03-25 08:10:00]     ⚠️  STALE (exceeded timeout)
[2026-03-25 08:10:00]   Task fix-dogfood-week4: age 29574010m (timeout 120m)
[2026-03-25 08:10:00]     ⚠️  STALE (exceeded timeout)
[2026-03-25 08:10:00]   Task test-opt-parallel-logger: age 29574010m (timeout 120m)
[2026-03-25 08:10:00]     ⚠️  STALE (exceeded timeout)
[2026-03-25 08:10:00]   Task test-opt-parallel-error: age 29574010m (timeout 120m)
[2026-03-25 08:10:00]     ⚠️  STALE (exceeded timeout)
[2026-03-25 08:10:00]   Task audit-all-work: age 29574010m (timeout 120m)
[2026-03-25 08:10:00]     ⚠️  STALE (exceeded timeout)
[2026-03-25 08:10:00]   Task workqueue-automation: age 29574010m (timeout 120m)
[2026-03-25 08:10:00]     ⚠️  STALE (exceeded timeout)
[2026-03-25 08:10:00]   Task test-opt-analytics-opus: age 29574010m (timeout 120m)
[2026-03-25 08:10:00]     ⚠️  STALE (exceeded timeout)
[2026-03-25 08:10:01]   Task fix-trade-builder-403: age 29574010m (timeout 120m)
[2026-03-25 08:10:01]     ⚠️  STALE (exceeded timeout)
[2026-03-25 08:10:01]   Task fix-all-trade-issues: age 29574010m (timeout 120m)
[2026-03-25 08:10:01]     ⚠️  STALE (exceeded timeout)
[2026-03-25 08:10:01] Archiving 9 stale + 0 completed tasks...
[2026-03-25 08:20:00] Checking 9 active tasks...
[2026-03-25 08:20:00]   Task dogfood-qa-week4: age 29574020m (timeout 120m)
[2026-03-25 08:20:00]     ⚠️  STALE (exceeded timeout)
[2026-03-25 08:20:00]   Task fix-dogfood-week4: age 29574020m (timeout 120m)
[2026-03-25 08:20:00]     ⚠️  STALE (exceeded timeout)
[2026-03-25 08:20:00]   Task test-opt-parallel-logger: age 29574020m (timeout 120m)
[2026-03-25 08:20:00]     ⚠️  STALE (exceeded timeout)
[2026-03-25 08:20:00]   Task test-opt-parallel-error: age 29574020m (timeout 120m)
[2026-03-25 08:20:00]     ⚠️  STALE (exceeded timeout)
[2026-03-25 08:20:00]   Task audit-all-work: age 29574020m (timeout 120m)
[2026-03-25 08:20:00]     ⚠️  STALE (exceeded timeout)
[2026-03-25 08:20:00]   Task workqueue-automation: age 29574020m (timeout 120m)
[2026-03-25 08:20:00]     ⚠️  STALE (exceeded timeout)
[2026-03-25 08:20:00]   Task test-opt-analytics-opus: age 29574020m (timeout 120m)
[2026-03-25 08:20:00]     ⚠️  STALE (exceeded timeout)
[2026-03-25 08:20:00]   Task fix-trade-builder-403: age 29574020m (timeout 120m)
[2026-03-25 08:20:00]     ⚠️  STALE (exceeded timeout)
[2026-03-25 08:20:00]   Task fix-all-trade-issues: age 29574020m (timeout 120m)
[2026-03-25 08:20:00]     ⚠️  STALE (exceeded timeout)
[2026-03-25 08:20:00] Archiving 9 stale + 0 completed tasks...
[2026-03-25 08:30:01] Checking 9 active tasks...
[2026-03-25 08:30:01]   Task dogfood-qa-week4: age 29574030m (timeout 120m)
[2026-03-25 08:30:01]     ⚠️  STALE (exceeded timeout)
[2026-03-25 08:30:01]   Task fix-dogfood-week4: age 29574030m (timeout 120m)
[2026-03-25 08:30:01]     ⚠️  STALE (exceeded timeout)
[2026-03-25 08:30:01]   Task test-opt-parallel-logger: age 29574030m (timeout 120m)
[2026-03-25 08:30:01]     ⚠️  STALE (exceeded timeout)
[2026-03-25 08:30:01]   Task test-opt-parallel-error: age 29574030m (timeout 120m)
[2026-03-25 08:30:01]     ⚠️  STALE (exceeded timeout)
[2026-03-25 08:30:01]   Task audit-all-work: age 29574030m (timeout 120m)
[2026-03-25 08:30:01]     ⚠️  STALE (exceeded timeout)
[2026-03-25 08:30:01]   Task workqueue-automation: age 29574030m (timeout 120m)
[2026-03-25 08:30:01]     ⚠️  STALE (exceeded timeout)
[2026-03-25 08:30:01]   Task test-opt-analytics-opus: age 29574030m (timeout 120m)
[2026-03-25 08:30:01]     ⚠️  STALE (exceeded timeout)
[2026-03-25 08:30:01]   Task fix-trade-builder-403: age 29574030m (timeout 120m)
[2026-03-25 08:30:01]     ⚠️  STALE (exceeded timeout)
[2026-03-25 08:30:01]   Task fix-all-trade-issues: age 29574030m (timeout 120m)
[2026-03-25 08:30:01]     ⚠️  STALE (exceeded timeout)
[2026-03-25 08:30:01] Archiving 9 stale + 0 completed tasks...
[2026-03-25 08:40:00] Checking 9 active tasks...
[2026-03-25 08:40:00]   Task dogfood-qa-week4: age 29574040m (timeout 120m)
[2026-03-25 08:40:00]     ⚠️  STALE (exceeded timeout)
[2026-03-25 08:40:00]   Task fix-dogfood-week4: age 29574040m (timeout 120m)
[2026-03-25 08:40:00]     ⚠️  STALE (exceeded timeout)
[2026-03-25 08:40:00]   Task test-opt-parallel-logger: age 29574040m (timeout 120m)
[2026-03-25 08:40:00]     ⚠️  STALE (exceeded timeout)
[2026-03-25 08:40:00]   Task test-opt-parallel-error: age 29574040m (timeout 120m)
[2026-03-25 08:40:00]     ⚠️  STALE (exceeded timeout)
[2026-03-25 08:40:00]   Task audit-all-work: age 29574040m (timeout 120m)
[2026-03-25 08:40:00]     ⚠️  STALE (exceeded timeout)
[2026-03-25 08:40:00]   Task workqueue-automation: age 29574040m (timeout 120m)
[2026-03-25 08:40:00]     ⚠️  STALE (exceeded timeout)
[2026-03-25 08:40:00]   Task test-opt-analytics-opus: age 29574040m (timeout 120m)
[2026-03-25 08:40:00]     ⚠️  STALE (exceeded timeout)
[2026-03-25 08:40:00]   Task fix-trade-builder-403: age 29574040m (timeout 120m)
[2026-03-25 08:40:00]     ⚠️  STALE (exceeded timeout)
[2026-03-25 08:40:00]   Task fix-all-trade-issues: age 29574040m (timeout 120m)
[2026-03-25 08:40:00]     ⚠️  STALE (exceeded timeout)
[2026-03-25 08:40:00] Archiving 9 stale + 0 completed tasks...
[2026-03-25 08:50:00] Checking 9 active tasks...
[2026-03-25 08:50:00]   Task dogfood-qa-week4: age 29574050m (timeout 120m)
[2026-03-25 08:50:00]     ⚠️  STALE (exceeded timeout)
[2026-03-25 08:50:00]   Task fix-dogfood-week4: age 29574050m (timeout 120m)
[2026-03-25 08:50:00]     ⚠️  STALE (exceeded timeout)
[2026-03-25 08:50:00]   Task test-opt-parallel-logger: age 29574050m (timeout 120m)
[2026-03-25 08:50:00]     ⚠️  STALE (exceeded timeout)
[2026-03-25 08:50:00]   Task test-opt-parallel-error: age 29574050m (timeout 120m)
[2026-03-25 08:50:00]     ⚠️  STALE (exceeded timeout)
[2026-03-25 08:50:00]   Task audit-all-work: age 29574050m (timeout 120m)
[2026-03-25 08:50:00]     ⚠️  STALE (exceeded timeout)
[2026-03-25 08:50:00]   Task workqueue-automation: age 29574050m (timeout 120m)
[2026-03-25 08:50:00]     ⚠️  STALE (exceeded timeout)
[2026-03-25 08:50:00]   Task test-opt-analytics-opus: age 29574050m (timeout 120m)
[2026-03-25 08:50:00]     ⚠️  STALE (exceeded timeout)
[2026-03-25 08:50:00]   Task fix-trade-builder-403: age 29574050m (timeout 120m)
[2026-03-25 08:50:00]     ⚠️  STALE (exceeded timeout)
[2026-03-25 08:50:00]   Task fix-all-trade-issues: age 29574050m (timeout 120m)
[2026-03-25 08:50:00]     ⚠️  STALE (exceeded timeout)
[2026-03-25 08:50:00] Archiving 9 stale + 0 completed tasks...
[2026-03-25 09:00:00] Checking 9 active tasks...
[2026-03-25 09:00:00]   Task dogfood-qa-week4: age 29574060m (timeout 120m)
[2026-03-25 09:00:00]     ⚠️  STALE (exceeded timeout)
[2026-03-25 09:00:00]   Task fix-dogfood-week4: age 29574060m (timeout 120m)
[2026-03-25 09:00:00]     ⚠️  STALE (exceeded timeout)
[2026-03-25 09:00:00]   Task test-opt-parallel-logger: age 29574060m (timeout 120m)
[2026-03-25 09:00:00]     ⚠️  STALE (exceeded timeout)
[2026-03-25 09:00:00]   Task test-opt-parallel-error: age 29574060m (timeout 120m)
[2026-03-25 09:00:00]     ⚠️  STALE (exceeded timeout)
[2026-03-25 09:00:00]   Task audit-all-work: age 29574060m (timeout 120m)
[2026-03-25 09:00:00]     ⚠️  STALE (exceeded timeout)
[2026-03-25 09:00:01]   Task workqueue-automation: age 29574060m (timeout 120m)
[2026-03-25 09:00:01]     ⚠️  STALE (exceeded timeout)
[2026-03-25 09:00:01]   Task test-opt-analytics-opus: age 29574060m (timeout 120m)
[2026-03-25 09:00:01]     ⚠️  STALE (exceeded timeout)
[2026-03-25 09:00:01]   Task fix-trade-builder-403: age 29574060m (timeout 120m)
[2026-03-25 09:00:01]     ⚠️  STALE (exceeded timeout)
[2026-03-25 09:00:01]   Task fix-all-trade-issues: age 29574060m (timeout 120m)
[2026-03-25 09:00:01]     ⚠️  STALE (exceeded timeout)
[2026-03-25 09:00:01] Archiving 9 stale + 0 completed tasks...
[2026-03-25 09:10:00] Checking 9 active tasks...
[2026-03-25 09:10:00]   Task dogfood-qa-week4: age 29574070m (timeout 120m)
[2026-03-25 09:10:00]     ⚠️  STALE (exceeded timeout)
[2026-03-25 09:10:00]   Task fix-dogfood-week4: age 29574070m (timeout 120m)
[2026-03-25 09:10:00]     ⚠️  STALE (exceeded timeout)
[2026-03-25 09:10:00]   Task test-opt-parallel-logger: age 29574070m (timeout 120m)
[2026-03-25 09:10:00]     ⚠️  STALE (exceeded timeout)
[2026-03-25 09:10:00]   Task test-opt-parallel-error: age 29574070m (timeout 120m)
[2026-03-25 09:10:00]     ⚠️  STALE (exceeded timeout)
[2026-03-25 09:10:00]   Task audit-all-work: age 29574070m (timeout 120m)
[2026-03-25 09:10:00]     ⚠️  STALE (exceeded timeout)
[2026-03-25 09:10:00]   Task workqueue-automation: age 29574070m (timeout 120m)
[2026-03-25 09:10:00]     ⚠️  STALE (exceeded timeout)
[2026-03-25 09:10:00]   Task test-opt-analytics-opus: age 29574070m (timeout 120m)
[2026-03-25 09:10:00]     ⚠️  STALE (exceeded timeout)
[2026-03-25 09:10:00]   Task fix-trade-builder-403: age 29574070m (timeout 120m)
[2026-03-25 09:10:00]     ⚠️  STALE (exceeded timeout)
[2026-03-25 09:10:00]   Task fix-all-trade-issues: age 29574070m (timeout 120m)
[2026-03-25 09:10:00]     ⚠️  STALE (exceeded timeout)
[2026-03-25 09:10:00] Archiving 9 stale + 0 completed tasks...
[2026-03-25 09:20:00] Checking 9 active tasks...
[2026-03-25 09:20:00]   Task dogfood-qa-week4: age 29574080m (timeout 120m)
[2026-03-25 09:20:00]     ⚠️  STALE (exceeded timeout)
[2026-03-25 09:20:00]   Task fix-dogfood-week4: age 29574080m (timeout 120m)
[2026-03-25 09:20:00]     ⚠️  STALE (exceeded timeout)
[2026-03-25 09:20:00]   Task test-opt-parallel-logger: age 29574080m (timeout 120m)
[2026-03-25 09:20:00]     ⚠️  STALE (exceeded timeout)
[2026-03-25 09:20:00]   Task test-opt-parallel-error: age 29574080m (timeout 120m)
[2026-03-25 09:20:00]     ⚠️  STALE (exceeded timeout)
[2026-03-25 09:20:00]   Task audit-all-work: age 29574080m (timeout 120m)
[2026-03-25 09:20:00]     ⚠️  STALE (exceeded timeout)
[2026-03-25 09:20:00]   Task workqueue-automation: age 29574080m (timeout 120m)
[2026-03-25 09:20:00]     ⚠️  STALE (exceeded timeout)
[2026-03-25 09:20:01]   Task test-opt-analytics-opus: age 29574080m (timeout 120m)
[2026-03-25 09:20:01]     ⚠️  STALE (exceeded timeout)
[2026-03-25 09:20:01]   Task fix-trade-builder-403: age 29574080m (timeout 120m)
[2026-03-25 09:20:01]     ⚠️  STALE (exceeded timeout)
[2026-03-25 09:20:01]   Task fix-all-trade-issues: age 29574080m (timeout 120m)
[2026-03-25 09:20:01]     ⚠️  STALE (exceeded timeout)
[2026-03-25 09:20:01] Archiving 9 stale + 0 completed tasks...
[2026-03-25 09:30:00] Checking 9 active tasks...
[2026-03-25 09:30:00]   Task dogfood-qa-week4: age 29574090m (timeout 120m)
[2026-03-25 09:30:00]     ⚠️  STALE (exceeded timeout)
[2026-03-25 09:30:00]   Task fix-dogfood-week4: age 29574090m (timeout 120m)
[2026-03-25 09:30:00]     ⚠️  STALE (exceeded timeout)
[2026-03-25 09:30:00]   Task test-opt-parallel-logger: age 29574090m (timeout 120m)
[2026-03-25 09:30:00]     ⚠️  STALE (exceeded timeout)
[2026-03-25 09:30:00]   Task test-opt-parallel-error: age 29574090m (timeout 120m)
[2026-03-25 09:30:00]     ⚠️  STALE (exceeded timeout)
[2026-03-25 09:30:00]   Task audit-all-work: age 29574090m (timeout 120m)
[2026-03-25 09:30:00]     ⚠️  STALE (exceeded timeout)
[2026-03-25 09:30:00]   Task workqueue-automation: age 29574090m (timeout 120m)
[2026-03-25 09:30:00]     ⚠️  STALE (exceeded timeout)
[2026-03-25 09:30:00]   Task test-opt-analytics-opus: age 29574090m (timeout 120m)
[2026-03-25 09:30:00]     ⚠️  STALE (exceeded timeout)
[2026-03-25 09:30:00]   Task fix-trade-builder-403: age 29574090m (timeout 120m)
[2026-03-25 09:30:00]     ⚠️  STALE (exceeded timeout)
[2026-03-25 09:30:00]   Task fix-all-trade-issues: age 29574090m (timeout 120m)
[2026-03-25 09:30:00]     ⚠️  STALE (exceeded timeout)
[2026-03-25 09:30:00] Archiving 9 stale + 0 completed tasks...
[2026-03-25 09:40:00] Checking 9 active tasks...
[2026-03-25 09:40:00]   Task dogfood-qa-week4: age 29574100m (timeout 120m)
[2026-03-25 09:40:00]     ⚠️  STALE (exceeded timeout)
[2026-03-25 09:40:00]   Task fix-dogfood-week4: age 29574100m (timeout 120m)
[2026-03-25 09:40:00]     ⚠️  STALE (exceeded timeout)
[2026-03-25 09:40:00]   Task test-opt-parallel-logger: age 29574100m (timeout 120m)
[2026-03-25 09:40:00]     ⚠️  STALE (exceeded timeout)
[2026-03-25 09:40:00]   Task test-opt-parallel-error: age 29574100m (timeout 120m)
[2026-03-25 09:40:00]     ⚠️  STALE (exceeded timeout)
[2026-03-25 09:40:00]   Task audit-all-work: age 29574100m (timeout 120m)
[2026-03-25 09:40:00]     ⚠️  STALE (exceeded timeout)
[2026-03-25 09:40:00]   Task workqueue-automation: age 29574100m (timeout 120m)
[2026-03-25 09:40:00]     ⚠️  STALE (exceeded timeout)
[2026-03-25 09:40:00]   Task test-opt-analytics-opus: age 29574100m (timeout 120m)
[2026-03-25 09:40:00]     ⚠️  STALE (exceeded timeout)
[2026-03-25 09:40:00]   Task fix-trade-builder-403: age 29574100m (timeout 120m)
[2026-03-25 09:40:00]     ⚠️  STALE (exceeded timeout)
[2026-03-25 09:40:00]   Task fix-all-trade-issues: age 29574100m (timeout 120m)
[2026-03-25 09:40:00]     ⚠️  STALE (exceeded timeout)
[2026-03-25 09:40:00] Archiving 9 stale + 0 completed tasks...
[2026-03-25 09:50:00] Checking 9 active tasks...
[2026-03-25 09:50:00]   Task dogfood-qa-week4: age 29574110m (timeout 120m)
[2026-03-25 09:50:00]     ⚠️  STALE (exceeded timeout)
[2026-03-25 09:50:00]   Task fix-dogfood-week4: age 29574110m (timeout 120m)
[2026-03-25 09:50:00]     ⚠️  STALE (exceeded timeout)
[2026-03-25 09:50:00]   Task test-opt-parallel-logger: age 29574110m (timeout 120m)
[2026-03-25 09:50:00]     ⚠️  STALE (exceeded timeout)
[2026-03-25 09:50:00]   Task test-opt-parallel-error: age 29574110m (timeout 120m)
[2026-03-25 09:50:00]     ⚠️  STALE (exceeded timeout)
[2026-03-25 09:50:00]   Task audit-all-work: age 29574110m (timeout 120m)
[2026-03-25 09:50:00]     ⚠️  STALE (exceeded timeout)
[2026-03-25 09:50:00]   Task workqueue-automation: age 29574110m (timeout 120m)
[2026-03-25 09:50:00]     ⚠️  STALE (exceeded timeout)
[2026-03-25 09:50:00]   Task test-opt-analytics-opus: age 29574110m (timeout 120m)
[2026-03-25 09:50:00]     ⚠️  STALE (exceeded timeout)
[2026-03-25 09:50:00]   Task fix-trade-builder-403: age 29574110m (timeout 120m)
[2026-03-25 09:50:00]     ⚠️  STALE (exceeded timeout)
[2026-03-25 09:50:00]   Task fix-all-trade-issues: age 29574110m (timeout 120m)
[2026-03-25 09:50:00]     ⚠️  STALE (exceeded timeout)
[2026-03-25 09:50:00] Archiving 9 stale + 0 completed tasks...
[2026-03-25 10:00:00] Checking 9 active tasks...
[2026-03-25 10:00:00]   Task dogfood-qa-week4: age 29574120m (timeout 120m)
[2026-03-25 10:00:00]     ⚠️  STALE (exceeded timeout)
[2026-03-25 10:00:00]   Task fix-dogfood-week4: age 29574120m (timeout 120m)
[2026-03-25 10:00:00]     ⚠️  STALE (exceeded timeout)
[2026-03-25 10:00:00]   Task test-opt-parallel-logger: age 29574120m (timeout 120m)
[2026-03-25 10:00:00]     ⚠️  STALE (exceeded timeout)
[2026-03-25 10:00:00]   Task test-opt-parallel-error: age 29574120m (timeout 120m)
[2026-03-25 10:00:00]     ⚠️  STALE (exceeded timeout)
[2026-03-25 10:00:00]   Task audit-all-work: age 29574120m (timeout 120m)
[2026-03-25 10:00:00]     ⚠️  STALE (exceeded timeout)
[2026-03-25 10:00:00]   Task workqueue-automation: age 29574120m (timeout 120m)
[2026-03-25 10:00:00]     ⚠️  STALE (exceeded timeout)
[2026-03-25 10:00:00]   Task test-opt-analytics-opus: age 29574120m (timeout 120m)
[2026-03-25 10:00:00]     ⚠️  STALE (exceeded timeout)
[2026-03-25 10:00:00]   Task fix-trade-builder-403: age 29574120m (timeout 120m)
[2026-03-25 10:00:00]     ⚠️  STALE (exceeded timeout)
[2026-03-25 10:00:00]   Task fix-all-trade-issues: age 29574120m (timeout 120m)
[2026-03-25 10:00:00]     ⚠️  STALE (exceeded timeout)
[2026-03-25 10:00:00] Archiving 9 stale + 0 completed tasks...
[2026-03-25 10:10:00] Checking 9 active tasks...
[2026-03-25 10:10:00]   Task dogfood-qa-week4: age 29574130m (timeout 120m)
[2026-03-25 10:10:00]     ⚠️  STALE (exceeded timeout)
[2026-03-25 10:10:00]   Task fix-dogfood-week4: age 29574130m (timeout 120m)
[2026-03-25 10:10:00]     ⚠️  STALE (exceeded timeout)
[2026-03-25 10:10:00]   Task test-opt-parallel-logger: age 29574130m (timeout 120m)
[2026-03-25 10:10:00]     ⚠️  STALE (exceeded timeout)
[2026-03-25 10:10:00]   Task test-opt-parallel-error: age 29574130m (timeout 120m)
[2026-03-25 10:10:00]     ⚠️  STALE (exceeded timeout)
[2026-03-25 10:10:01]   Task audit-all-work: age 29574130m (timeout 120m)
[2026-03-25 10:10:01]     ⚠️  STALE (exceeded timeout)
[2026-03-25 10:10:01]   Task workqueue-automation: age 29574130m (timeout 120m)
[2026-03-25 10:10:01]     ⚠️  STALE (exceeded timeout)
[2026-03-25 10:10:01]   Task test-opt-analytics-opus: age 29574130m (timeout 120m)
[2026-03-25 10:10:01]     ⚠️  STALE (exceeded timeout)
[2026-03-25 10:10:01]   Task fix-trade-builder-403: age 29574130m (timeout 120m)
[2026-03-25 10:10:01]     ⚠️  STALE (exceeded timeout)
[2026-03-25 10:10:01]   Task fix-all-trade-issues: age 29574130m (timeout 120m)
[2026-03-25 10:10:01]     ⚠️  STALE (exceeded timeout)
[2026-03-25 10:10:01] Archiving 9 stale + 0 completed tasks...
[2026-03-25 10:20:00] Checking 9 active tasks...
[2026-03-25 10:20:00]   Task dogfood-qa-week4: age 29574140m (timeout 120m)
[2026-03-25 10:20:00]     ⚠️  STALE (exceeded timeout)
[2026-03-25 10:20:00]   Task fix-dogfood-week4: age 29574140m (timeout 120m)
[2026-03-25 10:20:00]     ⚠️  STALE (exceeded timeout)
[2026-03-25 10:20:00]   Task test-opt-parallel-logger: age 29574140m (timeout 120m)
[2026-03-25 10:20:00]     ⚠️  STALE (exceeded timeout)
[2026-03-25 10:20:00]   Task test-opt-parallel-error: age 29574140m (timeout 120m)
[2026-03-25 10:20:00]     ⚠️  STALE (exceeded timeout)
[2026-03-25 10:20:00]   Task audit-all-work: age 29574140m (timeout 120m)
[2026-03-25 10:20:00]     ⚠️  STALE (exceeded timeout)
[2026-03-25 10:20:00]   Task workqueue-automation: age 29574140m (timeout 120m)
[2026-03-25 10:20:00]     ⚠️  STALE (exceeded timeout)
[2026-03-25 10:20:00]   Task test-opt-analytics-opus: age 29574140m (timeout 120m)
[2026-03-25 10:20:00]     ⚠️  STALE (exceeded timeout)
[2026-03-25 10:20:00]   Task fix-trade-builder-403: age 29574140m (timeout 120m)
[2026-03-25 10:20:00]     ⚠️  STALE (exceeded timeout)
[2026-03-25 10:20:00]   Task fix-all-trade-issues: age 29574140m (timeout 120m)
[2026-03-25 10:20:00]     ⚠️  STALE (exceeded timeout)
[2026-03-25 10:20:00] Archiving 9 stale + 0 completed tasks...
[2026-03-25 10:30:00] Checking 9 active tasks...
[2026-03-25 10:30:00]   Task dogfood-qa-week4: age 29574150m (timeout 120m)
[2026-03-25 10:30:00]     ⚠️  STALE (exceeded timeout)
[2026-03-25 10:30:00]   Task fix-dogfood-week4: age 29574150m (timeout 120m)
[2026-03-25 10:30:00]     ⚠️  STALE (exceeded timeout)
[2026-03-25 10:30:00]   Task test-opt-parallel-logger: age 29574150m (timeout 120m)
[2026-03-25 10:30:00]     ⚠️  STALE (exceeded timeout)
[2026-03-25 10:30:00]   Task test-opt-parallel-error: age 29574150m (timeout 120m)
[2026-03-25 10:30:00]     ⚠️  STALE (exceeded timeout)
[2026-03-25 10:30:00]   Task audit-all-work: age 29574150m (timeout 120m)
[2026-03-25 10:30:00]     ⚠️  STALE (exceeded timeout)
[2026-03-25 10:30:00]   Task workqueue-automation: age 29574150m (timeout 120m)
[2026-03-25 10:30:00]     ⚠️  STALE (exceeded timeout)
[2026-03-25 10:30:00]   Task test-opt-analytics-opus: age 29574150m (timeout 120m)
[2026-03-25 10:30:00]     ⚠️  STALE (exceeded timeout)
[2026-03-25 10:30:00]   Task fix-trade-builder-403: age 29574150m (timeout 120m)
[2026-03-25 10:30:00]     ⚠️  STALE (exceeded timeout)
[2026-03-25 10:30:00]   Task fix-all-trade-issues: age 29574150m (timeout 120m)
[2026-03-25 10:30:00]     ⚠️  STALE (exceeded timeout)
[2026-03-25 10:30:00] Archiving 9 stale + 0 completed tasks...
[2026-03-25 10:40:00] Checking 9 active tasks...
[2026-03-25 10:40:00]   Task dogfood-qa-week4: age 29574160m (timeout 120m)
[2026-03-25 10:40:00]     ⚠️  STALE (exceeded timeout)
[2026-03-25 10:40:00]   Task fix-dogfood-week4: age 29574160m (timeout 120m)
[2026-03-25 10:40:00]     ⚠️  STALE (exceeded timeout)
[2026-03-25 10:40:00]   Task test-opt-parallel-logger: age 29574160m (timeout 120m)
[2026-03-25 10:40:01]     ⚠️  STALE (exceeded timeout)
[2026-03-25 10:40:01]   Task test-opt-parallel-error: age 29574160m (timeout 120m)
[2026-03-25 10:40:01]     ⚠️  STALE (exceeded timeout)
[2026-03-25 10:40:01]   Task audit-all-work: age 29574160m (timeout 120m)
[2026-03-25 10:40:01]     ⚠️  STALE (exceeded timeout)
[2026-03-25 10:40:01]   Task workqueue-automation: age 29574160m (timeout 120m)
[2026-03-25 10:40:01]     ⚠️  STALE (exceeded timeout)
[2026-03-25 10:40:01]   Task test-opt-analytics-opus: age 29574160m (timeout 120m)
[2026-03-25 10:40:01]     ⚠️  STALE (exceeded timeout)
[2026-03-25 10:40:01]   Task fix-trade-builder-403: age 29574160m (timeout 120m)
[2026-03-25 10:40:01]     ⚠️  STALE (exceeded timeout)
[2026-03-25 10:40:01]   Task fix-all-trade-issues: age 29574160m (timeout 120m)
[2026-03-25 10:40:01]     ⚠️  STALE (exceeded timeout)
[2026-03-25 10:40:01] Archiving 9 stale + 0 completed tasks...
[2026-03-25 10:50:00] Checking 9 active tasks...
[2026-03-25 10:50:00]   Task dogfood-qa-week4: age 29574170m (timeout 120m)
[2026-03-25 10:50:00]     ⚠️  STALE (exceeded timeout)
[2026-03-25 10:50:00]   Task fix-dogfood-week4: age 29574170m (timeout 120m)
[2026-03-25 10:50:00]     ⚠️  STALE (exceeded timeout)
[2026-03-25 10:50:00]   Task test-opt-parallel-logger: age 29574170m (timeout 120m)
[2026-03-25 10:50:00]     ⚠️  STALE (exceeded timeout)
[2026-03-25 10:50:00]   Task test-opt-parallel-error: age 29574170m (timeout 120m)
[2026-03-25 10:50:00]     ⚠️  STALE (exceeded timeout)
[2026-03-25 10:50:00]   Task audit-all-work: age 29574170m (timeout 120m)
[2026-03-25 10:50:00]     ⚠️  STALE (exceeded timeout)
[2026-03-25 10:50:00]   Task workqueue-automation: age 29574170m (timeout 120m)
[2026-03-25 10:50:00]     ⚠️  STALE (exceeded timeout)
[2026-03-25 10:50:00]   Task test-opt-analytics-opus: age 29574170m (timeout 120m)
[2026-03-25 10:50:00]     ⚠️  STALE (exceeded timeout)
[2026-03-25 10:50:00]   Task fix-trade-builder-403: age 29574170m (timeout 120m)
[2026-03-25 10:50:00]     ⚠️  STALE (exceeded timeout)
[2026-03-25 10:50:00]   Task fix-all-trade-issues: age 29574170m (timeout 120m)
[2026-03-25 10:50:00]     ⚠️  STALE (exceeded timeout)
[2026-03-25 10:50:00] Archiving 9 stale + 0 completed tasks...
[2026-03-25 11:00:00] Checking 9 active tasks...
[2026-03-25 11:00:00]   Task dogfood-qa-week4: age 29574180m (timeout 120m)
[2026-03-25 11:00:00]     ⚠️  STALE (exceeded timeout)
[2026-03-25 11:00:00]   Task fix-dogfood-week4: age 29574180m (timeout 120m)
[2026-03-25 11:00:00]     ⚠️  STALE (exceeded timeout)
[2026-03-25 11:00:00]   Task test-opt-parallel-logger: age 29574180m (timeout 120m)
[2026-03-25 11:00:00]     ⚠️  STALE (exceeded timeout)
[2026-03-25 11:00:00]   Task test-opt-parallel-error: age 29574180m (timeout 120m)
[2026-03-25 11:00:00]     ⚠️  STALE (exceeded timeout)
[2026-03-25 11:00:01]   Task audit-all-work: age 29574180m (timeout 120m)
[2026-03-25 11:00:01]     ⚠️  STALE (exceeded timeout)
[2026-03-25 11:00:01]   Task workqueue-automation: age 29574180m (timeout 120m)
[2026-03-25 11:00:01]     ⚠️  STALE (exceeded timeout)
[2026-03-25 11:00:01]   Task test-opt-analytics-opus: age 29574180m (timeout 120m)
[2026-03-25 11:00:01]     ⚠️  STALE (exceeded timeout)
[2026-03-25 11:00:01]   Task fix-trade-builder-403: age 29574180m (timeout 120m)
[2026-03-25 11:00:01]     ⚠️  STALE (exceeded timeout)
[2026-03-25 11:00:01]   Task fix-all-trade-issues: age 29574180m (timeout 120m)
[2026-03-25 11:00:01]     ⚠️  STALE (exceeded timeout)
[2026-03-25 11:00:01] Archiving 9 stale + 0 completed tasks...
[2026-03-25 11:10:00] Checking 9 active tasks...
[2026-03-25 11:10:00]   Task dogfood-qa-week4: age 29574190m (timeout 120m)
[2026-03-25 11:10:00]     ⚠️  STALE (exceeded timeout)
[2026-03-25 11:10:00]   Task fix-dogfood-week4: age 29574190m (timeout 120m)
[2026-03-25 11:10:00]     ⚠️  STALE (exceeded timeout)
[2026-03-25 11:10:00]   Task test-opt-parallel-logger: age 29574190m (timeout 120m)
[2026-03-25 11:10:00]     ⚠️  STALE (exceeded timeout)
[2026-03-25 11:10:00]   Task test-opt-parallel-error: age 29574190m (timeout 120m)
[2026-03-25 11:10:00]     ⚠️  STALE (exceeded timeout)
[2026-03-25 11:10:00]   Task audit-all-work: age 29574190m (timeout 120m)
[2026-03-25 11:10:00]     ⚠️  STALE (exceeded timeout)
[2026-03-25 11:10:00]   Task workqueue-automation: age 29574190m (timeout 120m)
[2026-03-25 11:10:00]     ⚠️  STALE (exceeded timeout)
[2026-03-25 11:10:00]   Task test-opt-analytics-opus: age 29574190m (timeout 120m)
[2026-03-25 11:10:00]     ⚠️  STALE (exceeded timeout)
[2026-03-25 11:10:00]   Task fix-trade-builder-403: age 29574190m (timeout 120m)
[2026-03-25 11:10:00]     ⚠️  STALE (exceeded timeout)
[2026-03-25 11:10:01]   Task fix-all-trade-issues: age 29574190m (timeout 120m)
[2026-03-25 11:10:01]     ⚠️  STALE (exceeded timeout)
[2026-03-25 11:10:01] Archiving 9 stale + 0 completed tasks...
[2026-03-25 11:20:00] Checking 9 active tasks...
[2026-03-25 11:20:00]   Task dogfood-qa-week4: age 29574200m (timeout 120m)
[2026-03-25 11:20:00]     ⚠️  STALE (exceeded timeout)
[2026-03-25 11:20:00]   Task fix-dogfood-week4: age 29574200m (timeout 120m)
[2026-03-25 11:20:00]     ⚠️  STALE (exceeded timeout)
[2026-03-25 11:20:00]   Task test-opt-parallel-logger: age 29574200m (timeout 120m)
[2026-03-25 11:20:00]     ⚠️  STALE (exceeded timeout)
[2026-03-25 11:20:00]   Task test-opt-parallel-error: age 29574200m (timeout 120m)
[2026-03-25 11:20:00]     ⚠️  STALE (exceeded timeout)
[2026-03-25 11:20:01]   Task audit-all-work: age 29574200m (timeout 120m)
[2026-03-25 11:20:01]     ⚠️  STALE (exceeded timeout)
[2026-03-25 11:20:01]   Task workqueue-automation: age 29574200m (timeout 120m)
[2026-03-25 11:20:01]     ⚠️  STALE (exceeded timeout)
[2026-03-25 11:20:01]   Task test-opt-analytics-opus: age 29574200m (timeout 120m)
[2026-03-25 11:20:01]     ⚠️  STALE (exceeded timeout)
[2026-03-25 11:20:01]   Task fix-trade-builder-403: age 29574200m (timeout 120m)
[2026-03-25 11:20:01]     ⚠️  STALE (exceeded timeout)
[2026-03-25 11:20:01]   Task fix-all-trade-issues: age 29574200m (timeout 120m)
[2026-03-25 11:20:01]     ⚠️  STALE (exceeded timeout)
[2026-03-25 11:20:01] Archiving 9 stale + 0 completed tasks...
[2026-03-25 11:30:00] Checking 9 active tasks...
[2026-03-25 11:30:00]   Task dogfood-qa-week4: age 29574210m (timeout 120m)
[2026-03-25 11:30:00]     ⚠️  STALE (exceeded timeout)
[2026-03-25 11:30:01]   Task fix-dogfood-week4: age 29574210m (timeout 120m)
[2026-03-25 11:30:01]     ⚠️  STALE (exceeded timeout)
[2026-03-25 11:30:01]   Task test-opt-parallel-logger: age 29574210m (timeout 120m)
[2026-03-25 11:30:01]     ⚠️  STALE (exceeded timeout)
[2026-03-25 11:30:01]   Task test-opt-parallel-error: age 29574210m (timeout 120m)
[2026-03-25 11:30:01]     ⚠️  STALE (exceeded timeout)
[2026-03-25 11:30:01]   Task audit-all-work: age 29574210m (timeout 120m)
[2026-03-25 11:30:01]     ⚠️  STALE (exceeded timeout)
[2026-03-25 11:30:01]   Task workqueue-automation: age 29574210m (timeout 120m)
[2026-03-25 11:30:01]     ⚠️  STALE (exceeded timeout)
[2026-03-25 11:30:01]   Task test-opt-analytics-opus: age 29574210m (timeout 120m)
[2026-03-25 11:30:01]     ⚠️  STALE (exceeded timeout)
[2026-03-25 11:30:01]   Task fix-trade-builder-403: age 29574210m (timeout 120m)
[2026-03-25 11:30:01]     ⚠️  STALE (exceeded timeout)
[2026-03-25 11:30:01]   Task fix-all-trade-issues: age 29574210m (timeout 120m)
[2026-03-25 11:30:01]     ⚠️  STALE (exceeded timeout)
[2026-03-25 11:30:01] Archiving 9 stale + 0 completed tasks...
[2026-03-25 11:40:00] Checking 9 active tasks...
[2026-03-25 11:40:00]   Task dogfood-qa-week4: age 29574220m (timeout 120m)
[2026-03-25 11:40:00]     ⚠️  STALE (exceeded timeout)
[2026-03-25 11:40:00]   Task fix-dogfood-week4: age 29574220m (timeout 120m)
[2026-03-25 11:40:00]     ⚠️  STALE (exceeded timeout)
[2026-03-25 11:40:01]   Task test-opt-parallel-logger: age 29574220m (timeout 120m)
[2026-03-25 11:40:01]     ⚠️  STALE (exceeded timeout)
[2026-03-25 11:40:01]   Task test-opt-parallel-error: age 29574220m (timeout 120m)
[2026-03-25 11:40:01]     ⚠️  STALE (exceeded timeout)
[2026-03-25 11:40:01]   Task audit-all-work: age 29574220m (timeout 120m)
[2026-03-25 11:40:01]     ⚠️  STALE (exceeded timeout)
[2026-03-25 11:40:01]   Task workqueue-automation: age 29574220m (timeout 120m)
[2026-03-25 11:40:01]     ⚠️  STALE (exceeded timeout)
[2026-03-25 11:40:01]   Task test-opt-analytics-opus: age 29574220m (timeout 120m)
[2026-03-25 11:40:01]     ⚠️  STALE (exceeded timeout)
[2026-03-25 11:40:01]   Task fix-trade-builder-403: age 29574220m (timeout 120m)
[2026-03-25 11:40:01]     ⚠️  STALE (exceeded timeout)
[2026-03-25 11:40:01]   Task fix-all-trade-issues: age 29574220m (timeout 120m)
[2026-03-25 11:40:01]     ⚠️  STALE (exceeded timeout)
[2026-03-25 11:40:01] Archiving 9 stale + 0 completed tasks...
[2026-03-25 11:50:00] Checking 9 active tasks...
[2026-03-25 11:50:00]   Task dogfood-qa-week4: age 29574230m (timeout 120m)
[2026-03-25 11:50:00]     ⚠️  STALE (exceeded timeout)
[2026-03-25 11:50:00]   Task fix-dogfood-week4: age 29574230m (timeout 120m)
[2026-03-25 11:50:00]     ⚠️  STALE (exceeded timeout)
[2026-03-25 11:50:00]   Task test-opt-parallel-logger: age 29574230m (timeout 120m)
[2026-03-25 11:50:00]     ⚠️  STALE (exceeded timeout)
[2026-03-25 11:50:00]   Task test-opt-parallel-error: age 29574230m (timeout 120m)
[2026-03-25 11:50:00]     ⚠️  STALE (exceeded timeout)
[2026-03-25 11:50:00]   Task audit-all-work: age 29574230m (timeout 120m)
[2026-03-25 11:50:00]     ⚠️  STALE (exceeded timeout)
[2026-03-25 11:50:00]   Task workqueue-automation: age 29574230m (timeout 120m)
[2026-03-25 11:50:00]     ⚠️  STALE (exceeded timeout)
[2026-03-25 11:50:00]   Task test-opt-analytics-opus: age 29574230m (timeout 120m)
[2026-03-25 11:50:00]     ⚠️  STALE (exceeded timeout)
[2026-03-25 11:50:00]   Task fix-trade-builder-403: age 29574230m (timeout 120m)
[2026-03-25 11:50:00]     ⚠️  STALE (exceeded timeout)
[2026-03-25 11:50:00]   Task fix-all-trade-issues: age 29574230m (timeout 120m)
[2026-03-25 11:50:00]     ⚠️  STALE (exceeded timeout)
[2026-03-25 11:50:00] Archiving 9 stale + 0 completed tasks...
[2026-03-25 12:00:00] Checking 9 active tasks...
[2026-03-25 12:00:00]   Task dogfood-qa-week4: age 29574240m (timeout 120m)
[2026-03-25 12:00:00]     ⚠️  STALE (exceeded timeout)
[2026-03-25 12:00:00]   Task fix-dogfood-week4: age 29574240m (timeout 120m)
[2026-03-25 12:00:00]     ⚠️  STALE (exceeded timeout)
[2026-03-25 12:00:01]   Task test-opt-parallel-logger: age 29574240m (timeout 120m)
[2026-03-25 12:00:01]     ⚠️  STALE (exceeded timeout)
[2026-03-25 12:00:01]   Task test-opt-parallel-error: age 29574240m (timeout 120m)
[2026-03-25 12:00:01]     ⚠️  STALE (exceeded timeout)
[2026-03-25 12:00:01]   Task audit-all-work: age 29574240m (timeout 120m)
[2026-03-25 12:00:01]     ⚠️  STALE (exceeded timeout)
[2026-03-25 12:00:01]   Task workqueue-automation: age 29574240m (timeout 120m)
[2026-03-25 12:00:01]     ⚠️  STALE (exceeded timeout)
[2026-03-25 12:00:01]   Task test-opt-analytics-opus: age 29574240m (timeout 120m)
[2026-03-25 12:00:01]     ⚠️  STALE (exceeded timeout)
[2026-03-25 12:00:01]   Task fix-trade-builder-403: age 29574240m (timeout 120m)
[2026-03-25 12:00:01]     ⚠️  STALE (exceeded timeout)
[2026-03-25 12:00:01]   Task fix-all-trade-issues: age 29574240m (timeout 120m)
[2026-03-25 12:00:01]     ⚠️  STALE (exceeded timeout)
[2026-03-25 12:00:01] Archiving 9 stale + 0 completed tasks...
[2026-03-25 12:10:00] Checking 9 active tasks...
[2026-03-25 12:10:00]   Task dogfood-qa-week4: age 29574250m (timeout 120m)
[2026-03-25 12:10:00]     ⚠️  STALE (exceeded timeout)
[2026-03-25 12:10:00]   Task fix-dogfood-week4: age 29574250m (timeout 120m)
[2026-03-25 12:10:00]     ⚠️  STALE (exceeded timeout)
[2026-03-25 12:10:00]   Task test-opt-parallel-logger: age 29574250m (timeout 120m)
[2026-03-25 12:10:00]     ⚠️  STALE (exceeded timeout)
[2026-03-25 12:10:00]   Task test-opt-parallel-error: age 29574250m (timeout 120m)
[2026-03-25 12:10:00]     ⚠️  STALE (exceeded timeout)
[2026-03-25 12:10:00]   Task audit-all-work: age 29574250m (timeout 120m)
[2026-03-25 12:10:00]     ⚠️  STALE (exceeded timeout)
[2026-03-25 12:10:01]   Task workqueue-automation: age 29574250m (timeout 120m)
[2026-03-25 12:10:01]     ⚠️  STALE (exceeded timeout)
[2026-03-25 12:10:01]   Task test-opt-analytics-opus: age 29574250m (timeout 120m)
[2026-03-25 12:10:01]     ⚠️  STALE (exceeded timeout)
[2026-03-25 12:10:01]   Task fix-trade-builder-403: age 29574250m (timeout 120m)
[2026-03-25 12:10:01]     ⚠️  STALE (exceeded timeout)
[2026-03-25 12:10:01]   Task fix-all-trade-issues: age 29574250m (timeout 120m)
[2026-03-25 12:10:01]     ⚠️  STALE (exceeded timeout)
[2026-03-25 12:10:01] Archiving 9 stale + 0 completed tasks...
[2026-03-25 12:20:00] Checking 9 active tasks...
[2026-03-25 12:20:00]   Task dogfood-qa-week4: age 29574260m (timeout 120m)
[2026-03-25 12:20:00]     ⚠️  STALE (exceeded timeout)
[2026-03-25 12:20:00]   Task fix-dogfood-week4: age 29574260m (timeout 120m)
[2026-03-25 12:20:00]     ⚠️  STALE (exceeded timeout)
[2026-03-25 12:20:00]   Task test-opt-parallel-logger: age 29574260m (timeout 120m)
[2026-03-25 12:20:00]     ⚠️  STALE (exceeded timeout)
[2026-03-25 12:20:00]   Task test-opt-parallel-error: age 29574260m (timeout 120m)
[2026-03-25 12:20:00]     ⚠️  STALE (exceeded timeout)
[2026-03-25 12:20:00]   Task audit-all-work: age 29574260m (timeout 120m)
[2026-03-25 12:20:00]     ⚠️  STALE (exceeded timeout)
[2026-03-25 12:20:00]   Task workqueue-automation: age 29574260m (timeout 120m)
[2026-03-25 12:20:00]     ⚠️  STALE (exceeded timeout)
[2026-03-25 12:20:00]   Task test-opt-analytics-opus: age 29574260m (timeout 120m)
[2026-03-25 12:20:00]     ⚠️  STALE (exceeded timeout)
[2026-03-25 12:20:00]   Task fix-trade-builder-403: age 29574260m (timeout 120m)
[2026-03-25 12:20:00]     ⚠️  STALE (exceeded timeout)
[2026-03-25 12:20:00]   Task fix-all-trade-issues: age 29574260m (timeout 120m)
[2026-03-25 12:20:00]     ⚠️  STALE (exceeded timeout)
[2026-03-25 12:20:00] Archiving 9 stale + 0 completed tasks...
[2026-03-25 12:30:00] Checking 9 active tasks...
[2026-03-25 12:30:00]   Task dogfood-qa-week4: age 29574270m (timeout 120m)
[2026-03-25 12:30:00]     ⚠️  STALE (exceeded timeout)
[2026-03-25 12:30:00]   Task fix-dogfood-week4: age 29574270m (timeout 120m)
[2026-03-25 12:30:00]     ⚠️  STALE (exceeded timeout)
[2026-03-25 12:30:00]   Task test-opt-parallel-logger: age 29574270m (timeout 120m)
[2026-03-25 12:30:00]     ⚠️  STALE (exceeded timeout)
[2026-03-25 12:30:01]   Task test-opt-parallel-error: age 29574270m (timeout 120m)
[2026-03-25 12:30:01]     ⚠️  STALE (exceeded timeout)
[2026-03-25 12:30:01]   Task audit-all-work: age 29574270m (timeout 120m)
[2026-03-25 12:30:01]     ⚠️  STALE (exceeded timeout)
[2026-03-25 12:30:01]   Task workqueue-automation: age 29574270m (timeout 120m)
[2026-03-25 12:30:01]     ⚠️  STALE (exceeded timeout)
[2026-03-25 12:30:01]   Task test-opt-analytics-opus: age 29574270m (timeout 120m)
[2026-03-25 12:30:01]     ⚠️  STALE (exceeded timeout)
[2026-03-25 12:30:01]   Task fix-trade-builder-403: age 29574270m (timeout 120m)
[2026-03-25 12:30:01]     ⚠️  STALE (exceeded timeout)
[2026-03-25 12:30:01]   Task fix-all-trade-issues: age 29574270m (timeout 120m)
[2026-03-25 12:30:01]     ⚠️  STALE (exceeded timeout)
[2026-03-25 12:30:01] Archiving 9 stale + 0 completed tasks...
[2026-03-25 12:40:00] Checking 9 active tasks...
[2026-03-25 12:40:00]   Task dogfood-qa-week4: age 29574280m (timeout 120m)
[2026-03-25 12:40:00]     ⚠️  STALE (exceeded timeout)
[2026-03-25 12:40:00]   Task fix-dogfood-week4: age 29574280m (timeout 120m)
[2026-03-25 12:40:00]     ⚠️  STALE (exceeded timeout)
[2026-03-25 12:40:00]   Task test-opt-parallel-logger: age 29574280m (timeout 120m)
[2026-03-25 12:40:00]     ⚠️  STALE (exceeded timeout)
[2026-03-25 12:40:00]   Task test-opt-parallel-error: age 29574280m (timeout 120m)
[2026-03-25 12:40:00]     ⚠️  STALE (exceeded timeout)
[2026-03-25 12:40:00]   Task audit-all-work: age 29574280m (timeout 120m)
[2026-03-25 12:40:00]     ⚠️  STALE (exceeded timeout)
[2026-03-25 12:40:00]   Task workqueue-automation: age 29574280m (timeout 120m)
[2026-03-25 12:40:00]     ⚠️  STALE (exceeded timeout)
[2026-03-25 12:40:00]   Task test-opt-analytics-opus: age 29574280m (timeout 120m)
[2026-03-25 12:40:00]     ⚠️  STALE (exceeded timeout)
[2026-03-25 12:40:00]   Task fix-trade-builder-403: age 29574280m (timeout 120m)
[2026-03-25 12:40:00]     ⚠️  STALE (exceeded timeout)
[2026-03-25 12:40:00]   Task fix-all-trade-issues: age 29574280m (timeout 120m)
[2026-03-25 12:40:00]     ⚠️  STALE (exceeded timeout)
[2026-03-25 12:40:00] Archiving 9 stale + 0 completed tasks...
[2026-03-25 12:50:00] Checking 9 active tasks...
[2026-03-25 12:50:00]   Task dogfood-qa-week4: age 29574290m (timeout 120m)
[2026-03-25 12:50:00]     ⚠️  STALE (exceeded timeout)
[2026-03-25 12:50:00]   Task fix-dogfood-week4: age 29574290m (timeout 120m)
[2026-03-25 12:50:00]     ⚠️  STALE (exceeded timeout)
[2026-03-25 12:50:00]   Task test-opt-parallel-logger: age 29574290m (timeout 120m)
[2026-03-25 12:50:00]     ⚠️  STALE (exceeded timeout)
[2026-03-25 12:50:00]   Task test-opt-parallel-error: age 29574290m (timeout 120m)
[2026-03-25 12:50:00]     ⚠️  STALE (exceeded timeout)
[2026-03-25 12:50:00]   Task audit-all-work: age 29574290m (timeout 120m)
[2026-03-25 12:50:00]     ⚠️  STALE (exceeded timeout)
[2026-03-25 12:50:01]   Task workqueue-automation: age 29574290m (timeout 120m)
[2026-03-25 12:50:01]     ⚠️  STALE (exceeded timeout)
[2026-03-25 12:50:01]   Task test-opt-analytics-opus: age 29574290m (timeout 120m)
[2026-03-25 12:50:01]     ⚠️  STALE (exceeded timeout)
[2026-03-25 12:50:01]   Task fix-trade-builder-403: age 29574290m (timeout 120m)
[2026-03-25 12:50:01]     ⚠️  STALE (exceeded timeout)
[2026-03-25 12:50:01]   Task fix-all-trade-issues: age 29574290m (timeout 120m)
[2026-03-25 12:50:01]     ⚠️  STALE (exceeded timeout)
[2026-03-25 12:50:01] Archiving 9 stale + 0 completed tasks...
[2026-03-25 13:00:01] Checking 9 active tasks...
[2026-03-25 13:00:01]   Task dogfood-qa-week4: age 29574300m (timeout 120m)
[2026-03-25 13:00:01]     ⚠️  STALE (exceeded timeout)
[2026-03-25 13:00:01]   Task fix-dogfood-week4: age 29574300m (timeout 120m)
[2026-03-25 13:00:01]     ⚠️  STALE (exceeded timeout)
[2026-03-25 13:00:01]   Task test-opt-parallel-logger: age 29574300m (timeout 120m)
[2026-03-25 13:00:01]     ⚠️  STALE (exceeded timeout)
[2026-03-25 13:00:01]   Task test-opt-parallel-error: age 29574300m (timeout 120m)
[2026-03-25 13:00:01]     ⚠️  STALE (exceeded timeout)
[2026-03-25 13:00:01]   Task audit-all-work: age 29574300m (timeout 120m)
[2026-03-25 13:00:01]     ⚠️  STALE (exceeded timeout)
[2026-03-25 13:00:01]   Task workqueue-automation: age 29574300m (timeout 120m)
[2026-03-25 13:00:01]     ⚠️  STALE (exceeded timeout)
[2026-03-25 13:00:01]   Task test-opt-analytics-opus: age 29574300m (timeout 120m)
[2026-03-25 13:00:01]     ⚠️  STALE (exceeded timeout)
[2026-03-25 13:00:01]   Task fix-trade-builder-403: age 29574300m (timeout 120m)
[2026-03-25 13:00:01]     ⚠️  STALE (exceeded timeout)
[2026-03-25 13:00:01]   Task fix-all-trade-issues: age 29574300m (timeout 120m)
[2026-03-25 13:00:01]     ⚠️  STALE (exceeded timeout)
[2026-03-25 13:00:01] Archiving 9 stale + 0 completed tasks...
[2026-03-25 13:10:00] Checking 9 active tasks...
[2026-03-25 13:10:00]   Task dogfood-qa-week4: age 29574310m (timeout 120m)
[2026-03-25 13:10:00]     ⚠️  STALE (exceeded timeout)
[2026-03-25 13:10:00]   Task fix-dogfood-week4: age 29574310m (timeout 120m)
[2026-03-25 13:10:00]     ⚠️  STALE (exceeded timeout)
[2026-03-25 13:10:00]   Task test-opt-parallel-logger: age 29574310m (timeout 120m)
[2026-03-25 13:10:00]     ⚠️  STALE (exceeded timeout)
[2026-03-25 13:10:00]   Task test-opt-parallel-error: age 29574310m (timeout 120m)
[2026-03-25 13:10:00]     ⚠️  STALE (exceeded timeout)
[2026-03-25 13:10:00]   Task audit-all-work: age 29574310m (timeout 120m)
[2026-03-25 13:10:00]     ⚠️  STALE (exceeded timeout)
[2026-03-25 13:10:00]   Task workqueue-automation: age 29574310m (timeout 120m)
[2026-03-25 13:10:00]     ⚠️  STALE (exceeded timeout)
[2026-03-25 13:10:00]   Task test-opt-analytics-opus: age 29574310m (timeout 120m)
[2026-03-25 13:10:00]     ⚠️  STALE (exceeded timeout)
[2026-03-25 13:10:00]   Task fix-trade-builder-403: age 29574310m (timeout 120m)
[2026-03-25 13:10:00]     ⚠️  STALE (exceeded timeout)
[2026-03-25 13:10:00]   Task fix-all-trade-issues: age 29574310m (timeout 120m)
[2026-03-25 13:10:00]     ⚠️  STALE (exceeded timeout)
[2026-03-25 13:10:00] Archiving 9 stale + 0 completed tasks...
[2026-03-25 13:20:00] Checking 9 active tasks...
[2026-03-25 13:20:00]   Task dogfood-qa-week4: age 29574320m (timeout 120m)
[2026-03-25 13:20:00]     ⚠️  STALE (exceeded timeout)
[2026-03-25 13:20:00]   Task fix-dogfood-week4: age 29574320m (timeout 120m)
[2026-03-25 13:20:00]     ⚠️  STALE (exceeded timeout)
[2026-03-25 13:20:00]   Task test-opt-parallel-logger: age 29574320m (timeout 120m)
[2026-03-25 13:20:00]     ⚠️  STALE (exceeded timeout)
[2026-03-25 13:20:00]   Task test-opt-parallel-error: age 29574320m (timeout 120m)
[2026-03-25 13:20:00]     ⚠️  STALE (exceeded timeout)
[2026-03-25 13:20:00]   Task audit-all-work: age 29574320m (timeout 120m)
[2026-03-25 13:20:00]     ⚠️  STALE (exceeded timeout)
[2026-03-25 13:20:00]   Task workqueue-automation: age 29574320m (timeout 120m)
[2026-03-25 13:20:00]     ⚠️  STALE (exceeded timeout)
[2026-03-25 13:20:01]   Task test-opt-analytics-opus: age 29574320m (timeout 120m)
[2026-03-25 13:20:01]     ⚠️  STALE (exceeded timeout)
[2026-03-25 13:20:01]   Task fix-trade-builder-403: age 29574320m (timeout 120m)
[2026-03-25 13:20:01]     ⚠️  STALE (exceeded timeout)
[2026-03-25 13:20:01]   Task fix-all-trade-issues: age 29574320m (timeout 120m)
[2026-03-25 13:20:01]     ⚠️  STALE (exceeded timeout)
[2026-03-25 13:20:01] Archiving 9 stale + 0 completed tasks...
[2026-03-25 13:30:00] Checking 9 active tasks...
[2026-03-25 13:30:00]   Task dogfood-qa-week4: age 29574330m (timeout 120m)
[2026-03-25 13:30:00]     ⚠️  STALE (exceeded timeout)
[2026-03-25 13:30:00]   Task fix-dogfood-week4: age 29574330m (timeout 120m)
[2026-03-25 13:30:00]     ⚠️  STALE (exceeded timeout)
[2026-03-25 13:30:00]   Task test-opt-parallel-logger: age 29574330m (timeout 120m)
[2026-03-25 13:30:00]     ⚠️  STALE (exceeded timeout)
[2026-03-25 13:30:00]   Task test-opt-parallel-error: age 29574330m (timeout 120m)
[2026-03-25 13:30:00]     ⚠️  STALE (exceeded timeout)
[2026-03-25 13:30:00]   Task audit-all-work: age 29574330m (timeout 120m)
[2026-03-25 13:30:00]     ⚠️  STALE (exceeded timeout)
[2026-03-25 13:30:00]   Task workqueue-automation: age 29574330m (timeout 120m)
[2026-03-25 13:30:00]     ⚠️  STALE (exceeded timeout)
[2026-03-25 13:30:00]   Task test-opt-analytics-opus: age 29574330m (timeout 120m)
[2026-03-25 13:30:00]     ⚠️  STALE (exceeded timeout)
[2026-03-25 13:30:00]   Task fix-trade-builder-403: age 29574330m (timeout 120m)
[2026-03-25 13:30:00]     ⚠️  STALE (exceeded timeout)
[2026-03-25 13:30:00]   Task fix-all-trade-issues: age 29574330m (timeout 120m)
[2026-03-25 13:30:00]     ⚠️  STALE (exceeded timeout)
[2026-03-25 13:30:00] Archiving 9 stale + 0 completed tasks...
[2026-03-25 13:40:00] Checking 9 active tasks...
[2026-03-25 13:40:00]   Task dogfood-qa-week4: age 29574340m (timeout 120m)
[2026-03-25 13:40:00]     ⚠️  STALE (exceeded timeout)
[2026-03-25 13:40:00]   Task fix-dogfood-week4: age 29574340m (timeout 120m)
[2026-03-25 13:40:00]     ⚠️  STALE (exceeded timeout)
[2026-03-25 13:40:00]   Task test-opt-parallel-logger: age 29574340m (timeout 120m)
[2026-03-25 13:40:00]     ⚠️  STALE (exceeded timeout)
[2026-03-25 13:40:00]   Task test-opt-parallel-error: age 29574340m (timeout 120m)
[2026-03-25 13:40:00]     ⚠️  STALE (exceeded timeout)
[2026-03-25 13:40:00]   Task audit-all-work: age 29574340m (timeout 120m)
[2026-03-25 13:40:00]     ⚠️  STALE (exceeded timeout)
[2026-03-25 13:40:00]   Task workqueue-automation: age 29574340m (timeout 120m)
[2026-03-25 13:40:01]     ⚠️  STALE (exceeded timeout)
[2026-03-25 13:40:01]   Task test-opt-analytics-opus: age 29574340m (timeout 120m)
[2026-03-25 13:40:01]     ⚠️  STALE (exceeded timeout)
[2026-03-25 13:40:01]   Task fix-trade-builder-403: age 29574340m (timeout 120m)
[2026-03-25 13:40:01]     ⚠️  STALE (exceeded timeout)
[2026-03-25 13:40:01]   Task fix-all-trade-issues: age 29574340m (timeout 120m)
[2026-03-25 13:40:01]     ⚠️  STALE (exceeded timeout)
[2026-03-25 13:40:01] Archiving 9 stale + 0 completed tasks...
[2026-03-25 13:50:00] Checking 9 active tasks...
[2026-03-25 13:50:00]   Task dogfood-qa-week4: age 29574350m (timeout 120m)
[2026-03-25 13:50:00]     ⚠️  STALE (exceeded timeout)
[2026-03-25 13:50:00]   Task fix-dogfood-week4: age 29574350m (timeout 120m)
[2026-03-25 13:50:00]     ⚠️  STALE (exceeded timeout)
[2026-03-25 13:50:00]   Task test-opt-parallel-logger: age 29574350m (timeout 120m)
[2026-03-25 13:50:00]     ⚠️  STALE (exceeded timeout)
[2026-03-25 13:50:00]   Task test-opt-parallel-error: age 29574350m (timeout 120m)
[2026-03-25 13:50:00]     ⚠️  STALE (exceeded timeout)
[2026-03-25 13:50:00]   Task audit-all-work: age 29574350m (timeout 120m)
[2026-03-25 13:50:00]     ⚠️  STALE (exceeded timeout)
[2026-03-25 13:50:00]   Task workqueue-automation: age 29574350m (timeout 120m)
[2026-03-25 13:50:00]     ⚠️  STALE (exceeded timeout)
[2026-03-25 13:50:01]   Task test-opt-analytics-opus: age 29574350m (timeout 120m)
[2026-03-25 13:50:01]     ⚠️  STALE (exceeded timeout)
[2026-03-25 13:50:01]   Task fix-trade-builder-403: age 29574350m (timeout 120m)
[2026-03-25 13:50:01]     ⚠️  STALE (exceeded timeout)
[2026-03-25 13:50:01]   Task fix-all-trade-issues: age 29574350m (timeout 120m)
[2026-03-25 13:50:01]     ⚠️  STALE (exceeded timeout)
[2026-03-25 13:50:01] Archiving 9 stale + 0 completed tasks...
[2026-03-25 14:00:00] Checking 9 active tasks...
[2026-03-25 14:00:00]   Task dogfood-qa-week4: age 29574360m (timeout 120m)
[2026-03-25 14:00:00]     ⚠️  STALE (exceeded timeout)
[2026-03-25 14:00:00]   Task fix-dogfood-week4: age 29574360m (timeout 120m)
[2026-03-25 14:00:00]     ⚠️  STALE (exceeded timeout)
[2026-03-25 14:00:01]   Task test-opt-parallel-logger: age 29574360m (timeout 120m)
[2026-03-25 14:00:01]     ⚠️  STALE (exceeded timeout)
[2026-03-25 14:00:01]   Task test-opt-parallel-error: age 29574360m (timeout 120m)
[2026-03-25 14:00:01]     ⚠️  STALE (exceeded timeout)
[2026-03-25 14:00:01]   Task audit-all-work: age 29574360m (timeout 120m)
[2026-03-25 14:00:01]     ⚠️  STALE (exceeded timeout)
[2026-03-25 14:00:01]   Task workqueue-automation: age 29574360m (timeout 120m)
[2026-03-25 14:00:01]     ⚠️  STALE (exceeded timeout)
[2026-03-25 14:00:01]   Task test-opt-analytics-opus: age 29574360m (timeout 120m)
[2026-03-25 14:00:01]     ⚠️  STALE (exceeded timeout)
[2026-03-25 14:00:01]   Task fix-trade-builder-403: age 29574360m (timeout 120m)
[2026-03-25 14:00:01]     ⚠️  STALE (exceeded timeout)
[2026-03-25 14:00:01]   Task fix-all-trade-issues: age 29574360m (timeout 120m)
[2026-03-25 14:00:01]     ⚠️  STALE (exceeded timeout)
[2026-03-25 14:00:01] Archiving 9 stale + 0 completed tasks...
[2026-03-25 14:10:01] Checking 9 active tasks...
[2026-03-25 14:10:01]   Task dogfood-qa-week4: age 29574370m (timeout 120m)
[2026-03-25 14:10:01]     ⚠️  STALE (exceeded timeout)
[2026-03-25 14:10:01]   Task fix-dogfood-week4: age 29574370m (timeout 120m)
[2026-03-25 14:10:01]     ⚠️  STALE (exceeded timeout)
[2026-03-25 14:10:01]   Task test-opt-parallel-logger: age 29574370m (timeout 120m)
[2026-03-25 14:10:01]     ⚠️  STALE (exceeded timeout)
[2026-03-25 14:10:01]   Task test-opt-parallel-error: age 29574370m (timeout 120m)
[2026-03-25 14:10:01]     ⚠️  STALE (exceeded timeout)
[2026-03-25 14:10:01]   Task audit-all-work: age 29574370m (timeout 120m)
[2026-03-25 14:10:01]     ⚠️  STALE (exceeded timeout)
[2026-03-25 14:10:01]   Task workqueue-automation: age 29574370m (timeout 120m)
[2026-03-25 14:10:01]     ⚠️  STALE (exceeded timeout)
[2026-03-25 14:10:01]   Task test-opt-analytics-opus: age 29574370m (timeout 120m)
[2026-03-25 14:10:01]     ⚠️  STALE (exceeded timeout)
[2026-03-25 14:10:01]   Task fix-trade-builder-403: age 29574370m (timeout 120m)
[2026-03-25 14:10:01]     ⚠️  STALE (exceeded timeout)
[2026-03-25 14:10:01]   Task fix-all-trade-issues: age 29574370m (timeout 120m)
[2026-03-25 14:10:01]     ⚠️  STALE (exceeded timeout)
[2026-03-25 14:10:01] Archiving 9 stale + 0 completed tasks...
[2026-03-25 14:20:00] Checking 9 active tasks...
[2026-03-25 14:20:00]   Task dogfood-qa-week4: age 29574380m (timeout 120m)
[2026-03-25 14:20:00]     ⚠️  STALE (exceeded timeout)
[2026-03-25 14:20:00]   Task fix-dogfood-week4: age 29574380m (timeout 120m)
[2026-03-25 14:20:00]     ⚠️  STALE (exceeded timeout)
[2026-03-25 14:20:00]   Task test-opt-parallel-logger: age 29574380m (timeout 120m)
[2026-03-25 14:20:00]     ⚠️  STALE (exceeded timeout)
[2026-03-25 14:20:00]   Task test-opt-parallel-error: age 29574380m (timeout 120m)
[2026-03-25 14:20:00]     ⚠️  STALE (exceeded timeout)
[2026-03-25 14:20:00]   Task audit-all-work: age 29574380m (timeout 120m)
[2026-03-25 14:20:00]     ⚠️  STALE (exceeded timeout)
[2026-03-25 14:20:00]   Task workqueue-automation: age 29574380m (timeout 120m)
[2026-03-25 14:20:00]     ⚠️  STALE (exceeded timeout)
[2026-03-25 14:20:00]   Task test-opt-analytics-opus: age 29574380m (timeout 120m)
[2026-03-25 14:20:00]     ⚠️  STALE (exceeded timeout)
[2026-03-25 14:20:00]   Task fix-trade-builder-403: age 29574380m (timeout 120m)
[2026-03-25 14:20:00]     ⚠️  STALE (exceeded timeout)
[2026-03-25 14:20:00]   Task fix-all-trade-issues: age 29574380m (timeout 120m)
[2026-03-25 14:20:00]     ⚠️  STALE (exceeded timeout)
[2026-03-25 14:20:00] Archiving 9 stale + 0 completed tasks...
[2026-03-25 14:30:00] Checking 9 active tasks...
[2026-03-25 14:30:00]   Task dogfood-qa-week4: age 29574390m (timeout 120m)
[2026-03-25 14:30:00]     ⚠️  STALE (exceeded timeout)
[2026-03-25 14:30:01]   Task fix-dogfood-week4: age 29574390m (timeout 120m)
[2026-03-25 14:30:01]     ⚠️  STALE (exceeded timeout)
[2026-03-25 14:30:01]   Task test-opt-parallel-logger: age 29574390m (timeout 120m)
[2026-03-25 14:30:01]     ⚠️  STALE (exceeded timeout)
[2026-03-25 14:30:01]   Task test-opt-parallel-error: age 29574390m (timeout 120m)
[2026-03-25 14:30:01]     ⚠️  STALE (exceeded timeout)
[2026-03-25 14:30:01]   Task audit-all-work: age 29574390m (timeout 120m)
[2026-03-25 14:30:01]     ⚠️  STALE (exceeded timeout)
[2026-03-25 14:30:01]   Task workqueue-automation: age 29574390m (timeout 120m)
[2026-03-25 14:30:01]     ⚠️  STALE (exceeded timeout)
[2026-03-25 14:30:01]   Task test-opt-analytics-opus: age 29574390m (timeout 120m)
[2026-03-25 14:30:01]     ⚠️  STALE (exceeded timeout)
[2026-03-25 14:30:01]   Task fix-trade-builder-403: age 29574390m (timeout 120m)
[2026-03-25 14:30:01]     ⚠️  STALE (exceeded timeout)
[2026-03-25 14:30:01]   Task fix-all-trade-issues: age 29574390m (timeout 120m)
[2026-03-25 14:30:01]     ⚠️  STALE (exceeded timeout)
[2026-03-25 14:30:01] Archiving 9 stale + 0 completed tasks...
[2026-03-25 14:40:00] Checking 9 active tasks...
[2026-03-25 14:40:00]   Task dogfood-qa-week4: age 29574400m (timeout 120m)
[2026-03-25 14:40:00]     ⚠️  STALE (exceeded timeout)
[2026-03-25 14:40:00]   Task fix-dogfood-week4: age 29574400m (timeout 120m)
[2026-03-25 14:40:00]     ⚠️  STALE (exceeded timeout)
[2026-03-25 14:40:00]   Task test-opt-parallel-logger: age 29574400m (timeout 120m)
[2026-03-25 14:40:00]     ⚠️  STALE (exceeded timeout)
[2026-03-25 14:40:00]   Task test-opt-parallel-error: age 29574400m (timeout 120m)
[2026-03-25 14:40:00]     ⚠️  STALE (exceeded timeout)
[2026-03-25 14:40:00]   Task audit-all-work: age 29574400m (timeout 120m)
[2026-03-25 14:40:00]     ⚠️  STALE (exceeded timeout)
[2026-03-25 14:40:00]   Task workqueue-automation: age 29574400m (timeout 120m)
[2026-03-25 14:40:00]     ⚠️  STALE (exceeded timeout)
[2026-03-25 14:40:00]   Task test-opt-analytics-opus: age 29574400m (timeout 120m)
[2026-03-25 14:40:00]     ⚠️  STALE (exceeded timeout)
[2026-03-25 14:40:00]   Task fix-trade-builder-403: age 29574400m (timeout 120m)
[2026-03-25 14:40:00]     ⚠️  STALE (exceeded timeout)
[2026-03-25 14:40:00]   Task fix-all-trade-issues: age 29574400m (timeout 120m)
[2026-03-25 14:40:00]     ⚠️  STALE (exceeded timeout)
[2026-03-25 14:40:00] Archiving 9 stale + 0 completed tasks...
[2026-03-25 14:50:01] Checking 9 active tasks...
[2026-03-25 14:50:01]   Task dogfood-qa-week4: age 29574410m (timeout 120m)
[2026-03-25 14:50:01]     ⚠️  STALE (exceeded timeout)
[2026-03-25 14:50:01]   Task fix-dogfood-week4: age 29574410m (timeout 120m)
[2026-03-25 14:50:01]     ⚠️  STALE (exceeded timeout)
[2026-03-25 14:50:01]   Task test-opt-parallel-logger: age 29574410m (timeout 120m)
[2026-03-25 14:50:01]     ⚠️  STALE (exceeded timeout)
[2026-03-25 14:50:01]   Task test-opt-parallel-error: age 29574410m (timeout 120m)
[2026-03-25 14:50:01]     ⚠️  STALE (exceeded timeout)
[2026-03-25 14:50:01]   Task audit-all-work: age 29574410m (timeout 120m)
[2026-03-25 14:50:01]     ⚠️  STALE (exceeded timeout)
[2026-03-25 14:50:01]   Task workqueue-automation: age 29574410m (timeout 120m)
[2026-03-25 14:50:01]     ⚠️  STALE (exceeded timeout)
[2026-03-25 14:50:01]   Task test-opt-analytics-opus: age 29574410m (timeout 120m)
[2026-03-25 14:50:01]     ⚠️  STALE (exceeded timeout)
[2026-03-25 14:50:01]   Task fix-trade-builder-403: age 29574410m (timeout 120m)
[2026-03-25 14:50:01]     ⚠️  STALE (exceeded timeout)
[2026-03-25 14:50:01]   Task fix-all-trade-issues: age 29574410m (timeout 120m)
[2026-03-25 14:50:01]     ⚠️  STALE (exceeded timeout)
[2026-03-25 14:50:01] Archiving 9 stale + 0 completed tasks...
[2026-03-25 15:00:00] Checking 9 active tasks...
[2026-03-25 15:00:00]   Task dogfood-qa-week4: age 29574420m (timeout 120m)
[2026-03-25 15:00:00]     ⚠️  STALE (exceeded timeout)
[2026-03-25 15:00:00]   Task fix-dogfood-week4: age 29574420m (timeout 120m)
[2026-03-25 15:00:00]     ⚠️  STALE (exceeded timeout)
[2026-03-25 15:00:00]   Task test-opt-parallel-logger: age 29574420m (timeout 120m)
[2026-03-25 15:00:00]     ⚠️  STALE (exceeded timeout)
[2026-03-25 15:00:00]   Task test-opt-parallel-error: age 29574420m (timeout 120m)
[2026-03-25 15:00:00]     ⚠️  STALE (exceeded timeout)
[2026-03-25 15:00:00]   Task audit-all-work: age 29574420m (timeout 120m)
[2026-03-25 15:00:00]     ⚠️  STALE (exceeded timeout)
[2026-03-25 15:00:00]   Task workqueue-automation: age 29574420m (timeout 120m)
[2026-03-25 15:00:00]     ⚠️  STALE (exceeded timeout)
[2026-03-25 15:00:00]   Task test-opt-analytics-opus: age 29574420m (timeout 120m)
[2026-03-25 15:00:00]     ⚠️  STALE (exceeded timeout)
[2026-03-25 15:00:00]   Task fix-trade-builder-403: age 29574420m (timeout 120m)
[2026-03-25 15:00:00]     ⚠️  STALE (exceeded timeout)
[2026-03-25 15:00:00]   Task fix-all-trade-issues: age 29574420m (timeout 120m)
[2026-03-25 15:00:00]     ⚠️  STALE (exceeded timeout)
[2026-03-25 15:00:00] Archiving 9 stale + 0 completed tasks...
[2026-03-25 15:10:00] Checking 9 active tasks...
[2026-03-25 15:10:00]   Task dogfood-qa-week4: age 29574430m (timeout 120m)
[2026-03-25 15:10:00]     ⚠️  STALE (exceeded timeout)
[2026-03-25 15:10:00]   Task fix-dogfood-week4: age 29574430m (timeout 120m)
[2026-03-25 15:10:00]     ⚠️  STALE (exceeded timeout)
[2026-03-25 15:10:00]   Task test-opt-parallel-logger: age 29574430m (timeout 120m)
[2026-03-25 15:10:00]     ⚠️  STALE (exceeded timeout)
[2026-03-25 15:10:00]   Task test-opt-parallel-error: age 29574430m (timeout 120m)
[2026-03-25 15:10:00]     ⚠️  STALE (exceeded timeout)
[2026-03-25 15:10:00]   Task audit-all-work: age 29574430m (timeout 120m)
[2026-03-25 15:10:00]     ⚠️  STALE (exceeded timeout)
[2026-03-25 15:10:00]   Task workqueue-automation: age 29574430m (timeout 120m)
[2026-03-25 15:10:00]     ⚠️  STALE (exceeded timeout)
[2026-03-25 15:10:00]   Task test-opt-analytics-opus: age 29574430m (timeout 120m)
[2026-03-25 15:10:00]     ⚠️  STALE (exceeded timeout)
[2026-03-25 15:10:00]   Task fix-trade-builder-403: age 29574430m (timeout 120m)
[2026-03-25 15:10:00]     ⚠️  STALE (exceeded timeout)
[2026-03-25 15:10:00]   Task fix-all-trade-issues: age 29574430m (timeout 120m)
[2026-03-25 15:10:00]     ⚠️  STALE (exceeded timeout)
[2026-03-25 15:10:00] Archiving 9 stale + 0 completed tasks...
[2026-03-25 15:20:00] Checking 9 active tasks...
[2026-03-25 15:20:00]   Task dogfood-qa-week4: age 29574440m (timeout 120m)
[2026-03-25 15:20:00]     ⚠️  STALE (exceeded timeout)
[2026-03-25 15:20:00]   Task fix-dogfood-week4: age 29574440m (timeout 120m)
[2026-03-25 15:20:00]     ⚠️  STALE (exceeded timeout)
[2026-03-25 15:20:00]   Task test-opt-parallel-logger: age 29574440m (timeout 120m)
[2026-03-25 15:20:00]     ⚠️  STALE (exceeded timeout)
[2026-03-25 15:20:00]   Task test-opt-parallel-error: age 29574440m (timeout 120m)
[2026-03-25 15:20:00]     ⚠️  STALE (exceeded timeout)
[2026-03-25 15:20:00]   Task audit-all-work: age 29574440m (timeout 120m)
[2026-03-25 15:20:00]     ⚠️  STALE (exceeded timeout)
[2026-03-25 15:20:00]   Task workqueue-automation: age 29574440m (timeout 120m)
[2026-03-25 15:20:00]     ⚠️  STALE (exceeded timeout)
[2026-03-25 15:20:00]   Task test-opt-analytics-opus: age 29574440m (timeout 120m)
[2026-03-25 15:20:00]     ⚠️  STALE (exceeded timeout)
[2026-03-25 15:20:00]   Task fix-trade-builder-403: age 29574440m (timeout 120m)
[2026-03-25 15:20:00]     ⚠️  STALE (exceeded timeout)
[2026-03-25 15:20:00]   Task fix-all-trade-issues: age 29574440m (timeout 120m)
[2026-03-25 15:20:00]     ⚠️  STALE (exceeded timeout)
[2026-03-25 15:20:00] Archiving 9 stale + 0 completed tasks...
[2026-03-25 15:30:00] Checking 9 active tasks...
[2026-03-25 15:30:00]   Task dogfood-qa-week4: age 29574450m (timeout 120m)
[2026-03-25 15:30:00]     ⚠️  STALE (exceeded timeout)
[2026-03-25 15:30:00]   Task fix-dogfood-week4: age 29574450m (timeout 120m)
[2026-03-25 15:30:00]     ⚠️  STALE (exceeded timeout)
[2026-03-25 15:30:00]   Task test-opt-parallel-logger: age 29574450m (timeout 120m)
[2026-03-25 15:30:00]     ⚠️  STALE (exceeded timeout)
[2026-03-25 15:30:00]   Task test-opt-parallel-error: age 29574450m (timeout 120m)
[2026-03-25 15:30:00]     ⚠️  STALE (exceeded timeout)
[2026-03-25 15:30:00]   Task audit-all-work: age 29574450m (timeout 120m)
[2026-03-25 15:30:00]     ⚠️  STALE (exceeded timeout)
[2026-03-25 15:30:00]   Task workqueue-automation: age 29574450m (timeout 120m)
[2026-03-25 15:30:00]     ⚠️  STALE (exceeded timeout)
[2026-03-25 15:30:00]   Task test-opt-analytics-opus: age 29574450m (timeout 120m)
[2026-03-25 15:30:00]     ⚠️  STALE (exceeded timeout)
[2026-03-25 15:30:00]   Task fix-trade-builder-403: age 29574450m (timeout 120m)
[2026-03-25 15:30:00]     ⚠️  STALE (exceeded timeout)
[2026-03-25 15:30:00]   Task fix-all-trade-issues: age 29574450m (timeout 120m)
[2026-03-25 15:30:00]     ⚠️  STALE (exceeded timeout)
[2026-03-25 15:30:00] Archiving 9 stale + 0 completed tasks...
[2026-03-25 15:40:00] Checking 9 active tasks...
[2026-03-25 15:40:00]   Task dogfood-qa-week4: age 29574460m (timeout 120m)
[2026-03-25 15:40:00]     ⚠️  STALE (exceeded timeout)
[2026-03-25 15:40:00]   Task fix-dogfood-week4: age 29574460m (timeout 120m)
[2026-03-25 15:40:00]     ⚠️  STALE (exceeded timeout)
[2026-03-25 15:40:00]   Task test-opt-parallel-logger: age 29574460m (timeout 120m)
[2026-03-25 15:40:00]     ⚠️  STALE (exceeded timeout)
[2026-03-25 15:40:00]   Task test-opt-parallel-error: age 29574460m (timeout 120m)
[2026-03-25 15:40:00]     ⚠️  STALE (exceeded timeout)
[2026-03-25 15:40:00]   Task audit-all-work: age 29574460m (timeout 120m)
[2026-03-25 15:40:00]     ⚠️  STALE (exceeded timeout)
[2026-03-25 15:40:00]   Task workqueue-automation: age 29574460m (timeout 120m)
[2026-03-25 15:40:00]     ⚠️  STALE (exceeded timeout)
[2026-03-25 15:40:00]   Task test-opt-analytics-opus: age 29574460m (timeout 120m)
[2026-03-25 15:40:00]     ⚠️  STALE (exceeded timeout)
[2026-03-25 15:40:00]   Task fix-trade-builder-403: age 29574460m (timeout 120m)
[2026-03-25 15:40:00]     ⚠️  STALE (exceeded timeout)
[2026-03-25 15:40:00]   Task fix-all-trade-issues: age 29574460m (timeout 120m)
[2026-03-25 15:40:00]     ⚠️  STALE (exceeded timeout)
[2026-03-25 15:40:00] Archiving 9 stale + 0 completed tasks...
[2026-03-25 15:50:01] Checking 9 active tasks...
[2026-03-25 15:50:01]   Task dogfood-qa-week4: age 29574470m (timeout 120m)
[2026-03-25 15:50:01]     ⚠️  STALE (exceeded timeout)
[2026-03-25 15:50:01]   Task fix-dogfood-week4: age 29574470m (timeout 120m)
[2026-03-25 15:50:01]     ⚠️  STALE (exceeded timeout)
[2026-03-25 15:50:01]   Task test-opt-parallel-logger: age 29574470m (timeout 120m)
[2026-03-25 15:50:01]     ⚠️  STALE (exceeded timeout)
[2026-03-25 15:50:01]   Task test-opt-parallel-error: age 29574470m (timeout 120m)
[2026-03-25 15:50:01]     ⚠️  STALE (exceeded timeout)
[2026-03-25 15:50:01]   Task audit-all-work: age 29574470m (timeout 120m)
[2026-03-25 15:50:01]     ⚠️  STALE (exceeded timeout)
[2026-03-25 15:50:01]   Task workqueue-automation: age 29574470m (timeout 120m)
[2026-03-25 15:50:01]     ⚠️  STALE (exceeded timeout)
[2026-03-25 15:50:01]   Task test-opt-analytics-opus: age 29574470m (timeout 120m)
[2026-03-25 15:50:01]     ⚠️  STALE (exceeded timeout)
[2026-03-25 15:50:01]   Task fix-trade-builder-403: age 29574470m (timeout 120m)
[2026-03-25 15:50:01]     ⚠️  STALE (exceeded timeout)
[2026-03-25 15:50:01]   Task fix-all-trade-issues: age 29574470m (timeout 120m)
[2026-03-25 15:50:01]     ⚠️  STALE (exceeded timeout)
[2026-03-25 15:50:01] Archiving 9 stale + 0 completed tasks...
[2026-03-25 16:00:00] Checking 9 active tasks...
[2026-03-25 16:00:00]   Task dogfood-qa-week4: age 29574480m (timeout 120m)
[2026-03-25 16:00:00]     ⚠️  STALE (exceeded timeout)
[2026-03-25 16:00:00]   Task fix-dogfood-week4: age 29574480m (timeout 120m)
[2026-03-25 16:00:00]     ⚠️  STALE (exceeded timeout)
[2026-03-25 16:00:00]   Task test-opt-parallel-logger: age 29574480m (timeout 120m)
[2026-03-25 16:00:00]     ⚠️  STALE (exceeded timeout)
[2026-03-25 16:00:00]   Task test-opt-parallel-error: age 29574480m (timeout 120m)
[2026-03-25 16:00:00]     ⚠️  STALE (exceeded timeout)
[2026-03-25 16:00:00]   Task audit-all-work: age 29574480m (timeout 120m)
[2026-03-25 16:00:00]     ⚠️  STALE (exceeded timeout)
[2026-03-25 16:00:00]   Task workqueue-automation: age 29574480m (timeout 120m)
[2026-03-25 16:00:00]     ⚠️  STALE (exceeded timeout)
[2026-03-25 16:00:01]   Task test-opt-analytics-opus: age 29574480m (timeout 120m)
[2026-03-25 16:00:01]     ⚠️  STALE (exceeded timeout)
[2026-03-25 16:00:01]   Task fix-trade-builder-403: age 29574480m (timeout 120m)
[2026-03-25 16:00:01]     ⚠️  STALE (exceeded timeout)
[2026-03-25 16:00:01]   Task fix-all-trade-issues: age 29574480m (timeout 120m)
[2026-03-25 16:00:01]     ⚠️  STALE (exceeded timeout)
[2026-03-25 16:00:01] Archiving 9 stale + 0 completed tasks...
[2026-03-25 16:10:00] Checking 9 active tasks...
[2026-03-25 16:10:00]   Task dogfood-qa-week4: age 29574490m (timeout 120m)
[2026-03-25 16:10:00]     ⚠️  STALE (exceeded timeout)
[2026-03-25 16:10:00]   Task fix-dogfood-week4: age 29574490m (timeout 120m)
[2026-03-25 16:10:00]     ⚠️  STALE (exceeded timeout)
[2026-03-25 16:10:00]   Task test-opt-parallel-logger: age 29574490m (timeout 120m)
[2026-03-25 16:10:00]     ⚠️  STALE (exceeded timeout)
[2026-03-25 16:10:00]   Task test-opt-parallel-error: age 29574490m (timeout 120m)
[2026-03-25 16:10:00]     ⚠️  STALE (exceeded timeout)
[2026-03-25 16:10:00]   Task audit-all-work: age 29574490m (timeout 120m)
[2026-03-25 16:10:00]     ⚠️  STALE (exceeded timeout)
[2026-03-25 16:10:00]   Task workqueue-automation: age 29574490m (timeout 120m)
[2026-03-25 16:10:00]     ⚠️  STALE (exceeded timeout)
[2026-03-25 16:10:00]   Task test-opt-analytics-opus: age 29574490m (timeout 120m)
[2026-03-25 16:10:00]     ⚠️  STALE (exceeded timeout)
[2026-03-25 16:10:00]   Task fix-trade-builder-403: age 29574490m (timeout 120m)
[2026-03-25 16:10:00]     ⚠️  STALE (exceeded timeout)
[2026-03-25 16:10:00]   Task fix-all-trade-issues: age 29574490m (timeout 120m)
[2026-03-25 16:10:00]     ⚠️  STALE (exceeded timeout)
[2026-03-25 16:10:00] Archiving 9 stale + 0 completed tasks...
[2026-03-25 16:20:00] Checking 9 active tasks...
[2026-03-25 16:20:00]   Task dogfood-qa-week4: age 29574500m (timeout 120m)
[2026-03-25 16:20:00]     ⚠️  STALE (exceeded timeout)
[2026-03-25 16:20:00]   Task fix-dogfood-week4: age 29574500m (timeout 120m)
[2026-03-25 16:20:00]     ⚠️  STALE (exceeded timeout)
[2026-03-25 16:20:00]   Task test-opt-parallel-logger: age 29574500m (timeout 120m)
[2026-03-25 16:20:00]     ⚠️  STALE (exceeded timeout)
[2026-03-25 16:20:00]   Task test-opt-parallel-error: age 29574500m (timeout 120m)
[2026-03-25 16:20:00]     ⚠️  STALE (exceeded timeout)
[2026-03-25 16:20:00]   Task audit-all-work: age 29574500m (timeout 120m)
[2026-03-25 16:20:00]     ⚠️  STALE (exceeded timeout)
[2026-03-25 16:20:00]   Task workqueue-automation: age 29574500m (timeout 120m)
[2026-03-25 16:20:00]     ⚠️  STALE (exceeded timeout)
[2026-03-25 16:20:00]   Task test-opt-analytics-opus: age 29574500m (timeout 120m)
[2026-03-25 16:20:00]     ⚠️  STALE (exceeded timeout)
[2026-03-25 16:20:00]   Task fix-trade-builder-403: age 29574500m (timeout 120m)
[2026-03-25 16:20:00]     ⚠️  STALE (exceeded timeout)
[2026-03-25 16:20:00]   Task fix-all-trade-issues: age 29574500m (timeout 120m)
[2026-03-25 16:20:00]     ⚠️  STALE (exceeded timeout)
[2026-03-25 16:20:00] Archiving 9 stale + 0 completed tasks...
[2026-03-25 16:30:00] Checking 9 active tasks...
[2026-03-25 16:30:00]   Task dogfood-qa-week4: age 29574510m (timeout 120m)
[2026-03-25 16:30:00]     ⚠️  STALE (exceeded timeout)
[2026-03-25 16:30:00]   Task fix-dogfood-week4: age 29574510m (timeout 120m)
[2026-03-25 16:30:00]     ⚠️  STALE (exceeded timeout)
[2026-03-25 16:30:00]   Task test-opt-parallel-logger: age 29574510m (timeout 120m)
[2026-03-25 16:30:00]     ⚠️  STALE (exceeded timeout)
[2026-03-25 16:30:00]   Task test-opt-parallel-error: age 29574510m (timeout 120m)
[2026-03-25 16:30:00]     ⚠️  STALE (exceeded timeout)
[2026-03-25 16:30:00]   Task audit-all-work: age 29574510m (timeout 120m)
[2026-03-25 16:30:00]     ⚠️  STALE (exceeded timeout)
[2026-03-25 16:30:00]   Task workqueue-automation: age 29574510m (timeout 120m)
[2026-03-25 16:30:00]     ⚠️  STALE (exceeded timeout)
[2026-03-25 16:30:00]   Task test-opt-analytics-opus: age 29574510m (timeout 120m)
[2026-03-25 16:30:00]     ⚠️  STALE (exceeded timeout)
[2026-03-25 16:30:01]   Task fix-trade-builder-403: age 29574510m (timeout 120m)
[2026-03-25 16:30:01]     ⚠️  STALE (exceeded timeout)
[2026-03-25 16:30:01]   Task fix-all-trade-issues: age 29574510m (timeout 120m)
[2026-03-25 16:30:01]     ⚠️  STALE (exceeded timeout)
[2026-03-25 16:30:01] Archiving 9 stale + 0 completed tasks...
[2026-03-25 16:40:00] Checking 9 active tasks...
[2026-03-25 16:40:00]   Task dogfood-qa-week4: age 29574520m (timeout 120m)
[2026-03-25 16:40:00]     ⚠️  STALE (exceeded timeout)
[2026-03-25 16:40:00]   Task fix-dogfood-week4: age 29574520m (timeout 120m)
[2026-03-25 16:40:00]     ⚠️  STALE (exceeded timeout)
[2026-03-25 16:40:01]   Task test-opt-parallel-logger: age 29574520m (timeout 120m)
[2026-03-25 16:40:01]     ⚠️  STALE (exceeded timeout)
[2026-03-25 16:40:01]   Task test-opt-parallel-error: age 29574520m (timeout 120m)
[2026-03-25 16:40:01]     ⚠️  STALE (exceeded timeout)
[2026-03-25 16:40:01]   Task audit-all-work: age 29574520m (timeout 120m)
[2026-03-25 16:40:01]     ⚠️  STALE (exceeded timeout)
[2026-03-25 16:40:01]   Task workqueue-automation: age 29574520m (timeout 120m)
[2026-03-25 16:40:01]     ⚠️  STALE (exceeded timeout)
[2026-03-25 16:40:01]   Task test-opt-analytics-opus: age 29574520m (timeout 120m)
[2026-03-25 16:40:01]     ⚠️  STALE (exceeded timeout)
[2026-03-25 16:40:01]   Task fix-trade-builder-403: age 29574520m (timeout 120m)
[2026-03-25 16:40:01]     ⚠️  STALE (exceeded timeout)
[2026-03-25 16:40:01]   Task fix-all-trade-issues: age 29574520m (timeout 120m)
[2026-03-25 16:40:01]     ⚠️  STALE (exceeded timeout)
[2026-03-25 16:40:01] Archiving 9 stale + 0 completed tasks...
[2026-03-25 16:50:00] Checking 9 active tasks...
[2026-03-25 16:50:00]   Task dogfood-qa-week4: age 29574530m (timeout 120m)
[2026-03-25 16:50:00]     ⚠️  STALE (exceeded timeout)
[2026-03-25 16:50:00]   Task fix-dogfood-week4: age 29574530m (timeout 120m)
[2026-03-25 16:50:00]     ⚠️  STALE (exceeded timeout)
[2026-03-25 16:50:00]   Task test-opt-parallel-logger: age 29574530m (timeout 120m)
[2026-03-25 16:50:00]     ⚠️  STALE (exceeded timeout)
[2026-03-25 16:50:00]   Task test-opt-parallel-error: age 29574530m (timeout 120m)
[2026-03-25 16:50:00]     ⚠️  STALE (exceeded timeout)
[2026-03-25 16:50:00]   Task audit-all-work: age 29574530m (timeout 120m)
[2026-03-25 16:50:00]     ⚠️  STALE (exceeded timeout)
[2026-03-25 16:50:00]   Task workqueue-automation: age 29574530m (timeout 120m)
[2026-03-25 16:50:00]     ⚠️  STALE (exceeded timeout)
[2026-03-25 16:50:00]   Task test-opt-analytics-opus: age 29574530m (timeout 120m)
[2026-03-25 16:50:00]     ⚠️  STALE (exceeded timeout)
[2026-03-25 16:50:00]   Task fix-trade-builder-403: age 29574530m (timeout 120m)
[2026-03-25 16:50:00]     ⚠️  STALE (exceeded timeout)
[2026-03-25 16:50:00]   Task fix-all-trade-issues: age 29574530m (timeout 120m)
[2026-03-25 16:50:00]     ⚠️  STALE (exceeded timeout)
[2026-03-25 16:50:00] Archiving 9 stale + 0 completed tasks...
[2026-03-25 17:00:00] Checking 9 active tasks...
[2026-03-25 17:00:00]   Task dogfood-qa-week4: age 29574540m (timeout 120m)
[2026-03-25 17:00:00]     ⚠️  STALE (exceeded timeout)
[2026-03-25 17:00:00]   Task fix-dogfood-week4: age 29574540m (timeout 120m)
[2026-03-25 17:00:00]     ⚠️  STALE (exceeded timeout)
[2026-03-25 17:00:00]   Task test-opt-parallel-logger: age 29574540m (timeout 120m)
[2026-03-25 17:00:00]     ⚠️  STALE (exceeded timeout)
[2026-03-25 17:00:00]   Task test-opt-parallel-error: age 29574540m (timeout 120m)
[2026-03-25 17:00:00]     ⚠️  STALE (exceeded timeout)
[2026-03-25 17:00:00]   Task audit-all-work: age 29574540m (timeout 120m)
[2026-03-25 17:00:00]     ⚠️  STALE (exceeded timeout)
[2026-03-25 17:00:00]   Task workqueue-automation: age 29574540m (timeout 120m)
[2026-03-25 17:00:00]     ⚠️  STALE (exceeded timeout)
[2026-03-25 17:00:00]   Task test-opt-analytics-opus: age 29574540m (timeout 120m)
[2026-03-25 17:00:00]     ⚠️  STALE (exceeded timeout)
[2026-03-25 17:00:00]   Task fix-trade-builder-403: age 29574540m (timeout 120m)
[2026-03-25 17:00:00]     ⚠️  STALE (exceeded timeout)
[2026-03-25 17:00:00]   Task fix-all-trade-issues: age 29574540m (timeout 120m)
[2026-03-25 17:00:00]     ⚠️  STALE (exceeded timeout)
[2026-03-25 17:00:00] Archiving 9 stale + 0 completed tasks...
[2026-03-25 17:10:00] Checking 9 active tasks...
[2026-03-25 17:10:00]   Task dogfood-qa-week4: age 29574550m (timeout 120m)
[2026-03-25 17:10:00]     ⚠️  STALE (exceeded timeout)
[2026-03-25 17:10:00]   Task fix-dogfood-week4: age 29574550m (timeout 120m)
[2026-03-25 17:10:00]     ⚠️  STALE (exceeded timeout)
[2026-03-25 17:10:00]   Task test-opt-parallel-logger: age 29574550m (timeout 120m)
[2026-03-25 17:10:00]     ⚠️  STALE (exceeded timeout)
[2026-03-25 17:10:00]   Task test-opt-parallel-error: age 29574550m (timeout 120m)
[2026-03-25 17:10:00]     ⚠️  STALE (exceeded timeout)
[2026-03-25 17:10:00]   Task audit-all-work: age 29574550m (timeout 120m)
[2026-03-25 17:10:00]     ⚠️  STALE (exceeded timeout)
[2026-03-25 17:10:00]   Task workqueue-automation: age 29574550m (timeout 120m)
[2026-03-25 17:10:00]     ⚠️  STALE (exceeded timeout)
[2026-03-25 17:10:00]   Task test-opt-analytics-opus: age 29574550m (timeout 120m)
[2026-03-25 17:10:00]     ⚠️  STALE (exceeded timeout)
[2026-03-25 17:10:00]   Task fix-trade-builder-403: age 29574550m (timeout 120m)
[2026-03-25 17:10:00]     ⚠️  STALE (exceeded timeout)
[2026-03-25 17:10:00]   Task fix-all-trade-issues: age 29574550m (timeout 120m)
[2026-03-25 17:10:00]     ⚠️  STALE (exceeded timeout)
[2026-03-25 17:10:00] Archiving 9 stale + 0 completed tasks...
[2026-03-25 17:20:00] Checking 9 active tasks...
[2026-03-25 17:20:00]   Task dogfood-qa-week4: age 29574560m (timeout 120m)
[2026-03-25 17:20:00]     ⚠️  STALE (exceeded timeout)
[2026-03-25 17:20:00]   Task fix-dogfood-week4: age 29574560m (timeout 120m)
[2026-03-25 17:20:00]     ⚠️  STALE (exceeded timeout)
[2026-03-25 17:20:01]   Task test-opt-parallel-logger: age 29574560m (timeout 120m)
[2026-03-25 17:20:01]     ⚠️  STALE (exceeded timeout)
[2026-03-25 17:20:01]   Task test-opt-parallel-error: age 29574560m (timeout 120m)
[2026-03-25 17:20:01]     ⚠️  STALE (exceeded timeout)
[2026-03-25 17:20:01]   Task audit-all-work: age 29574560m (timeout 120m)
[2026-03-25 17:20:01]     ⚠️  STALE (exceeded timeout)
[2026-03-25 17:20:01]   Task workqueue-automation: age 29574560m (timeout 120m)
[2026-03-25 17:20:01]     ⚠️  STALE (exceeded timeout)
[2026-03-25 17:20:01]   Task test-opt-analytics-opus: age 29574560m (timeout 120m)
[2026-03-25 17:20:01]     ⚠️  STALE (exceeded timeout)
[2026-03-25 17:20:01]   Task fix-trade-builder-403: age 29574560m (timeout 120m)
[2026-03-25 17:20:01]     ⚠️  STALE (exceeded timeout)
[2026-03-25 17:20:01]   Task fix-all-trade-issues: age 29574560m (timeout 120m)
[2026-03-25 17:20:01]     ⚠️  STALE (exceeded timeout)
[2026-03-25 17:20:01] Archiving 9 stale + 0 completed tasks...
[2026-03-25 17:30:00] Checking 9 active tasks...
[2026-03-25 17:30:00]   Task dogfood-qa-week4: age 29574570m (timeout 120m)
[2026-03-25 17:30:00]     ⚠️  STALE (exceeded timeout)
[2026-03-25 17:30:00]   Task fix-dogfood-week4: age 29574570m (timeout 120m)
[2026-03-25 17:30:00]     ⚠️  STALE (exceeded timeout)
[2026-03-25 17:30:00]   Task test-opt-parallel-logger: age 29574570m (timeout 120m)
[2026-03-25 17:30:00]     ⚠️  STALE (exceeded timeout)
[2026-03-25 17:30:00]   Task test-opt-parallel-error: age 29574570m (timeout 120m)
[2026-03-25 17:30:00]     ⚠️  STALE (exceeded timeout)
[2026-03-25 17:30:01]   Task audit-all-work: age 29574570m (timeout 120m)
[2026-03-25 17:30:01]     ⚠️  STALE (exceeded timeout)
[2026-03-25 17:30:01]   Task workqueue-automation: age 29574570m (timeout 120m)
[2026-03-25 17:30:01]     ⚠️  STALE (exceeded timeout)
[2026-03-25 17:30:01]   Task test-opt-analytics-opus: age 29574570m (timeout 120m)
[2026-03-25 17:30:01]     ⚠️  STALE (exceeded timeout)
[2026-03-25 17:30:01]   Task fix-trade-builder-403: age 29574570m (timeout 120m)
[2026-03-25 17:30:01]     ⚠️  STALE (exceeded timeout)
[2026-03-25 17:30:01]   Task fix-all-trade-issues: age 29574570m (timeout 120m)
[2026-03-25 17:30:01]     ⚠️  STALE (exceeded timeout)
[2026-03-25 17:30:01] Archiving 9 stale + 0 completed tasks...
[2026-03-25 17:40:01] Checking 9 active tasks...
[2026-03-25 17:40:01]   Task dogfood-qa-week4: age 29574580m (timeout 120m)
[2026-03-25 17:40:01]     ⚠️  STALE (exceeded timeout)
[2026-03-25 17:40:01]   Task fix-dogfood-week4: age 29574580m (timeout 120m)
[2026-03-25 17:40:01]     ⚠️  STALE (exceeded timeout)
[2026-03-25 17:40:01]   Task test-opt-parallel-logger: age 29574580m (timeout 120m)
[2026-03-25 17:40:01]     ⚠️  STALE (exceeded timeout)
[2026-03-25 17:40:01]   Task test-opt-parallel-error: age 29574580m (timeout 120m)
[2026-03-25 17:40:01]     ⚠️  STALE (exceeded timeout)
[2026-03-25 17:40:01]   Task audit-all-work: age 29574580m (timeout 120m)
[2026-03-25 17:40:01]     ⚠️  STALE (exceeded timeout)
[2026-03-25 17:40:01]   Task workqueue-automation: age 29574580m (timeout 120m)
[2026-03-25 17:40:01]     ⚠️  STALE (exceeded timeout)
[2026-03-25 17:40:01]   Task test-opt-analytics-opus: age 29574580m (timeout 120m)
[2026-03-25 17:40:01]     ⚠️  STALE (exceeded timeout)
[2026-03-25 17:40:01]   Task fix-trade-builder-403: age 29574580m (timeout 120m)
[2026-03-25 17:40:01]     ⚠️  STALE (exceeded timeout)
[2026-03-25 17:40:01]   Task fix-all-trade-issues: age 29574580m (timeout 120m)
[2026-03-25 17:40:01]     ⚠️  STALE (exceeded timeout)
[2026-03-25 17:40:01] Archiving 9 stale + 0 completed tasks...
[2026-03-25 17:50:00] Checking 9 active tasks...
[2026-03-25 17:50:00]   Task dogfood-qa-week4: age 29574590m (timeout 120m)
[2026-03-25 17:50:00]     ⚠️  STALE (exceeded timeout)
[2026-03-25 17:50:00]   Task fix-dogfood-week4: age 29574590m (timeout 120m)
[2026-03-25 17:50:00]     ⚠️  STALE (exceeded timeout)
[2026-03-25 17:50:00]   Task test-opt-parallel-logger: age 29574590m (timeout 120m)
[2026-03-25 17:50:00]     ⚠️  STALE (exceeded timeout)
[2026-03-25 17:50:00]   Task test-opt-parallel-error: age 29574590m (timeout 120m)
[2026-03-25 17:50:00]     ⚠️  STALE (exceeded timeout)
[2026-03-25 17:50:00]   Task audit-all-work: age 29574590m (timeout 120m)
[2026-03-25 17:50:01]     ⚠️  STALE (exceeded timeout)
[2026-03-25 17:50:01]   Task workqueue-automation: age 29574590m (timeout 120m)
[2026-03-25 17:50:01]     ⚠️  STALE (exceeded timeout)
[2026-03-25 17:50:01]   Task test-opt-analytics-opus: age 29574590m (timeout 120m)
[2026-03-25 17:50:01]     ⚠️  STALE (exceeded timeout)
[2026-03-25 17:50:01]   Task fix-trade-builder-403: age 29574590m (timeout 120m)
[2026-03-25 17:50:01]     ⚠️  STALE (exceeded timeout)
[2026-03-25 17:50:01]   Task fix-all-trade-issues: age 29574590m (timeout 120m)
[2026-03-25 17:50:01]     ⚠️  STALE (exceeded timeout)
[2026-03-25 17:50:01] Archiving 9 stale + 0 completed tasks...
[2026-03-25 18:00:00] Checking 9 active tasks...
[2026-03-25 18:00:00]   Task dogfood-qa-week4: age 29574600m (timeout 120m)
[2026-03-25 18:00:00]     ⚠️  STALE (exceeded timeout)
[2026-03-25 18:00:00]   Task fix-dogfood-week4: age 29574600m (timeout 120m)
[2026-03-25 18:00:00]     ⚠️  STALE (exceeded timeout)
[2026-03-25 18:00:00]   Task test-opt-parallel-logger: age 29574600m (timeout 120m)
[2026-03-25 18:00:00]     ⚠️  STALE (exceeded timeout)
[2026-03-25 18:00:00]   Task test-opt-parallel-error: age 29574600m (timeout 120m)
[2026-03-25 18:00:00]     ⚠️  STALE (exceeded timeout)
[2026-03-25 18:00:00]   Task audit-all-work: age 29574600m (timeout 120m)
[2026-03-25 18:00:00]     ⚠️  STALE (exceeded timeout)
[2026-03-25 18:00:00]   Task workqueue-automation: age 29574600m (timeout 120m)
[2026-03-25 18:00:00]     ⚠️  STALE (exceeded timeout)
[2026-03-25 18:00:00]   Task test-opt-analytics-opus: age 29574600m (timeout 120m)
[2026-03-25 18:00:00]     ⚠️  STALE (exceeded timeout)
[2026-03-25 18:00:00]   Task fix-trade-builder-403: age 29574600m (timeout 120m)
[2026-03-25 18:00:00]     ⚠️  STALE (exceeded timeout)
[2026-03-25 18:00:00]   Task fix-all-trade-issues: age 29574600m (timeout 120m)
[2026-03-25 18:00:00]     ⚠️  STALE (exceeded timeout)
[2026-03-25 18:00:00] Archiving 9 stale + 0 completed tasks...
[2026-03-25 18:10:00] Checking 9 active tasks...
[2026-03-25 18:10:00]   Task dogfood-qa-week4: age 29574610m (timeout 120m)
[2026-03-25 18:10:00]     ⚠️  STALE (exceeded timeout)
[2026-03-25 18:10:00]   Task fix-dogfood-week4: age 29574610m (timeout 120m)
[2026-03-25 18:10:00]     ⚠️  STALE (exceeded timeout)
[2026-03-25 18:10:00]   Task test-opt-parallel-logger: age 29574610m (timeout 120m)
[2026-03-25 18:10:00]     ⚠️  STALE (exceeded timeout)
[2026-03-25 18:10:00]   Task test-opt-parallel-error: age 29574610m (timeout 120m)
[2026-03-25 18:10:00]     ⚠️  STALE (exceeded timeout)
[2026-03-25 18:10:00]   Task audit-all-work: age 29574610m (timeout 120m)
[2026-03-25 18:10:00]     ⚠️  STALE (exceeded timeout)
[2026-03-25 18:10:00]   Task workqueue-automation: age 29574610m (timeout 120m)
[2026-03-25 18:10:00]     ⚠️  STALE (exceeded timeout)
[2026-03-25 18:10:01]   Task test-opt-analytics-opus: age 29574610m (timeout 120m)
[2026-03-25 18:10:01]     ⚠️  STALE (exceeded timeout)
[2026-03-25 18:10:01]   Task fix-trade-builder-403: age 29574610m (timeout 120m)
[2026-03-25 18:10:01]     ⚠️  STALE (exceeded timeout)
[2026-03-25 18:10:01]   Task fix-all-trade-issues: age 29574610m (timeout 120m)
[2026-03-25 18:10:01]     ⚠️  STALE (exceeded timeout)
[2026-03-25 18:10:01] Archiving 9 stale + 0 completed tasks...
[2026-03-25 18:20:00] Checking 9 active tasks...
[2026-03-25 18:20:00]   Task dogfood-qa-week4: age 29574620m (timeout 120m)
[2026-03-25 18:20:00]     ⚠️  STALE (exceeded timeout)
[2026-03-25 18:20:00]   Task fix-dogfood-week4: age 29574620m (timeout 120m)
[2026-03-25 18:20:00]     ⚠️  STALE (exceeded timeout)
[2026-03-25 18:20:00]   Task test-opt-parallel-logger: age 29574620m (timeout 120m)
[2026-03-25 18:20:00]     ⚠️  STALE (exceeded timeout)
[2026-03-25 18:20:00]   Task test-opt-parallel-error: age 29574620m (timeout 120m)
[2026-03-25 18:20:00]     ⚠️  STALE (exceeded timeout)
[2026-03-25 18:20:01]   Task audit-all-work: age 29574620m (timeout 120m)
[2026-03-25 18:20:01]     ⚠️  STALE (exceeded timeout)
[2026-03-25 18:20:01]   Task workqueue-automation: age 29574620m (timeout 120m)
[2026-03-25 18:20:01]     ⚠️  STALE (exceeded timeout)
[2026-03-25 18:20:01]   Task test-opt-analytics-opus: age 29574620m (timeout 120m)
[2026-03-25 18:20:01]     ⚠️  STALE (exceeded timeout)
[2026-03-25 18:20:01]   Task fix-trade-builder-403: age 29574620m (timeout 120m)
[2026-03-25 18:20:01]     ⚠️  STALE (exceeded timeout)
[2026-03-25 18:20:01]   Task fix-all-trade-issues: age 29574620m (timeout 120m)
[2026-03-25 18:20:01]     ⚠️  STALE (exceeded timeout)
[2026-03-25 18:20:01] Archiving 9 stale + 0 completed tasks...
[2026-03-25 18:30:00] Checking 9 active tasks...
[2026-03-25 18:30:00]   Task dogfood-qa-week4: age 29574630m (timeout 120m)
[2026-03-25 18:30:00]     ⚠️  STALE (exceeded timeout)
[2026-03-25 18:30:00]   Task fix-dogfood-week4: age 29574630m (timeout 120m)
[2026-03-25 18:30:00]     ⚠️  STALE (exceeded timeout)
[2026-03-25 18:30:00]   Task test-opt-parallel-logger: age 29574630m (timeout 120m)
[2026-03-25 18:30:00]     ⚠️  STALE (exceeded timeout)
[2026-03-25 18:30:00]   Task test-opt-parallel-error: age 29574630m (timeout 120m)
[2026-03-25 18:30:00]     ⚠️  STALE (exceeded timeout)
[2026-03-25 18:30:00]   Task audit-all-work: age 29574630m (timeout 120m)
[2026-03-25 18:30:00]     ⚠️  STALE (exceeded timeout)
[2026-03-25 18:30:00]   Task workqueue-automation: age 29574630m (timeout 120m)
[2026-03-25 18:30:00]     ⚠️  STALE (exceeded timeout)
[2026-03-25 18:30:00]   Task test-opt-analytics-opus: age 29574630m (timeout 120m)
[2026-03-25 18:30:00]     ⚠️  STALE (exceeded timeout)
[2026-03-25 18:30:00]   Task fix-trade-builder-403: age 29574630m (timeout 120m)
[2026-03-25 18:30:00]     ⚠️  STALE (exceeded timeout)
[2026-03-25 18:30:00]   Task fix-all-trade-issues: age 29574630m (timeout 120m)
[2026-03-25 18:30:00]     ⚠️  STALE (exceeded timeout)
[2026-03-25 18:30:00] Archiving 9 stale + 0 completed tasks...
[2026-03-25 18:40:00] Checking 9 active tasks...
[2026-03-25 18:40:00]   Task dogfood-qa-week4: age 29574640m (timeout 120m)
[2026-03-25 18:40:00]     ⚠️  STALE (exceeded timeout)
[2026-03-25 18:40:00]   Task fix-dogfood-week4: age 29574640m (timeout 120m)
[2026-03-25 18:40:00]     ⚠️  STALE (exceeded timeout)
[2026-03-25 18:40:00]   Task test-opt-parallel-logger: age 29574640m (timeout 120m)
[2026-03-25 18:40:00]     ⚠️  STALE (exceeded timeout)
[2026-03-25 18:40:00]   Task test-opt-parallel-error: age 29574640m (timeout 120m)
[2026-03-25 18:40:00]     ⚠️  STALE (exceeded timeout)
[2026-03-25 18:40:00]   Task audit-all-work: age 29574640m (timeout 120m)
[2026-03-25 18:40:00]     ⚠️  STALE (exceeded timeout)
[2026-03-25 18:40:00]   Task workqueue-automation: age 29574640m (timeout 120m)
[2026-03-25 18:40:00]     ⚠️  STALE (exceeded timeout)
[2026-03-25 18:40:00]   Task test-opt-analytics-opus: age 29574640m (timeout 120m)
[2026-03-25 18:40:00]     ⚠️  STALE (exceeded timeout)
[2026-03-25 18:40:00]   Task fix-trade-builder-403: age 29574640m (timeout 120m)
[2026-03-25 18:40:00]     ⚠️  STALE (exceeded timeout)
[2026-03-25 18:40:00]   Task fix-all-trade-issues: age 29574640m (timeout 120m)
[2026-03-25 18:40:00]     ⚠️  STALE (exceeded timeout)
[2026-03-25 18:40:00] Archiving 9 stale + 0 completed tasks...
[2026-03-25 18:50:01] Checking 9 active tasks...
[2026-03-25 18:50:01]   Task dogfood-qa-week4: age 29574650m (timeout 120m)
[2026-03-25 18:50:01]     ⚠️  STALE (exceeded timeout)
[2026-03-25 18:50:01]   Task fix-dogfood-week4: age 29574650m (timeout 120m)
[2026-03-25 18:50:01]     ⚠️  STALE (exceeded timeout)
[2026-03-25 18:50:01]   Task test-opt-parallel-logger: age 29574650m (timeout 120m)
[2026-03-25 18:50:01]     ⚠️  STALE (exceeded timeout)
[2026-03-25 18:50:01]   Task test-opt-parallel-error: age 29574650m (timeout 120m)
[2026-03-25 18:50:01]     ⚠️  STALE (exceeded timeout)
[2026-03-25 18:50:01]   Task audit-all-work: age 29574650m (timeout 120m)
[2026-03-25 18:50:01]     ⚠️  STALE (exceeded timeout)
[2026-03-25 18:50:01]   Task workqueue-automation: age 29574650m (timeout 120m)
[2026-03-25 18:50:01]     ⚠️  STALE (exceeded timeout)
[2026-03-25 18:50:01]   Task test-opt-analytics-opus: age 29574650m (timeout 120m)
[2026-03-25 18:50:01]     ⚠️  STALE (exceeded timeout)
[2026-03-25 18:50:01]   Task fix-trade-builder-403: age 29574650m (timeout 120m)
[2026-03-25 18:50:01]     ⚠️  STALE (exceeded timeout)
[2026-03-25 18:50:01]   Task fix-all-trade-issues: age 29574650m (timeout 120m)
[2026-03-25 18:50:01]     ⚠️  STALE (exceeded timeout)
[2026-03-25 18:50:01] Archiving 9 stale + 0 completed tasks...
[2026-03-25 19:00:00] Checking 9 active tasks...
[2026-03-25 19:00:00]   Task dogfood-qa-week4: age 29574660m (timeout 120m)
[2026-03-25 19:00:00]     ⚠️  STALE (exceeded timeout)
[2026-03-25 19:00:00]   Task fix-dogfood-week4: age 29574660m (timeout 120m)
[2026-03-25 19:00:00]     ⚠️  STALE (exceeded timeout)
[2026-03-25 19:00:00]   Task test-opt-parallel-logger: age 29574660m (timeout 120m)
[2026-03-25 19:00:00]     ⚠️  STALE (exceeded timeout)
[2026-03-25 19:00:01]   Task test-opt-parallel-error: age 29574660m (timeout 120m)
[2026-03-25 19:00:01]     ⚠️  STALE (exceeded timeout)
[2026-03-25 19:00:01]   Task audit-all-work: age 29574660m (timeout 120m)
[2026-03-25 19:00:01]     ⚠️  STALE (exceeded timeout)
[2026-03-25 19:00:01]   Task workqueue-automation: age 29574660m (timeout 120m)
[2026-03-25 19:00:01]     ⚠️  STALE (exceeded timeout)
[2026-03-25 19:00:01]   Task test-opt-analytics-opus: age 29574660m (timeout 120m)
[2026-03-25 19:00:01]     ⚠️  STALE (exceeded timeout)
[2026-03-25 19:00:01]   Task fix-trade-builder-403: age 29574660m (timeout 120m)
[2026-03-25 19:00:01]     ⚠️  STALE (exceeded timeout)
[2026-03-25 19:00:01]   Task fix-all-trade-issues: age 29574660m (timeout 120m)
[2026-03-25 19:00:01]     ⚠️  STALE (exceeded timeout)
[2026-03-25 19:00:01] Archiving 9 stale + 0 completed tasks...
[2026-03-25 19:10:00] Checking 9 active tasks...
[2026-03-25 19:10:00]   Task dogfood-qa-week4: age 29574670m (timeout 120m)
[2026-03-25 19:10:00]     ⚠️  STALE (exceeded timeout)
[2026-03-25 19:10:01]   Task fix-dogfood-week4: age 29574670m (timeout 120m)
[2026-03-25 19:10:01]     ⚠️  STALE (exceeded timeout)
[2026-03-25 19:10:01]   Task test-opt-parallel-logger: age 29574670m (timeout 120m)
[2026-03-25 19:10:01]     ⚠️  STALE (exceeded timeout)
[2026-03-25 19:10:01]   Task test-opt-parallel-error: age 29574670m (timeout 120m)
[2026-03-25 19:10:01]     ⚠️  STALE (exceeded timeout)
[2026-03-25 19:10:01]   Task audit-all-work: age 29574670m (timeout 120m)
[2026-03-25 19:10:01]     ⚠️  STALE (exceeded timeout)
[2026-03-25 19:10:01]   Task workqueue-automation: age 29574670m (timeout 120m)
[2026-03-25 19:10:01]     ⚠️  STALE (exceeded timeout)
[2026-03-25 19:10:01]   Task test-opt-analytics-opus: age 29574670m (timeout 120m)
[2026-03-25 19:10:01]     ⚠️  STALE (exceeded timeout)
[2026-03-25 19:10:01]   Task fix-trade-builder-403: age 29574670m (timeout 120m)
[2026-03-25 19:10:01]     ⚠️  STALE (exceeded timeout)
[2026-03-25 19:10:01]   Task fix-all-trade-issues: age 29574670m (timeout 120m)
[2026-03-25 19:10:01]     ⚠️  STALE (exceeded timeout)
[2026-03-25 19:10:01] Archiving 9 stale + 0 completed tasks...
[2026-03-25 19:20:00] Checking 9 active tasks...
[2026-03-25 19:20:00]   Task dogfood-qa-week4: age 29574680m (timeout 120m)
[2026-03-25 19:20:00]     ⚠️  STALE (exceeded timeout)
[2026-03-25 19:20:00]   Task fix-dogfood-week4: age 29574680m (timeout 120m)
[2026-03-25 19:20:00]     ⚠️  STALE (exceeded timeout)
[2026-03-25 19:20:00]   Task test-opt-parallel-logger: age 29574680m (timeout 120m)
[2026-03-25 19:20:00]     ⚠️  STALE (exceeded timeout)
[2026-03-25 19:20:00]   Task test-opt-parallel-error: age 29574680m (timeout 120m)
[2026-03-25 19:20:00]     ⚠️  STALE (exceeded timeout)
[2026-03-25 19:20:00]   Task audit-all-work: age 29574680m (timeout 120m)
[2026-03-25 19:20:00]     ⚠️  STALE (exceeded timeout)
[2026-03-25 19:20:00]   Task workqueue-automation: age 29574680m (timeout 120m)
[2026-03-25 19:20:00]     ⚠️  STALE (exceeded timeout)
[2026-03-25 19:20:00]   Task test-opt-analytics-opus: age 29574680m (timeout 120m)
[2026-03-25 19:20:00]     ⚠️  STALE (exceeded timeout)
[2026-03-25 19:20:00]   Task fix-trade-builder-403: age 29574680m (timeout 120m)
[2026-03-25 19:20:00]     ⚠️  STALE (exceeded timeout)
[2026-03-25 19:20:00]   Task fix-all-trade-issues: age 29574680m (timeout 120m)
[2026-03-25 19:20:00]     ⚠️  STALE (exceeded timeout)
[2026-03-25 19:20:00] Archiving 9 stale + 0 completed tasks...
[2026-03-25 19:30:00] Checking 9 active tasks...
[2026-03-25 19:30:00]   Task dogfood-qa-week4: age 29574690m (timeout 120m)
[2026-03-25 19:30:00]     ⚠️  STALE (exceeded timeout)
[2026-03-25 19:30:00]   Task fix-dogfood-week4: age 29574690m (timeout 120m)
[2026-03-25 19:30:00]     ⚠️  STALE (exceeded timeout)
[2026-03-25 19:30:00]   Task test-opt-parallel-logger: age 29574690m (timeout 120m)
[2026-03-25 19:30:00]     ⚠️  STALE (exceeded timeout)
[2026-03-25 19:30:00]   Task test-opt-parallel-error: age 29574690m (timeout 120m)
[2026-03-25 19:30:00]     ⚠️  STALE (exceeded timeout)
[2026-03-25 19:30:00]   Task audit-all-work: age 29574690m (timeout 120m)
[2026-03-25 19:30:00]     ⚠️  STALE (exceeded timeout)
[2026-03-25 19:30:00]   Task workqueue-automation: age 29574690m (timeout 120m)
[2026-03-25 19:30:00]     ⚠️  STALE (exceeded timeout)
[2026-03-25 19:30:00]   Task test-opt-analytics-opus: age 29574690m (timeout 120m)
[2026-03-25 19:30:00]     ⚠️  STALE (exceeded timeout)
[2026-03-25 19:30:00]   Task fix-trade-builder-403: age 29574690m (timeout 120m)
[2026-03-25 19:30:00]     ⚠️  STALE (exceeded timeout)
[2026-03-25 19:30:00]   Task fix-all-trade-issues: age 29574690m (timeout 120m)
[2026-03-25 19:30:00]     ⚠️  STALE (exceeded timeout)
[2026-03-25 19:30:00] Archiving 9 stale + 0 completed tasks...
[2026-03-25 19:40:00] Checking 9 active tasks...
[2026-03-25 19:40:00]   Task dogfood-qa-week4: age 29574700m (timeout 120m)
[2026-03-25 19:40:00]     ⚠️  STALE (exceeded timeout)
[2026-03-25 19:40:00]   Task fix-dogfood-week4: age 29574700m (timeout 120m)
[2026-03-25 19:40:00]     ⚠️  STALE (exceeded timeout)
[2026-03-25 19:40:00]   Task test-opt-parallel-logger: age 29574700m (timeout 120m)
[2026-03-25 19:40:00]     ⚠️  STALE (exceeded timeout)
[2026-03-25 19:40:00]   Task test-opt-parallel-error: age 29574700m (timeout 120m)
[2026-03-25 19:40:00]     ⚠️  STALE (exceeded timeout)
[2026-03-25 19:40:00]   Task audit-all-work: age 29574700m (timeout 120m)
[2026-03-25 19:40:00]     ⚠️  STALE (exceeded timeout)
[2026-03-25 19:40:00]   Task workqueue-automation: age 29574700m (timeout 120m)
[2026-03-25 19:40:00]     ⚠️  STALE (exceeded timeout)
[2026-03-25 19:40:00]   Task test-opt-analytics-opus: age 29574700m (timeout 120m)
[2026-03-25 19:40:00]     ⚠️  STALE (exceeded timeout)
[2026-03-25 19:40:00]   Task fix-trade-builder-403: age 29574700m (timeout 120m)
[2026-03-25 19:40:00]     ⚠️  STALE (exceeded timeout)
[2026-03-25 19:40:00]   Task fix-all-trade-issues: age 29574700m (timeout 120m)
[2026-03-25 19:40:00]     ⚠️  STALE (exceeded timeout)
[2026-03-25 19:40:00] Archiving 9 stale + 0 completed tasks...
[2026-03-25 19:50:00] Checking 9 active tasks...
[2026-03-25 19:50:00]   Task dogfood-qa-week4: age 29574710m (timeout 120m)
[2026-03-25 19:50:00]     ⚠️  STALE (exceeded timeout)
[2026-03-25 19:50:00]   Task fix-dogfood-week4: age 29574710m (timeout 120m)
[2026-03-25 19:50:00]     ⚠️  STALE (exceeded timeout)
[2026-03-25 19:50:00]   Task test-opt-parallel-logger: age 29574710m (timeout 120m)
[2026-03-25 19:50:00]     ⚠️  STALE (exceeded timeout)
[2026-03-25 19:50:00]   Task test-opt-parallel-error: age 29574710m (timeout 120m)
[2026-03-25 19:50:00]     ⚠️  STALE (exceeded timeout)
[2026-03-25 19:50:00]   Task audit-all-work: age 29574710m (timeout 120m)
[2026-03-25 19:50:00]     ⚠️  STALE (exceeded timeout)
[2026-03-25 19:50:01]   Task workqueue-automation: age 29574710m (timeout 120m)
[2026-03-25 19:50:01]     ⚠️  STALE (exceeded timeout)
[2026-03-25 19:50:01]   Task test-opt-analytics-opus: age 29574710m (timeout 120m)
[2026-03-25 19:50:01]     ⚠️  STALE (exceeded timeout)
[2026-03-25 19:50:01]   Task fix-trade-builder-403: age 29574710m (timeout 120m)
[2026-03-25 19:50:01]     ⚠️  STALE (exceeded timeout)
[2026-03-25 19:50:01]   Task fix-all-trade-issues: age 29574710m (timeout 120m)
[2026-03-25 19:50:01]     ⚠️  STALE (exceeded timeout)
[2026-03-25 19:50:01] Archiving 9 stale + 0 completed tasks...
[2026-03-25 20:00:00] Checking 9 active tasks...
[2026-03-25 20:00:00]   Task dogfood-qa-week4: age 29574720m (timeout 120m)
[2026-03-25 20:00:00]     ⚠️  STALE (exceeded timeout)
[2026-03-25 20:00:00]   Task fix-dogfood-week4: age 29574720m (timeout 120m)
[2026-03-25 20:00:00]     ⚠️  STALE (exceeded timeout)
[2026-03-25 20:00:00]   Task test-opt-parallel-logger: age 29574720m (timeout 120m)
[2026-03-25 20:00:00]     ⚠️  STALE (exceeded timeout)
[2026-03-25 20:00:00]   Task test-opt-parallel-error: age 29574720m (timeout 120m)
[2026-03-25 20:00:00]     ⚠️  STALE (exceeded timeout)
[2026-03-25 20:00:00]   Task audit-all-work: age 29574720m (timeout 120m)
[2026-03-25 20:00:00]     ⚠️  STALE (exceeded timeout)
[2026-03-25 20:00:00]   Task workqueue-automation: age 29574720m (timeout 120m)
[2026-03-25 20:00:00]     ⚠️  STALE (exceeded timeout)
[2026-03-25 20:00:00]   Task test-opt-analytics-opus: age 29574720m (timeout 120m)
[2026-03-25 20:00:00]     ⚠️  STALE (exceeded timeout)
[2026-03-25 20:00:00]   Task fix-trade-builder-403: age 29574720m (timeout 120m)
[2026-03-25 20:00:00]     ⚠️  STALE (exceeded timeout)
[2026-03-25 20:00:00]   Task fix-all-trade-issues: age 29574720m (timeout 120m)
[2026-03-25 20:00:00]     ⚠️  STALE (exceeded timeout)
[2026-03-25 20:00:00] Archiving 9 stale + 0 completed tasks...
[2026-03-25 20:10:00] Checking 9 active tasks...
[2026-03-25 20:10:00]   Task dogfood-qa-week4: age 29574730m (timeout 120m)
[2026-03-25 20:10:00]     ⚠️  STALE (exceeded timeout)
[2026-03-25 20:10:00]   Task fix-dogfood-week4: age 29574730m (timeout 120m)
[2026-03-25 20:10:00]     ⚠️  STALE (exceeded timeout)
[2026-03-25 20:10:00]   Task test-opt-parallel-logger: age 29574730m (timeout 120m)
[2026-03-25 20:10:00]     ⚠️  STALE (exceeded timeout)
[2026-03-25 20:10:00]   Task test-opt-parallel-error: age 29574730m (timeout 120m)
[2026-03-25 20:10:00]     ⚠️  STALE (exceeded timeout)
[2026-03-25 20:10:00]   Task audit-all-work: age 29574730m (timeout 120m)
[2026-03-25 20:10:00]     ⚠️  STALE (exceeded timeout)
[2026-03-25 20:10:00]   Task workqueue-automation: age 29574730m (timeout 120m)
[2026-03-25 20:10:00]     ⚠️  STALE (exceeded timeout)
[2026-03-25 20:10:00]   Task test-opt-analytics-opus: age 29574730m (timeout 120m)
[2026-03-25 20:10:00]     ⚠️  STALE (exceeded timeout)
[2026-03-25 20:10:00]   Task fix-trade-builder-403: age 29574730m (timeout 120m)
[2026-03-25 20:10:00]     ⚠️  STALE (exceeded timeout)
[2026-03-25 20:10:00]   Task fix-all-trade-issues: age 29574730m (timeout 120m)
[2026-03-25 20:10:00]     ⚠️  STALE (exceeded timeout)
[2026-03-25 20:10:00] Archiving 9 stale + 0 completed tasks...
[2026-03-25 20:20:00] Checking 9 active tasks...
[2026-03-25 20:20:00]   Task dogfood-qa-week4: age 29574740m (timeout 120m)
[2026-03-25 20:20:00]     ⚠️  STALE (exceeded timeout)
[2026-03-25 20:20:00]   Task fix-dogfood-week4: age 29574740m (timeout 120m)
[2026-03-25 20:20:00]     ⚠️  STALE (exceeded timeout)
[2026-03-25 20:20:00]   Task test-opt-parallel-logger: age 29574740m (timeout 120m)
[2026-03-25 20:20:00]     ⚠️  STALE (exceeded timeout)
[2026-03-25 20:20:00]   Task test-opt-parallel-error: age 29574740m (timeout 120m)
[2026-03-25 20:20:00]     ⚠️  STALE (exceeded timeout)
[2026-03-25 20:20:00]   Task audit-all-work: age 29574740m (timeout 120m)
[2026-03-25 20:20:00]     ⚠️  STALE (exceeded timeout)
[2026-03-25 20:20:00]   Task workqueue-automation: age 29574740m (timeout 120m)
[2026-03-25 20:20:00]     ⚠️  STALE (exceeded timeout)
[2026-03-25 20:20:00]   Task test-opt-analytics-opus: age 29574740m (timeout 120m)
[2026-03-25 20:20:00]     ⚠️  STALE (exceeded timeout)
[2026-03-25 20:20:00]   Task fix-trade-builder-403: age 29574740m (timeout 120m)
[2026-03-25 20:20:00]     ⚠️  STALE (exceeded timeout)
[2026-03-25 20:20:00]   Task fix-all-trade-issues: age 29574740m (timeout 120m)
[2026-03-25 20:20:00]     ⚠️  STALE (exceeded timeout)
[2026-03-25 20:20:00] Archiving 9 stale + 0 completed tasks...
[2026-03-25 20:30:01] Checking 9 active tasks...
[2026-03-25 20:30:01]   Task dogfood-qa-week4: age 29574750m (timeout 120m)
[2026-03-25 20:30:01]     ⚠️  STALE (exceeded timeout)
[2026-03-25 20:30:01]   Task fix-dogfood-week4: age 29574750m (timeout 120m)
[2026-03-25 20:30:01]     ⚠️  STALE (exceeded timeout)
[2026-03-25 20:30:01]   Task test-opt-parallel-logger: age 29574750m (timeout 120m)
[2026-03-25 20:30:01]     ⚠️  STALE (exceeded timeout)
[2026-03-25 20:30:01]   Task test-opt-parallel-error: age 29574750m (timeout 120m)
[2026-03-25 20:30:01]     ⚠️  STALE (exceeded timeout)
[2026-03-25 20:30:01]   Task audit-all-work: age 29574750m (timeout 120m)
[2026-03-25 20:30:01]     ⚠️  STALE (exceeded timeout)
[2026-03-25 20:30:01]   Task workqueue-automation: age 29574750m (timeout 120m)
[2026-03-25 20:30:01]     ⚠️  STALE (exceeded timeout)
[2026-03-25 20:30:01]   Task test-opt-analytics-opus: age 29574750m (timeout 120m)
[2026-03-25 20:30:01]     ⚠️  STALE (exceeded timeout)
[2026-03-25 20:30:01]   Task fix-trade-builder-403: age 29574750m (timeout 120m)
[2026-03-25 20:30:01]     ⚠️  STALE (exceeded timeout)
[2026-03-25 20:30:01]   Task fix-all-trade-issues: age 29574750m (timeout 120m)
[2026-03-25 20:30:01]     ⚠️  STALE (exceeded timeout)
[2026-03-25 20:30:01] Archiving 9 stale + 0 completed tasks...
[2026-03-25 20:40:00] Checking 9 active tasks...
[2026-03-25 20:40:00]   Task dogfood-qa-week4: age 29574760m (timeout 120m)
[2026-03-25 20:40:00]     ⚠️  STALE (exceeded timeout)
[2026-03-25 20:40:00]   Task fix-dogfood-week4: age 29574760m (timeout 120m)
[2026-03-25 20:40:00]     ⚠️  STALE (exceeded timeout)
[2026-03-25 20:40:00]   Task test-opt-parallel-logger: age 29574760m (timeout 120m)
[2026-03-25 20:40:00]     ⚠️  STALE (exceeded timeout)
[2026-03-25 20:40:00]   Task test-opt-parallel-error: age 29574760m (timeout 120m)
[2026-03-25 20:40:00]     ⚠️  STALE (exceeded timeout)
[2026-03-25 20:40:00]   Task audit-all-work: age 29574760m (timeout 120m)
[2026-03-25 20:40:00]     ⚠️  STALE (exceeded timeout)
[2026-03-25 20:40:01]   Task workqueue-automation: age 29574760m (timeout 120m)
[2026-03-25 20:40:01]     ⚠️  STALE (exceeded timeout)
[2026-03-25 20:40:01]   Task test-opt-analytics-opus: age 29574760m (timeout 120m)
[2026-03-25 20:40:01]     ⚠️  STALE (exceeded timeout)
[2026-03-25 20:40:01]   Task fix-trade-builder-403: age 29574760m (timeout 120m)
[2026-03-25 20:40:01]     ⚠️  STALE (exceeded timeout)
[2026-03-25 20:40:01]   Task fix-all-trade-issues: age 29574760m (timeout 120m)
[2026-03-25 20:40:01]     ⚠️  STALE (exceeded timeout)
[2026-03-25 20:40:01] Archiving 9 stale + 0 completed tasks...
[2026-03-25 20:50:00] Checking 9 active tasks...
[2026-03-25 20:50:00]   Task dogfood-qa-week4: age 29574770m (timeout 120m)
[2026-03-25 20:50:00]     ⚠️  STALE (exceeded timeout)
[2026-03-25 20:50:00]   Task fix-dogfood-week4: age 29574770m (timeout 120m)
[2026-03-25 20:50:00]     ⚠️  STALE (exceeded timeout)
[2026-03-25 20:50:00]   Task test-opt-parallel-logger: age 29574770m (timeout 120m)
[2026-03-25 20:50:01]     ⚠️  STALE (exceeded timeout)
[2026-03-25 20:50:01]   Task test-opt-parallel-error: age 29574770m (timeout 120m)
[2026-03-25 20:50:01]     ⚠️  STALE (exceeded timeout)
[2026-03-25 20:50:01]   Task audit-all-work: age 29574770m (timeout 120m)
[2026-03-25 20:50:01]     ⚠️  STALE (exceeded timeout)
[2026-03-25 20:50:01]   Task workqueue-automation: age 29574770m (timeout 120m)
[2026-03-25 20:50:01]     ⚠️  STALE (exceeded timeout)
[2026-03-25 20:50:01]   Task test-opt-analytics-opus: age 29574770m (timeout 120m)
[2026-03-25 20:50:01]     ⚠️  STALE (exceeded timeout)
[2026-03-25 20:50:01]   Task fix-trade-builder-403: age 29574770m (timeout 120m)
[2026-03-25 20:50:01]     ⚠️  STALE (exceeded timeout)
