[2026-04-10 00:00:00] Checking 9 active tasks...
[2026-04-10 00:00:00]   Task dogfood-qa-week4: age 29596560m (timeout 120m)
[2026-04-10 00:00:00]     ⚠️  STALE (exceeded timeout)
[2026-04-10 00:00:00]   Task fix-dogfood-week4: age 29596560m (timeout 120m)
[2026-04-10 00:00:00]     ⚠️  STALE (exceeded timeout)
[2026-04-10 00:00:01]   Task test-opt-parallel-logger: age 29596560m (timeout 120m)
[2026-04-10 00:00:01]     ⚠️  STALE (exceeded timeout)
[2026-04-10 00:00:01]   Task test-opt-parallel-error: age 29596560m (timeout 120m)
[2026-04-10 00:00:01]     ⚠️  STALE (exceeded timeout)
[2026-04-10 00:00:01]   Task audit-all-work: age 29596560m (timeout 120m)
[2026-04-10 00:00:01]     ⚠️  STALE (exceeded timeout)
[2026-04-10 00:00:01]   Task workqueue-automation: age 29596560m (timeout 120m)
[2026-04-10 00:00:01]     ⚠️  STALE (exceeded timeout)
[2026-04-10 00:00:01]   Task test-opt-analytics-opus: age 29596560m (timeout 120m)
[2026-04-10 00:00:01]     ⚠️  STALE (exceeded timeout)
[2026-04-10 00:00:01]   Task fix-trade-builder-403: age 29596560m (timeout 120m)
[2026-04-10 00:00:01]     ⚠️  STALE (exceeded timeout)
[2026-04-10 00:00:01]   Task fix-all-trade-issues: age 29596560m (timeout 120m)
[2026-04-10 00:00:01]     ⚠️  STALE (exceeded timeout)
[2026-04-10 00:00:01] Archiving 9 stale + 0 completed tasks...
[2026-04-10 00:10:00] Checking 9 active tasks...
[2026-04-10 00:10:00]   Task dogfood-qa-week4: age 29596570m (timeout 120m)
[2026-04-10 00:10:00]     ⚠️  STALE (exceeded timeout)
[2026-04-10 00:10:01]   Task fix-dogfood-week4: age 29596570m (timeout 120m)
[2026-04-10 00:10:01]     ⚠️  STALE (exceeded timeout)
[2026-04-10 00:10:01]   Task test-opt-parallel-logger: age 29596570m (timeout 120m)
[2026-04-10 00:10:01]     ⚠️  STALE (exceeded timeout)
[2026-04-10 00:10:01]   Task test-opt-parallel-error: age 29596570m (timeout 120m)
[2026-04-10 00:10:01]     ⚠️  STALE (exceeded timeout)
[2026-04-10 00:10:01]   Task audit-all-work: age 29596570m (timeout 120m)
[2026-04-10 00:10:01]     ⚠️  STALE (exceeded timeout)
[2026-04-10 00:10:01]   Task workqueue-automation: age 29596570m (timeout 120m)
[2026-04-10 00:10:01]     ⚠️  STALE (exceeded timeout)
[2026-04-10 00:10:01]   Task test-opt-analytics-opus: age 29596570m (timeout 120m)
[2026-04-10 00:10:01]     ⚠️  STALE (exceeded timeout)
[2026-04-10 00:10:01]   Task fix-trade-builder-403: age 29596570m (timeout 120m)
[2026-04-10 00:10:01]     ⚠️  STALE (exceeded timeout)
[2026-04-10 00:10:01]   Task fix-all-trade-issues: age 29596570m (timeout 120m)
[2026-04-10 00:10:01]     ⚠️  STALE (exceeded timeout)
[2026-04-10 00:10:01] Archiving 9 stale + 0 completed tasks...
[2026-04-10 00:20:00] Checking 9 active tasks...
[2026-04-10 00:20:00]   Task dogfood-qa-week4: age 29596580m (timeout 120m)
[2026-04-10 00:20:00]     ⚠️  STALE (exceeded timeout)
[2026-04-10 00:20:00]   Task fix-dogfood-week4: age 29596580m (timeout 120m)
[2026-04-10 00:20:00]     ⚠️  STALE (exceeded timeout)
[2026-04-10 00:20:00]   Task test-opt-parallel-logger: age 29596580m (timeout 120m)
[2026-04-10 00:20:00]     ⚠️  STALE (exceeded timeout)
[2026-04-10 00:20:01]   Task test-opt-parallel-error: age 29596580m (timeout 120m)
[2026-04-10 00:20:01]     ⚠️  STALE (exceeded timeout)
[2026-04-10 00:20:01]   Task audit-all-work: age 29596580m (timeout 120m)
[2026-04-10 00:20:01]     ⚠️  STALE (exceeded timeout)
[2026-04-10 00:20:01]   Task workqueue-automation: age 29596580m (timeout 120m)
[2026-04-10 00:20:01]     ⚠️  STALE (exceeded timeout)
[2026-04-10 00:20:01]   Task test-opt-analytics-opus: age 29596580m (timeout 120m)
[2026-04-10 00:20:01]     ⚠️  STALE (exceeded timeout)
[2026-04-10 00:20:01]   Task fix-trade-builder-403: age 29596580m (timeout 120m)
[2026-04-10 00:20:01]     ⚠️  STALE (exceeded timeout)
[2026-04-10 00:20:01]   Task fix-all-trade-issues: age 29596580m (timeout 120m)
[2026-04-10 00:20:01]     ⚠️  STALE (exceeded timeout)
[2026-04-10 00:20:01] Archiving 9 stale + 0 completed tasks...
[2026-04-10 00:30:00] Checking 9 active tasks...
[2026-04-10 00:30:00]   Task dogfood-qa-week4: age 29596590m (timeout 120m)
[2026-04-10 00:30:00]     ⚠️  STALE (exceeded timeout)
[2026-04-10 00:30:00]   Task fix-dogfood-week4: age 29596590m (timeout 120m)
[2026-04-10 00:30:00]     ⚠️  STALE (exceeded timeout)
[2026-04-10 00:30:00]   Task test-opt-parallel-logger: age 29596590m (timeout 120m)
[2026-04-10 00:30:00]     ⚠️  STALE (exceeded timeout)
[2026-04-10 00:30:00]   Task test-opt-parallel-error: age 29596590m (timeout 120m)
[2026-04-10 00:30:00]     ⚠️  STALE (exceeded timeout)
[2026-04-10 00:30:01]   Task audit-all-work: age 29596590m (timeout 120m)
[2026-04-10 00:30:01]     ⚠️  STALE (exceeded timeout)
[2026-04-10 00:30:01]   Task workqueue-automation: age 29596590m (timeout 120m)
[2026-04-10 00:30:01]     ⚠️  STALE (exceeded timeout)
[2026-04-10 00:30:01]   Task test-opt-analytics-opus: age 29596590m (timeout 120m)
[2026-04-10 00:30:01]     ⚠️  STALE (exceeded timeout)
[2026-04-10 00:30:01]   Task fix-trade-builder-403: age 29596590m (timeout 120m)
[2026-04-10 00:30:01]     ⚠️  STALE (exceeded timeout)
[2026-04-10 00:30:01]   Task fix-all-trade-issues: age 29596590m (timeout 120m)
[2026-04-10 00:30:01]     ⚠️  STALE (exceeded timeout)
[2026-04-10 00:30:01] Archiving 9 stale + 0 completed tasks...
[2026-04-10 00:40:00] Checking 9 active tasks...
[2026-04-10 00:40:00]   Task dogfood-qa-week4: age 29596600m (timeout 120m)
[2026-04-10 00:40:00]     ⚠️  STALE (exceeded timeout)
[2026-04-10 00:40:00]   Task fix-dogfood-week4: age 29596600m (timeout 120m)
[2026-04-10 00:40:00]     ⚠️  STALE (exceeded timeout)
[2026-04-10 00:40:00]   Task test-opt-parallel-logger: age 29596600m (timeout 120m)
[2026-04-10 00:40:00]     ⚠️  STALE (exceeded timeout)
[2026-04-10 00:40:00]   Task test-opt-parallel-error: age 29596600m (timeout 120m)
[2026-04-10 00:40:00]     ⚠️  STALE (exceeded timeout)
[2026-04-10 00:40:00]   Task audit-all-work: age 29596600m (timeout 120m)
[2026-04-10 00:40:00]     ⚠️  STALE (exceeded timeout)
[2026-04-10 00:40:00]   Task workqueue-automation: age 29596600m (timeout 120m)
[2026-04-10 00:40:00]     ⚠️  STALE (exceeded timeout)
[2026-04-10 00:40:00]   Task test-opt-analytics-opus: age 29596600m (timeout 120m)
[2026-04-10 00:40:00]     ⚠️  STALE (exceeded timeout)
[2026-04-10 00:40:01]   Task fix-trade-builder-403: age 29596600m (timeout 120m)
[2026-04-10 00:40:01]     ⚠️  STALE (exceeded timeout)
[2026-04-10 00:40:01]   Task fix-all-trade-issues: age 29596600m (timeout 120m)
[2026-04-10 00:40:01]     ⚠️  STALE (exceeded timeout)
[2026-04-10 00:40:01] Archiving 9 stale + 0 completed tasks...
[2026-04-10 00:50:00] Checking 9 active tasks...
[2026-04-10 00:50:00]   Task dogfood-qa-week4: age 29596610m (timeout 120m)
[2026-04-10 00:50:00]     ⚠️  STALE (exceeded timeout)
[2026-04-10 00:50:00]   Task fix-dogfood-week4: age 29596610m (timeout 120m)
[2026-04-10 00:50:00]     ⚠️  STALE (exceeded timeout)
[2026-04-10 00:50:00]   Task test-opt-parallel-logger: age 29596610m (timeout 120m)
[2026-04-10 00:50:00]     ⚠️  STALE (exceeded timeout)
[2026-04-10 00:50:00]   Task test-opt-parallel-error: age 29596610m (timeout 120m)
[2026-04-10 00:50:00]     ⚠️  STALE (exceeded timeout)
[2026-04-10 00:50:00]   Task audit-all-work: age 29596610m (timeout 120m)
[2026-04-10 00:50:00]     ⚠️  STALE (exceeded timeout)
[2026-04-10 00:50:00]   Task workqueue-automation: age 29596610m (timeout 120m)
[2026-04-10 00:50:00]     ⚠️  STALE (exceeded timeout)
[2026-04-10 00:50:00]   Task test-opt-analytics-opus: age 29596610m (timeout 120m)
[2026-04-10 00:50:00]     ⚠️  STALE (exceeded timeout)
[2026-04-10 00:50:00]   Task fix-trade-builder-403: age 29596610m (timeout 120m)
[2026-04-10 00:50:00]     ⚠️  STALE (exceeded timeout)
[2026-04-10 00:50:00]   Task fix-all-trade-issues: age 29596610m (timeout 120m)
[2026-04-10 00:50:00]     ⚠️  STALE (exceeded timeout)
[2026-04-10 00:50:00] Archiving 9 stale + 0 completed tasks...
[2026-04-10 01:00:00] Checking 9 active tasks...
[2026-04-10 01:00:00]   Task dogfood-qa-week4: age 29596620m (timeout 120m)
[2026-04-10 01:00:00]     ⚠️  STALE (exceeded timeout)
[2026-04-10 01:00:00]   Task fix-dogfood-week4: age 29596620m (timeout 120m)
[2026-04-10 01:00:00]     ⚠️  STALE (exceeded timeout)
[2026-04-10 01:00:00]   Task test-opt-parallel-logger: age 29596620m (timeout 120m)
[2026-04-10 01:00:00]     ⚠️  STALE (exceeded timeout)
[2026-04-10 01:00:00]   Task test-opt-parallel-error: age 29596620m (timeout 120m)
[2026-04-10 01:00:00]     ⚠️  STALE (exceeded timeout)
[2026-04-10 01:00:00]   Task audit-all-work: age 29596620m (timeout 120m)
[2026-04-10 01:00:00]     ⚠️  STALE (exceeded timeout)
[2026-04-10 01:00:00]   Task workqueue-automation: age 29596620m (timeout 120m)
[2026-04-10 01:00:00]     ⚠️  STALE (exceeded timeout)
[2026-04-10 01:00:00]   Task test-opt-analytics-opus: age 29596620m (timeout 120m)
[2026-04-10 01:00:00]     ⚠️  STALE (exceeded timeout)
[2026-04-10 01:00:00]   Task fix-trade-builder-403: age 29596620m (timeout 120m)
[2026-04-10 01:00:00]     ⚠️  STALE (exceeded timeout)
[2026-04-10 01:00:00]   Task fix-all-trade-issues: age 29596620m (timeout 120m)
[2026-04-10 01:00:00]     ⚠️  STALE (exceeded timeout)
[2026-04-10 01:00:00] Archiving 9 stale + 0 completed tasks...
[2026-04-10 01:10:00] Checking 9 active tasks...
[2026-04-10 01:10:00]   Task dogfood-qa-week4: age 29596630m (timeout 120m)
[2026-04-10 01:10:00]     ⚠️  STALE (exceeded timeout)
[2026-04-10 01:10:00]   Task fix-dogfood-week4: age 29596630m (timeout 120m)
[2026-04-10 01:10:00]     ⚠️  STALE (exceeded timeout)
[2026-04-10 01:10:00]   Task test-opt-parallel-logger: age 29596630m (timeout 120m)
[2026-04-10 01:10:01]     ⚠️  STALE (exceeded timeout)
[2026-04-10 01:10:01]   Task test-opt-parallel-error: age 29596630m (timeout 120m)
[2026-04-10 01:10:01]     ⚠️  STALE (exceeded timeout)
[2026-04-10 01:10:01]   Task audit-all-work: age 29596630m (timeout 120m)
[2026-04-10 01:10:01]     ⚠️  STALE (exceeded timeout)
[2026-04-10 01:10:01]   Task workqueue-automation: age 29596630m (timeout 120m)
[2026-04-10 01:10:01]     ⚠️  STALE (exceeded timeout)
[2026-04-10 01:10:01]   Task test-opt-analytics-opus: age 29596630m (timeout 120m)
[2026-04-10 01:10:01]     ⚠️  STALE (exceeded timeout)
[2026-04-10 01:10:01]   Task fix-trade-builder-403: age 29596630m (timeout 120m)
[2026-04-10 01:10:01]     ⚠️  STALE (exceeded timeout)
[2026-04-10 01:10:01]   Task fix-all-trade-issues: age 29596630m (timeout 120m)
[2026-04-10 01:10:01]     ⚠️  STALE (exceeded timeout)
[2026-04-10 01:10:01] Archiving 9 stale + 0 completed tasks...
[2026-04-10 01:20:00] Checking 9 active tasks...
[2026-04-10 01:20:00]   Task dogfood-qa-week4: age 29596640m (timeout 120m)
[2026-04-10 01:20:00]     ⚠️  STALE (exceeded timeout)
[2026-04-10 01:20:00]   Task fix-dogfood-week4: age 29596640m (timeout 120m)
[2026-04-10 01:20:00]     ⚠️  STALE (exceeded timeout)
[2026-04-10 01:20:00]   Task test-opt-parallel-logger: age 29596640m (timeout 120m)
[2026-04-10 01:20:00]     ⚠️  STALE (exceeded timeout)
[2026-04-10 01:20:00]   Task test-opt-parallel-error: age 29596640m (timeout 120m)
[2026-04-10 01:20:00]     ⚠️  STALE (exceeded timeout)
[2026-04-10 01:20:00]   Task audit-all-work: age 29596640m (timeout 120m)
[2026-04-10 01:20:00]     ⚠️  STALE (exceeded timeout)
[2026-04-10 01:20:00]   Task workqueue-automation: age 29596640m (timeout 120m)
[2026-04-10 01:20:00]     ⚠️  STALE (exceeded timeout)
[2026-04-10 01:20:00]   Task test-opt-analytics-opus: age 29596640m (timeout 120m)
[2026-04-10 01:20:00]     ⚠️  STALE (exceeded timeout)
[2026-04-10 01:20:00]   Task fix-trade-builder-403: age 29596640m (timeout 120m)
[2026-04-10 01:20:00]     ⚠️  STALE (exceeded timeout)
[2026-04-10 01:20:00]   Task fix-all-trade-issues: age 29596640m (timeout 120m)
[2026-04-10 01:20:00]     ⚠️  STALE (exceeded timeout)
[2026-04-10 01:20:00] Archiving 9 stale + 0 completed tasks...
[2026-04-10 01:30:00] Checking 9 active tasks...
[2026-04-10 01:30:00]   Task dogfood-qa-week4: age 29596650m (timeout 120m)
[2026-04-10 01:30:00]     ⚠️  STALE (exceeded timeout)
[2026-04-10 01:30:00]   Task fix-dogfood-week4: age 29596650m (timeout 120m)
[2026-04-10 01:30:00]     ⚠️  STALE (exceeded timeout)
[2026-04-10 01:30:00]   Task test-opt-parallel-logger: age 29596650m (timeout 120m)
[2026-04-10 01:30:00]     ⚠️  STALE (exceeded timeout)
[2026-04-10 01:30:00]   Task test-opt-parallel-error: age 29596650m (timeout 120m)
[2026-04-10 01:30:00]     ⚠️  STALE (exceeded timeout)
[2026-04-10 01:30:00]   Task audit-all-work: age 29596650m (timeout 120m)
[2026-04-10 01:30:00]     ⚠️  STALE (exceeded timeout)
[2026-04-10 01:30:00]   Task workqueue-automation: age 29596650m (timeout 120m)
[2026-04-10 01:30:00]     ⚠️  STALE (exceeded timeout)
[2026-04-10 01:30:00]   Task test-opt-analytics-opus: age 29596650m (timeout 120m)
[2026-04-10 01:30:00]     ⚠️  STALE (exceeded timeout)
[2026-04-10 01:30:00]   Task fix-trade-builder-403: age 29596650m (timeout 120m)
[2026-04-10 01:30:00]     ⚠️  STALE (exceeded timeout)
[2026-04-10 01:30:00]   Task fix-all-trade-issues: age 29596650m (timeout 120m)
[2026-04-10 01:30:00]     ⚠️  STALE (exceeded timeout)
[2026-04-10 01:30:00] Archiving 9 stale + 0 completed tasks...
[2026-04-10 01:40:00] Checking 9 active tasks...
[2026-04-10 01:40:00]   Task dogfood-qa-week4: age 29596660m (timeout 120m)
[2026-04-10 01:40:00]     ⚠️  STALE (exceeded timeout)
[2026-04-10 01:40:00]   Task fix-dogfood-week4: age 29596660m (timeout 120m)
[2026-04-10 01:40:00]     ⚠️  STALE (exceeded timeout)
[2026-04-10 01:40:00]   Task test-opt-parallel-logger: age 29596660m (timeout 120m)
[2026-04-10 01:40:00]     ⚠️  STALE (exceeded timeout)
[2026-04-10 01:40:00]   Task test-opt-parallel-error: age 29596660m (timeout 120m)
[2026-04-10 01:40:00]     ⚠️  STALE (exceeded timeout)
[2026-04-10 01:40:00]   Task audit-all-work: age 29596660m (timeout 120m)
[2026-04-10 01:40:00]     ⚠️  STALE (exceeded timeout)
[2026-04-10 01:40:00]   Task workqueue-automation: age 29596660m (timeout 120m)
[2026-04-10 01:40:00]     ⚠️  STALE (exceeded timeout)
[2026-04-10 01:40:01]   Task test-opt-analytics-opus: age 29596660m (timeout 120m)
[2026-04-10 01:40:01]     ⚠️  STALE (exceeded timeout)
[2026-04-10 01:40:01]   Task fix-trade-builder-403: age 29596660m (timeout 120m)
[2026-04-10 01:40:01]     ⚠️  STALE (exceeded timeout)
[2026-04-10 01:40:01]   Task fix-all-trade-issues: age 29596660m (timeout 120m)
[2026-04-10 01:40:01]     ⚠️  STALE (exceeded timeout)
[2026-04-10 01:40:01] Archiving 9 stale + 0 completed tasks...
[2026-04-10 01:50:00] Checking 9 active tasks...
[2026-04-10 01:50:00]   Task dogfood-qa-week4: age 29596670m (timeout 120m)
[2026-04-10 01:50:00]     ⚠️  STALE (exceeded timeout)
[2026-04-10 01:50:00]   Task fix-dogfood-week4: age 29596670m (timeout 120m)
[2026-04-10 01:50:00]     ⚠️  STALE (exceeded timeout)
[2026-04-10 01:50:00]   Task test-opt-parallel-logger: age 29596670m (timeout 120m)
[2026-04-10 01:50:00]     ⚠️  STALE (exceeded timeout)
[2026-04-10 01:50:00]   Task test-opt-parallel-error: age 29596670m (timeout 120m)
[2026-04-10 01:50:00]     ⚠️  STALE (exceeded timeout)
[2026-04-10 01:50:00]   Task audit-all-work: age 29596670m (timeout 120m)
[2026-04-10 01:50:00]     ⚠️  STALE (exceeded timeout)
[2026-04-10 01:50:00]   Task workqueue-automation: age 29596670m (timeout 120m)
[2026-04-10 01:50:00]     ⚠️  STALE (exceeded timeout)
[2026-04-10 01:50:00]   Task test-opt-analytics-opus: age 29596670m (timeout 120m)
[2026-04-10 01:50:00]     ⚠️  STALE (exceeded timeout)
[2026-04-10 01:50:00]   Task fix-trade-builder-403: age 29596670m (timeout 120m)
[2026-04-10 01:50:00]     ⚠️  STALE (exceeded timeout)
[2026-04-10 01:50:00]   Task fix-all-trade-issues: age 29596670m (timeout 120m)
[2026-04-10 01:50:00]     ⚠️  STALE (exceeded timeout)
[2026-04-10 01:50:00] Archiving 9 stale + 0 completed tasks...
[2026-04-10 02:00:00] Checking 9 active tasks...
[2026-04-10 02:00:00]   Task dogfood-qa-week4: age 29596680m (timeout 120m)
[2026-04-10 02:00:00]     ⚠️  STALE (exceeded timeout)
[2026-04-10 02:00:00]   Task fix-dogfood-week4: age 29596680m (timeout 120m)
[2026-04-10 02:00:00]     ⚠️  STALE (exceeded timeout)
[2026-04-10 02:00:00]   Task test-opt-parallel-logger: age 29596680m (timeout 120m)
[2026-04-10 02:00:00]     ⚠️  STALE (exceeded timeout)
[2026-04-10 02:00:00]   Task test-opt-parallel-error: age 29596680m (timeout 120m)
[2026-04-10 02:00:00]     ⚠️  STALE (exceeded timeout)
[2026-04-10 02:00:00]   Task audit-all-work: age 29596680m (timeout 120m)
[2026-04-10 02:00:00]     ⚠️  STALE (exceeded timeout)
[2026-04-10 02:00:00]   Task workqueue-automation: age 29596680m (timeout 120m)
[2026-04-10 02:00:00]     ⚠️  STALE (exceeded timeout)
[2026-04-10 02:00:00]   Task test-opt-analytics-opus: age 29596680m (timeout 120m)
[2026-04-10 02:00:00]     ⚠️  STALE (exceeded timeout)
[2026-04-10 02:00:00]   Task fix-trade-builder-403: age 29596680m (timeout 120m)
[2026-04-10 02:00:00]     ⚠️  STALE (exceeded timeout)
[2026-04-10 02:00:00]   Task fix-all-trade-issues: age 29596680m (timeout 120m)
[2026-04-10 02:00:00]     ⚠️  STALE (exceeded timeout)
[2026-04-10 02:00:00] Archiving 9 stale + 0 completed tasks...
[2026-04-10 02:10:00] Checking 9 active tasks...
[2026-04-10 02:10:00]   Task dogfood-qa-week4: age 29596690m (timeout 120m)
[2026-04-10 02:10:00]     ⚠️  STALE (exceeded timeout)
[2026-04-10 02:10:00]   Task fix-dogfood-week4: age 29596690m (timeout 120m)
[2026-04-10 02:10:00]     ⚠️  STALE (exceeded timeout)
[2026-04-10 02:10:00]   Task test-opt-parallel-logger: age 29596690m (timeout 120m)
[2026-04-10 02:10:00]     ⚠️  STALE (exceeded timeout)
[2026-04-10 02:10:00]   Task test-opt-parallel-error: age 29596690m (timeout 120m)
[2026-04-10 02:10:00]     ⚠️  STALE (exceeded timeout)
[2026-04-10 02:10:00]   Task audit-all-work: age 29596690m (timeout 120m)
[2026-04-10 02:10:00]     ⚠️  STALE (exceeded timeout)
[2026-04-10 02:10:01]   Task workqueue-automation: age 29596690m (timeout 120m)
[2026-04-10 02:10:01]     ⚠️  STALE (exceeded timeout)
[2026-04-10 02:10:01]   Task test-opt-analytics-opus: age 29596690m (timeout 120m)
[2026-04-10 02:10:01]     ⚠️  STALE (exceeded timeout)
[2026-04-10 02:10:01]   Task fix-trade-builder-403: age 29596690m (timeout 120m)
[2026-04-10 02:10:01]     ⚠️  STALE (exceeded timeout)
[2026-04-10 02:10:01]   Task fix-all-trade-issues: age 29596690m (timeout 120m)
[2026-04-10 02:10:01]     ⚠️  STALE (exceeded timeout)
[2026-04-10 02:10:01] Archiving 9 stale + 0 completed tasks...
[2026-04-10 02:20:00] Checking 9 active tasks...
[2026-04-10 02:20:00]   Task dogfood-qa-week4: age 29596700m (timeout 120m)
[2026-04-10 02:20:00]     ⚠️  STALE (exceeded timeout)
[2026-04-10 02:20:00]   Task fix-dogfood-week4: age 29596700m (timeout 120m)
[2026-04-10 02:20:00]     ⚠️  STALE (exceeded timeout)
[2026-04-10 02:20:00]   Task test-opt-parallel-logger: age 29596700m (timeout 120m)
[2026-04-10 02:20:00]     ⚠️  STALE (exceeded timeout)
[2026-04-10 02:20:00]   Task test-opt-parallel-error: age 29596700m (timeout 120m)
[2026-04-10 02:20:00]     ⚠️  STALE (exceeded timeout)
[2026-04-10 02:20:00]   Task audit-all-work: age 29596700m (timeout 120m)
[2026-04-10 02:20:00]     ⚠️  STALE (exceeded timeout)
[2026-04-10 02:20:00]   Task workqueue-automation: age 29596700m (timeout 120m)
[2026-04-10 02:20:00]     ⚠️  STALE (exceeded timeout)
[2026-04-10 02:20:00]   Task test-opt-analytics-opus: age 29596700m (timeout 120m)
[2026-04-10 02:20:00]     ⚠️  STALE (exceeded timeout)
[2026-04-10 02:20:00]   Task fix-trade-builder-403: age 29596700m (timeout 120m)
[2026-04-10 02:20:00]     ⚠️  STALE (exceeded timeout)
[2026-04-10 02:20:00]   Task fix-all-trade-issues: age 29596700m (timeout 120m)
[2026-04-10 02:20:00]     ⚠️  STALE (exceeded timeout)
[2026-04-10 02:20:00] Archiving 9 stale + 0 completed tasks...
[2026-04-10 02:30:00] Checking 9 active tasks...
[2026-04-10 02:30:00]   Task dogfood-qa-week4: age 29596710m (timeout 120m)
[2026-04-10 02:30:00]     ⚠️  STALE (exceeded timeout)
[2026-04-10 02:30:00]   Task fix-dogfood-week4: age 29596710m (timeout 120m)
[2026-04-10 02:30:00]     ⚠️  STALE (exceeded timeout)
[2026-04-10 02:30:00]   Task test-opt-parallel-logger: age 29596710m (timeout 120m)
[2026-04-10 02:30:00]     ⚠️  STALE (exceeded timeout)
[2026-04-10 02:30:00]   Task test-opt-parallel-error: age 29596710m (timeout 120m)
[2026-04-10 02:30:00]     ⚠️  STALE (exceeded timeout)
[2026-04-10 02:30:00]   Task audit-all-work: age 29596710m (timeout 120m)
[2026-04-10 02:30:00]     ⚠️  STALE (exceeded timeout)
[2026-04-10 02:30:00]   Task workqueue-automation: age 29596710m (timeout 120m)
[2026-04-10 02:30:00]     ⚠️  STALE (exceeded timeout)
[2026-04-10 02:30:00]   Task test-opt-analytics-opus: age 29596710m (timeout 120m)
[2026-04-10 02:30:00]     ⚠️  STALE (exceeded timeout)
[2026-04-10 02:30:00]   Task fix-trade-builder-403: age 29596710m (timeout 120m)
[2026-04-10 02:30:00]     ⚠️  STALE (exceeded timeout)
[2026-04-10 02:30:00]   Task fix-all-trade-issues: age 29596710m (timeout 120m)
[2026-04-10 02:30:00]     ⚠️  STALE (exceeded timeout)
[2026-04-10 02:30:00] Archiving 9 stale + 0 completed tasks...
[2026-04-10 02:40:01] Checking 9 active tasks...
[2026-04-10 02:40:01]   Task dogfood-qa-week4: age 29596720m (timeout 120m)
[2026-04-10 02:40:01]     ⚠️  STALE (exceeded timeout)
[2026-04-10 02:40:01]   Task fix-dogfood-week4: age 29596720m (timeout 120m)
[2026-04-10 02:40:01]     ⚠️  STALE (exceeded timeout)
[2026-04-10 02:40:01]   Task test-opt-parallel-logger: age 29596720m (timeout 120m)
[2026-04-10 02:40:01]     ⚠️  STALE (exceeded timeout)
[2026-04-10 02:40:01]   Task test-opt-parallel-error: age 29596720m (timeout 120m)
[2026-04-10 02:40:01]     ⚠️  STALE (exceeded timeout)
[2026-04-10 02:40:01]   Task audit-all-work: age 29596720m (timeout 120m)
[2026-04-10 02:40:01]     ⚠️  STALE (exceeded timeout)
[2026-04-10 02:40:01]   Task workqueue-automation: age 29596720m (timeout 120m)
[2026-04-10 02:40:01]     ⚠️  STALE (exceeded timeout)
[2026-04-10 02:40:01]   Task test-opt-analytics-opus: age 29596720m (timeout 120m)
[2026-04-10 02:40:01]     ⚠️  STALE (exceeded timeout)
[2026-04-10 02:40:01]   Task fix-trade-builder-403: age 29596720m (timeout 120m)
[2026-04-10 02:40:01]     ⚠️  STALE (exceeded timeout)
[2026-04-10 02:40:01]   Task fix-all-trade-issues: age 29596720m (timeout 120m)
[2026-04-10 02:40:01]     ⚠️  STALE (exceeded timeout)
[2026-04-10 02:40:01] Archiving 9 stale + 0 completed tasks...
[2026-04-10 02:50:00] Checking 9 active tasks...
[2026-04-10 02:50:01]   Task dogfood-qa-week4: age 29596730m (timeout 120m)
[2026-04-10 02:50:01]     ⚠️  STALE (exceeded timeout)
[2026-04-10 02:50:01]   Task fix-dogfood-week4: age 29596730m (timeout 120m)
[2026-04-10 02:50:01]     ⚠️  STALE (exceeded timeout)
[2026-04-10 02:50:01]   Task test-opt-parallel-logger: age 29596730m (timeout 120m)
[2026-04-10 02:50:01]     ⚠️  STALE (exceeded timeout)
[2026-04-10 02:50:01]   Task test-opt-parallel-error: age 29596730m (timeout 120m)
[2026-04-10 02:50:01]     ⚠️  STALE (exceeded timeout)
[2026-04-10 02:50:01]   Task audit-all-work: age 29596730m (timeout 120m)
[2026-04-10 02:50:01]     ⚠️  STALE (exceeded timeout)
[2026-04-10 02:50:01]   Task workqueue-automation: age 29596730m (timeout 120m)
[2026-04-10 02:50:01]     ⚠️  STALE (exceeded timeout)
[2026-04-10 02:50:01]   Task test-opt-analytics-opus: age 29596730m (timeout 120m)
[2026-04-10 02:50:01]     ⚠️  STALE (exceeded timeout)
[2026-04-10 02:50:01]   Task fix-trade-builder-403: age 29596730m (timeout 120m)
[2026-04-10 02:50:01]     ⚠️  STALE (exceeded timeout)
[2026-04-10 02:50:01]   Task fix-all-trade-issues: age 29596730m (timeout 120m)
[2026-04-10 02:50:01]     ⚠️  STALE (exceeded timeout)
[2026-04-10 02:50:01] Archiving 9 stale + 0 completed tasks...
[2026-04-10 03:00:00] Checking 9 active tasks...
[2026-04-10 03:00:00]   Task dogfood-qa-week4: age 29596740m (timeout 120m)
[2026-04-10 03:00:00]     ⚠️  STALE (exceeded timeout)
[2026-04-10 03:00:01]   Task fix-dogfood-week4: age 29596740m (timeout 120m)
[2026-04-10 03:00:01]     ⚠️  STALE (exceeded timeout)
[2026-04-10 03:00:01]   Task test-opt-parallel-logger: age 29596740m (timeout 120m)
[2026-04-10 03:00:01]     ⚠️  STALE (exceeded timeout)
[2026-04-10 03:00:01]   Task test-opt-parallel-error: age 29596740m (timeout 120m)
[2026-04-10 03:00:01]     ⚠️  STALE (exceeded timeout)
[2026-04-10 03:00:01]   Task audit-all-work: age 29596740m (timeout 120m)
[2026-04-10 03:00:01]     ⚠️  STALE (exceeded timeout)
[2026-04-10 03:00:01]   Task workqueue-automation: age 29596740m (timeout 120m)
[2026-04-10 03:00:01]     ⚠️  STALE (exceeded timeout)
[2026-04-10 03:00:01]   Task test-opt-analytics-opus: age 29596740m (timeout 120m)
[2026-04-10 03:00:01]     ⚠️  STALE (exceeded timeout)
[2026-04-10 03:00:01]   Task fix-trade-builder-403: age 29596740m (timeout 120m)
[2026-04-10 03:00:01]     ⚠️  STALE (exceeded timeout)
[2026-04-10 03:00:01]   Task fix-all-trade-issues: age 29596740m (timeout 120m)
[2026-04-10 03:00:01]     ⚠️  STALE (exceeded timeout)
[2026-04-10 03:00:01] Archiving 9 stale + 0 completed tasks...
[2026-04-10 03:10:00] Checking 9 active tasks...
[2026-04-10 03:10:00]   Task dogfood-qa-week4: age 29596750m (timeout 120m)
[2026-04-10 03:10:00]     ⚠️  STALE (exceeded timeout)
[2026-04-10 03:10:00]   Task fix-dogfood-week4: age 29596750m (timeout 120m)
[2026-04-10 03:10:00]     ⚠️  STALE (exceeded timeout)
[2026-04-10 03:10:00]   Task test-opt-parallel-logger: age 29596750m (timeout 120m)
[2026-04-10 03:10:00]     ⚠️  STALE (exceeded timeout)
[2026-04-10 03:10:00]   Task test-opt-parallel-error: age 29596750m (timeout 120m)
[2026-04-10 03:10:00]     ⚠️  STALE (exceeded timeout)
[2026-04-10 03:10:00]   Task audit-all-work: age 29596750m (timeout 120m)
[2026-04-10 03:10:00]     ⚠️  STALE (exceeded timeout)
[2026-04-10 03:10:01]   Task workqueue-automation: age 29596750m (timeout 120m)
[2026-04-10 03:10:01]     ⚠️  STALE (exceeded timeout)
[2026-04-10 03:10:01]   Task test-opt-analytics-opus: age 29596750m (timeout 120m)
[2026-04-10 03:10:01]     ⚠️  STALE (exceeded timeout)
[2026-04-10 03:10:01]   Task fix-trade-builder-403: age 29596750m (timeout 120m)
[2026-04-10 03:10:01]     ⚠️  STALE (exceeded timeout)
[2026-04-10 03:10:01]   Task fix-all-trade-issues: age 29596750m (timeout 120m)
[2026-04-10 03:10:01]     ⚠️  STALE (exceeded timeout)
[2026-04-10 03:10:01] Archiving 9 stale + 0 completed tasks...
[2026-04-10 03:20:00] Checking 9 active tasks...
[2026-04-10 03:20:00]   Task dogfood-qa-week4: age 29596760m (timeout 120m)
[2026-04-10 03:20:00]     ⚠️  STALE (exceeded timeout)
[2026-04-10 03:20:00]   Task fix-dogfood-week4: age 29596760m (timeout 120m)
[2026-04-10 03:20:00]     ⚠️  STALE (exceeded timeout)
[2026-04-10 03:20:00]   Task test-opt-parallel-logger: age 29596760m (timeout 120m)
[2026-04-10 03:20:00]     ⚠️  STALE (exceeded timeout)
[2026-04-10 03:20:00]   Task test-opt-parallel-error: age 29596760m (timeout 120m)
[2026-04-10 03:20:00]     ⚠️  STALE (exceeded timeout)
[2026-04-10 03:20:00]   Task audit-all-work: age 29596760m (timeout 120m)
[2026-04-10 03:20:00]     ⚠️  STALE (exceeded timeout)
[2026-04-10 03:20:00]   Task workqueue-automation: age 29596760m (timeout 120m)
[2026-04-10 03:20:00]     ⚠️  STALE (exceeded timeout)
[2026-04-10 03:20:00]   Task test-opt-analytics-opus: age 29596760m (timeout 120m)
[2026-04-10 03:20:00]     ⚠️  STALE (exceeded timeout)
[2026-04-10 03:20:00]   Task fix-trade-builder-403: age 29596760m (timeout 120m)
[2026-04-10 03:20:01]     ⚠️  STALE (exceeded timeout)
[2026-04-10 03:20:01]   Task fix-all-trade-issues: age 29596760m (timeout 120m)
[2026-04-10 03:20:01]     ⚠️  STALE (exceeded timeout)
[2026-04-10 03:20:01] Archiving 9 stale + 0 completed tasks...
[2026-04-10 03:30:00] Checking 9 active tasks...
[2026-04-10 03:30:00]   Task dogfood-qa-week4: age 29596770m (timeout 120m)
[2026-04-10 03:30:00]     ⚠️  STALE (exceeded timeout)
[2026-04-10 03:30:00]   Task fix-dogfood-week4: age 29596770m (timeout 120m)
[2026-04-10 03:30:00]     ⚠️  STALE (exceeded timeout)
[2026-04-10 03:30:00]   Task test-opt-parallel-logger: age 29596770m (timeout 120m)
[2026-04-10 03:30:00]     ⚠️  STALE (exceeded timeout)
[2026-04-10 03:30:00]   Task test-opt-parallel-error: age 29596770m (timeout 120m)
[2026-04-10 03:30:00]     ⚠️  STALE (exceeded timeout)
[2026-04-10 03:30:00]   Task audit-all-work: age 29596770m (timeout 120m)
[2026-04-10 03:30:00]     ⚠️  STALE (exceeded timeout)
[2026-04-10 03:30:00]   Task workqueue-automation: age 29596770m (timeout 120m)
[2026-04-10 03:30:00]     ⚠️  STALE (exceeded timeout)
[2026-04-10 03:30:00]   Task test-opt-analytics-opus: age 29596770m (timeout 120m)
[2026-04-10 03:30:00]     ⚠️  STALE (exceeded timeout)
[2026-04-10 03:30:00]   Task fix-trade-builder-403: age 29596770m (timeout 120m)
[2026-04-10 03:30:01]     ⚠️  STALE (exceeded timeout)
[2026-04-10 03:30:01]   Task fix-all-trade-issues: age 29596770m (timeout 120m)
[2026-04-10 03:30:01]     ⚠️  STALE (exceeded timeout)
[2026-04-10 03:30:01] Archiving 9 stale + 0 completed tasks...
[2026-04-10 03:40:00] Checking 9 active tasks...
[2026-04-10 03:40:00]   Task dogfood-qa-week4: age 29596780m (timeout 120m)
[2026-04-10 03:40:00]     ⚠️  STALE (exceeded timeout)
[2026-04-10 03:40:01]   Task fix-dogfood-week4: age 29596780m (timeout 120m)
[2026-04-10 03:40:01]     ⚠️  STALE (exceeded timeout)
[2026-04-10 03:40:01]   Task test-opt-parallel-logger: age 29596780m (timeout 120m)
[2026-04-10 03:40:01]     ⚠️  STALE (exceeded timeout)
[2026-04-10 03:40:01]   Task test-opt-parallel-error: age 29596780m (timeout 120m)
[2026-04-10 03:40:01]     ⚠️  STALE (exceeded timeout)
[2026-04-10 03:40:01]   Task audit-all-work: age 29596780m (timeout 120m)
[2026-04-10 03:40:01]     ⚠️  STALE (exceeded timeout)
[2026-04-10 03:40:01]   Task workqueue-automation: age 29596780m (timeout 120m)
[2026-04-10 03:40:01]     ⚠️  STALE (exceeded timeout)
[2026-04-10 03:40:01]   Task test-opt-analytics-opus: age 29596780m (timeout 120m)
[2026-04-10 03:40:01]     ⚠️  STALE (exceeded timeout)
[2026-04-10 03:40:01]   Task fix-trade-builder-403: age 29596780m (timeout 120m)
[2026-04-10 03:40:01]     ⚠️  STALE (exceeded timeout)
[2026-04-10 03:40:01]   Task fix-all-trade-issues: age 29596780m (timeout 120m)
[2026-04-10 03:40:01]     ⚠️  STALE (exceeded timeout)
[2026-04-10 03:40:01] Archiving 9 stale + 0 completed tasks...
[2026-04-10 03:50:00] Checking 9 active tasks...
[2026-04-10 03:50:00]   Task dogfood-qa-week4: age 29596790m (timeout 120m)
[2026-04-10 03:50:00]     ⚠️  STALE (exceeded timeout)
[2026-04-10 03:50:00]   Task fix-dogfood-week4: age 29596790m (timeout 120m)
[2026-04-10 03:50:00]     ⚠️  STALE (exceeded timeout)
[2026-04-10 03:50:00]   Task test-opt-parallel-logger: age 29596790m (timeout 120m)
[2026-04-10 03:50:00]     ⚠️  STALE (exceeded timeout)
[2026-04-10 03:50:00]   Task test-opt-parallel-error: age 29596790m (timeout 120m)
[2026-04-10 03:50:00]     ⚠️  STALE (exceeded timeout)
[2026-04-10 03:50:00]   Task audit-all-work: age 29596790m (timeout 120m)
[2026-04-10 03:50:00]     ⚠️  STALE (exceeded timeout)
[2026-04-10 03:50:00]   Task workqueue-automation: age 29596790m (timeout 120m)
[2026-04-10 03:50:00]     ⚠️  STALE (exceeded timeout)
[2026-04-10 03:50:00]   Task test-opt-analytics-opus: age 29596790m (timeout 120m)
[2026-04-10 03:50:00]     ⚠️  STALE (exceeded timeout)
[2026-04-10 03:50:00]   Task fix-trade-builder-403: age 29596790m (timeout 120m)
[2026-04-10 03:50:00]     ⚠️  STALE (exceeded timeout)
[2026-04-10 03:50:01]   Task fix-all-trade-issues: age 29596790m (timeout 120m)
[2026-04-10 03:50:01]     ⚠️  STALE (exceeded timeout)
[2026-04-10 03:50:01] Archiving 9 stale + 0 completed tasks...
[2026-04-10 04:00:00] Checking 9 active tasks...
[2026-04-10 04:00:00]   Task dogfood-qa-week4: age 29596800m (timeout 120m)
[2026-04-10 04:00:00]     ⚠️  STALE (exceeded timeout)
[2026-04-10 04:00:00]   Task fix-dogfood-week4: age 29596800m (timeout 120m)
[2026-04-10 04:00:00]     ⚠️  STALE (exceeded timeout)
[2026-04-10 04:00:00]   Task test-opt-parallel-logger: age 29596800m (timeout 120m)
[2026-04-10 04:00:00]     ⚠️  STALE (exceeded timeout)
[2026-04-10 04:00:00]   Task test-opt-parallel-error: age 29596800m (timeout 120m)
[2026-04-10 04:00:00]     ⚠️  STALE (exceeded timeout)
[2026-04-10 04:00:00]   Task audit-all-work: age 29596800m (timeout 120m)
[2026-04-10 04:00:00]     ⚠️  STALE (exceeded timeout)
[2026-04-10 04:00:00]   Task workqueue-automation: age 29596800m (timeout 120m)
[2026-04-10 04:00:00]     ⚠️  STALE (exceeded timeout)
[2026-04-10 04:00:00]   Task test-opt-analytics-opus: age 29596800m (timeout 120m)
[2026-04-10 04:00:00]     ⚠️  STALE (exceeded timeout)
[2026-04-10 04:00:00]   Task fix-trade-builder-403: age 29596800m (timeout 120m)
[2026-04-10 04:00:00]     ⚠️  STALE (exceeded timeout)
[2026-04-10 04:00:00]   Task fix-all-trade-issues: age 29596800m (timeout 120m)
[2026-04-10 04:00:00]     ⚠️  STALE (exceeded timeout)
[2026-04-10 04:00:00] Archiving 9 stale + 0 completed tasks...
[2026-04-10 04:10:00] Checking 9 active tasks...
[2026-04-10 04:10:00]   Task dogfood-qa-week4: age 29596810m (timeout 120m)
[2026-04-10 04:10:00]     ⚠️  STALE (exceeded timeout)
[2026-04-10 04:10:00]   Task fix-dogfood-week4: age 29596810m (timeout 120m)
[2026-04-10 04:10:00]     ⚠️  STALE (exceeded timeout)
[2026-04-10 04:10:00]   Task test-opt-parallel-logger: age 29596810m (timeout 120m)
[2026-04-10 04:10:00]     ⚠️  STALE (exceeded timeout)
[2026-04-10 04:10:01]   Task test-opt-parallel-error: age 29596810m (timeout 120m)
[2026-04-10 04:10:01]     ⚠️  STALE (exceeded timeout)
[2026-04-10 04:10:01]   Task audit-all-work: age 29596810m (timeout 120m)
[2026-04-10 04:10:01]     ⚠️  STALE (exceeded timeout)
[2026-04-10 04:10:01]   Task workqueue-automation: age 29596810m (timeout 120m)
[2026-04-10 04:10:01]     ⚠️  STALE (exceeded timeout)
[2026-04-10 04:10:01]   Task test-opt-analytics-opus: age 29596810m (timeout 120m)
[2026-04-10 04:10:01]     ⚠️  STALE (exceeded timeout)
[2026-04-10 04:10:01]   Task fix-trade-builder-403: age 29596810m (timeout 120m)
[2026-04-10 04:10:01]     ⚠️  STALE (exceeded timeout)
[2026-04-10 04:10:01]   Task fix-all-trade-issues: age 29596810m (timeout 120m)
[2026-04-10 04:10:01]     ⚠️  STALE (exceeded timeout)
[2026-04-10 04:10:01] Archiving 9 stale + 0 completed tasks...
[2026-04-10 04:20:00] Checking 9 active tasks...
[2026-04-10 04:20:01]   Task dogfood-qa-week4: age 29596820m (timeout 120m)
[2026-04-10 04:20:01]     ⚠️  STALE (exceeded timeout)
[2026-04-10 04:20:01]   Task fix-dogfood-week4: age 29596820m (timeout 120m)
[2026-04-10 04:20:01]     ⚠️  STALE (exceeded timeout)
[2026-04-10 04:20:01]   Task test-opt-parallel-logger: age 29596820m (timeout 120m)
[2026-04-10 04:20:01]     ⚠️  STALE (exceeded timeout)
[2026-04-10 04:20:01]   Task test-opt-parallel-error: age 29596820m (timeout 120m)
[2026-04-10 04:20:01]     ⚠️  STALE (exceeded timeout)
[2026-04-10 04:20:01]   Task audit-all-work: age 29596820m (timeout 120m)
[2026-04-10 04:20:01]     ⚠️  STALE (exceeded timeout)
[2026-04-10 04:20:01]   Task workqueue-automation: age 29596820m (timeout 120m)
[2026-04-10 04:20:01]     ⚠️  STALE (exceeded timeout)
[2026-04-10 04:20:01]   Task test-opt-analytics-opus: age 29596820m (timeout 120m)
[2026-04-10 04:20:01]     ⚠️  STALE (exceeded timeout)
[2026-04-10 04:20:01]   Task fix-trade-builder-403: age 29596820m (timeout 120m)
[2026-04-10 04:20:01]     ⚠️  STALE (exceeded timeout)
[2026-04-10 04:20:01]   Task fix-all-trade-issues: age 29596820m (timeout 120m)
[2026-04-10 04:20:01]     ⚠️  STALE (exceeded timeout)
[2026-04-10 04:20:01] Archiving 9 stale + 0 completed tasks...
[2026-04-10 04:30:00] Checking 9 active tasks...
[2026-04-10 04:30:00]   Task dogfood-qa-week4: age 29596830m (timeout 120m)
[2026-04-10 04:30:00]     ⚠️  STALE (exceeded timeout)
[2026-04-10 04:30:00]   Task fix-dogfood-week4: age 29596830m (timeout 120m)
[2026-04-10 04:30:00]     ⚠️  STALE (exceeded timeout)
[2026-04-10 04:30:00]   Task test-opt-parallel-logger: age 29596830m (timeout 120m)
[2026-04-10 04:30:00]     ⚠️  STALE (exceeded timeout)
[2026-04-10 04:30:00]   Task test-opt-parallel-error: age 29596830m (timeout 120m)
[2026-04-10 04:30:00]     ⚠️  STALE (exceeded timeout)
[2026-04-10 04:30:00]   Task audit-all-work: age 29596830m (timeout 120m)
[2026-04-10 04:30:00]     ⚠️  STALE (exceeded timeout)
[2026-04-10 04:30:00]   Task workqueue-automation: age 29596830m (timeout 120m)
[2026-04-10 04:30:00]     ⚠️  STALE (exceeded timeout)
[2026-04-10 04:30:01]   Task test-opt-analytics-opus: age 29596830m (timeout 120m)
[2026-04-10 04:30:01]     ⚠️  STALE (exceeded timeout)
[2026-04-10 04:30:01]   Task fix-trade-builder-403: age 29596830m (timeout 120m)
[2026-04-10 04:30:01]     ⚠️  STALE (exceeded timeout)
[2026-04-10 04:30:01]   Task fix-all-trade-issues: age 29596830m (timeout 120m)
[2026-04-10 04:30:01]     ⚠️  STALE (exceeded timeout)
[2026-04-10 04:30:01] Archiving 9 stale + 0 completed tasks...
[2026-04-10 04:40:00] Checking 9 active tasks...
[2026-04-10 04:40:00]   Task dogfood-qa-week4: age 29596840m (timeout 120m)
[2026-04-10 04:40:00]     ⚠️  STALE (exceeded timeout)
[2026-04-10 04:40:00]   Task fix-dogfood-week4: age 29596840m (timeout 120m)
[2026-04-10 04:40:00]     ⚠️  STALE (exceeded timeout)
[2026-04-10 04:40:00]   Task test-opt-parallel-logger: age 29596840m (timeout 120m)
[2026-04-10 04:40:00]     ⚠️  STALE (exceeded timeout)
[2026-04-10 04:40:00]   Task test-opt-parallel-error: age 29596840m (timeout 120m)
[2026-04-10 04:40:00]     ⚠️  STALE (exceeded timeout)
[2026-04-10 04:40:00]   Task audit-all-work: age 29596840m (timeout 120m)
[2026-04-10 04:40:00]     ⚠️  STALE (exceeded timeout)
[2026-04-10 04:40:01]   Task workqueue-automation: age 29596840m (timeout 120m)
[2026-04-10 04:40:01]     ⚠️  STALE (exceeded timeout)
[2026-04-10 04:40:01]   Task test-opt-analytics-opus: age 29596840m (timeout 120m)
[2026-04-10 04:40:01]     ⚠️  STALE (exceeded timeout)
[2026-04-10 04:40:01]   Task fix-trade-builder-403: age 29596840m (timeout 120m)
[2026-04-10 04:40:01]     ⚠️  STALE (exceeded timeout)
[2026-04-10 04:40:01]   Task fix-all-trade-issues: age 29596840m (timeout 120m)
[2026-04-10 04:40:01]     ⚠️  STALE (exceeded timeout)
[2026-04-10 04:40:01] Archiving 9 stale + 0 completed tasks...
[2026-04-10 04:50:00] Checking 9 active tasks...
[2026-04-10 04:50:00]   Task dogfood-qa-week4: age 29596850m (timeout 120m)
[2026-04-10 04:50:00]     ⚠️  STALE (exceeded timeout)
[2026-04-10 04:50:01]   Task fix-dogfood-week4: age 29596850m (timeout 120m)
[2026-04-10 04:50:01]     ⚠️  STALE (exceeded timeout)
[2026-04-10 04:50:01]   Task test-opt-parallel-logger: age 29596850m (timeout 120m)
[2026-04-10 04:50:01]     ⚠️  STALE (exceeded timeout)
[2026-04-10 04:50:01]   Task test-opt-parallel-error: age 29596850m (timeout 120m)
[2026-04-10 04:50:01]     ⚠️  STALE (exceeded timeout)
[2026-04-10 04:50:01]   Task audit-all-work: age 29596850m (timeout 120m)
[2026-04-10 04:50:01]     ⚠️  STALE (exceeded timeout)
[2026-04-10 04:50:01]   Task workqueue-automation: age 29596850m (timeout 120m)
[2026-04-10 04:50:01]     ⚠️  STALE (exceeded timeout)
[2026-04-10 04:50:01]   Task test-opt-analytics-opus: age 29596850m (timeout 120m)
[2026-04-10 04:50:01]     ⚠️  STALE (exceeded timeout)
[2026-04-10 04:50:01]   Task fix-trade-builder-403: age 29596850m (timeout 120m)
[2026-04-10 04:50:01]     ⚠️  STALE (exceeded timeout)
[2026-04-10 04:50:01]   Task fix-all-trade-issues: age 29596850m (timeout 120m)
[2026-04-10 04:50:01]     ⚠️  STALE (exceeded timeout)
[2026-04-10 04:50:01] Archiving 9 stale + 0 completed tasks...
[2026-04-10 05:00:00] Checking 9 active tasks...
[2026-04-10 05:00:00]   Task dogfood-qa-week4: age 29596860m (timeout 120m)
[2026-04-10 05:00:00]     ⚠️  STALE (exceeded timeout)
[2026-04-10 05:00:00]   Task fix-dogfood-week4: age 29596860m (timeout 120m)
[2026-04-10 05:00:00]     ⚠️  STALE (exceeded timeout)
[2026-04-10 05:00:00]   Task test-opt-parallel-logger: age 29596860m (timeout 120m)
[2026-04-10 05:00:00]     ⚠️  STALE (exceeded timeout)
[2026-04-10 05:00:00]   Task test-opt-parallel-error: age 29596860m (timeout 120m)
[2026-04-10 05:00:00]     ⚠️  STALE (exceeded timeout)
[2026-04-10 05:00:00]   Task audit-all-work: age 29596860m (timeout 120m)
[2026-04-10 05:00:00]     ⚠️  STALE (exceeded timeout)
[2026-04-10 05:00:00]   Task workqueue-automation: age 29596860m (timeout 120m)
[2026-04-10 05:00:00]     ⚠️  STALE (exceeded timeout)
[2026-04-10 05:00:00]   Task test-opt-analytics-opus: age 29596860m (timeout 120m)
[2026-04-10 05:00:00]     ⚠️  STALE (exceeded timeout)
[2026-04-10 05:00:00]   Task fix-trade-builder-403: age 29596860m (timeout 120m)
[2026-04-10 05:00:00]     ⚠️  STALE (exceeded timeout)
[2026-04-10 05:00:00]   Task fix-all-trade-issues: age 29596860m (timeout 120m)
[2026-04-10 05:00:00]     ⚠️  STALE (exceeded timeout)
[2026-04-10 05:00:00] Archiving 9 stale + 0 completed tasks...
[2026-04-10 05:10:00] Checking 9 active tasks...
[2026-04-10 05:10:00]   Task dogfood-qa-week4: age 29596870m (timeout 120m)
[2026-04-10 05:10:00]     ⚠️  STALE (exceeded timeout)
[2026-04-10 05:10:00]   Task fix-dogfood-week4: age 29596870m (timeout 120m)
[2026-04-10 05:10:00]     ⚠️  STALE (exceeded timeout)
[2026-04-10 05:10:00]   Task test-opt-parallel-logger: age 29596870m (timeout 120m)
[2026-04-10 05:10:00]     ⚠️  STALE (exceeded timeout)
[2026-04-10 05:10:00]   Task test-opt-parallel-error: age 29596870m (timeout 120m)
[2026-04-10 05:10:00]     ⚠️  STALE (exceeded timeout)
[2026-04-10 05:10:00]   Task audit-all-work: age 29596870m (timeout 120m)
[2026-04-10 05:10:00]     ⚠️  STALE (exceeded timeout)
[2026-04-10 05:10:00]   Task workqueue-automation: age 29596870m (timeout 120m)
[2026-04-10 05:10:00]     ⚠️  STALE (exceeded timeout)
[2026-04-10 05:10:00]   Task test-opt-analytics-opus: age 29596870m (timeout 120m)
[2026-04-10 05:10:00]     ⚠️  STALE (exceeded timeout)
[2026-04-10 05:10:00]   Task fix-trade-builder-403: age 29596870m (timeout 120m)
[2026-04-10 05:10:00]     ⚠️  STALE (exceeded timeout)
[2026-04-10 05:10:00]   Task fix-all-trade-issues: age 29596870m (timeout 120m)
[2026-04-10 05:10:00]     ⚠️  STALE (exceeded timeout)
[2026-04-10 05:10:00] Archiving 9 stale + 0 completed tasks...
[2026-04-10 05:20:00] Checking 9 active tasks...
[2026-04-10 05:20:00]   Task dogfood-qa-week4: age 29596880m (timeout 120m)
[2026-04-10 05:20:00]     ⚠️  STALE (exceeded timeout)
[2026-04-10 05:20:00]   Task fix-dogfood-week4: age 29596880m (timeout 120m)
[2026-04-10 05:20:00]     ⚠️  STALE (exceeded timeout)
[2026-04-10 05:20:00]   Task test-opt-parallel-logger: age 29596880m (timeout 120m)
[2026-04-10 05:20:00]     ⚠️  STALE (exceeded timeout)
[2026-04-10 05:20:00]   Task test-opt-parallel-error: age 29596880m (timeout 120m)
[2026-04-10 05:20:00]     ⚠️  STALE (exceeded timeout)
[2026-04-10 05:20:01]   Task audit-all-work: age 29596880m (timeout 120m)
[2026-04-10 05:20:01]     ⚠️  STALE (exceeded timeout)
[2026-04-10 05:20:01]   Task workqueue-automation: age 29596880m (timeout 120m)
[2026-04-10 05:20:01]     ⚠️  STALE (exceeded timeout)
[2026-04-10 05:20:01]   Task test-opt-analytics-opus: age 29596880m (timeout 120m)
[2026-04-10 05:20:01]     ⚠️  STALE (exceeded timeout)
[2026-04-10 05:20:01]   Task fix-trade-builder-403: age 29596880m (timeout 120m)
[2026-04-10 05:20:01]     ⚠️  STALE (exceeded timeout)
[2026-04-10 05:20:01]   Task fix-all-trade-issues: age 29596880m (timeout 120m)
[2026-04-10 05:20:01]     ⚠️  STALE (exceeded timeout)
[2026-04-10 05:20:01] Archiving 9 stale + 0 completed tasks...
[2026-04-10 05:30:00] Checking 9 active tasks...
[2026-04-10 05:30:00]   Task dogfood-qa-week4: age 29596890m (timeout 120m)
[2026-04-10 05:30:00]     ⚠️  STALE (exceeded timeout)
[2026-04-10 05:30:00]   Task fix-dogfood-week4: age 29596890m (timeout 120m)
[2026-04-10 05:30:00]     ⚠️  STALE (exceeded timeout)
[2026-04-10 05:30:00]   Task test-opt-parallel-logger: age 29596890m (timeout 120m)
[2026-04-10 05:30:00]     ⚠️  STALE (exceeded timeout)
[2026-04-10 05:30:00]   Task test-opt-parallel-error: age 29596890m (timeout 120m)
[2026-04-10 05:30:00]     ⚠️  STALE (exceeded timeout)
[2026-04-10 05:30:00]   Task audit-all-work: age 29596890m (timeout 120m)
[2026-04-10 05:30:00]     ⚠️  STALE (exceeded timeout)
[2026-04-10 05:30:01]   Task workqueue-automation: age 29596890m (timeout 120m)
[2026-04-10 05:30:01]     ⚠️  STALE (exceeded timeout)
[2026-04-10 05:30:01]   Task test-opt-analytics-opus: age 29596890m (timeout 120m)
[2026-04-10 05:30:01]     ⚠️  STALE (exceeded timeout)
[2026-04-10 05:30:01]   Task fix-trade-builder-403: age 29596890m (timeout 120m)
[2026-04-10 05:30:01]     ⚠️  STALE (exceeded timeout)
[2026-04-10 05:30:01]   Task fix-all-trade-issues: age 29596890m (timeout 120m)
[2026-04-10 05:30:01]     ⚠️  STALE (exceeded timeout)
[2026-04-10 05:30:01] Archiving 9 stale + 0 completed tasks...
[2026-04-10 05:40:00] Checking 9 active tasks...
[2026-04-10 05:40:00]   Task dogfood-qa-week4: age 29596900m (timeout 120m)
[2026-04-10 05:40:00]     ⚠️  STALE (exceeded timeout)
[2026-04-10 05:40:00]   Task fix-dogfood-week4: age 29596900m (timeout 120m)
[2026-04-10 05:40:00]     ⚠️  STALE (exceeded timeout)
[2026-04-10 05:40:00]   Task test-opt-parallel-logger: age 29596900m (timeout 120m)
[2026-04-10 05:40:00]     ⚠️  STALE (exceeded timeout)
[2026-04-10 05:40:00]   Task test-opt-parallel-error: age 29596900m (timeout 120m)
[2026-04-10 05:40:00]     ⚠️  STALE (exceeded timeout)
[2026-04-10 05:40:00]   Task audit-all-work: age 29596900m (timeout 120m)
[2026-04-10 05:40:00]     ⚠️  STALE (exceeded timeout)
[2026-04-10 05:40:00]   Task workqueue-automation: age 29596900m (timeout 120m)
[2026-04-10 05:40:00]     ⚠️  STALE (exceeded timeout)
[2026-04-10 05:40:01]   Task test-opt-analytics-opus: age 29596900m (timeout 120m)
[2026-04-10 05:40:01]     ⚠️  STALE (exceeded timeout)
[2026-04-10 05:40:01]   Task fix-trade-builder-403: age 29596900m (timeout 120m)
[2026-04-10 05:40:01]     ⚠️  STALE (exceeded timeout)
[2026-04-10 05:40:01]   Task fix-all-trade-issues: age 29596900m (timeout 120m)
[2026-04-10 05:40:01]     ⚠️  STALE (exceeded timeout)
[2026-04-10 05:40:01] Archiving 9 stale + 0 completed tasks...
[2026-04-10 05:50:00] Checking 9 active tasks...
[2026-04-10 05:50:00]   Task dogfood-qa-week4: age 29596910m (timeout 120m)
[2026-04-10 05:50:00]     ⚠️  STALE (exceeded timeout)
[2026-04-10 05:50:00]   Task fix-dogfood-week4: age 29596910m (timeout 120m)
[2026-04-10 05:50:00]     ⚠️  STALE (exceeded timeout)
[2026-04-10 05:50:00]   Task test-opt-parallel-logger: age 29596910m (timeout 120m)
[2026-04-10 05:50:00]     ⚠️  STALE (exceeded timeout)
[2026-04-10 05:50:00]   Task test-opt-parallel-error: age 29596910m (timeout 120m)
[2026-04-10 05:50:00]     ⚠️  STALE (exceeded timeout)
[2026-04-10 05:50:00]   Task audit-all-work: age 29596910m (timeout 120m)
[2026-04-10 05:50:00]     ⚠️  STALE (exceeded timeout)
[2026-04-10 05:50:00]   Task workqueue-automation: age 29596910m (timeout 120m)
[2026-04-10 05:50:00]     ⚠️  STALE (exceeded timeout)
[2026-04-10 05:50:00]   Task test-opt-analytics-opus: age 29596910m (timeout 120m)
[2026-04-10 05:50:00]     ⚠️  STALE (exceeded timeout)
[2026-04-10 05:50:01]   Task fix-trade-builder-403: age 29596910m (timeout 120m)
[2026-04-10 05:50:01]     ⚠️  STALE (exceeded timeout)
[2026-04-10 05:50:01]   Task fix-all-trade-issues: age 29596910m (timeout 120m)
[2026-04-10 05:50:01]     ⚠️  STALE (exceeded timeout)
[2026-04-10 05:50:01] Archiving 9 stale + 0 completed tasks...
[2026-04-10 06:00:00] Checking 9 active tasks...
[2026-04-10 06:00:00]   Task dogfood-qa-week4: age 29596920m (timeout 120m)
[2026-04-10 06:00:00]     ⚠️  STALE (exceeded timeout)
[2026-04-10 06:00:00]   Task fix-dogfood-week4: age 29596920m (timeout 120m)
[2026-04-10 06:00:00]     ⚠️  STALE (exceeded timeout)
[2026-04-10 06:00:00]   Task test-opt-parallel-logger: age 29596920m (timeout 120m)
[2026-04-10 06:00:00]     ⚠️  STALE (exceeded timeout)
[2026-04-10 06:00:00]   Task test-opt-parallel-error: age 29596920m (timeout 120m)
[2026-04-10 06:00:00]     ⚠️  STALE (exceeded timeout)
[2026-04-10 06:00:00]   Task audit-all-work: age 29596920m (timeout 120m)
[2026-04-10 06:00:00]     ⚠️  STALE (exceeded timeout)
[2026-04-10 06:00:00]   Task workqueue-automation: age 29596920m (timeout 120m)
[2026-04-10 06:00:00]     ⚠️  STALE (exceeded timeout)
[2026-04-10 06:00:00]   Task test-opt-analytics-opus: age 29596920m (timeout 120m)
[2026-04-10 06:00:00]     ⚠️  STALE (exceeded timeout)
[2026-04-10 06:00:00]   Task fix-trade-builder-403: age 29596920m (timeout 120m)
[2026-04-10 06:00:00]     ⚠️  STALE (exceeded timeout)
[2026-04-10 06:00:00]   Task fix-all-trade-issues: age 29596920m (timeout 120m)
[2026-04-10 06:00:01]     ⚠️  STALE (exceeded timeout)
[2026-04-10 06:00:01] Archiving 9 stale + 0 completed tasks...
[2026-04-10 06:10:00] Checking 9 active tasks...
[2026-04-10 06:10:00]   Task dogfood-qa-week4: age 29596930m (timeout 120m)
[2026-04-10 06:10:00]     ⚠️  STALE (exceeded timeout)
[2026-04-10 06:10:00]   Task fix-dogfood-week4: age 29596930m (timeout 120m)
[2026-04-10 06:10:00]     ⚠️  STALE (exceeded timeout)
[2026-04-10 06:10:00]   Task test-opt-parallel-logger: age 29596930m (timeout 120m)
[2026-04-10 06:10:00]     ⚠️  STALE (exceeded timeout)
[2026-04-10 06:10:00]   Task test-opt-parallel-error: age 29596930m (timeout 120m)
[2026-04-10 06:10:00]     ⚠️  STALE (exceeded timeout)
[2026-04-10 06:10:00]   Task audit-all-work: age 29596930m (timeout 120m)
[2026-04-10 06:10:00]     ⚠️  STALE (exceeded timeout)
[2026-04-10 06:10:00]   Task workqueue-automation: age 29596930m (timeout 120m)
[2026-04-10 06:10:00]     ⚠️  STALE (exceeded timeout)
[2026-04-10 06:10:00]   Task test-opt-analytics-opus: age 29596930m (timeout 120m)
[2026-04-10 06:10:00]     ⚠️  STALE (exceeded timeout)
[2026-04-10 06:10:00]   Task fix-trade-builder-403: age 29596930m (timeout 120m)
[2026-04-10 06:10:00]     ⚠️  STALE (exceeded timeout)
[2026-04-10 06:10:01]   Task fix-all-trade-issues: age 29596930m (timeout 120m)
[2026-04-10 06:10:01]     ⚠️  STALE (exceeded timeout)
[2026-04-10 06:10:01] Archiving 9 stale + 0 completed tasks...
[2026-04-10 06:20:01] Checking 9 active tasks...
[2026-04-10 06:20:01]   Task dogfood-qa-week4: age 29596940m (timeout 120m)
[2026-04-10 06:20:01]     ⚠️  STALE (exceeded timeout)
[2026-04-10 06:20:01]   Task fix-dogfood-week4: age 29596940m (timeout 120m)
[2026-04-10 06:20:01]     ⚠️  STALE (exceeded timeout)
[2026-04-10 06:20:01]   Task test-opt-parallel-logger: age 29596940m (timeout 120m)
[2026-04-10 06:20:01]     ⚠️  STALE (exceeded timeout)
[2026-04-10 06:20:01]   Task test-opt-parallel-error: age 29596940m (timeout 120m)
[2026-04-10 06:20:01]     ⚠️  STALE (exceeded timeout)
[2026-04-10 06:20:01]   Task audit-all-work: age 29596940m (timeout 120m)
[2026-04-10 06:20:01]     ⚠️  STALE (exceeded timeout)
[2026-04-10 06:20:01]   Task workqueue-automation: age 29596940m (timeout 120m)
[2026-04-10 06:20:01]     ⚠️  STALE (exceeded timeout)
[2026-04-10 06:20:01]   Task test-opt-analytics-opus: age 29596940m (timeout 120m)
[2026-04-10 06:20:01]     ⚠️  STALE (exceeded timeout)
[2026-04-10 06:20:01]   Task fix-trade-builder-403: age 29596940m (timeout 120m)
[2026-04-10 06:20:01]     ⚠️  STALE (exceeded timeout)
[2026-04-10 06:20:01]   Task fix-all-trade-issues: age 29596940m (timeout 120m)
[2026-04-10 06:20:01]     ⚠️  STALE (exceeded timeout)
[2026-04-10 06:20:01] Archiving 9 stale + 0 completed tasks...
[2026-04-10 06:30:00] Checking 9 active tasks...
[2026-04-10 06:30:00]   Task dogfood-qa-week4: age 29596950m (timeout 120m)
[2026-04-10 06:30:00]     ⚠️  STALE (exceeded timeout)
[2026-04-10 06:30:00]   Task fix-dogfood-week4: age 29596950m (timeout 120m)
[2026-04-10 06:30:00]     ⚠️  STALE (exceeded timeout)
[2026-04-10 06:30:00]   Task test-opt-parallel-logger: age 29596950m (timeout 120m)
[2026-04-10 06:30:00]     ⚠️  STALE (exceeded timeout)
[2026-04-10 06:30:00]   Task test-opt-parallel-error: age 29596950m (timeout 120m)
[2026-04-10 06:30:00]     ⚠️  STALE (exceeded timeout)
[2026-04-10 06:30:00]   Task audit-all-work: age 29596950m (timeout 120m)
[2026-04-10 06:30:00]     ⚠️  STALE (exceeded timeout)
[2026-04-10 06:30:00]   Task workqueue-automation: age 29596950m (timeout 120m)
[2026-04-10 06:30:00]     ⚠️  STALE (exceeded timeout)
[2026-04-10 06:30:00]   Task test-opt-analytics-opus: age 29596950m (timeout 120m)
[2026-04-10 06:30:00]     ⚠️  STALE (exceeded timeout)
[2026-04-10 06:30:01]   Task fix-trade-builder-403: age 29596950m (timeout 120m)
[2026-04-10 06:30:01]     ⚠️  STALE (exceeded timeout)
[2026-04-10 06:30:01]   Task fix-all-trade-issues: age 29596950m (timeout 120m)
[2026-04-10 06:30:01]     ⚠️  STALE (exceeded timeout)
[2026-04-10 06:30:01] Archiving 9 stale + 0 completed tasks...
[2026-04-10 06:40:00] Checking 9 active tasks...
[2026-04-10 06:40:00]   Task dogfood-qa-week4: age 29596960m (timeout 120m)
[2026-04-10 06:40:00]     ⚠️  STALE (exceeded timeout)
[2026-04-10 06:40:00]   Task fix-dogfood-week4: age 29596960m (timeout 120m)
[2026-04-10 06:40:00]     ⚠️  STALE (exceeded timeout)
[2026-04-10 06:40:00]   Task test-opt-parallel-logger: age 29596960m (timeout 120m)
[2026-04-10 06:40:00]     ⚠️  STALE (exceeded timeout)
[2026-04-10 06:40:00]   Task test-opt-parallel-error: age 29596960m (timeout 120m)
[2026-04-10 06:40:00]     ⚠️  STALE (exceeded timeout)
[2026-04-10 06:40:00]   Task audit-all-work: age 29596960m (timeout 120m)
[2026-04-10 06:40:00]     ⚠️  STALE (exceeded timeout)
[2026-04-10 06:40:00]   Task workqueue-automation: age 29596960m (timeout 120m)
[2026-04-10 06:40:00]     ⚠️  STALE (exceeded timeout)
[2026-04-10 06:40:00]   Task test-opt-analytics-opus: age 29596960m (timeout 120m)
[2026-04-10 06:40:00]     ⚠️  STALE (exceeded timeout)
[2026-04-10 06:40:00]   Task fix-trade-builder-403: age 29596960m (timeout 120m)
[2026-04-10 06:40:00]     ⚠️  STALE (exceeded timeout)
[2026-04-10 06:40:01]   Task fix-all-trade-issues: age 29596960m (timeout 120m)
[2026-04-10 06:40:01]     ⚠️  STALE (exceeded timeout)
[2026-04-10 06:40:01] Archiving 9 stale + 0 completed tasks...
[2026-04-10 06:50:00] Checking 9 active tasks...
[2026-04-10 06:50:00]   Task dogfood-qa-week4: age 29596970m (timeout 120m)
[2026-04-10 06:50:00]     ⚠️  STALE (exceeded timeout)
[2026-04-10 06:50:00]   Task fix-dogfood-week4: age 29596970m (timeout 120m)
[2026-04-10 06:50:00]     ⚠️  STALE (exceeded timeout)
[2026-04-10 06:50:00]   Task test-opt-parallel-logger: age 29596970m (timeout 120m)
[2026-04-10 06:50:00]     ⚠️  STALE (exceeded timeout)
[2026-04-10 06:50:00]   Task test-opt-parallel-error: age 29596970m (timeout 120m)
[2026-04-10 06:50:00]     ⚠️  STALE (exceeded timeout)
[2026-04-10 06:50:00]   Task audit-all-work: age 29596970m (timeout 120m)
[2026-04-10 06:50:00]     ⚠️  STALE (exceeded timeout)
[2026-04-10 06:50:00]   Task workqueue-automation: age 29596970m (timeout 120m)
[2026-04-10 06:50:00]     ⚠️  STALE (exceeded timeout)
[2026-04-10 06:50:00]   Task test-opt-analytics-opus: age 29596970m (timeout 120m)
[2026-04-10 06:50:00]     ⚠️  STALE (exceeded timeout)
[2026-04-10 06:50:00]   Task fix-trade-builder-403: age 29596970m (timeout 120m)
[2026-04-10 06:50:00]     ⚠️  STALE (exceeded timeout)
[2026-04-10 06:50:00]   Task fix-all-trade-issues: age 29596970m (timeout 120m)
[2026-04-10 06:50:00]     ⚠️  STALE (exceeded timeout)
[2026-04-10 06:50:00] Archiving 9 stale + 0 completed tasks...
[2026-04-10 07:00:00] Checking 9 active tasks...
[2026-04-10 07:00:00]   Task dogfood-qa-week4: age 29596980m (timeout 120m)
[2026-04-10 07:00:00]     ⚠️  STALE (exceeded timeout)
[2026-04-10 07:00:00]   Task fix-dogfood-week4: age 29596980m (timeout 120m)
[2026-04-10 07:00:00]     ⚠️  STALE (exceeded timeout)
[2026-04-10 07:00:00]   Task test-opt-parallel-logger: age 29596980m (timeout 120m)
[2026-04-10 07:00:00]     ⚠️  STALE (exceeded timeout)
[2026-04-10 07:00:00]   Task test-opt-parallel-error: age 29596980m (timeout 120m)
[2026-04-10 07:00:00]     ⚠️  STALE (exceeded timeout)
[2026-04-10 07:00:00]   Task audit-all-work: age 29596980m (timeout 120m)
[2026-04-10 07:00:00]     ⚠️  STALE (exceeded timeout)
[2026-04-10 07:00:00]   Task workqueue-automation: age 29596980m (timeout 120m)
[2026-04-10 07:00:00]     ⚠️  STALE (exceeded timeout)
[2026-04-10 07:00:00]   Task test-opt-analytics-opus: age 29596980m (timeout 120m)
[2026-04-10 07:00:00]     ⚠️  STALE (exceeded timeout)
[2026-04-10 07:00:00]   Task fix-trade-builder-403: age 29596980m (timeout 120m)
[2026-04-10 07:00:00]     ⚠️  STALE (exceeded timeout)
[2026-04-10 07:00:00]   Task fix-all-trade-issues: age 29596980m (timeout 120m)
[2026-04-10 07:00:00]     ⚠️  STALE (exceeded timeout)
[2026-04-10 07:00:00] Archiving 9 stale + 0 completed tasks...
[2026-04-10 07:10:00] Checking 9 active tasks...
[2026-04-10 07:10:01]   Task dogfood-qa-week4: age 29596990m (timeout 120m)
[2026-04-10 07:10:01]     ⚠️  STALE (exceeded timeout)
[2026-04-10 07:10:01]   Task fix-dogfood-week4: age 29596990m (timeout 120m)
[2026-04-10 07:10:01]     ⚠️  STALE (exceeded timeout)
[2026-04-10 07:10:01]   Task test-opt-parallel-logger: age 29596990m (timeout 120m)
[2026-04-10 07:10:01]     ⚠️  STALE (exceeded timeout)
[2026-04-10 07:10:01]   Task test-opt-parallel-error: age 29596990m (timeout 120m)
[2026-04-10 07:10:01]     ⚠️  STALE (exceeded timeout)
[2026-04-10 07:10:01]   Task audit-all-work: age 29596990m (timeout 120m)
[2026-04-10 07:10:01]     ⚠️  STALE (exceeded timeout)
[2026-04-10 07:10:01]   Task workqueue-automation: age 29596990m (timeout 120m)
[2026-04-10 07:10:01]     ⚠️  STALE (exceeded timeout)
[2026-04-10 07:10:01]   Task test-opt-analytics-opus: age 29596990m (timeout 120m)
[2026-04-10 07:10:01]     ⚠️  STALE (exceeded timeout)
[2026-04-10 07:10:01]   Task fix-trade-builder-403: age 29596990m (timeout 120m)
[2026-04-10 07:10:01]     ⚠️  STALE (exceeded timeout)
[2026-04-10 07:10:01]   Task fix-all-trade-issues: age 29596990m (timeout 120m)
[2026-04-10 07:10:01]     ⚠️  STALE (exceeded timeout)
[2026-04-10 07:10:01] Archiving 9 stale + 0 completed tasks...
[2026-04-10 07:20:01] Checking 9 active tasks...
[2026-04-10 07:20:01]   Task dogfood-qa-week4: age 29597000m (timeout 120m)
[2026-04-10 07:20:01]     ⚠️  STALE (exceeded timeout)
[2026-04-10 07:20:01]   Task fix-dogfood-week4: age 29597000m (timeout 120m)
[2026-04-10 07:20:01]     ⚠️  STALE (exceeded timeout)
[2026-04-10 07:20:01]   Task test-opt-parallel-logger: age 29597000m (timeout 120m)
[2026-04-10 07:20:01]     ⚠️  STALE (exceeded timeout)
[2026-04-10 07:20:01]   Task test-opt-parallel-error: age 29597000m (timeout 120m)
[2026-04-10 07:20:01]     ⚠️  STALE (exceeded timeout)
[2026-04-10 07:20:01]   Task audit-all-work: age 29597000m (timeout 120m)
[2026-04-10 07:20:01]     ⚠️  STALE (exceeded timeout)
[2026-04-10 07:20:01]   Task workqueue-automation: age 29597000m (timeout 120m)
[2026-04-10 07:20:01]     ⚠️  STALE (exceeded timeout)
[2026-04-10 07:20:01]   Task test-opt-analytics-opus: age 29597000m (timeout 120m)
[2026-04-10 07:20:01]     ⚠️  STALE (exceeded timeout)
[2026-04-10 07:20:01]   Task fix-trade-builder-403: age 29597000m (timeout 120m)
[2026-04-10 07:20:01]     ⚠️  STALE (exceeded timeout)
[2026-04-10 07:20:01]   Task fix-all-trade-issues: age 29597000m (timeout 120m)
[2026-04-10 07:20:01]     ⚠️  STALE (exceeded timeout)
[2026-04-10 07:20:01] Archiving 9 stale + 0 completed tasks...
[2026-04-10 07:30:00] Checking 9 active tasks...
[2026-04-10 07:30:01]   Task dogfood-qa-week4: age 29597010m (timeout 120m)
[2026-04-10 07:30:01]     ⚠️  STALE (exceeded timeout)
[2026-04-10 07:30:01]   Task fix-dogfood-week4: age 29597010m (timeout 120m)
[2026-04-10 07:30:01]     ⚠️  STALE (exceeded timeout)
[2026-04-10 07:30:01]   Task test-opt-parallel-logger: age 29597010m (timeout 120m)
[2026-04-10 07:30:01]     ⚠️  STALE (exceeded timeout)
[2026-04-10 07:30:01]   Task test-opt-parallel-error: age 29597010m (timeout 120m)
[2026-04-10 07:30:01]     ⚠️  STALE (exceeded timeout)
[2026-04-10 07:30:01]   Task audit-all-work: age 29597010m (timeout 120m)
[2026-04-10 07:30:01]     ⚠️  STALE (exceeded timeout)
[2026-04-10 07:30:01]   Task workqueue-automation: age 29597010m (timeout 120m)
[2026-04-10 07:30:01]     ⚠️  STALE (exceeded timeout)
[2026-04-10 07:30:01]   Task test-opt-analytics-opus: age 29597010m (timeout 120m)
[2026-04-10 07:30:01]     ⚠️  STALE (exceeded timeout)
[2026-04-10 07:30:01]   Task fix-trade-builder-403: age 29597010m (timeout 120m)
[2026-04-10 07:30:01]     ⚠️  STALE (exceeded timeout)
[2026-04-10 07:30:01]   Task fix-all-trade-issues: age 29597010m (timeout 120m)
[2026-04-10 07:30:01]     ⚠️  STALE (exceeded timeout)
[2026-04-10 07:30:01] Archiving 9 stale + 0 completed tasks...
[2026-04-10 07:40:00] Checking 9 active tasks...
[2026-04-10 07:40:00]   Task dogfood-qa-week4: age 29597020m (timeout 120m)
[2026-04-10 07:40:00]     ⚠️  STALE (exceeded timeout)
[2026-04-10 07:40:00]   Task fix-dogfood-week4: age 29597020m (timeout 120m)
[2026-04-10 07:40:00]     ⚠️  STALE (exceeded timeout)
[2026-04-10 07:40:01]   Task test-opt-parallel-logger: age 29597020m (timeout 120m)
[2026-04-10 07:40:01]     ⚠️  STALE (exceeded timeout)
[2026-04-10 07:40:01]   Task test-opt-parallel-error: age 29597020m (timeout 120m)
[2026-04-10 07:40:01]     ⚠️  STALE (exceeded timeout)
[2026-04-10 07:40:01]   Task audit-all-work: age 29597020m (timeout 120m)
[2026-04-10 07:40:01]     ⚠️  STALE (exceeded timeout)
[2026-04-10 07:40:01]   Task workqueue-automation: age 29597020m (timeout 120m)
[2026-04-10 07:40:01]     ⚠️  STALE (exceeded timeout)
[2026-04-10 07:40:01]   Task test-opt-analytics-opus: age 29597020m (timeout 120m)
[2026-04-10 07:40:01]     ⚠️  STALE (exceeded timeout)
[2026-04-10 07:40:01]   Task fix-trade-builder-403: age 29597020m (timeout 120m)
[2026-04-10 07:40:01]     ⚠️  STALE (exceeded timeout)
[2026-04-10 07:40:01]   Task fix-all-trade-issues: age 29597020m (timeout 120m)
[2026-04-10 07:40:01]     ⚠️  STALE (exceeded timeout)
[2026-04-10 07:40:01] Archiving 9 stale + 0 completed tasks...
[2026-04-10 07:50:00] Checking 9 active tasks...
[2026-04-10 07:50:00]   Task dogfood-qa-week4: age 29597030m (timeout 120m)
[2026-04-10 07:50:00]     ⚠️  STALE (exceeded timeout)
[2026-04-10 07:50:01]   Task fix-dogfood-week4: age 29597030m (timeout 120m)
[2026-04-10 07:50:01]     ⚠️  STALE (exceeded timeout)
[2026-04-10 07:50:01]   Task test-opt-parallel-logger: age 29597030m (timeout 120m)
[2026-04-10 07:50:01]     ⚠️  STALE (exceeded timeout)
[2026-04-10 07:50:01]   Task test-opt-parallel-error: age 29597030m (timeout 120m)
[2026-04-10 07:50:01]     ⚠️  STALE (exceeded timeout)
[2026-04-10 07:50:01]   Task audit-all-work: age 29597030m (timeout 120m)
[2026-04-10 07:50:01]     ⚠️  STALE (exceeded timeout)
[2026-04-10 07:50:01]   Task workqueue-automation: age 29597030m (timeout 120m)
[2026-04-10 07:50:01]     ⚠️  STALE (exceeded timeout)
[2026-04-10 07:50:01]   Task test-opt-analytics-opus: age 29597030m (timeout 120m)
[2026-04-10 07:50:01]     ⚠️  STALE (exceeded timeout)
[2026-04-10 07:50:01]   Task fix-trade-builder-403: age 29597030m (timeout 120m)
[2026-04-10 07:50:01]     ⚠️  STALE (exceeded timeout)
[2026-04-10 07:50:01]   Task fix-all-trade-issues: age 29597030m (timeout 120m)
[2026-04-10 07:50:01]     ⚠️  STALE (exceeded timeout)
[2026-04-10 07:50:01] Archiving 9 stale + 0 completed tasks...
[2026-04-10 08:00:00] Checking 9 active tasks...
[2026-04-10 08:00:00]   Task dogfood-qa-week4: age 29597040m (timeout 120m)
[2026-04-10 08:00:00]     ⚠️  STALE (exceeded timeout)
[2026-04-10 08:00:00]   Task fix-dogfood-week4: age 29597040m (timeout 120m)
[2026-04-10 08:00:00]     ⚠️  STALE (exceeded timeout)
[2026-04-10 08:00:00]   Task test-opt-parallel-logger: age 29597040m (timeout 120m)
[2026-04-10 08:00:00]     ⚠️  STALE (exceeded timeout)
[2026-04-10 08:00:01]   Task test-opt-parallel-error: age 29597040m (timeout 120m)
[2026-04-10 08:00:01]     ⚠️  STALE (exceeded timeout)
[2026-04-10 08:00:01]   Task audit-all-work: age 29597040m (timeout 120m)
[2026-04-10 08:00:01]     ⚠️  STALE (exceeded timeout)
[2026-04-10 08:00:01]   Task workqueue-automation: age 29597040m (timeout 120m)
[2026-04-10 08:00:01]     ⚠️  STALE (exceeded timeout)
[2026-04-10 08:00:01]   Task test-opt-analytics-opus: age 29597040m (timeout 120m)
[2026-04-10 08:00:01]     ⚠️  STALE (exceeded timeout)
[2026-04-10 08:00:01]   Task fix-trade-builder-403: age 29597040m (timeout 120m)
[2026-04-10 08:00:01]     ⚠️  STALE (exceeded timeout)
[2026-04-10 08:00:01]   Task fix-all-trade-issues: age 29597040m (timeout 120m)
[2026-04-10 08:00:01]     ⚠️  STALE (exceeded timeout)
[2026-04-10 08:00:01] Archiving 9 stale + 0 completed tasks...
[2026-04-10 08:10:00] Checking 9 active tasks...
[2026-04-10 08:10:01]   Task dogfood-qa-week4: age 29597050m (timeout 120m)
[2026-04-10 08:10:01]     ⚠️  STALE (exceeded timeout)
[2026-04-10 08:10:01]   Task fix-dogfood-week4: age 29597050m (timeout 120m)
[2026-04-10 08:10:01]     ⚠️  STALE (exceeded timeout)
[2026-04-10 08:10:01]   Task test-opt-parallel-logger: age 29597050m (timeout 120m)
[2026-04-10 08:10:01]     ⚠️  STALE (exceeded timeout)
[2026-04-10 08:10:01]   Task test-opt-parallel-error: age 29597050m (timeout 120m)
[2026-04-10 08:10:01]     ⚠️  STALE (exceeded timeout)
[2026-04-10 08:10:01]   Task audit-all-work: age 29597050m (timeout 120m)
[2026-04-10 08:10:01]     ⚠️  STALE (exceeded timeout)
[2026-04-10 08:10:01]   Task workqueue-automation: age 29597050m (timeout 120m)
[2026-04-10 08:10:01]     ⚠️  STALE (exceeded timeout)
[2026-04-10 08:10:01]   Task test-opt-analytics-opus: age 29597050m (timeout 120m)
[2026-04-10 08:10:01]     ⚠️  STALE (exceeded timeout)
[2026-04-10 08:10:01]   Task fix-trade-builder-403: age 29597050m (timeout 120m)
[2026-04-10 08:10:01]     ⚠️  STALE (exceeded timeout)
[2026-04-10 08:10:01]   Task fix-all-trade-issues: age 29597050m (timeout 120m)
[2026-04-10 08:10:01]     ⚠️  STALE (exceeded timeout)
[2026-04-10 08:10:01] Archiving 9 stale + 0 completed tasks...
[2026-04-10 08:20:01] Checking 9 active tasks...
[2026-04-10 08:20:01]   Task dogfood-qa-week4: age 29597060m (timeout 120m)
[2026-04-10 08:20:01]     ⚠️  STALE (exceeded timeout)
[2026-04-10 08:20:01]   Task fix-dogfood-week4: age 29597060m (timeout 120m)
[2026-04-10 08:20:01]     ⚠️  STALE (exceeded timeout)
[2026-04-10 08:20:01]   Task test-opt-parallel-logger: age 29597060m (timeout 120m)
[2026-04-10 08:20:01]     ⚠️  STALE (exceeded timeout)
[2026-04-10 08:20:01]   Task test-opt-parallel-error: age 29597060m (timeout 120m)
[2026-04-10 08:20:01]     ⚠️  STALE (exceeded timeout)
[2026-04-10 08:20:01]   Task audit-all-work: age 29597060m (timeout 120m)
[2026-04-10 08:20:01]     ⚠️  STALE (exceeded timeout)
[2026-04-10 08:20:01]   Task workqueue-automation: age 29597060m (timeout 120m)
[2026-04-10 08:20:01]     ⚠️  STALE (exceeded timeout)
[2026-04-10 08:20:01]   Task test-opt-analytics-opus: age 29597060m (timeout 120m)
[2026-04-10 08:20:01]     ⚠️  STALE (exceeded timeout)
[2026-04-10 08:20:01]   Task fix-trade-builder-403: age 29597060m (timeout 120m)
[2026-04-10 08:20:01]     ⚠️  STALE (exceeded timeout)
[2026-04-10 08:20:01]   Task fix-all-trade-issues: age 29597060m (timeout 120m)
[2026-04-10 08:20:01]     ⚠️  STALE (exceeded timeout)
[2026-04-10 08:20:01] Archiving 9 stale + 0 completed tasks...
[2026-04-10 08:30:01] Checking 9 active tasks...
[2026-04-10 08:30:01]   Task dogfood-qa-week4: age 29597070m (timeout 120m)
[2026-04-10 08:30:01]     ⚠️  STALE (exceeded timeout)
[2026-04-10 08:30:01]   Task fix-dogfood-week4: age 29597070m (timeout 120m)
[2026-04-10 08:30:01]     ⚠️  STALE (exceeded timeout)
[2026-04-10 08:30:01]   Task test-opt-parallel-logger: age 29597070m (timeout 120m)
[2026-04-10 08:30:01]     ⚠️  STALE (exceeded timeout)
[2026-04-10 08:30:01]   Task test-opt-parallel-error: age 29597070m (timeout 120m)
[2026-04-10 08:30:01]     ⚠️  STALE (exceeded timeout)
[2026-04-10 08:30:01]   Task audit-all-work: age 29597070m (timeout 120m)
[2026-04-10 08:30:01]     ⚠️  STALE (exceeded timeout)
[2026-04-10 08:30:01]   Task workqueue-automation: age 29597070m (timeout 120m)
[2026-04-10 08:30:01]     ⚠️  STALE (exceeded timeout)
[2026-04-10 08:30:01]   Task test-opt-analytics-opus: age 29597070m (timeout 120m)
[2026-04-10 08:30:01]     ⚠️  STALE (exceeded timeout)
[2026-04-10 08:30:01]   Task fix-trade-builder-403: age 29597070m (timeout 120m)
[2026-04-10 08:30:01]     ⚠️  STALE (exceeded timeout)
[2026-04-10 08:30:01]   Task fix-all-trade-issues: age 29597070m (timeout 120m)
[2026-04-10 08:30:01]     ⚠️  STALE (exceeded timeout)
[2026-04-10 08:30:01] Archiving 9 stale + 0 completed tasks...
[2026-04-10 08:40:00] Checking 9 active tasks...
[2026-04-10 08:40:00]   Task dogfood-qa-week4: age 29597080m (timeout 120m)
[2026-04-10 08:40:00]     ⚠️  STALE (exceeded timeout)
[2026-04-10 08:40:00]   Task fix-dogfood-week4: age 29597080m (timeout 120m)
[2026-04-10 08:40:00]     ⚠️  STALE (exceeded timeout)
[2026-04-10 08:40:00]   Task test-opt-parallel-logger: age 29597080m (timeout 120m)
[2026-04-10 08:40:00]     ⚠️  STALE (exceeded timeout)
[2026-04-10 08:40:00]   Task test-opt-parallel-error: age 29597080m (timeout 120m)
[2026-04-10 08:40:00]     ⚠️  STALE (exceeded timeout)
[2026-04-10 08:40:00]   Task audit-all-work: age 29597080m (timeout 120m)
[2026-04-10 08:40:00]     ⚠️  STALE (exceeded timeout)
[2026-04-10 08:40:00]   Task workqueue-automation: age 29597080m (timeout 120m)
[2026-04-10 08:40:00]     ⚠️  STALE (exceeded timeout)
[2026-04-10 08:40:00]   Task test-opt-analytics-opus: age 29597080m (timeout 120m)
[2026-04-10 08:40:00]     ⚠️  STALE (exceeded timeout)
[2026-04-10 08:40:00]   Task fix-trade-builder-403: age 29597080m (timeout 120m)
[2026-04-10 08:40:00]     ⚠️  STALE (exceeded timeout)
[2026-04-10 08:40:00]   Task fix-all-trade-issues: age 29597080m (timeout 120m)
[2026-04-10 08:40:00]     ⚠️  STALE (exceeded timeout)
[2026-04-10 08:40:00] Archiving 9 stale + 0 completed tasks...
[2026-04-10 08:50:00] Checking 9 active tasks...
[2026-04-10 08:50:00]   Task dogfood-qa-week4: age 29597090m (timeout 120m)
[2026-04-10 08:50:00]     ⚠️  STALE (exceeded timeout)
[2026-04-10 08:50:00]   Task fix-dogfood-week4: age 29597090m (timeout 120m)
[2026-04-10 08:50:00]     ⚠️  STALE (exceeded timeout)
[2026-04-10 08:50:00]   Task test-opt-parallel-logger: age 29597090m (timeout 120m)
[2026-04-10 08:50:00]     ⚠️  STALE (exceeded timeout)
[2026-04-10 08:50:00]   Task test-opt-parallel-error: age 29597090m (timeout 120m)
[2026-04-10 08:50:00]     ⚠️  STALE (exceeded timeout)
[2026-04-10 08:50:00]   Task audit-all-work: age 29597090m (timeout 120m)
[2026-04-10 08:50:00]     ⚠️  STALE (exceeded timeout)
[2026-04-10 08:50:00]   Task workqueue-automation: age 29597090m (timeout 120m)
[2026-04-10 08:50:00]     ⚠️  STALE (exceeded timeout)
[2026-04-10 08:50:00]   Task test-opt-analytics-opus: age 29597090m (timeout 120m)
[2026-04-10 08:50:00]     ⚠️  STALE (exceeded timeout)
[2026-04-10 08:50:00]   Task fix-trade-builder-403: age 29597090m (timeout 120m)
[2026-04-10 08:50:00]     ⚠️  STALE (exceeded timeout)
[2026-04-10 08:50:00]   Task fix-all-trade-issues: age 29597090m (timeout 120m)
[2026-04-10 08:50:00]     ⚠️  STALE (exceeded timeout)
[2026-04-10 08:50:00] Archiving 9 stale + 0 completed tasks...
[2026-04-10 09:00:00] Checking 9 active tasks...
[2026-04-10 09:00:00]   Task dogfood-qa-week4: age 29597100m (timeout 120m)
[2026-04-10 09:00:00]     ⚠️  STALE (exceeded timeout)
[2026-04-10 09:00:00]   Task fix-dogfood-week4: age 29597100m (timeout 120m)
[2026-04-10 09:00:00]     ⚠️  STALE (exceeded timeout)
[2026-04-10 09:00:00]   Task test-opt-parallel-logger: age 29597100m (timeout 120m)
[2026-04-10 09:00:00]     ⚠️  STALE (exceeded timeout)
[2026-04-10 09:00:00]   Task test-opt-parallel-error: age 29597100m (timeout 120m)
[2026-04-10 09:00:00]     ⚠️  STALE (exceeded timeout)
[2026-04-10 09:00:00]   Task audit-all-work: age 29597100m (timeout 120m)
[2026-04-10 09:00:00]     ⚠️  STALE (exceeded timeout)
[2026-04-10 09:00:00]   Task workqueue-automation: age 29597100m (timeout 120m)
[2026-04-10 09:00:00]     ⚠️  STALE (exceeded timeout)
[2026-04-10 09:00:00]   Task test-opt-analytics-opus: age 29597100m (timeout 120m)
[2026-04-10 09:00:00]     ⚠️  STALE (exceeded timeout)
[2026-04-10 09:00:00]   Task fix-trade-builder-403: age 29597100m (timeout 120m)
[2026-04-10 09:00:00]     ⚠️  STALE (exceeded timeout)
[2026-04-10 09:00:00]   Task fix-all-trade-issues: age 29597100m (timeout 120m)
[2026-04-10 09:00:00]     ⚠️  STALE (exceeded timeout)
[2026-04-10 09:00:00] Archiving 9 stale + 0 completed tasks...
[2026-04-10 09:10:00] Checking 9 active tasks...
[2026-04-10 09:10:00]   Task dogfood-qa-week4: age 29597110m (timeout 120m)
[2026-04-10 09:10:00]     ⚠️  STALE (exceeded timeout)
[2026-04-10 09:10:00]   Task fix-dogfood-week4: age 29597110m (timeout 120m)
[2026-04-10 09:10:00]     ⚠️  STALE (exceeded timeout)
[2026-04-10 09:10:00]   Task test-opt-parallel-logger: age 29597110m (timeout 120m)
[2026-04-10 09:10:00]     ⚠️  STALE (exceeded timeout)
[2026-04-10 09:10:00]   Task test-opt-parallel-error: age 29597110m (timeout 120m)
[2026-04-10 09:10:00]     ⚠️  STALE (exceeded timeout)
[2026-04-10 09:10:00]   Task audit-all-work: age 29597110m (timeout 120m)
[2026-04-10 09:10:00]     ⚠️  STALE (exceeded timeout)
[2026-04-10 09:10:00]   Task workqueue-automation: age 29597110m (timeout 120m)
[2026-04-10 09:10:00]     ⚠️  STALE (exceeded timeout)
[2026-04-10 09:10:00]   Task test-opt-analytics-opus: age 29597110m (timeout 120m)
[2026-04-10 09:10:00]     ⚠️  STALE (exceeded timeout)
[2026-04-10 09:10:00]   Task fix-trade-builder-403: age 29597110m (timeout 120m)
[2026-04-10 09:10:00]     ⚠️  STALE (exceeded timeout)
[2026-04-10 09:10:00]   Task fix-all-trade-issues: age 29597110m (timeout 120m)
[2026-04-10 09:10:00]     ⚠️  STALE (exceeded timeout)
[2026-04-10 09:10:00] Archiving 9 stale + 0 completed tasks...
[2026-04-10 09:20:00] Checking 9 active tasks...
[2026-04-10 09:20:01]   Task dogfood-qa-week4: age 29597120m (timeout 120m)
[2026-04-10 09:20:01]     ⚠️  STALE (exceeded timeout)
[2026-04-10 09:20:01]   Task fix-dogfood-week4: age 29597120m (timeout 120m)
[2026-04-10 09:20:01]     ⚠️  STALE (exceeded timeout)
[2026-04-10 09:20:01]   Task test-opt-parallel-logger: age 29597120m (timeout 120m)
[2026-04-10 09:20:01]     ⚠️  STALE (exceeded timeout)
[2026-04-10 09:20:01]   Task test-opt-parallel-error: age 29597120m (timeout 120m)
[2026-04-10 09:20:01]     ⚠️  STALE (exceeded timeout)
[2026-04-10 09:20:01]   Task audit-all-work: age 29597120m (timeout 120m)
[2026-04-10 09:20:01]     ⚠️  STALE (exceeded timeout)
[2026-04-10 09:20:01]   Task workqueue-automation: age 29597120m (timeout 120m)
[2026-04-10 09:20:01]     ⚠️  STALE (exceeded timeout)
[2026-04-10 09:20:01]   Task test-opt-analytics-opus: age 29597120m (timeout 120m)
[2026-04-10 09:20:01]     ⚠️  STALE (exceeded timeout)
[2026-04-10 09:20:01]   Task fix-trade-builder-403: age 29597120m (timeout 120m)
[2026-04-10 09:20:01]     ⚠️  STALE (exceeded timeout)
[2026-04-10 09:20:01]   Task fix-all-trade-issues: age 29597120m (timeout 120m)
[2026-04-10 09:20:01]     ⚠️  STALE (exceeded timeout)
[2026-04-10 09:20:01] Archiving 9 stale + 0 completed tasks...
[2026-04-10 09:30:00] Checking 9 active tasks...
[2026-04-10 09:30:00]   Task dogfood-qa-week4: age 29597130m (timeout 120m)
[2026-04-10 09:30:00]     ⚠️  STALE (exceeded timeout)
[2026-04-10 09:30:00]   Task fix-dogfood-week4: age 29597130m (timeout 120m)
[2026-04-10 09:30:00]     ⚠️  STALE (exceeded timeout)
[2026-04-10 09:30:00]   Task test-opt-parallel-logger: age 29597130m (timeout 120m)
[2026-04-10 09:30:00]     ⚠️  STALE (exceeded timeout)
[2026-04-10 09:30:01]   Task test-opt-parallel-error: age 29597130m (timeout 120m)
[2026-04-10 09:30:01]     ⚠️  STALE (exceeded timeout)
[2026-04-10 09:30:01]   Task audit-all-work: age 29597130m (timeout 120m)
[2026-04-10 09:30:01]     ⚠️  STALE (exceeded timeout)
[2026-04-10 09:30:01]   Task workqueue-automation: age 29597130m (timeout 120m)
[2026-04-10 09:30:01]     ⚠️  STALE (exceeded timeout)
[2026-04-10 09:30:01]   Task test-opt-analytics-opus: age 29597130m (timeout 120m)
[2026-04-10 09:30:01]     ⚠️  STALE (exceeded timeout)
[2026-04-10 09:30:01]   Task fix-trade-builder-403: age 29597130m (timeout 120m)
[2026-04-10 09:30:01]     ⚠️  STALE (exceeded timeout)
[2026-04-10 09:30:01]   Task fix-all-trade-issues: age 29597130m (timeout 120m)
[2026-04-10 09:30:01]     ⚠️  STALE (exceeded timeout)
[2026-04-10 09:30:01] Archiving 9 stale + 0 completed tasks...
[2026-04-10 09:40:01] Checking 9 active tasks...
[2026-04-10 09:40:01]   Task dogfood-qa-week4: age 29597140m (timeout 120m)
[2026-04-10 09:40:01]     ⚠️  STALE (exceeded timeout)
[2026-04-10 09:40:01]   Task fix-dogfood-week4: age 29597140m (timeout 120m)
[2026-04-10 09:40:01]     ⚠️  STALE (exceeded timeout)
[2026-04-10 09:40:01]   Task test-opt-parallel-logger: age 29597140m (timeout 120m)
[2026-04-10 09:40:01]     ⚠️  STALE (exceeded timeout)
[2026-04-10 09:40:01]   Task test-opt-parallel-error: age 29597140m (timeout 120m)
[2026-04-10 09:40:01]     ⚠️  STALE (exceeded timeout)
[2026-04-10 09:40:01]   Task audit-all-work: age 29597140m (timeout 120m)
[2026-04-10 09:40:01]     ⚠️  STALE (exceeded timeout)
[2026-04-10 09:40:01]   Task workqueue-automation: age 29597140m (timeout 120m)
[2026-04-10 09:40:01]     ⚠️  STALE (exceeded timeout)
[2026-04-10 09:40:01]   Task test-opt-analytics-opus: age 29597140m (timeout 120m)
[2026-04-10 09:40:01]     ⚠️  STALE (exceeded timeout)
[2026-04-10 09:40:01]   Task fix-trade-builder-403: age 29597140m (timeout 120m)
[2026-04-10 09:40:01]     ⚠️  STALE (exceeded timeout)
[2026-04-10 09:40:01]   Task fix-all-trade-issues: age 29597140m (timeout 120m)
[2026-04-10 09:40:01]     ⚠️  STALE (exceeded timeout)
[2026-04-10 09:40:01] Archiving 9 stale + 0 completed tasks...
[2026-04-10 09:50:00] Checking 9 active tasks...
[2026-04-10 09:50:01]   Task dogfood-qa-week4: age 29597150m (timeout 120m)
[2026-04-10 09:50:01]     ⚠️  STALE (exceeded timeout)
[2026-04-10 09:50:01]   Task fix-dogfood-week4: age 29597150m (timeout 120m)
[2026-04-10 09:50:01]     ⚠️  STALE (exceeded timeout)
[2026-04-10 09:50:01]   Task test-opt-parallel-logger: age 29597150m (timeout 120m)
[2026-04-10 09:50:01]     ⚠️  STALE (exceeded timeout)
[2026-04-10 09:50:01]   Task test-opt-parallel-error: age 29597150m (timeout 120m)
[2026-04-10 09:50:01]     ⚠️  STALE (exceeded timeout)
[2026-04-10 09:50:01]   Task audit-all-work: age 29597150m (timeout 120m)
[2026-04-10 09:50:01]     ⚠️  STALE (exceeded timeout)
[2026-04-10 09:50:01]   Task workqueue-automation: age 29597150m (timeout 120m)
[2026-04-10 09:50:01]     ⚠️  STALE (exceeded timeout)
[2026-04-10 09:50:01]   Task test-opt-analytics-opus: age 29597150m (timeout 120m)
[2026-04-10 09:50:01]     ⚠️  STALE (exceeded timeout)
[2026-04-10 09:50:01]   Task fix-trade-builder-403: age 29597150m (timeout 120m)
[2026-04-10 09:50:01]     ⚠️  STALE (exceeded timeout)
[2026-04-10 09:50:01]   Task fix-all-trade-issues: age 29597150m (timeout 120m)
[2026-04-10 09:50:01]     ⚠️  STALE (exceeded timeout)
[2026-04-10 09:50:01] Archiving 9 stale + 0 completed tasks...
[2026-04-10 10:00:00] Checking 9 active tasks...
[2026-04-10 10:00:00]   Task dogfood-qa-week4: age 29597160m (timeout 120m)
[2026-04-10 10:00:00]     ⚠️  STALE (exceeded timeout)
[2026-04-10 10:00:01]   Task fix-dogfood-week4: age 29597160m (timeout 120m)
[2026-04-10 10:00:01]     ⚠️  STALE (exceeded timeout)
[2026-04-10 10:00:01]   Task test-opt-parallel-logger: age 29597160m (timeout 120m)
[2026-04-10 10:00:01]     ⚠️  STALE (exceeded timeout)
[2026-04-10 10:00:01]   Task test-opt-parallel-error: age 29597160m (timeout 120m)
[2026-04-10 10:00:01]     ⚠️  STALE (exceeded timeout)
[2026-04-10 10:00:01]   Task audit-all-work: age 29597160m (timeout 120m)
[2026-04-10 10:00:01]     ⚠️  STALE (exceeded timeout)
[2026-04-10 10:00:01]   Task workqueue-automation: age 29597160m (timeout 120m)
[2026-04-10 10:00:01]     ⚠️  STALE (exceeded timeout)
[2026-04-10 10:00:01]   Task test-opt-analytics-opus: age 29597160m (timeout 120m)
[2026-04-10 10:00:01]     ⚠️  STALE (exceeded timeout)
[2026-04-10 10:00:01]   Task fix-trade-builder-403: age 29597160m (timeout 120m)
[2026-04-10 10:00:01]     ⚠️  STALE (exceeded timeout)
[2026-04-10 10:00:01]   Task fix-all-trade-issues: age 29597160m (timeout 120m)
[2026-04-10 10:00:01]     ⚠️  STALE (exceeded timeout)
[2026-04-10 10:00:01] Archiving 9 stale + 0 completed tasks...
[2026-04-10 10:10:00] Checking 9 active tasks...
[2026-04-10 10:10:00]   Task dogfood-qa-week4: age 29597170m (timeout 120m)
[2026-04-10 10:10:00]     ⚠️  STALE (exceeded timeout)
[2026-04-10 10:10:00]   Task fix-dogfood-week4: age 29597170m (timeout 120m)
[2026-04-10 10:10:00]     ⚠️  STALE (exceeded timeout)
[2026-04-10 10:10:00]   Task test-opt-parallel-logger: age 29597170m (timeout 120m)
[2026-04-10 10:10:00]     ⚠️  STALE (exceeded timeout)
[2026-04-10 10:10:00]   Task test-opt-parallel-error: age 29597170m (timeout 120m)
[2026-04-10 10:10:00]     ⚠️  STALE (exceeded timeout)
[2026-04-10 10:10:00]   Task audit-all-work: age 29597170m (timeout 120m)
[2026-04-10 10:10:00]     ⚠️  STALE (exceeded timeout)
[2026-04-10 10:10:00]   Task workqueue-automation: age 29597170m (timeout 120m)
[2026-04-10 10:10:00]     ⚠️  STALE (exceeded timeout)
[2026-04-10 10:10:00]   Task test-opt-analytics-opus: age 29597170m (timeout 120m)
[2026-04-10 10:10:00]     ⚠️  STALE (exceeded timeout)
[2026-04-10 10:10:00]   Task fix-trade-builder-403: age 29597170m (timeout 120m)
[2026-04-10 10:10:00]     ⚠️  STALE (exceeded timeout)
[2026-04-10 10:10:00]   Task fix-all-trade-issues: age 29597170m (timeout 120m)
[2026-04-10 10:10:00]     ⚠️  STALE (exceeded timeout)
[2026-04-10 10:10:00] Archiving 9 stale + 0 completed tasks...
[2026-04-10 10:20:00] Checking 9 active tasks...
[2026-04-10 10:20:00]   Task dogfood-qa-week4: age 29597180m (timeout 120m)
[2026-04-10 10:20:00]     ⚠️  STALE (exceeded timeout)
[2026-04-10 10:20:00]   Task fix-dogfood-week4: age 29597180m (timeout 120m)
[2026-04-10 10:20:00]     ⚠️  STALE (exceeded timeout)
[2026-04-10 10:20:00]   Task test-opt-parallel-logger: age 29597180m (timeout 120m)
[2026-04-10 10:20:00]     ⚠️  STALE (exceeded timeout)
[2026-04-10 10:20:00]   Task test-opt-parallel-error: age 29597180m (timeout 120m)
[2026-04-10 10:20:00]     ⚠️  STALE (exceeded timeout)
[2026-04-10 10:20:00]   Task audit-all-work: age 29597180m (timeout 120m)
[2026-04-10 10:20:00]     ⚠️  STALE (exceeded timeout)
[2026-04-10 10:20:00]   Task workqueue-automation: age 29597180m (timeout 120m)
[2026-04-10 10:20:00]     ⚠️  STALE (exceeded timeout)
[2026-04-10 10:20:00]   Task test-opt-analytics-opus: age 29597180m (timeout 120m)
[2026-04-10 10:20:00]     ⚠️  STALE (exceeded timeout)
[2026-04-10 10:20:00]   Task fix-trade-builder-403: age 29597180m (timeout 120m)
[2026-04-10 10:20:00]     ⚠️  STALE (exceeded timeout)
[2026-04-10 10:20:01]   Task fix-all-trade-issues: age 29597180m (timeout 120m)
[2026-04-10 10:20:01]     ⚠️  STALE (exceeded timeout)
[2026-04-10 10:20:01] Archiving 9 stale + 0 completed tasks...
[2026-04-10 10:30:00] Checking 9 active tasks...
[2026-04-10 10:30:01]   Task dogfood-qa-week4: age 29597190m (timeout 120m)
[2026-04-10 10:30:01]     ⚠️  STALE (exceeded timeout)
[2026-04-10 10:30:01]   Task fix-dogfood-week4: age 29597190m (timeout 120m)
[2026-04-10 10:30:01]     ⚠️  STALE (exceeded timeout)
[2026-04-10 10:30:01]   Task test-opt-parallel-logger: age 29597190m (timeout 120m)
[2026-04-10 10:30:01]     ⚠️  STALE (exceeded timeout)
[2026-04-10 10:30:01]   Task test-opt-parallel-error: age 29597190m (timeout 120m)
[2026-04-10 10:30:01]     ⚠️  STALE (exceeded timeout)
[2026-04-10 10:30:01]   Task audit-all-work: age 29597190m (timeout 120m)
[2026-04-10 10:30:01]     ⚠️  STALE (exceeded timeout)
[2026-04-10 10:30:01]   Task workqueue-automation: age 29597190m (timeout 120m)
[2026-04-10 10:30:01]     ⚠️  STALE (exceeded timeout)
[2026-04-10 10:30:01]   Task test-opt-analytics-opus: age 29597190m (timeout 120m)
[2026-04-10 10:30:01]     ⚠️  STALE (exceeded timeout)
[2026-04-10 10:30:01]   Task fix-trade-builder-403: age 29597190m (timeout 120m)
[2026-04-10 10:30:01]     ⚠️  STALE (exceeded timeout)
[2026-04-10 10:30:01]   Task fix-all-trade-issues: age 29597190m (timeout 120m)
[2026-04-10 10:30:01]     ⚠️  STALE (exceeded timeout)
[2026-04-10 10:30:01] Archiving 9 stale + 0 completed tasks...
[2026-04-10 10:40:00] Checking 9 active tasks...
[2026-04-10 10:40:00]   Task dogfood-qa-week4: age 29597200m (timeout 120m)
[2026-04-10 10:40:00]     ⚠️  STALE (exceeded timeout)
[2026-04-10 10:40:00]   Task fix-dogfood-week4: age 29597200m (timeout 120m)
[2026-04-10 10:40:00]     ⚠️  STALE (exceeded timeout)
[2026-04-10 10:40:00]   Task test-opt-parallel-logger: age 29597200m (timeout 120m)
[2026-04-10 10:40:00]     ⚠️  STALE (exceeded timeout)
[2026-04-10 10:40:00]   Task test-opt-parallel-error: age 29597200m (timeout 120m)
[2026-04-10 10:40:00]     ⚠️  STALE (exceeded timeout)
[2026-04-10 10:40:00]   Task audit-all-work: age 29597200m (timeout 120m)
[2026-04-10 10:40:00]     ⚠️  STALE (exceeded timeout)
[2026-04-10 10:40:00]   Task workqueue-automation: age 29597200m (timeout 120m)
[2026-04-10 10:40:00]     ⚠️  STALE (exceeded timeout)
[2026-04-10 10:40:00]   Task test-opt-analytics-opus: age 29597200m (timeout 120m)
[2026-04-10 10:40:00]     ⚠️  STALE (exceeded timeout)
[2026-04-10 10:40:00]   Task fix-trade-builder-403: age 29597200m (timeout 120m)
[2026-04-10 10:40:00]     ⚠️  STALE (exceeded timeout)
[2026-04-10 10:40:01]   Task fix-all-trade-issues: age 29597200m (timeout 120m)
[2026-04-10 10:40:01]     ⚠️  STALE (exceeded timeout)
[2026-04-10 10:40:01] Archiving 9 stale + 0 completed tasks...
[2026-04-10 10:50:00] Checking 9 active tasks...
[2026-04-10 10:50:00]   Task dogfood-qa-week4: age 29597210m (timeout 120m)
[2026-04-10 10:50:00]     ⚠️  STALE (exceeded timeout)
[2026-04-10 10:50:00]   Task fix-dogfood-week4: age 29597210m (timeout 120m)
[2026-04-10 10:50:00]     ⚠️  STALE (exceeded timeout)
[2026-04-10 10:50:00]   Task test-opt-parallel-logger: age 29597210m (timeout 120m)
[2026-04-10 10:50:00]     ⚠️  STALE (exceeded timeout)
[2026-04-10 10:50:00]   Task test-opt-parallel-error: age 29597210m (timeout 120m)
[2026-04-10 10:50:00]     ⚠️  STALE (exceeded timeout)
[2026-04-10 10:50:00]   Task audit-all-work: age 29597210m (timeout 120m)
[2026-04-10 10:50:00]     ⚠️  STALE (exceeded timeout)
[2026-04-10 10:50:01]   Task workqueue-automation: age 29597210m (timeout 120m)
[2026-04-10 10:50:01]     ⚠️  STALE (exceeded timeout)
[2026-04-10 10:50:01]   Task test-opt-analytics-opus: age 29597210m (timeout 120m)
[2026-04-10 10:50:01]     ⚠️  STALE (exceeded timeout)
[2026-04-10 10:50:01]   Task fix-trade-builder-403: age 29597210m (timeout 120m)
[2026-04-10 10:50:01]     ⚠️  STALE (exceeded timeout)
[2026-04-10 10:50:01]   Task fix-all-trade-issues: age 29597210m (timeout 120m)
[2026-04-10 10:50:01]     ⚠️  STALE (exceeded timeout)
[2026-04-10 10:50:01] Archiving 9 stale + 0 completed tasks...
[2026-04-10 11:00:00] Checking 9 active tasks...
[2026-04-10 11:00:00]   Task dogfood-qa-week4: age 29597220m (timeout 120m)
[2026-04-10 11:00:00]     ⚠️  STALE (exceeded timeout)
[2026-04-10 11:00:00]   Task fix-dogfood-week4: age 29597220m (timeout 120m)
[2026-04-10 11:00:00]     ⚠️  STALE (exceeded timeout)
[2026-04-10 11:00:00]   Task test-opt-parallel-logger: age 29597220m (timeout 120m)
[2026-04-10 11:00:00]     ⚠️  STALE (exceeded timeout)
[2026-04-10 11:00:00]   Task test-opt-parallel-error: age 29597220m (timeout 120m)
[2026-04-10 11:00:00]     ⚠️  STALE (exceeded timeout)
[2026-04-10 11:00:00]   Task audit-all-work: age 29597220m (timeout 120m)
[2026-04-10 11:00:00]     ⚠️  STALE (exceeded timeout)
[2026-04-10 11:00:00]   Task workqueue-automation: age 29597220m (timeout 120m)
[2026-04-10 11:00:00]     ⚠️  STALE (exceeded timeout)
[2026-04-10 11:00:01]   Task test-opt-analytics-opus: age 29597220m (timeout 120m)
[2026-04-10 11:00:01]     ⚠️  STALE (exceeded timeout)
[2026-04-10 11:00:01]   Task fix-trade-builder-403: age 29597220m (timeout 120m)
[2026-04-10 11:00:01]     ⚠️  STALE (exceeded timeout)
[2026-04-10 11:00:01]   Task fix-all-trade-issues: age 29597220m (timeout 120m)
[2026-04-10 11:00:01]     ⚠️  STALE (exceeded timeout)
[2026-04-10 11:00:01] Archiving 9 stale + 0 completed tasks...
[2026-04-10 11:10:00] Checking 9 active tasks...
[2026-04-10 11:10:01]   Task dogfood-qa-week4: age 29597230m (timeout 120m)
[2026-04-10 11:10:01]     ⚠️  STALE (exceeded timeout)
[2026-04-10 11:10:01]   Task fix-dogfood-week4: age 29597230m (timeout 120m)
[2026-04-10 11:10:01]     ⚠️  STALE (exceeded timeout)
[2026-04-10 11:10:01]   Task test-opt-parallel-logger: age 29597230m (timeout 120m)
[2026-04-10 11:10:01]     ⚠️  STALE (exceeded timeout)
[2026-04-10 11:10:01]   Task test-opt-parallel-error: age 29597230m (timeout 120m)
[2026-04-10 11:10:01]     ⚠️  STALE (exceeded timeout)
[2026-04-10 11:10:01]   Task audit-all-work: age 29597230m (timeout 120m)
[2026-04-10 11:10:01]     ⚠️  STALE (exceeded timeout)
[2026-04-10 11:10:01]   Task workqueue-automation: age 29597230m (timeout 120m)
[2026-04-10 11:10:01]     ⚠️  STALE (exceeded timeout)
[2026-04-10 11:10:01]   Task test-opt-analytics-opus: age 29597230m (timeout 120m)
[2026-04-10 11:10:01]     ⚠️  STALE (exceeded timeout)
[2026-04-10 11:10:01]   Task fix-trade-builder-403: age 29597230m (timeout 120m)
[2026-04-10 11:10:01]     ⚠️  STALE (exceeded timeout)
[2026-04-10 11:10:01]   Task fix-all-trade-issues: age 29597230m (timeout 120m)
[2026-04-10 11:10:01]     ⚠️  STALE (exceeded timeout)
[2026-04-10 11:10:01] Archiving 9 stale + 0 completed tasks...
[2026-04-10 11:20:00] Checking 9 active tasks...
[2026-04-10 11:20:01]   Task dogfood-qa-week4: age 29597240m (timeout 120m)
[2026-04-10 11:20:01]     ⚠️  STALE (exceeded timeout)
[2026-04-10 11:20:01]   Task fix-dogfood-week4: age 29597240m (timeout 120m)
[2026-04-10 11:20:01]     ⚠️  STALE (exceeded timeout)
[2026-04-10 11:20:01]   Task test-opt-parallel-logger: age 29597240m (timeout 120m)
[2026-04-10 11:20:01]     ⚠️  STALE (exceeded timeout)
[2026-04-10 11:20:01]   Task test-opt-parallel-error: age 29597240m (timeout 120m)
[2026-04-10 11:20:01]     ⚠️  STALE (exceeded timeout)
[2026-04-10 11:20:01]   Task audit-all-work: age 29597240m (timeout 120m)
[2026-04-10 11:20:01]     ⚠️  STALE (exceeded timeout)
[2026-04-10 11:20:01]   Task workqueue-automation: age 29597240m (timeout 120m)
[2026-04-10 11:20:01]     ⚠️  STALE (exceeded timeout)
[2026-04-10 11:20:01]   Task test-opt-analytics-opus: age 29597240m (timeout 120m)
[2026-04-10 11:20:01]     ⚠️  STALE (exceeded timeout)
[2026-04-10 11:20:01]   Task fix-trade-builder-403: age 29597240m (timeout 120m)
[2026-04-10 11:20:01]     ⚠️  STALE (exceeded timeout)
[2026-04-10 11:20:01]   Task fix-all-trade-issues: age 29597240m (timeout 120m)
[2026-04-10 11:20:01]     ⚠️  STALE (exceeded timeout)
[2026-04-10 11:20:01] Archiving 9 stale + 0 completed tasks...
[2026-04-10 11:30:00] Checking 9 active tasks...
[2026-04-10 11:30:00]   Task dogfood-qa-week4: age 29597250m (timeout 120m)
[2026-04-10 11:30:00]     ⚠️  STALE (exceeded timeout)
[2026-04-10 11:30:00]   Task fix-dogfood-week4: age 29597250m (timeout 120m)
[2026-04-10 11:30:00]     ⚠️  STALE (exceeded timeout)
[2026-04-10 11:30:00]   Task test-opt-parallel-logger: age 29597250m (timeout 120m)
[2026-04-10 11:30:00]     ⚠️  STALE (exceeded timeout)
[2026-04-10 11:30:00]   Task test-opt-parallel-error: age 29597250m (timeout 120m)
[2026-04-10 11:30:00]     ⚠️  STALE (exceeded timeout)
[2026-04-10 11:30:00]   Task audit-all-work: age 29597250m (timeout 120m)
[2026-04-10 11:30:00]     ⚠️  STALE (exceeded timeout)
[2026-04-10 11:30:00]   Task workqueue-automation: age 29597250m (timeout 120m)
[2026-04-10 11:30:00]     ⚠️  STALE (exceeded timeout)
[2026-04-10 11:30:00]   Task test-opt-analytics-opus: age 29597250m (timeout 120m)
[2026-04-10 11:30:00]     ⚠️  STALE (exceeded timeout)
[2026-04-10 11:30:00]   Task fix-trade-builder-403: age 29597250m (timeout 120m)
[2026-04-10 11:30:00]     ⚠️  STALE (exceeded timeout)
[2026-04-10 11:30:00]   Task fix-all-trade-issues: age 29597250m (timeout 120m)
[2026-04-10 11:30:00]     ⚠️  STALE (exceeded timeout)
[2026-04-10 11:30:00] Archiving 9 stale + 0 completed tasks...
[2026-04-10 11:40:01] Checking 9 active tasks...
[2026-04-10 11:40:01]   Task dogfood-qa-week4: age 29597260m (timeout 120m)
[2026-04-10 11:40:01]     ⚠️  STALE (exceeded timeout)
[2026-04-10 11:40:01]   Task fix-dogfood-week4: age 29597260m (timeout 120m)
[2026-04-10 11:40:01]     ⚠️  STALE (exceeded timeout)
[2026-04-10 11:40:01]   Task test-opt-parallel-logger: age 29597260m (timeout 120m)
[2026-04-10 11:40:01]     ⚠️  STALE (exceeded timeout)
[2026-04-10 11:40:01]   Task test-opt-parallel-error: age 29597260m (timeout 120m)
[2026-04-10 11:40:01]     ⚠️  STALE (exceeded timeout)
[2026-04-10 11:40:01]   Task audit-all-work: age 29597260m (timeout 120m)
[2026-04-10 11:40:01]     ⚠️  STALE (exceeded timeout)
[2026-04-10 11:40:01]   Task workqueue-automation: age 29597260m (timeout 120m)
[2026-04-10 11:40:01]     ⚠️  STALE (exceeded timeout)
[2026-04-10 11:40:01]   Task test-opt-analytics-opus: age 29597260m (timeout 120m)
[2026-04-10 11:40:01]     ⚠️  STALE (exceeded timeout)
[2026-04-10 11:40:01]   Task fix-trade-builder-403: age 29597260m (timeout 120m)
[2026-04-10 11:40:01]     ⚠️  STALE (exceeded timeout)
[2026-04-10 11:40:01]   Task fix-all-trade-issues: age 29597260m (timeout 120m)
[2026-04-10 11:40:01]     ⚠️  STALE (exceeded timeout)
[2026-04-10 11:40:01] Archiving 9 stale + 0 completed tasks...
[2026-04-10 11:50:01] Checking 9 active tasks...
[2026-04-10 11:50:01]   Task dogfood-qa-week4: age 29597270m (timeout 120m)
[2026-04-10 11:50:01]     ⚠️  STALE (exceeded timeout)
[2026-04-10 11:50:01]   Task fix-dogfood-week4: age 29597270m (timeout 120m)
[2026-04-10 11:50:01]     ⚠️  STALE (exceeded timeout)
[2026-04-10 11:50:01]   Task test-opt-parallel-logger: age 29597270m (timeout 120m)
[2026-04-10 11:50:01]     ⚠️  STALE (exceeded timeout)
[2026-04-10 11:50:01]   Task test-opt-parallel-error: age 29597270m (timeout 120m)
[2026-04-10 11:50:01]     ⚠️  STALE (exceeded timeout)
[2026-04-10 11:50:01]   Task audit-all-work: age 29597270m (timeout 120m)
[2026-04-10 11:50:01]     ⚠️  STALE (exceeded timeout)
[2026-04-10 11:50:01]   Task workqueue-automation: age 29597270m (timeout 120m)
[2026-04-10 11:50:01]     ⚠️  STALE (exceeded timeout)
[2026-04-10 11:50:01]   Task test-opt-analytics-opus: age 29597270m (timeout 120m)
[2026-04-10 11:50:01]     ⚠️  STALE (exceeded timeout)
[2026-04-10 11:50:01]   Task fix-trade-builder-403: age 29597270m (timeout 120m)
[2026-04-10 11:50:01]     ⚠️  STALE (exceeded timeout)
[2026-04-10 11:50:01]   Task fix-all-trade-issues: age 29597270m (timeout 120m)
[2026-04-10 11:50:01]     ⚠️  STALE (exceeded timeout)
[2026-04-10 11:50:01] Archiving 9 stale + 0 completed tasks...
[2026-04-10 12:00:01] Checking 9 active tasks...
[2026-04-10 12:00:01]   Task dogfood-qa-week4: age 29597280m (timeout 120m)
[2026-04-10 12:00:01]     ⚠️  STALE (exceeded timeout)
[2026-04-10 12:00:01]   Task fix-dogfood-week4: age 29597280m (timeout 120m)
[2026-04-10 12:00:01]     ⚠️  STALE (exceeded timeout)
[2026-04-10 12:00:01]   Task test-opt-parallel-logger: age 29597280m (timeout 120m)
[2026-04-10 12:00:01]     ⚠️  STALE (exceeded timeout)
[2026-04-10 12:00:01]   Task test-opt-parallel-error: age 29597280m (timeout 120m)
[2026-04-10 12:00:01]     ⚠️  STALE (exceeded timeout)
[2026-04-10 12:00:01]   Task audit-all-work: age 29597280m (timeout 120m)
[2026-04-10 12:00:01]     ⚠️  STALE (exceeded timeout)
[2026-04-10 12:00:01]   Task workqueue-automation: age 29597280m (timeout 120m)
[2026-04-10 12:00:01]     ⚠️  STALE (exceeded timeout)
[2026-04-10 12:00:01]   Task test-opt-analytics-opus: age 29597280m (timeout 120m)
[2026-04-10 12:00:01]     ⚠️  STALE (exceeded timeout)
[2026-04-10 12:00:01]   Task fix-trade-builder-403: age 29597280m (timeout 120m)
[2026-04-10 12:00:01]     ⚠️  STALE (exceeded timeout)
[2026-04-10 12:00:01]   Task fix-all-trade-issues: age 29597280m (timeout 120m)
[2026-04-10 12:00:01]     ⚠️  STALE (exceeded timeout)
[2026-04-10 12:00:01] Archiving 9 stale + 0 completed tasks...
[2026-04-10 12:10:00] Checking 9 active tasks...
[2026-04-10 12:10:00]   Task dogfood-qa-week4: age 29597290m (timeout 120m)
[2026-04-10 12:10:00]     ⚠️  STALE (exceeded timeout)
[2026-04-10 12:10:00]   Task fix-dogfood-week4: age 29597290m (timeout 120m)
[2026-04-10 12:10:00]     ⚠️  STALE (exceeded timeout)
[2026-04-10 12:10:00]   Task test-opt-parallel-logger: age 29597290m (timeout 120m)
[2026-04-10 12:10:00]     ⚠️  STALE (exceeded timeout)
[2026-04-10 12:10:00]   Task test-opt-parallel-error: age 29597290m (timeout 120m)
[2026-04-10 12:10:00]     ⚠️  STALE (exceeded timeout)
[2026-04-10 12:10:00]   Task audit-all-work: age 29597290m (timeout 120m)
[2026-04-10 12:10:00]     ⚠️  STALE (exceeded timeout)
[2026-04-10 12:10:00]   Task workqueue-automation: age 29597290m (timeout 120m)
[2026-04-10 12:10:00]     ⚠️  STALE (exceeded timeout)
[2026-04-10 12:10:00]   Task test-opt-analytics-opus: age 29597290m (timeout 120m)
[2026-04-10 12:10:00]     ⚠️  STALE (exceeded timeout)
[2026-04-10 12:10:00]   Task fix-trade-builder-403: age 29597290m (timeout 120m)
[2026-04-10 12:10:00]     ⚠️  STALE (exceeded timeout)
[2026-04-10 12:10:01]   Task fix-all-trade-issues: age 29597290m (timeout 120m)
[2026-04-10 12:10:01]     ⚠️  STALE (exceeded timeout)
[2026-04-10 12:10:01] Archiving 9 stale + 0 completed tasks...
[2026-04-10 12:20:00] Checking 9 active tasks...
[2026-04-10 12:20:00]   Task dogfood-qa-week4: age 29597300m (timeout 120m)
[2026-04-10 12:20:00]     ⚠️  STALE (exceeded timeout)
[2026-04-10 12:20:00]   Task fix-dogfood-week4: age 29597300m (timeout 120m)
[2026-04-10 12:20:00]     ⚠️  STALE (exceeded timeout)
[2026-04-10 12:20:00]   Task test-opt-parallel-logger: age 29597300m (timeout 120m)
[2026-04-10 12:20:00]     ⚠️  STALE (exceeded timeout)
[2026-04-10 12:20:00]   Task test-opt-parallel-error: age 29597300m (timeout 120m)
[2026-04-10 12:20:00]     ⚠️  STALE (exceeded timeout)
[2026-04-10 12:20:00]   Task audit-all-work: age 29597300m (timeout 120m)
[2026-04-10 12:20:00]     ⚠️  STALE (exceeded timeout)
[2026-04-10 12:20:00]   Task workqueue-automation: age 29597300m (timeout 120m)
[2026-04-10 12:20:00]     ⚠️  STALE (exceeded timeout)
[2026-04-10 12:20:00]   Task test-opt-analytics-opus: age 29597300m (timeout 120m)
[2026-04-10 12:20:00]     ⚠️  STALE (exceeded timeout)
[2026-04-10 12:20:01]   Task fix-trade-builder-403: age 29597300m (timeout 120m)
[2026-04-10 12:20:01]     ⚠️  STALE (exceeded timeout)
[2026-04-10 12:20:01]   Task fix-all-trade-issues: age 29597300m (timeout 120m)
[2026-04-10 12:20:01]     ⚠️  STALE (exceeded timeout)
[2026-04-10 12:20:01] Archiving 9 stale + 0 completed tasks...
[2026-04-10 12:30:00] Checking 9 active tasks...
[2026-04-10 12:30:00]   Task dogfood-qa-week4: age 29597310m (timeout 120m)
[2026-04-10 12:30:00]     ⚠️  STALE (exceeded timeout)
[2026-04-10 12:30:00]   Task fix-dogfood-week4: age 29597310m (timeout 120m)
[2026-04-10 12:30:00]     ⚠️  STALE (exceeded timeout)
[2026-04-10 12:30:01]   Task test-opt-parallel-logger: age 29597310m (timeout 120m)
[2026-04-10 12:30:01]     ⚠️  STALE (exceeded timeout)
[2026-04-10 12:30:01]   Task test-opt-parallel-error: age 29597310m (timeout 120m)
[2026-04-10 12:30:01]     ⚠️  STALE (exceeded timeout)
[2026-04-10 12:30:01]   Task audit-all-work: age 29597310m (timeout 120m)
[2026-04-10 12:30:01]     ⚠️  STALE (exceeded timeout)
[2026-04-10 12:30:01]   Task workqueue-automation: age 29597310m (timeout 120m)
[2026-04-10 12:30:01]     ⚠️  STALE (exceeded timeout)
[2026-04-10 12:30:01]   Task test-opt-analytics-opus: age 29597310m (timeout 120m)
[2026-04-10 12:30:01]     ⚠️  STALE (exceeded timeout)
[2026-04-10 12:30:01]   Task fix-trade-builder-403: age 29597310m (timeout 120m)
[2026-04-10 12:30:01]     ⚠️  STALE (exceeded timeout)
[2026-04-10 12:30:01]   Task fix-all-trade-issues: age 29597310m (timeout 120m)
[2026-04-10 12:30:01]     ⚠️  STALE (exceeded timeout)
[2026-04-10 12:30:01] Archiving 9 stale + 0 completed tasks...
[2026-04-10 12:40:00] Checking 9 active tasks...
[2026-04-10 12:40:01]   Task dogfood-qa-week4: age 29597320m (timeout 120m)
[2026-04-10 12:40:01]     ⚠️  STALE (exceeded timeout)
[2026-04-10 12:40:01]   Task fix-dogfood-week4: age 29597320m (timeout 120m)
[2026-04-10 12:40:01]     ⚠️  STALE (exceeded timeout)
[2026-04-10 12:40:01]   Task test-opt-parallel-logger: age 29597320m (timeout 120m)
[2026-04-10 12:40:01]     ⚠️  STALE (exceeded timeout)
[2026-04-10 12:40:01]   Task test-opt-parallel-error: age 29597320m (timeout 120m)
[2026-04-10 12:40:01]     ⚠️  STALE (exceeded timeout)
[2026-04-10 12:40:01]   Task audit-all-work: age 29597320m (timeout 120m)
[2026-04-10 12:40:01]     ⚠️  STALE (exceeded timeout)
[2026-04-10 12:40:01]   Task workqueue-automation: age 29597320m (timeout 120m)
[2026-04-10 12:40:01]     ⚠️  STALE (exceeded timeout)
[2026-04-10 12:40:01]   Task test-opt-analytics-opus: age 29597320m (timeout 120m)
[2026-04-10 12:40:01]     ⚠️  STALE (exceeded timeout)
[2026-04-10 12:40:01]   Task fix-trade-builder-403: age 29597320m (timeout 120m)
[2026-04-10 12:40:01]     ⚠️  STALE (exceeded timeout)
[2026-04-10 12:40:01]   Task fix-all-trade-issues: age 29597320m (timeout 120m)
[2026-04-10 12:40:01]     ⚠️  STALE (exceeded timeout)
[2026-04-10 12:40:01] Archiving 9 stale + 0 completed tasks...
[2026-04-10 12:50:00] Checking 9 active tasks...
[2026-04-10 12:50:00]   Task dogfood-qa-week4: age 29597330m (timeout 120m)
[2026-04-10 12:50:00]     ⚠️  STALE (exceeded timeout)
[2026-04-10 12:50:01]   Task fix-dogfood-week4: age 29597330m (timeout 120m)
[2026-04-10 12:50:01]     ⚠️  STALE (exceeded timeout)
[2026-04-10 12:50:01]   Task test-opt-parallel-logger: age 29597330m (timeout 120m)
[2026-04-10 12:50:01]     ⚠️  STALE (exceeded timeout)
[2026-04-10 12:50:01]   Task test-opt-parallel-error: age 29597330m (timeout 120m)
[2026-04-10 12:50:01]     ⚠️  STALE (exceeded timeout)
[2026-04-10 12:50:01]   Task audit-all-work: age 29597330m (timeout 120m)
[2026-04-10 12:50:01]     ⚠️  STALE (exceeded timeout)
[2026-04-10 12:50:01]   Task workqueue-automation: age 29597330m (timeout 120m)
[2026-04-10 12:50:01]     ⚠️  STALE (exceeded timeout)
[2026-04-10 12:50:01]   Task test-opt-analytics-opus: age 29597330m (timeout 120m)
[2026-04-10 12:50:01]     ⚠️  STALE (exceeded timeout)
[2026-04-10 12:50:01]   Task fix-trade-builder-403: age 29597330m (timeout 120m)
[2026-04-10 12:50:01]     ⚠️  STALE (exceeded timeout)
[2026-04-10 12:50:01]   Task fix-all-trade-issues: age 29597330m (timeout 120m)
[2026-04-10 12:50:01]     ⚠️  STALE (exceeded timeout)
[2026-04-10 12:50:01] Archiving 9 stale + 0 completed tasks...
[2026-04-10 13:00:00] Checking 9 active tasks...
[2026-04-10 13:00:00]   Task dogfood-qa-week4: age 29597340m (timeout 120m)
[2026-04-10 13:00:00]     ⚠️  STALE (exceeded timeout)
[2026-04-10 13:00:00]   Task fix-dogfood-week4: age 29597340m (timeout 120m)
[2026-04-10 13:00:00]     ⚠️  STALE (exceeded timeout)
[2026-04-10 13:00:00]   Task test-opt-parallel-logger: age 29597340m (timeout 120m)
[2026-04-10 13:00:00]     ⚠️  STALE (exceeded timeout)
[2026-04-10 13:00:00]   Task test-opt-parallel-error: age 29597340m (timeout 120m)
[2026-04-10 13:00:00]     ⚠️  STALE (exceeded timeout)
[2026-04-10 13:00:00]   Task audit-all-work: age 29597340m (timeout 120m)
[2026-04-10 13:00:00]     ⚠️  STALE (exceeded timeout)
[2026-04-10 13:00:00]   Task workqueue-automation: age 29597340m (timeout 120m)
[2026-04-10 13:00:00]     ⚠️  STALE (exceeded timeout)
[2026-04-10 13:00:00]   Task test-opt-analytics-opus: age 29597340m (timeout 120m)
[2026-04-10 13:00:00]     ⚠️  STALE (exceeded timeout)
[2026-04-10 13:00:00]   Task fix-trade-builder-403: age 29597340m (timeout 120m)
[2026-04-10 13:00:00]     ⚠️  STALE (exceeded timeout)
[2026-04-10 13:00:00]   Task fix-all-trade-issues: age 29597340m (timeout 120m)
[2026-04-10 13:00:00]     ⚠️  STALE (exceeded timeout)
[2026-04-10 13:00:00] Archiving 9 stale + 0 completed tasks...
[2026-04-10 13:10:00] Checking 9 active tasks...
[2026-04-10 13:10:00]   Task dogfood-qa-week4: age 29597350m (timeout 120m)
[2026-04-10 13:10:00]     ⚠️  STALE (exceeded timeout)
[2026-04-10 13:10:00]   Task fix-dogfood-week4: age 29597350m (timeout 120m)
[2026-04-10 13:10:00]     ⚠️  STALE (exceeded timeout)
[2026-04-10 13:10:00]   Task test-opt-parallel-logger: age 29597350m (timeout 120m)
[2026-04-10 13:10:00]     ⚠️  STALE (exceeded timeout)
[2026-04-10 13:10:00]   Task test-opt-parallel-error: age 29597350m (timeout 120m)
[2026-04-10 13:10:00]     ⚠️  STALE (exceeded timeout)
[2026-04-10 13:10:00]   Task audit-all-work: age 29597350m (timeout 120m)
[2026-04-10 13:10:00]     ⚠️  STALE (exceeded timeout)
[2026-04-10 13:10:00]   Task workqueue-automation: age 29597350m (timeout 120m)
[2026-04-10 13:10:00]     ⚠️  STALE (exceeded timeout)
[2026-04-10 13:10:00]   Task test-opt-analytics-opus: age 29597350m (timeout 120m)
[2026-04-10 13:10:00]     ⚠️  STALE (exceeded timeout)
[2026-04-10 13:10:00]   Task fix-trade-builder-403: age 29597350m (timeout 120m)
[2026-04-10 13:10:00]     ⚠️  STALE (exceeded timeout)
[2026-04-10 13:10:00]   Task fix-all-trade-issues: age 29597350m (timeout 120m)
[2026-04-10 13:10:00]     ⚠️  STALE (exceeded timeout)
[2026-04-10 13:10:00] Archiving 9 stale + 0 completed tasks...
[2026-04-10 13:20:00] Checking 9 active tasks...
[2026-04-10 13:20:01]   Task dogfood-qa-week4: age 29597360m (timeout 120m)
[2026-04-10 13:20:01]     ⚠️  STALE (exceeded timeout)
[2026-04-10 13:20:01]   Task fix-dogfood-week4: age 29597360m (timeout 120m)
[2026-04-10 13:20:01]     ⚠️  STALE (exceeded timeout)
[2026-04-10 13:20:01]   Task test-opt-parallel-logger: age 29597360m (timeout 120m)
[2026-04-10 13:20:01]     ⚠️  STALE (exceeded timeout)
[2026-04-10 13:20:01]   Task test-opt-parallel-error: age 29597360m (timeout 120m)
[2026-04-10 13:20:01]     ⚠️  STALE (exceeded timeout)
[2026-04-10 13:20:01]   Task audit-all-work: age 29597360m (timeout 120m)
[2026-04-10 13:20:01]     ⚠️  STALE (exceeded timeout)
[2026-04-10 13:20:01]   Task workqueue-automation: age 29597360m (timeout 120m)
[2026-04-10 13:20:01]     ⚠️  STALE (exceeded timeout)
[2026-04-10 13:20:01]   Task test-opt-analytics-opus: age 29597360m (timeout 120m)
[2026-04-10 13:20:01]     ⚠️  STALE (exceeded timeout)
[2026-04-10 13:20:01]   Task fix-trade-builder-403: age 29597360m (timeout 120m)
[2026-04-10 13:20:01]     ⚠️  STALE (exceeded timeout)
[2026-04-10 13:20:01]   Task fix-all-trade-issues: age 29597360m (timeout 120m)
[2026-04-10 13:20:01]     ⚠️  STALE (exceeded timeout)
[2026-04-10 13:20:01] Archiving 9 stale + 0 completed tasks...
[2026-04-10 13:30:01] Checking 9 active tasks...
[2026-04-10 13:30:01]   Task dogfood-qa-week4: age 29597370m (timeout 120m)
[2026-04-10 13:30:01]     ⚠️  STALE (exceeded timeout)
[2026-04-10 13:30:01]   Task fix-dogfood-week4: age 29597370m (timeout 120m)
[2026-04-10 13:30:01]     ⚠️  STALE (exceeded timeout)
[2026-04-10 13:30:01]   Task test-opt-parallel-logger: age 29597370m (timeout 120m)
[2026-04-10 13:30:01]     ⚠️  STALE (exceeded timeout)
[2026-04-10 13:30:01]   Task test-opt-parallel-error: age 29597370m (timeout 120m)
[2026-04-10 13:30:01]     ⚠️  STALE (exceeded timeout)
[2026-04-10 13:30:01]   Task audit-all-work: age 29597370m (timeout 120m)
[2026-04-10 13:30:01]     ⚠️  STALE (exceeded timeout)
[2026-04-10 13:30:01]   Task workqueue-automation: age 29597370m (timeout 120m)
[2026-04-10 13:30:01]     ⚠️  STALE (exceeded timeout)
[2026-04-10 13:30:01]   Task test-opt-analytics-opus: age 29597370m (timeout 120m)
[2026-04-10 13:30:01]     ⚠️  STALE (exceeded timeout)
[2026-04-10 13:30:01]   Task fix-trade-builder-403: age 29597370m (timeout 120m)
[2026-04-10 13:30:01]     ⚠️  STALE (exceeded timeout)
[2026-04-10 13:30:01]   Task fix-all-trade-issues: age 29597370m (timeout 120m)
[2026-04-10 13:30:01]     ⚠️  STALE (exceeded timeout)
[2026-04-10 13:30:01] Archiving 9 stale + 0 completed tasks...
[2026-04-10 13:40:01] Checking 9 active tasks...
[2026-04-10 13:40:01]   Task dogfood-qa-week4: age 29597380m (timeout 120m)
[2026-04-10 13:40:01]     ⚠️  STALE (exceeded timeout)
[2026-04-10 13:40:01]   Task fix-dogfood-week4: age 29597380m (timeout 120m)
[2026-04-10 13:40:01]     ⚠️  STALE (exceeded timeout)
[2026-04-10 13:40:01]   Task test-opt-parallel-logger: age 29597380m (timeout 120m)
[2026-04-10 13:40:01]     ⚠️  STALE (exceeded timeout)
[2026-04-10 13:40:01]   Task test-opt-parallel-error: age 29597380m (timeout 120m)
[2026-04-10 13:40:01]     ⚠️  STALE (exceeded timeout)
[2026-04-10 13:40:01]   Task audit-all-work: age 29597380m (timeout 120m)
[2026-04-10 13:40:01]     ⚠️  STALE (exceeded timeout)
[2026-04-10 13:40:01]   Task workqueue-automation: age 29597380m (timeout 120m)
[2026-04-10 13:40:01]     ⚠️  STALE (exceeded timeout)
[2026-04-10 13:40:01]   Task test-opt-analytics-opus: age 29597380m (timeout 120m)
[2026-04-10 13:40:01]     ⚠️  STALE (exceeded timeout)
[2026-04-10 13:40:01]   Task fix-trade-builder-403: age 29597380m (timeout 120m)
[2026-04-10 13:40:01]     ⚠️  STALE (exceeded timeout)
[2026-04-10 13:40:01]   Task fix-all-trade-issues: age 29597380m (timeout 120m)
[2026-04-10 13:40:01]     ⚠️  STALE (exceeded timeout)
[2026-04-10 13:40:01] Archiving 9 stale + 0 completed tasks...
[2026-04-10 13:50:01] Checking 9 active tasks...
[2026-04-10 13:50:01]   Task dogfood-qa-week4: age 29597390m (timeout 120m)
[2026-04-10 13:50:01]     ⚠️  STALE (exceeded timeout)
[2026-04-10 13:50:01]   Task fix-dogfood-week4: age 29597390m (timeout 120m)
[2026-04-10 13:50:01]     ⚠️  STALE (exceeded timeout)
[2026-04-10 13:50:01]   Task test-opt-parallel-logger: age 29597390m (timeout 120m)
[2026-04-10 13:50:01]     ⚠️  STALE (exceeded timeout)
[2026-04-10 13:50:01]   Task test-opt-parallel-error: age 29597390m (timeout 120m)
[2026-04-10 13:50:01]     ⚠️  STALE (exceeded timeout)
[2026-04-10 13:50:01]   Task audit-all-work: age 29597390m (timeout 120m)
[2026-04-10 13:50:01]     ⚠️  STALE (exceeded timeout)
[2026-04-10 13:50:01]   Task workqueue-automation: age 29597390m (timeout 120m)
[2026-04-10 13:50:01]     ⚠️  STALE (exceeded timeout)
[2026-04-10 13:50:01]   Task test-opt-analytics-opus: age 29597390m (timeout 120m)
[2026-04-10 13:50:01]     ⚠️  STALE (exceeded timeout)
[2026-04-10 13:50:01]   Task fix-trade-builder-403: age 29597390m (timeout 120m)
[2026-04-10 13:50:01]     ⚠️  STALE (exceeded timeout)
[2026-04-10 13:50:01]   Task fix-all-trade-issues: age 29597390m (timeout 120m)
[2026-04-10 13:50:01]     ⚠️  STALE (exceeded timeout)
[2026-04-10 13:50:01] Archiving 9 stale + 0 completed tasks...
[2026-04-10 14:00:01] Checking 9 active tasks...
[2026-04-10 14:00:01]   Task dogfood-qa-week4: age 29597400m (timeout 120m)
[2026-04-10 14:00:01]     ⚠️  STALE (exceeded timeout)
[2026-04-10 14:00:01]   Task fix-dogfood-week4: age 29597400m (timeout 120m)
[2026-04-10 14:00:01]     ⚠️  STALE (exceeded timeout)
[2026-04-10 14:00:01]   Task test-opt-parallel-logger: age 29597400m (timeout 120m)
[2026-04-10 14:00:01]     ⚠️  STALE (exceeded timeout)
[2026-04-10 14:00:01]   Task test-opt-parallel-error: age 29597400m (timeout 120m)
[2026-04-10 14:00:01]     ⚠️  STALE (exceeded timeout)
[2026-04-10 14:00:01]   Task audit-all-work: age 29597400m (timeout 120m)
[2026-04-10 14:00:01]     ⚠️  STALE (exceeded timeout)
[2026-04-10 14:00:01]   Task workqueue-automation: age 29597400m (timeout 120m)
[2026-04-10 14:00:01]     ⚠️  STALE (exceeded timeout)
[2026-04-10 14:00:01]   Task test-opt-analytics-opus: age 29597400m (timeout 120m)
[2026-04-10 14:00:01]     ⚠️  STALE (exceeded timeout)
[2026-04-10 14:00:01]   Task fix-trade-builder-403: age 29597400m (timeout 120m)
[2026-04-10 14:00:01]     ⚠️  STALE (exceeded timeout)
[2026-04-10 14:00:01]   Task fix-all-trade-issues: age 29597400m (timeout 120m)
[2026-04-10 14:00:01]     ⚠️  STALE (exceeded timeout)
[2026-04-10 14:00:01] Archiving 9 stale + 0 completed tasks...
[2026-04-10 14:10:00] Checking 9 active tasks...
[2026-04-10 14:10:00]   Task dogfood-qa-week4: age 29597410m (timeout 120m)
[2026-04-10 14:10:00]     ⚠️  STALE (exceeded timeout)
[2026-04-10 14:10:00]   Task fix-dogfood-week4: age 29597410m (timeout 120m)
[2026-04-10 14:10:00]     ⚠️  STALE (exceeded timeout)
[2026-04-10 14:10:00]   Task test-opt-parallel-logger: age 29597410m (timeout 120m)
[2026-04-10 14:10:00]     ⚠️  STALE (exceeded timeout)
[2026-04-10 14:10:00]   Task test-opt-parallel-error: age 29597410m (timeout 120m)
[2026-04-10 14:10:00]     ⚠️  STALE (exceeded timeout)
[2026-04-10 14:10:00]   Task audit-all-work: age 29597410m (timeout 120m)
[2026-04-10 14:10:00]     ⚠️  STALE (exceeded timeout)
[2026-04-10 14:10:00]   Task workqueue-automation: age 29597410m (timeout 120m)
[2026-04-10 14:10:00]     ⚠️  STALE (exceeded timeout)
[2026-04-10 14:10:01]   Task test-opt-analytics-opus: age 29597410m (timeout 120m)
[2026-04-10 14:10:01]     ⚠️  STALE (exceeded timeout)
[2026-04-10 14:10:01]   Task fix-trade-builder-403: age 29597410m (timeout 120m)
[2026-04-10 14:10:01]     ⚠️  STALE (exceeded timeout)
[2026-04-10 14:10:01]   Task fix-all-trade-issues: age 29597410m (timeout 120m)
[2026-04-10 14:10:01]     ⚠️  STALE (exceeded timeout)
[2026-04-10 14:10:01] Archiving 9 stale + 0 completed tasks...
[2026-04-10 14:20:00] Checking 9 active tasks...
[2026-04-10 14:20:01]   Task dogfood-qa-week4: age 29597420m (timeout 120m)
[2026-04-10 14:20:01]     ⚠️  STALE (exceeded timeout)
[2026-04-10 14:20:01]   Task fix-dogfood-week4: age 29597420m (timeout 120m)
[2026-04-10 14:20:01]     ⚠️  STALE (exceeded timeout)
[2026-04-10 14:20:01]   Task test-opt-parallel-logger: age 29597420m (timeout 120m)
[2026-04-10 14:20:01]     ⚠️  STALE (exceeded timeout)
[2026-04-10 14:20:01]   Task test-opt-parallel-error: age 29597420m (timeout 120m)
[2026-04-10 14:20:01]     ⚠️  STALE (exceeded timeout)
[2026-04-10 14:20:01]   Task audit-all-work: age 29597420m (timeout 120m)
[2026-04-10 14:20:01]     ⚠️  STALE (exceeded timeout)
[2026-04-10 14:20:01]   Task workqueue-automation: age 29597420m (timeout 120m)
[2026-04-10 14:20:01]     ⚠️  STALE (exceeded timeout)
[2026-04-10 14:20:01]   Task test-opt-analytics-opus: age 29597420m (timeout 120m)
[2026-04-10 14:20:01]     ⚠️  STALE (exceeded timeout)
[2026-04-10 14:20:01]   Task fix-trade-builder-403: age 29597420m (timeout 120m)
[2026-04-10 14:20:01]     ⚠️  STALE (exceeded timeout)
[2026-04-10 14:20:01]   Task fix-all-trade-issues: age 29597420m (timeout 120m)
[2026-04-10 14:20:01]     ⚠️  STALE (exceeded timeout)
[2026-04-10 14:20:01] Archiving 9 stale + 0 completed tasks...
[2026-04-10 14:30:00] Checking 9 active tasks...
[2026-04-10 14:30:01]   Task dogfood-qa-week4: age 29597430m (timeout 120m)
[2026-04-10 14:30:01]     ⚠️  STALE (exceeded timeout)
[2026-04-10 14:30:01]   Task fix-dogfood-week4: age 29597430m (timeout 120m)
[2026-04-10 14:30:01]     ⚠️  STALE (exceeded timeout)
[2026-04-10 14:30:01]   Task test-opt-parallel-logger: age 29597430m (timeout 120m)
[2026-04-10 14:30:01]     ⚠️  STALE (exceeded timeout)
[2026-04-10 14:30:01]   Task test-opt-parallel-error: age 29597430m (timeout 120m)
[2026-04-10 14:30:01]     ⚠️  STALE (exceeded timeout)
[2026-04-10 14:30:01]   Task audit-all-work: age 29597430m (timeout 120m)
[2026-04-10 14:30:01]     ⚠️  STALE (exceeded timeout)
[2026-04-10 14:30:01]   Task workqueue-automation: age 29597430m (timeout 120m)
[2026-04-10 14:30:01]     ⚠️  STALE (exceeded timeout)
[2026-04-10 14:30:01]   Task test-opt-analytics-opus: age 29597430m (timeout 120m)
[2026-04-10 14:30:01]     ⚠️  STALE (exceeded timeout)
[2026-04-10 14:30:01]   Task fix-trade-builder-403: age 29597430m (timeout 120m)
[2026-04-10 14:30:01]     ⚠️  STALE (exceeded timeout)
[2026-04-10 14:30:01]   Task fix-all-trade-issues: age 29597430m (timeout 120m)
[2026-04-10 14:30:01]     ⚠️  STALE (exceeded timeout)
[2026-04-10 14:30:01] Archiving 9 stale + 0 completed tasks...
[2026-04-10 14:40:00] Checking 9 active tasks...
[2026-04-10 14:40:00]   Task dogfood-qa-week4: age 29597440m (timeout 120m)
[2026-04-10 14:40:00]     ⚠️  STALE (exceeded timeout)
[2026-04-10 14:40:00]   Task fix-dogfood-week4: age 29597440m (timeout 120m)
[2026-04-10 14:40:00]     ⚠️  STALE (exceeded timeout)
[2026-04-10 14:40:00]   Task test-opt-parallel-logger: age 29597440m (timeout 120m)
[2026-04-10 14:40:00]     ⚠️  STALE (exceeded timeout)
[2026-04-10 14:40:00]   Task test-opt-parallel-error: age 29597440m (timeout 120m)
[2026-04-10 14:40:00]     ⚠️  STALE (exceeded timeout)
[2026-04-10 14:40:00]   Task audit-all-work: age 29597440m (timeout 120m)
[2026-04-10 14:40:00]     ⚠️  STALE (exceeded timeout)
[2026-04-10 14:40:00]   Task workqueue-automation: age 29597440m (timeout 120m)
[2026-04-10 14:40:00]     ⚠️  STALE (exceeded timeout)
[2026-04-10 14:40:01]   Task test-opt-analytics-opus: age 29597440m (timeout 120m)
[2026-04-10 14:40:01]     ⚠️  STALE (exceeded timeout)
[2026-04-10 14:40:01]   Task fix-trade-builder-403: age 29597440m (timeout 120m)
[2026-04-10 14:40:01]     ⚠️  STALE (exceeded timeout)
[2026-04-10 14:40:01]   Task fix-all-trade-issues: age 29597440m (timeout 120m)
[2026-04-10 14:40:01]     ⚠️  STALE (exceeded timeout)
[2026-04-10 14:40:01] Archiving 9 stale + 0 completed tasks...
[2026-04-10 14:50:00] Checking 9 active tasks...
[2026-04-10 14:50:00]   Task dogfood-qa-week4: age 29597450m (timeout 120m)
[2026-04-10 14:50:00]     ⚠️  STALE (exceeded timeout)
[2026-04-10 14:50:00]   Task fix-dogfood-week4: age 29597450m (timeout 120m)
[2026-04-10 14:50:00]     ⚠️  STALE (exceeded timeout)
[2026-04-10 14:50:01]   Task test-opt-parallel-logger: age 29597450m (timeout 120m)
[2026-04-10 14:50:01]     ⚠️  STALE (exceeded timeout)
[2026-04-10 14:50:01]   Task test-opt-parallel-error: age 29597450m (timeout 120m)
[2026-04-10 14:50:01]     ⚠️  STALE (exceeded timeout)
[2026-04-10 14:50:01]   Task audit-all-work: age 29597450m (timeout 120m)
[2026-04-10 14:50:01]     ⚠️  STALE (exceeded timeout)
[2026-04-10 14:50:01]   Task workqueue-automation: age 29597450m (timeout 120m)
[2026-04-10 14:50:01]     ⚠️  STALE (exceeded timeout)
[2026-04-10 14:50:01]   Task test-opt-analytics-opus: age 29597450m (timeout 120m)
[2026-04-10 14:50:01]     ⚠️  STALE (exceeded timeout)
[2026-04-10 14:50:01]   Task fix-trade-builder-403: age 29597450m (timeout 120m)
[2026-04-10 14:50:01]     ⚠️  STALE (exceeded timeout)
[2026-04-10 14:50:01]   Task fix-all-trade-issues: age 29597450m (timeout 120m)
[2026-04-10 14:50:01]     ⚠️  STALE (exceeded timeout)
[2026-04-10 14:50:01] Archiving 9 stale + 0 completed tasks...
[2026-04-10 15:00:00] Checking 9 active tasks...
[2026-04-10 15:00:00]   Task dogfood-qa-week4: age 29597460m (timeout 120m)
[2026-04-10 15:00:00]     ⚠️  STALE (exceeded timeout)
[2026-04-10 15:00:00]   Task fix-dogfood-week4: age 29597460m (timeout 120m)
[2026-04-10 15:00:00]     ⚠️  STALE (exceeded timeout)
[2026-04-10 15:00:00]   Task test-opt-parallel-logger: age 29597460m (timeout 120m)
[2026-04-10 15:00:00]     ⚠️  STALE (exceeded timeout)
[2026-04-10 15:00:00]   Task test-opt-parallel-error: age 29597460m (timeout 120m)
[2026-04-10 15:00:00]     ⚠️  STALE (exceeded timeout)
[2026-04-10 15:00:00]   Task audit-all-work: age 29597460m (timeout 120m)
[2026-04-10 15:00:00]     ⚠️  STALE (exceeded timeout)
[2026-04-10 15:00:00]   Task workqueue-automation: age 29597460m (timeout 120m)
[2026-04-10 15:00:00]     ⚠️  STALE (exceeded timeout)
[2026-04-10 15:00:01]   Task test-opt-analytics-opus: age 29597460m (timeout 120m)
[2026-04-10 15:00:01]     ⚠️  STALE (exceeded timeout)
[2026-04-10 15:00:01]   Task fix-trade-builder-403: age 29597460m (timeout 120m)
[2026-04-10 15:00:01]     ⚠️  STALE (exceeded timeout)
[2026-04-10 15:00:01]   Task fix-all-trade-issues: age 29597460m (timeout 120m)
[2026-04-10 15:00:01]     ⚠️  STALE (exceeded timeout)
[2026-04-10 15:00:01] Archiving 9 stale + 0 completed tasks...
[2026-04-10 15:10:00] Checking 9 active tasks...
[2026-04-10 15:10:00]   Task dogfood-qa-week4: age 29597470m (timeout 120m)
[2026-04-10 15:10:00]     ⚠️  STALE (exceeded timeout)
[2026-04-10 15:10:00]   Task fix-dogfood-week4: age 29597470m (timeout 120m)
[2026-04-10 15:10:00]     ⚠️  STALE (exceeded timeout)
[2026-04-10 15:10:00]   Task test-opt-parallel-logger: age 29597470m (timeout 120m)
[2026-04-10 15:10:00]     ⚠️  STALE (exceeded timeout)
[2026-04-10 15:10:00]   Task test-opt-parallel-error: age 29597470m (timeout 120m)
[2026-04-10 15:10:00]     ⚠️  STALE (exceeded timeout)
[2026-04-10 15:10:00]   Task audit-all-work: age 29597470m (timeout 120m)
[2026-04-10 15:10:00]     ⚠️  STALE (exceeded timeout)
[2026-04-10 15:10:00]   Task workqueue-automation: age 29597470m (timeout 120m)
[2026-04-10 15:10:00]     ⚠️  STALE (exceeded timeout)
[2026-04-10 15:10:00]   Task test-opt-analytics-opus: age 29597470m (timeout 120m)
[2026-04-10 15:10:00]     ⚠️  STALE (exceeded timeout)
[2026-04-10 15:10:00]   Task fix-trade-builder-403: age 29597470m (timeout 120m)
[2026-04-10 15:10:00]     ⚠️  STALE (exceeded timeout)
[2026-04-10 15:10:01]   Task fix-all-trade-issues: age 29597470m (timeout 120m)
[2026-04-10 15:10:01]     ⚠️  STALE (exceeded timeout)
[2026-04-10 15:10:01] Archiving 9 stale + 0 completed tasks...
[2026-04-10 15:20:00] Checking 9 active tasks...
[2026-04-10 15:20:00]   Task dogfood-qa-week4: age 29597480m (timeout 120m)
[2026-04-10 15:20:00]     ⚠️  STALE (exceeded timeout)
[2026-04-10 15:20:00]   Task fix-dogfood-week4: age 29597480m (timeout 120m)
[2026-04-10 15:20:00]     ⚠️  STALE (exceeded timeout)
[2026-04-10 15:20:00]   Task test-opt-parallel-logger: age 29597480m (timeout 120m)
[2026-04-10 15:20:00]     ⚠️  STALE (exceeded timeout)
[2026-04-10 15:20:00]   Task test-opt-parallel-error: age 29597480m (timeout 120m)
[2026-04-10 15:20:00]     ⚠️  STALE (exceeded timeout)
[2026-04-10 15:20:00]   Task audit-all-work: age 29597480m (timeout 120m)
[2026-04-10 15:20:00]     ⚠️  STALE (exceeded timeout)
[2026-04-10 15:20:00]   Task workqueue-automation: age 29597480m (timeout 120m)
[2026-04-10 15:20:00]     ⚠️  STALE (exceeded timeout)
[2026-04-10 15:20:00]   Task test-opt-analytics-opus: age 29597480m (timeout 120m)
[2026-04-10 15:20:00]     ⚠️  STALE (exceeded timeout)
[2026-04-10 15:20:00]   Task fix-trade-builder-403: age 29597480m (timeout 120m)
[2026-04-10 15:20:00]     ⚠️  STALE (exceeded timeout)
[2026-04-10 15:20:00]   Task fix-all-trade-issues: age 29597480m (timeout 120m)
[2026-04-10 15:20:00]     ⚠️  STALE (exceeded timeout)
[2026-04-10 15:20:00] Archiving 9 stale + 0 completed tasks...
[2026-04-10 15:30:00] Checking 9 active tasks...
[2026-04-10 15:30:00]   Task dogfood-qa-week4: age 29597490m (timeout 120m)
[2026-04-10 15:30:00]     ⚠️  STALE (exceeded timeout)
[2026-04-10 15:30:00]   Task fix-dogfood-week4: age 29597490m (timeout 120m)
[2026-04-10 15:30:00]     ⚠️  STALE (exceeded timeout)
[2026-04-10 15:30:00]   Task test-opt-parallel-logger: age 29597490m (timeout 120m)
[2026-04-10 15:30:00]     ⚠️  STALE (exceeded timeout)
[2026-04-10 15:30:01]   Task test-opt-parallel-error: age 29597490m (timeout 120m)
[2026-04-10 15:30:01]     ⚠️  STALE (exceeded timeout)
[2026-04-10 15:30:01]   Task audit-all-work: age 29597490m (timeout 120m)
[2026-04-10 15:30:01]     ⚠️  STALE (exceeded timeout)
[2026-04-10 15:30:01]   Task workqueue-automation: age 29597490m (timeout 120m)
[2026-04-10 15:30:01]     ⚠️  STALE (exceeded timeout)
[2026-04-10 15:30:01]   Task test-opt-analytics-opus: age 29597490m (timeout 120m)
[2026-04-10 15:30:01]     ⚠️  STALE (exceeded timeout)
[2026-04-10 15:30:01]   Task fix-trade-builder-403: age 29597490m (timeout 120m)
[2026-04-10 15:30:01]     ⚠️  STALE (exceeded timeout)
[2026-04-10 15:30:01]   Task fix-all-trade-issues: age 29597490m (timeout 120m)
[2026-04-10 15:30:01]     ⚠️  STALE (exceeded timeout)
[2026-04-10 15:30:01] Archiving 9 stale + 0 completed tasks...
[2026-04-10 15:40:01] Checking 9 active tasks...
[2026-04-10 15:40:01]   Task dogfood-qa-week4: age 29597500m (timeout 120m)
[2026-04-10 15:40:01]     ⚠️  STALE (exceeded timeout)
[2026-04-10 15:40:01]   Task fix-dogfood-week4: age 29597500m (timeout 120m)
[2026-04-10 15:40:01]     ⚠️  STALE (exceeded timeout)
[2026-04-10 15:40:01]   Task test-opt-parallel-logger: age 29597500m (timeout 120m)
[2026-04-10 15:40:01]     ⚠️  STALE (exceeded timeout)
[2026-04-10 15:40:01]   Task test-opt-parallel-error: age 29597500m (timeout 120m)
[2026-04-10 15:40:01]     ⚠️  STALE (exceeded timeout)
[2026-04-10 15:40:01]   Task audit-all-work: age 29597500m (timeout 120m)
[2026-04-10 15:40:01]     ⚠️  STALE (exceeded timeout)
[2026-04-10 15:40:01]   Task workqueue-automation: age 29597500m (timeout 120m)
[2026-04-10 15:40:01]     ⚠️  STALE (exceeded timeout)
[2026-04-10 15:40:01]   Task test-opt-analytics-opus: age 29597500m (timeout 120m)
[2026-04-10 15:40:01]     ⚠️  STALE (exceeded timeout)
[2026-04-10 15:40:01]   Task fix-trade-builder-403: age 29597500m (timeout 120m)
[2026-04-10 15:40:01]     ⚠️  STALE (exceeded timeout)
[2026-04-10 15:40:01]   Task fix-all-trade-issues: age 29597500m (timeout 120m)
[2026-04-10 15:40:01]     ⚠️  STALE (exceeded timeout)
[2026-04-10 15:40:01] Archiving 9 stale + 0 completed tasks...
[2026-04-10 15:50:00] Checking 9 active tasks...
[2026-04-10 15:50:00]   Task dogfood-qa-week4: age 29597510m (timeout 120m)
[2026-04-10 15:50:00]     ⚠️  STALE (exceeded timeout)
[2026-04-10 15:50:00]   Task fix-dogfood-week4: age 29597510m (timeout 120m)
[2026-04-10 15:50:00]     ⚠️  STALE (exceeded timeout)
[2026-04-10 15:50:00]   Task test-opt-parallel-logger: age 29597510m (timeout 120m)
[2026-04-10 15:50:00]     ⚠️  STALE (exceeded timeout)
[2026-04-10 15:50:01]   Task test-opt-parallel-error: age 29597510m (timeout 120m)
[2026-04-10 15:50:01]     ⚠️  STALE (exceeded timeout)
[2026-04-10 15:50:01]   Task audit-all-work: age 29597510m (timeout 120m)
[2026-04-10 15:50:01]     ⚠️  STALE (exceeded timeout)
[2026-04-10 15:50:01]   Task workqueue-automation: age 29597510m (timeout 120m)
[2026-04-10 15:50:01]     ⚠️  STALE (exceeded timeout)
[2026-04-10 15:50:01]   Task test-opt-analytics-opus: age 29597510m (timeout 120m)
[2026-04-10 15:50:01]     ⚠️  STALE (exceeded timeout)
[2026-04-10 15:50:01]   Task fix-trade-builder-403: age 29597510m (timeout 120m)
[2026-04-10 15:50:01]     ⚠️  STALE (exceeded timeout)
[2026-04-10 15:50:01]   Task fix-all-trade-issues: age 29597510m (timeout 120m)
[2026-04-10 15:50:01]     ⚠️  STALE (exceeded timeout)
[2026-04-10 15:50:01] Archiving 9 stale + 0 completed tasks...
[2026-04-10 16:00:00] Checking 9 active tasks...
[2026-04-10 16:00:00]   Task dogfood-qa-week4: age 29597520m (timeout 120m)
[2026-04-10 16:00:00]     ⚠️  STALE (exceeded timeout)
[2026-04-10 16:00:00]   Task fix-dogfood-week4: age 29597520m (timeout 120m)
[2026-04-10 16:00:00]     ⚠️  STALE (exceeded timeout)
[2026-04-10 16:00:00]   Task test-opt-parallel-logger: age 29597520m (timeout 120m)
[2026-04-10 16:00:00]     ⚠️  STALE (exceeded timeout)
[2026-04-10 16:00:00]   Task test-opt-parallel-error: age 29597520m (timeout 120m)
[2026-04-10 16:00:00]     ⚠️  STALE (exceeded timeout)
[2026-04-10 16:00:01]   Task audit-all-work: age 29597520m (timeout 120m)
[2026-04-10 16:00:01]     ⚠️  STALE (exceeded timeout)
[2026-04-10 16:00:01]   Task workqueue-automation: age 29597520m (timeout 120m)
[2026-04-10 16:00:01]     ⚠️  STALE (exceeded timeout)
[2026-04-10 16:00:01]   Task test-opt-analytics-opus: age 29597520m (timeout 120m)
[2026-04-10 16:00:01]     ⚠️  STALE (exceeded timeout)
[2026-04-10 16:00:01]   Task fix-trade-builder-403: age 29597520m (timeout 120m)
[2026-04-10 16:00:01]     ⚠️  STALE (exceeded timeout)
[2026-04-10 16:00:01]   Task fix-all-trade-issues: age 29597520m (timeout 120m)
[2026-04-10 16:00:01]     ⚠️  STALE (exceeded timeout)
[2026-04-10 16:00:01] Archiving 9 stale + 0 completed tasks...
[2026-04-10 16:10:00] Checking 9 active tasks...
[2026-04-10 16:10:00]   Task dogfood-qa-week4: age 29597530m (timeout 120m)
[2026-04-10 16:10:00]     ⚠️  STALE (exceeded timeout)
[2026-04-10 16:10:00]   Task fix-dogfood-week4: age 29597530m (timeout 120m)
[2026-04-10 16:10:00]     ⚠️  STALE (exceeded timeout)
[2026-04-10 16:10:00]   Task test-opt-parallel-logger: age 29597530m (timeout 120m)
[2026-04-10 16:10:00]     ⚠️  STALE (exceeded timeout)
[2026-04-10 16:10:00]   Task test-opt-parallel-error: age 29597530m (timeout 120m)
[2026-04-10 16:10:00]     ⚠️  STALE (exceeded timeout)
[2026-04-10 16:10:01]   Task audit-all-work: age 29597530m (timeout 120m)
[2026-04-10 16:10:01]     ⚠️  STALE (exceeded timeout)
[2026-04-10 16:10:01]   Task workqueue-automation: age 29597530m (timeout 120m)
[2026-04-10 16:10:01]     ⚠️  STALE (exceeded timeout)
[2026-04-10 16:10:01]   Task test-opt-analytics-opus: age 29597530m (timeout 120m)
[2026-04-10 16:10:01]     ⚠️  STALE (exceeded timeout)
[2026-04-10 16:10:01]   Task fix-trade-builder-403: age 29597530m (timeout 120m)
[2026-04-10 16:10:01]     ⚠️  STALE (exceeded timeout)
[2026-04-10 16:10:01]   Task fix-all-trade-issues: age 29597530m (timeout 120m)
[2026-04-10 16:10:01]     ⚠️  STALE (exceeded timeout)
[2026-04-10 16:10:01] Archiving 9 stale + 0 completed tasks...
