[2026-04-16 00:00:00] Checking 9 active tasks...
[2026-04-16 00:00:00]   Task dogfood-qa-week4: age 29605200m (timeout 120m)
[2026-04-16 00:00:01]     ⚠️  STALE (exceeded timeout)
[2026-04-16 00:00:01]   Task fix-dogfood-week4: age 29605200m (timeout 120m)
[2026-04-16 00:00:01]     ⚠️  STALE (exceeded timeout)
[2026-04-16 00:00:01]   Task test-opt-parallel-logger: age 29605200m (timeout 120m)
[2026-04-16 00:00:01]     ⚠️  STALE (exceeded timeout)
[2026-04-16 00:00:01]   Task test-opt-parallel-error: age 29605200m (timeout 120m)
[2026-04-16 00:00:01]     ⚠️  STALE (exceeded timeout)
[2026-04-16 00:00:01]   Task audit-all-work: age 29605200m (timeout 120m)
[2026-04-16 00:00:01]     ⚠️  STALE (exceeded timeout)
[2026-04-16 00:00:01]   Task workqueue-automation: age 29605200m (timeout 120m)
[2026-04-16 00:00:01]     ⚠️  STALE (exceeded timeout)
[2026-04-16 00:00:01]   Task test-opt-analytics-opus: age 29605200m (timeout 120m)
[2026-04-16 00:00:01]     ⚠️  STALE (exceeded timeout)
[2026-04-16 00:00:01]   Task fix-trade-builder-403: age 29605200m (timeout 120m)
[2026-04-16 00:00:01]     ⚠️  STALE (exceeded timeout)
[2026-04-16 00:00:01]   Task fix-all-trade-issues: age 29605200m (timeout 120m)
[2026-04-16 00:00:01]     ⚠️  STALE (exceeded timeout)
[2026-04-16 00:00:01] Archiving 9 stale + 0 completed tasks...
[2026-04-16 00:10:00] Checking 9 active tasks...
[2026-04-16 00:10:00]   Task dogfood-qa-week4: age 29605210m (timeout 120m)
[2026-04-16 00:10:00]     ⚠️  STALE (exceeded timeout)
[2026-04-16 00:10:01]   Task fix-dogfood-week4: age 29605210m (timeout 120m)
[2026-04-16 00:10:01]     ⚠️  STALE (exceeded timeout)
[2026-04-16 00:10:01]   Task test-opt-parallel-logger: age 29605210m (timeout 120m)
[2026-04-16 00:10:01]     ⚠️  STALE (exceeded timeout)
[2026-04-16 00:10:01]   Task test-opt-parallel-error: age 29605210m (timeout 120m)
[2026-04-16 00:10:01]     ⚠️  STALE (exceeded timeout)
[2026-04-16 00:10:01]   Task audit-all-work: age 29605210m (timeout 120m)
[2026-04-16 00:10:01]     ⚠️  STALE (exceeded timeout)
[2026-04-16 00:10:01]   Task workqueue-automation: age 29605210m (timeout 120m)
[2026-04-16 00:10:01]     ⚠️  STALE (exceeded timeout)
[2026-04-16 00:10:01]   Task test-opt-analytics-opus: age 29605210m (timeout 120m)
[2026-04-16 00:10:01]     ⚠️  STALE (exceeded timeout)
[2026-04-16 00:10:01]   Task fix-trade-builder-403: age 29605210m (timeout 120m)
[2026-04-16 00:10:01]     ⚠️  STALE (exceeded timeout)
[2026-04-16 00:10:01]   Task fix-all-trade-issues: age 29605210m (timeout 120m)
[2026-04-16 00:10:01]     ⚠️  STALE (exceeded timeout)
[2026-04-16 00:10:01] Archiving 9 stale + 0 completed tasks...
[2026-04-16 00:20:00] Checking 9 active tasks...
[2026-04-16 00:20:00]   Task dogfood-qa-week4: age 29605220m (timeout 120m)
[2026-04-16 00:20:00]     ⚠️  STALE (exceeded timeout)
[2026-04-16 00:20:00]   Task fix-dogfood-week4: age 29605220m (timeout 120m)
[2026-04-16 00:20:00]     ⚠️  STALE (exceeded timeout)
[2026-04-16 00:20:00]   Task test-opt-parallel-logger: age 29605220m (timeout 120m)
[2026-04-16 00:20:00]     ⚠️  STALE (exceeded timeout)
[2026-04-16 00:20:01]   Task test-opt-parallel-error: age 29605220m (timeout 120m)
[2026-04-16 00:20:01]     ⚠️  STALE (exceeded timeout)
[2026-04-16 00:20:01]   Task audit-all-work: age 29605220m (timeout 120m)
[2026-04-16 00:20:01]     ⚠️  STALE (exceeded timeout)
[2026-04-16 00:20:01]   Task workqueue-automation: age 29605220m (timeout 120m)
[2026-04-16 00:20:01]     ⚠️  STALE (exceeded timeout)
[2026-04-16 00:20:01]   Task test-opt-analytics-opus: age 29605220m (timeout 120m)
[2026-04-16 00:20:01]     ⚠️  STALE (exceeded timeout)
[2026-04-16 00:20:01]   Task fix-trade-builder-403: age 29605220m (timeout 120m)
[2026-04-16 00:20:01]     ⚠️  STALE (exceeded timeout)
[2026-04-16 00:20:01]   Task fix-all-trade-issues: age 29605220m (timeout 120m)
[2026-04-16 00:20:01]     ⚠️  STALE (exceeded timeout)
[2026-04-16 00:20:01] Archiving 9 stale + 0 completed tasks...
[2026-04-16 00:30:00] Checking 9 active tasks...
[2026-04-16 00:30:00]   Task dogfood-qa-week4: age 29605230m (timeout 120m)
[2026-04-16 00:30:00]     ⚠️  STALE (exceeded timeout)
[2026-04-16 00:30:00]   Task fix-dogfood-week4: age 29605230m (timeout 120m)
[2026-04-16 00:30:00]     ⚠️  STALE (exceeded timeout)
[2026-04-16 00:30:00]   Task test-opt-parallel-logger: age 29605230m (timeout 120m)
[2026-04-16 00:30:00]     ⚠️  STALE (exceeded timeout)
[2026-04-16 00:30:00]   Task test-opt-parallel-error: age 29605230m (timeout 120m)
[2026-04-16 00:30:00]     ⚠️  STALE (exceeded timeout)
[2026-04-16 00:30:00]   Task audit-all-work: age 29605230m (timeout 120m)
[2026-04-16 00:30:00]     ⚠️  STALE (exceeded timeout)
[2026-04-16 00:30:00]   Task workqueue-automation: age 29605230m (timeout 120m)
[2026-04-16 00:30:00]     ⚠️  STALE (exceeded timeout)
[2026-04-16 00:30:00]   Task test-opt-analytics-opus: age 29605230m (timeout 120m)
[2026-04-16 00:30:00]     ⚠️  STALE (exceeded timeout)
[2026-04-16 00:30:00]   Task fix-trade-builder-403: age 29605230m (timeout 120m)
[2026-04-16 00:30:00]     ⚠️  STALE (exceeded timeout)
[2026-04-16 00:30:00]   Task fix-all-trade-issues: age 29605230m (timeout 120m)
[2026-04-16 00:30:00]     ⚠️  STALE (exceeded timeout)
[2026-04-16 00:30:00] Archiving 9 stale + 0 completed tasks...
[2026-04-16 00:40:00] Checking 9 active tasks...
[2026-04-16 00:40:00]   Task dogfood-qa-week4: age 29605240m (timeout 120m)
[2026-04-16 00:40:00]     ⚠️  STALE (exceeded timeout)
[2026-04-16 00:40:00]   Task fix-dogfood-week4: age 29605240m (timeout 120m)
[2026-04-16 00:40:00]     ⚠️  STALE (exceeded timeout)
[2026-04-16 00:40:00]   Task test-opt-parallel-logger: age 29605240m (timeout 120m)
[2026-04-16 00:40:00]     ⚠️  STALE (exceeded timeout)
[2026-04-16 00:40:01]   Task test-opt-parallel-error: age 29605240m (timeout 120m)
[2026-04-16 00:40:01]     ⚠️  STALE (exceeded timeout)
[2026-04-16 00:40:01]   Task audit-all-work: age 29605240m (timeout 120m)
[2026-04-16 00:40:01]     ⚠️  STALE (exceeded timeout)
[2026-04-16 00:40:01]   Task workqueue-automation: age 29605240m (timeout 120m)
[2026-04-16 00:40:01]     ⚠️  STALE (exceeded timeout)
[2026-04-16 00:40:01]   Task test-opt-analytics-opus: age 29605240m (timeout 120m)
[2026-04-16 00:40:01]     ⚠️  STALE (exceeded timeout)
[2026-04-16 00:40:01]   Task fix-trade-builder-403: age 29605240m (timeout 120m)
[2026-04-16 00:40:01]     ⚠️  STALE (exceeded timeout)
[2026-04-16 00:40:01]   Task fix-all-trade-issues: age 29605240m (timeout 120m)
[2026-04-16 00:40:01]     ⚠️  STALE (exceeded timeout)
[2026-04-16 00:40:01] Archiving 9 stale + 0 completed tasks...
[2026-04-16 00:50:00] Checking 9 active tasks...
[2026-04-16 00:50:00]   Task dogfood-qa-week4: age 29605250m (timeout 120m)
[2026-04-16 00:50:00]     ⚠️  STALE (exceeded timeout)
[2026-04-16 00:50:00]   Task fix-dogfood-week4: age 29605250m (timeout 120m)
[2026-04-16 00:50:00]     ⚠️  STALE (exceeded timeout)
[2026-04-16 00:50:00]   Task test-opt-parallel-logger: age 29605250m (timeout 120m)
[2026-04-16 00:50:00]     ⚠️  STALE (exceeded timeout)
[2026-04-16 00:50:00]   Task test-opt-parallel-error: age 29605250m (timeout 120m)
[2026-04-16 00:50:00]     ⚠️  STALE (exceeded timeout)
[2026-04-16 00:50:00]   Task audit-all-work: age 29605250m (timeout 120m)
[2026-04-16 00:50:00]     ⚠️  STALE (exceeded timeout)
[2026-04-16 00:50:00]   Task workqueue-automation: age 29605250m (timeout 120m)
[2026-04-16 00:50:00]     ⚠️  STALE (exceeded timeout)
[2026-04-16 00:50:00]   Task test-opt-analytics-opus: age 29605250m (timeout 120m)
[2026-04-16 00:50:00]     ⚠️  STALE (exceeded timeout)
[2026-04-16 00:50:00]   Task fix-trade-builder-403: age 29605250m (timeout 120m)
[2026-04-16 00:50:00]     ⚠️  STALE (exceeded timeout)
[2026-04-16 00:50:01]   Task fix-all-trade-issues: age 29605250m (timeout 120m)
[2026-04-16 00:50:01]     ⚠️  STALE (exceeded timeout)
[2026-04-16 00:50:01] Archiving 9 stale + 0 completed tasks...
[2026-04-16 01:00:00] Checking 9 active tasks...
[2026-04-16 01:00:00]   Task dogfood-qa-week4: age 29605260m (timeout 120m)
[2026-04-16 01:00:00]     ⚠️  STALE (exceeded timeout)
[2026-04-16 01:00:00]   Task fix-dogfood-week4: age 29605260m (timeout 120m)
[2026-04-16 01:00:00]     ⚠️  STALE (exceeded timeout)
[2026-04-16 01:00:00]   Task test-opt-parallel-logger: age 29605260m (timeout 120m)
[2026-04-16 01:00:00]     ⚠️  STALE (exceeded timeout)
[2026-04-16 01:00:00]   Task test-opt-parallel-error: age 29605260m (timeout 120m)
[2026-04-16 01:00:00]     ⚠️  STALE (exceeded timeout)
[2026-04-16 01:00:00]   Task audit-all-work: age 29605260m (timeout 120m)
[2026-04-16 01:00:00]     ⚠️  STALE (exceeded timeout)
[2026-04-16 01:00:00]   Task workqueue-automation: age 29605260m (timeout 120m)
[2026-04-16 01:00:00]     ⚠️  STALE (exceeded timeout)
[2026-04-16 01:00:00]   Task test-opt-analytics-opus: age 29605260m (timeout 120m)
[2026-04-16 01:00:00]     ⚠️  STALE (exceeded timeout)
[2026-04-16 01:00:00]   Task fix-trade-builder-403: age 29605260m (timeout 120m)
[2026-04-16 01:00:00]     ⚠️  STALE (exceeded timeout)
[2026-04-16 01:00:00]   Task fix-all-trade-issues: age 29605260m (timeout 120m)
[2026-04-16 01:00:00]     ⚠️  STALE (exceeded timeout)
[2026-04-16 01:00:00] Archiving 9 stale + 0 completed tasks...
[2026-04-16 01:10:00] Checking 9 active tasks...
[2026-04-16 01:10:00]   Task dogfood-qa-week4: age 29605270m (timeout 120m)
[2026-04-16 01:10:00]     ⚠️  STALE (exceeded timeout)
[2026-04-16 01:10:00]   Task fix-dogfood-week4: age 29605270m (timeout 120m)
[2026-04-16 01:10:00]     ⚠️  STALE (exceeded timeout)
[2026-04-16 01:10:00]   Task test-opt-parallel-logger: age 29605270m (timeout 120m)
[2026-04-16 01:10:00]     ⚠️  STALE (exceeded timeout)
[2026-04-16 01:10:00]   Task test-opt-parallel-error: age 29605270m (timeout 120m)
[2026-04-16 01:10:00]     ⚠️  STALE (exceeded timeout)
[2026-04-16 01:10:00]   Task audit-all-work: age 29605270m (timeout 120m)
[2026-04-16 01:10:00]     ⚠️  STALE (exceeded timeout)
[2026-04-16 01:10:00]   Task workqueue-automation: age 29605270m (timeout 120m)
[2026-04-16 01:10:00]     ⚠️  STALE (exceeded timeout)
[2026-04-16 01:10:00]   Task test-opt-analytics-opus: age 29605270m (timeout 120m)
[2026-04-16 01:10:00]     ⚠️  STALE (exceeded timeout)
[2026-04-16 01:10:00]   Task fix-trade-builder-403: age 29605270m (timeout 120m)
[2026-04-16 01:10:00]     ⚠️  STALE (exceeded timeout)
[2026-04-16 01:10:00]   Task fix-all-trade-issues: age 29605270m (timeout 120m)
[2026-04-16 01:10:00]     ⚠️  STALE (exceeded timeout)
[2026-04-16 01:10:00] Archiving 9 stale + 0 completed tasks...
[2026-04-16 01:20:00] Checking 9 active tasks...
[2026-04-16 01:20:00]   Task dogfood-qa-week4: age 29605280m (timeout 120m)
[2026-04-16 01:20:00]     ⚠️  STALE (exceeded timeout)
[2026-04-16 01:20:00]   Task fix-dogfood-week4: age 29605280m (timeout 120m)
[2026-04-16 01:20:00]     ⚠️  STALE (exceeded timeout)
[2026-04-16 01:20:00]   Task test-opt-parallel-logger: age 29605280m (timeout 120m)
[2026-04-16 01:20:00]     ⚠️  STALE (exceeded timeout)
[2026-04-16 01:20:00]   Task test-opt-parallel-error: age 29605280m (timeout 120m)
[2026-04-16 01:20:00]     ⚠️  STALE (exceeded timeout)
[2026-04-16 01:20:00]   Task audit-all-work: age 29605280m (timeout 120m)
[2026-04-16 01:20:00]     ⚠️  STALE (exceeded timeout)
[2026-04-16 01:20:00]   Task workqueue-automation: age 29605280m (timeout 120m)
[2026-04-16 01:20:00]     ⚠️  STALE (exceeded timeout)
[2026-04-16 01:20:00]   Task test-opt-analytics-opus: age 29605280m (timeout 120m)
[2026-04-16 01:20:00]     ⚠️  STALE (exceeded timeout)
[2026-04-16 01:20:00]   Task fix-trade-builder-403: age 29605280m (timeout 120m)
[2026-04-16 01:20:00]     ⚠️  STALE (exceeded timeout)
[2026-04-16 01:20:00]   Task fix-all-trade-issues: age 29605280m (timeout 120m)
[2026-04-16 01:20:00]     ⚠️  STALE (exceeded timeout)
[2026-04-16 01:20:00] Archiving 9 stale + 0 completed tasks...
[2026-04-16 01:30:00] Checking 9 active tasks...
[2026-04-16 01:30:00]   Task dogfood-qa-week4: age 29605290m (timeout 120m)
[2026-04-16 01:30:00]     ⚠️  STALE (exceeded timeout)
[2026-04-16 01:30:00]   Task fix-dogfood-week4: age 29605290m (timeout 120m)
[2026-04-16 01:30:00]     ⚠️  STALE (exceeded timeout)
[2026-04-16 01:30:00]   Task test-opt-parallel-logger: age 29605290m (timeout 120m)
[2026-04-16 01:30:00]     ⚠️  STALE (exceeded timeout)
[2026-04-16 01:30:00]   Task test-opt-parallel-error: age 29605290m (timeout 120m)
[2026-04-16 01:30:00]     ⚠️  STALE (exceeded timeout)
[2026-04-16 01:30:01]   Task audit-all-work: age 29605290m (timeout 120m)
[2026-04-16 01:30:01]     ⚠️  STALE (exceeded timeout)
[2026-04-16 01:30:01]   Task workqueue-automation: age 29605290m (timeout 120m)
[2026-04-16 01:30:01]     ⚠️  STALE (exceeded timeout)
[2026-04-16 01:30:01]   Task test-opt-analytics-opus: age 29605290m (timeout 120m)
[2026-04-16 01:30:01]     ⚠️  STALE (exceeded timeout)
[2026-04-16 01:30:01]   Task fix-trade-builder-403: age 29605290m (timeout 120m)
[2026-04-16 01:30:01]     ⚠️  STALE (exceeded timeout)
[2026-04-16 01:30:01]   Task fix-all-trade-issues: age 29605290m (timeout 120m)
[2026-04-16 01:30:01]     ⚠️  STALE (exceeded timeout)
[2026-04-16 01:30:01] Archiving 9 stale + 0 completed tasks...
[2026-04-16 01:40:01] Checking 9 active tasks...
[2026-04-16 01:40:01]   Task dogfood-qa-week4: age 29605300m (timeout 120m)
[2026-04-16 01:40:01]     ⚠️  STALE (exceeded timeout)
[2026-04-16 01:40:01]   Task fix-dogfood-week4: age 29605300m (timeout 120m)
[2026-04-16 01:40:01]     ⚠️  STALE (exceeded timeout)
[2026-04-16 01:40:01]   Task test-opt-parallel-logger: age 29605300m (timeout 120m)
[2026-04-16 01:40:01]     ⚠️  STALE (exceeded timeout)
[2026-04-16 01:40:01]   Task test-opt-parallel-error: age 29605300m (timeout 120m)
[2026-04-16 01:40:01]     ⚠️  STALE (exceeded timeout)
[2026-04-16 01:40:01]   Task audit-all-work: age 29605300m (timeout 120m)
[2026-04-16 01:40:01]     ⚠️  STALE (exceeded timeout)
[2026-04-16 01:40:01]   Task workqueue-automation: age 29605300m (timeout 120m)
[2026-04-16 01:40:01]     ⚠️  STALE (exceeded timeout)
[2026-04-16 01:40:01]   Task test-opt-analytics-opus: age 29605300m (timeout 120m)
[2026-04-16 01:40:01]     ⚠️  STALE (exceeded timeout)
[2026-04-16 01:40:01]   Task fix-trade-builder-403: age 29605300m (timeout 120m)
[2026-04-16 01:40:01]     ⚠️  STALE (exceeded timeout)
[2026-04-16 01:40:01]   Task fix-all-trade-issues: age 29605300m (timeout 120m)
[2026-04-16 01:40:01]     ⚠️  STALE (exceeded timeout)
[2026-04-16 01:40:01] Archiving 9 stale + 0 completed tasks...
[2026-04-16 01:50:01] Checking 9 active tasks...
[2026-04-16 01:50:01]   Task dogfood-qa-week4: age 29605310m (timeout 120m)
[2026-04-16 01:50:01]     ⚠️  STALE (exceeded timeout)
[2026-04-16 01:50:01]   Task fix-dogfood-week4: age 29605310m (timeout 120m)
[2026-04-16 01:50:01]     ⚠️  STALE (exceeded timeout)
[2026-04-16 01:50:01]   Task test-opt-parallel-logger: age 29605310m (timeout 120m)
[2026-04-16 01:50:01]     ⚠️  STALE (exceeded timeout)
[2026-04-16 01:50:01]   Task test-opt-parallel-error: age 29605310m (timeout 120m)
[2026-04-16 01:50:01]     ⚠️  STALE (exceeded timeout)
[2026-04-16 01:50:01]   Task audit-all-work: age 29605310m (timeout 120m)
[2026-04-16 01:50:01]     ⚠️  STALE (exceeded timeout)
[2026-04-16 01:50:01]   Task workqueue-automation: age 29605310m (timeout 120m)
[2026-04-16 01:50:01]     ⚠️  STALE (exceeded timeout)
[2026-04-16 01:50:01]   Task test-opt-analytics-opus: age 29605310m (timeout 120m)
[2026-04-16 01:50:01]     ⚠️  STALE (exceeded timeout)
[2026-04-16 01:50:01]   Task fix-trade-builder-403: age 29605310m (timeout 120m)
[2026-04-16 01:50:01]     ⚠️  STALE (exceeded timeout)
[2026-04-16 01:50:01]   Task fix-all-trade-issues: age 29605310m (timeout 120m)
[2026-04-16 01:50:01]     ⚠️  STALE (exceeded timeout)
[2026-04-16 01:50:01] Archiving 9 stale + 0 completed tasks...
[2026-04-16 02:00:00] Checking 9 active tasks...
[2026-04-16 02:00:01]   Task dogfood-qa-week4: age 29605320m (timeout 120m)
[2026-04-16 02:00:01]     ⚠️  STALE (exceeded timeout)
[2026-04-16 02:00:01]   Task fix-dogfood-week4: age 29605320m (timeout 120m)
[2026-04-16 02:00:01]     ⚠️  STALE (exceeded timeout)
[2026-04-16 02:00:01]   Task test-opt-parallel-logger: age 29605320m (timeout 120m)
[2026-04-16 02:00:01]     ⚠️  STALE (exceeded timeout)
[2026-04-16 02:00:01]   Task test-opt-parallel-error: age 29605320m (timeout 120m)
[2026-04-16 02:00:01]     ⚠️  STALE (exceeded timeout)
[2026-04-16 02:00:01]   Task audit-all-work: age 29605320m (timeout 120m)
[2026-04-16 02:00:01]     ⚠️  STALE (exceeded timeout)
[2026-04-16 02:00:01]   Task workqueue-automation: age 29605320m (timeout 120m)
[2026-04-16 02:00:01]     ⚠️  STALE (exceeded timeout)
[2026-04-16 02:00:01]   Task test-opt-analytics-opus: age 29605320m (timeout 120m)
[2026-04-16 02:00:01]     ⚠️  STALE (exceeded timeout)
[2026-04-16 02:00:01]   Task fix-trade-builder-403: age 29605320m (timeout 120m)
[2026-04-16 02:00:01]     ⚠️  STALE (exceeded timeout)
[2026-04-16 02:00:01]   Task fix-all-trade-issues: age 29605320m (timeout 120m)
[2026-04-16 02:00:01]     ⚠️  STALE (exceeded timeout)
[2026-04-16 02:00:01] Archiving 9 stale + 0 completed tasks...
[2026-04-16 02:10:01] Checking 9 active tasks...
[2026-04-16 02:10:01]   Task dogfood-qa-week4: age 29605330m (timeout 120m)
[2026-04-16 02:10:01]     ⚠️  STALE (exceeded timeout)
[2026-04-16 02:10:01]   Task fix-dogfood-week4: age 29605330m (timeout 120m)
[2026-04-16 02:10:01]     ⚠️  STALE (exceeded timeout)
[2026-04-16 02:10:01]   Task test-opt-parallel-logger: age 29605330m (timeout 120m)
[2026-04-16 02:10:01]     ⚠️  STALE (exceeded timeout)
[2026-04-16 02:10:01]   Task test-opt-parallel-error: age 29605330m (timeout 120m)
[2026-04-16 02:10:01]     ⚠️  STALE (exceeded timeout)
[2026-04-16 02:10:01]   Task audit-all-work: age 29605330m (timeout 120m)
[2026-04-16 02:10:01]     ⚠️  STALE (exceeded timeout)
[2026-04-16 02:10:01]   Task workqueue-automation: age 29605330m (timeout 120m)
[2026-04-16 02:10:01]     ⚠️  STALE (exceeded timeout)
[2026-04-16 02:10:01]   Task test-opt-analytics-opus: age 29605330m (timeout 120m)
[2026-04-16 02:10:01]     ⚠️  STALE (exceeded timeout)
[2026-04-16 02:10:01]   Task fix-trade-builder-403: age 29605330m (timeout 120m)
[2026-04-16 02:10:01]     ⚠️  STALE (exceeded timeout)
[2026-04-16 02:10:01]   Task fix-all-trade-issues: age 29605330m (timeout 120m)
[2026-04-16 02:10:01]     ⚠️  STALE (exceeded timeout)
[2026-04-16 02:10:01] Archiving 9 stale + 0 completed tasks...
[2026-04-16 02:20:00] Checking 9 active tasks...
[2026-04-16 02:20:00]   Task dogfood-qa-week4: age 29605340m (timeout 120m)
[2026-04-16 02:20:00]     ⚠️  STALE (exceeded timeout)
[2026-04-16 02:20:00]   Task fix-dogfood-week4: age 29605340m (timeout 120m)
[2026-04-16 02:20:00]     ⚠️  STALE (exceeded timeout)
[2026-04-16 02:20:00]   Task test-opt-parallel-logger: age 29605340m (timeout 120m)
[2026-04-16 02:20:00]     ⚠️  STALE (exceeded timeout)
[2026-04-16 02:20:00]   Task test-opt-parallel-error: age 29605340m (timeout 120m)
[2026-04-16 02:20:00]     ⚠️  STALE (exceeded timeout)
[2026-04-16 02:20:00]   Task audit-all-work: age 29605340m (timeout 120m)
[2026-04-16 02:20:00]     ⚠️  STALE (exceeded timeout)
[2026-04-16 02:20:00]   Task workqueue-automation: age 29605340m (timeout 120m)
[2026-04-16 02:20:00]     ⚠️  STALE (exceeded timeout)
[2026-04-16 02:20:00]   Task test-opt-analytics-opus: age 29605340m (timeout 120m)
[2026-04-16 02:20:00]     ⚠️  STALE (exceeded timeout)
[2026-04-16 02:20:00]   Task fix-trade-builder-403: age 29605340m (timeout 120m)
[2026-04-16 02:20:00]     ⚠️  STALE (exceeded timeout)
[2026-04-16 02:20:00]   Task fix-all-trade-issues: age 29605340m (timeout 120m)
[2026-04-16 02:20:00]     ⚠️  STALE (exceeded timeout)
[2026-04-16 02:20:00] Archiving 9 stale + 0 completed tasks...
[2026-04-16 02:30:00] Checking 9 active tasks...
[2026-04-16 02:30:00]   Task dogfood-qa-week4: age 29605350m (timeout 120m)
[2026-04-16 02:30:00]     ⚠️  STALE (exceeded timeout)
[2026-04-16 02:30:00]   Task fix-dogfood-week4: age 29605350m (timeout 120m)
[2026-04-16 02:30:00]     ⚠️  STALE (exceeded timeout)
[2026-04-16 02:30:00]   Task test-opt-parallel-logger: age 29605350m (timeout 120m)
[2026-04-16 02:30:00]     ⚠️  STALE (exceeded timeout)
[2026-04-16 02:30:00]   Task test-opt-parallel-error: age 29605350m (timeout 120m)
[2026-04-16 02:30:00]     ⚠️  STALE (exceeded timeout)
[2026-04-16 02:30:00]   Task audit-all-work: age 29605350m (timeout 120m)
[2026-04-16 02:30:00]     ⚠️  STALE (exceeded timeout)
[2026-04-16 02:30:00]   Task workqueue-automation: age 29605350m (timeout 120m)
[2026-04-16 02:30:00]     ⚠️  STALE (exceeded timeout)
[2026-04-16 02:30:01]   Task test-opt-analytics-opus: age 29605350m (timeout 120m)
[2026-04-16 02:30:01]     ⚠️  STALE (exceeded timeout)
[2026-04-16 02:30:01]   Task fix-trade-builder-403: age 29605350m (timeout 120m)
[2026-04-16 02:30:01]     ⚠️  STALE (exceeded timeout)
[2026-04-16 02:30:01]   Task fix-all-trade-issues: age 29605350m (timeout 120m)
[2026-04-16 02:30:01]     ⚠️  STALE (exceeded timeout)
[2026-04-16 02:30:01] Archiving 9 stale + 0 completed tasks...
[2026-04-16 02:40:00] Checking 9 active tasks...
[2026-04-16 02:40:00]   Task dogfood-qa-week4: age 29605360m (timeout 120m)
[2026-04-16 02:40:00]     ⚠️  STALE (exceeded timeout)
[2026-04-16 02:40:00]   Task fix-dogfood-week4: age 29605360m (timeout 120m)
[2026-04-16 02:40:00]     ⚠️  STALE (exceeded timeout)
[2026-04-16 02:40:00]   Task test-opt-parallel-logger: age 29605360m (timeout 120m)
[2026-04-16 02:40:00]     ⚠️  STALE (exceeded timeout)
[2026-04-16 02:40:00]   Task test-opt-parallel-error: age 29605360m (timeout 120m)
[2026-04-16 02:40:00]     ⚠️  STALE (exceeded timeout)
[2026-04-16 02:40:00]   Task audit-all-work: age 29605360m (timeout 120m)
[2026-04-16 02:40:00]     ⚠️  STALE (exceeded timeout)
[2026-04-16 02:40:01]   Task workqueue-automation: age 29605360m (timeout 120m)
[2026-04-16 02:40:01]     ⚠️  STALE (exceeded timeout)
[2026-04-16 02:40:01]   Task test-opt-analytics-opus: age 29605360m (timeout 120m)
[2026-04-16 02:40:01]     ⚠️  STALE (exceeded timeout)
[2026-04-16 02:40:01]   Task fix-trade-builder-403: age 29605360m (timeout 120m)
[2026-04-16 02:40:01]     ⚠️  STALE (exceeded timeout)
[2026-04-16 02:40:01]   Task fix-all-trade-issues: age 29605360m (timeout 120m)
[2026-04-16 02:40:01]     ⚠️  STALE (exceeded timeout)
[2026-04-16 02:40:01] Archiving 9 stale + 0 completed tasks...
[2026-04-16 02:50:00] Checking 9 active tasks...
[2026-04-16 02:50:01]   Task dogfood-qa-week4: age 29605370m (timeout 120m)
[2026-04-16 02:50:01]     ⚠️  STALE (exceeded timeout)
[2026-04-16 02:50:01]   Task fix-dogfood-week4: age 29605370m (timeout 120m)
[2026-04-16 02:50:01]     ⚠️  STALE (exceeded timeout)
[2026-04-16 02:50:01]   Task test-opt-parallel-logger: age 29605370m (timeout 120m)
[2026-04-16 02:50:01]     ⚠️  STALE (exceeded timeout)
[2026-04-16 02:50:01]   Task test-opt-parallel-error: age 29605370m (timeout 120m)
[2026-04-16 02:50:01]     ⚠️  STALE (exceeded timeout)
[2026-04-16 02:50:01]   Task audit-all-work: age 29605370m (timeout 120m)
[2026-04-16 02:50:01]     ⚠️  STALE (exceeded timeout)
[2026-04-16 02:50:01]   Task workqueue-automation: age 29605370m (timeout 120m)
[2026-04-16 02:50:01]     ⚠️  STALE (exceeded timeout)
[2026-04-16 02:50:01]   Task test-opt-analytics-opus: age 29605370m (timeout 120m)
[2026-04-16 02:50:01]     ⚠️  STALE (exceeded timeout)
[2026-04-16 02:50:01]   Task fix-trade-builder-403: age 29605370m (timeout 120m)
[2026-04-16 02:50:01]     ⚠️  STALE (exceeded timeout)
[2026-04-16 02:50:01]   Task fix-all-trade-issues: age 29605370m (timeout 120m)
[2026-04-16 02:50:01]     ⚠️  STALE (exceeded timeout)
[2026-04-16 02:50:01] Archiving 9 stale + 0 completed tasks...
[2026-04-16 03:00:00] Checking 9 active tasks...
[2026-04-16 03:00:00]   Task dogfood-qa-week4: age 29605380m (timeout 120m)
[2026-04-16 03:00:00]     ⚠️  STALE (exceeded timeout)
[2026-04-16 03:00:00]   Task fix-dogfood-week4: age 29605380m (timeout 120m)
[2026-04-16 03:00:00]     ⚠️  STALE (exceeded timeout)
[2026-04-16 03:00:00]   Task test-opt-parallel-logger: age 29605380m (timeout 120m)
[2026-04-16 03:00:00]     ⚠️  STALE (exceeded timeout)
[2026-04-16 03:00:01]   Task test-opt-parallel-error: age 29605380m (timeout 120m)
[2026-04-16 03:00:01]     ⚠️  STALE (exceeded timeout)
[2026-04-16 03:00:01]   Task audit-all-work: age 29605380m (timeout 120m)
[2026-04-16 03:00:01]     ⚠️  STALE (exceeded timeout)
[2026-04-16 03:00:01]   Task workqueue-automation: age 29605380m (timeout 120m)
[2026-04-16 03:00:01]     ⚠️  STALE (exceeded timeout)
[2026-04-16 03:00:01]   Task test-opt-analytics-opus: age 29605380m (timeout 120m)
[2026-04-16 03:00:01]     ⚠️  STALE (exceeded timeout)
[2026-04-16 03:00:01]   Task fix-trade-builder-403: age 29605380m (timeout 120m)
[2026-04-16 03:00:01]     ⚠️  STALE (exceeded timeout)
[2026-04-16 03:00:01]   Task fix-all-trade-issues: age 29605380m (timeout 120m)
[2026-04-16 03:00:01]     ⚠️  STALE (exceeded timeout)
[2026-04-16 03:00:01] Archiving 9 stale + 0 completed tasks...
[2026-04-16 03:10:00] Checking 9 active tasks...
[2026-04-16 03:10:00]   Task dogfood-qa-week4: age 29605390m (timeout 120m)
[2026-04-16 03:10:00]     ⚠️  STALE (exceeded timeout)
[2026-04-16 03:10:00]   Task fix-dogfood-week4: age 29605390m (timeout 120m)
[2026-04-16 03:10:00]     ⚠️  STALE (exceeded timeout)
[2026-04-16 03:10:00]   Task test-opt-parallel-logger: age 29605390m (timeout 120m)
[2026-04-16 03:10:00]     ⚠️  STALE (exceeded timeout)
[2026-04-16 03:10:00]   Task test-opt-parallel-error: age 29605390m (timeout 120m)
[2026-04-16 03:10:00]     ⚠️  STALE (exceeded timeout)
[2026-04-16 03:10:00]   Task audit-all-work: age 29605390m (timeout 120m)
[2026-04-16 03:10:00]     ⚠️  STALE (exceeded timeout)
[2026-04-16 03:10:01]   Task workqueue-automation: age 29605390m (timeout 120m)
[2026-04-16 03:10:01]     ⚠️  STALE (exceeded timeout)
[2026-04-16 03:10:01]   Task test-opt-analytics-opus: age 29605390m (timeout 120m)
[2026-04-16 03:10:01]     ⚠️  STALE (exceeded timeout)
[2026-04-16 03:10:01]   Task fix-trade-builder-403: age 29605390m (timeout 120m)
[2026-04-16 03:10:01]     ⚠️  STALE (exceeded timeout)
[2026-04-16 03:10:01]   Task fix-all-trade-issues: age 29605390m (timeout 120m)
[2026-04-16 03:10:01]     ⚠️  STALE (exceeded timeout)
[2026-04-16 03:10:01] Archiving 9 stale + 0 completed tasks...
[2026-04-16 03:20:00] Checking 9 active tasks...
[2026-04-16 03:20:00]   Task dogfood-qa-week4: age 29605400m (timeout 120m)
[2026-04-16 03:20:00]     ⚠️  STALE (exceeded timeout)
[2026-04-16 03:20:00]   Task fix-dogfood-week4: age 29605400m (timeout 120m)
[2026-04-16 03:20:00]     ⚠️  STALE (exceeded timeout)
[2026-04-16 03:20:00]   Task test-opt-parallel-logger: age 29605400m (timeout 120m)
[2026-04-16 03:20:00]     ⚠️  STALE (exceeded timeout)
[2026-04-16 03:20:00]   Task test-opt-parallel-error: age 29605400m (timeout 120m)
[2026-04-16 03:20:00]     ⚠️  STALE (exceeded timeout)
[2026-04-16 03:20:00]   Task audit-all-work: age 29605400m (timeout 120m)
[2026-04-16 03:20:00]     ⚠️  STALE (exceeded timeout)
[2026-04-16 03:20:00]   Task workqueue-automation: age 29605400m (timeout 120m)
[2026-04-16 03:20:00]     ⚠️  STALE (exceeded timeout)
[2026-04-16 03:20:00]   Task test-opt-analytics-opus: age 29605400m (timeout 120m)
[2026-04-16 03:20:00]     ⚠️  STALE (exceeded timeout)
[2026-04-16 03:20:00]   Task fix-trade-builder-403: age 29605400m (timeout 120m)
[2026-04-16 03:20:00]     ⚠️  STALE (exceeded timeout)
[2026-04-16 03:20:00]   Task fix-all-trade-issues: age 29605400m (timeout 120m)
[2026-04-16 03:20:00]     ⚠️  STALE (exceeded timeout)
[2026-04-16 03:20:00] Archiving 9 stale + 0 completed tasks...
[2026-04-16 03:30:00] Checking 9 active tasks...
[2026-04-16 03:30:00]   Task dogfood-qa-week4: age 29605410m (timeout 120m)
[2026-04-16 03:30:00]     ⚠️  STALE (exceeded timeout)
[2026-04-16 03:30:00]   Task fix-dogfood-week4: age 29605410m (timeout 120m)
[2026-04-16 03:30:00]     ⚠️  STALE (exceeded timeout)
[2026-04-16 03:30:00]   Task test-opt-parallel-logger: age 29605410m (timeout 120m)
[2026-04-16 03:30:00]     ⚠️  STALE (exceeded timeout)
[2026-04-16 03:30:00]   Task test-opt-parallel-error: age 29605410m (timeout 120m)
[2026-04-16 03:30:00]     ⚠️  STALE (exceeded timeout)
[2026-04-16 03:30:00]   Task audit-all-work: age 29605410m (timeout 120m)
[2026-04-16 03:30:00]     ⚠️  STALE (exceeded timeout)
[2026-04-16 03:30:00]   Task workqueue-automation: age 29605410m (timeout 120m)
[2026-04-16 03:30:00]     ⚠️  STALE (exceeded timeout)
[2026-04-16 03:30:00]   Task test-opt-analytics-opus: age 29605410m (timeout 120m)
[2026-04-16 03:30:00]     ⚠️  STALE (exceeded timeout)
[2026-04-16 03:30:01]   Task fix-trade-builder-403: age 29605410m (timeout 120m)
[2026-04-16 03:30:01]     ⚠️  STALE (exceeded timeout)
[2026-04-16 03:30:01]   Task fix-all-trade-issues: age 29605410m (timeout 120m)
[2026-04-16 03:30:01]     ⚠️  STALE (exceeded timeout)
[2026-04-16 03:30:01] Archiving 9 stale + 0 completed tasks...
[2026-04-16 03:40:01] Checking 9 active tasks...
[2026-04-16 03:40:01]   Task dogfood-qa-week4: age 29605420m (timeout 120m)
[2026-04-16 03:40:01]     ⚠️  STALE (exceeded timeout)
[2026-04-16 03:40:01]   Task fix-dogfood-week4: age 29605420m (timeout 120m)
[2026-04-16 03:40:01]     ⚠️  STALE (exceeded timeout)
[2026-04-16 03:40:01]   Task test-opt-parallel-logger: age 29605420m (timeout 120m)
[2026-04-16 03:40:01]     ⚠️  STALE (exceeded timeout)
[2026-04-16 03:40:01]   Task test-opt-parallel-error: age 29605420m (timeout 120m)
[2026-04-16 03:40:01]     ⚠️  STALE (exceeded timeout)
[2026-04-16 03:40:01]   Task audit-all-work: age 29605420m (timeout 120m)
[2026-04-16 03:40:01]     ⚠️  STALE (exceeded timeout)
[2026-04-16 03:40:01]   Task workqueue-automation: age 29605420m (timeout 120m)
[2026-04-16 03:40:01]     ⚠️  STALE (exceeded timeout)
[2026-04-16 03:40:01]   Task test-opt-analytics-opus: age 29605420m (timeout 120m)
[2026-04-16 03:40:01]     ⚠️  STALE (exceeded timeout)
[2026-04-16 03:40:01]   Task fix-trade-builder-403: age 29605420m (timeout 120m)
[2026-04-16 03:40:01]     ⚠️  STALE (exceeded timeout)
[2026-04-16 03:40:01]   Task fix-all-trade-issues: age 29605420m (timeout 120m)
[2026-04-16 03:40:01]     ⚠️  STALE (exceeded timeout)
[2026-04-16 03:40:01] Archiving 9 stale + 0 completed tasks...
[2026-04-16 03:50:01] Checking 9 active tasks...
[2026-04-16 03:50:01]   Task dogfood-qa-week4: age 29605430m (timeout 120m)
[2026-04-16 03:50:01]     ⚠️  STALE (exceeded timeout)
[2026-04-16 03:50:01]   Task fix-dogfood-week4: age 29605430m (timeout 120m)
[2026-04-16 03:50:01]     ⚠️  STALE (exceeded timeout)
[2026-04-16 03:50:01]   Task test-opt-parallel-logger: age 29605430m (timeout 120m)
[2026-04-16 03:50:01]     ⚠️  STALE (exceeded timeout)
[2026-04-16 03:50:01]   Task test-opt-parallel-error: age 29605430m (timeout 120m)
[2026-04-16 03:50:01]     ⚠️  STALE (exceeded timeout)
[2026-04-16 03:50:01]   Task audit-all-work: age 29605430m (timeout 120m)
[2026-04-16 03:50:01]     ⚠️  STALE (exceeded timeout)
[2026-04-16 03:50:01]   Task workqueue-automation: age 29605430m (timeout 120m)
[2026-04-16 03:50:01]     ⚠️  STALE (exceeded timeout)
[2026-04-16 03:50:01]   Task test-opt-analytics-opus: age 29605430m (timeout 120m)
[2026-04-16 03:50:01]     ⚠️  STALE (exceeded timeout)
[2026-04-16 03:50:01]   Task fix-trade-builder-403: age 29605430m (timeout 120m)
[2026-04-16 03:50:01]     ⚠️  STALE (exceeded timeout)
[2026-04-16 03:50:01]   Task fix-all-trade-issues: age 29605430m (timeout 120m)
[2026-04-16 03:50:01]     ⚠️  STALE (exceeded timeout)
[2026-04-16 03:50:01] Archiving 9 stale + 0 completed tasks...
[2026-04-16 04:00:00] Checking 9 active tasks...
[2026-04-16 04:00:00]   Task dogfood-qa-week4: age 29605440m (timeout 120m)
[2026-04-16 04:00:00]     ⚠️  STALE (exceeded timeout)
[2026-04-16 04:00:01]   Task fix-dogfood-week4: age 29605440m (timeout 120m)
[2026-04-16 04:00:01]     ⚠️  STALE (exceeded timeout)
[2026-04-16 04:00:01]   Task test-opt-parallel-logger: age 29605440m (timeout 120m)
[2026-04-16 04:00:01]     ⚠️  STALE (exceeded timeout)
[2026-04-16 04:00:01]   Task test-opt-parallel-error: age 29605440m (timeout 120m)
[2026-04-16 04:00:01]     ⚠️  STALE (exceeded timeout)
[2026-04-16 04:00:01]   Task audit-all-work: age 29605440m (timeout 120m)
[2026-04-16 04:00:01]     ⚠️  STALE (exceeded timeout)
[2026-04-16 04:00:01]   Task workqueue-automation: age 29605440m (timeout 120m)
[2026-04-16 04:00:01]     ⚠️  STALE (exceeded timeout)
[2026-04-16 04:00:01]   Task test-opt-analytics-opus: age 29605440m (timeout 120m)
[2026-04-16 04:00:01]     ⚠️  STALE (exceeded timeout)
[2026-04-16 04:00:01]   Task fix-trade-builder-403: age 29605440m (timeout 120m)
[2026-04-16 04:00:01]     ⚠️  STALE (exceeded timeout)
[2026-04-16 04:00:01]   Task fix-all-trade-issues: age 29605440m (timeout 120m)
[2026-04-16 04:00:01]     ⚠️  STALE (exceeded timeout)
[2026-04-16 04:00:01] Archiving 9 stale + 0 completed tasks...
[2026-04-16 04:10:00] Checking 9 active tasks...
[2026-04-16 04:10:00]   Task dogfood-qa-week4: age 29605450m (timeout 120m)
[2026-04-16 04:10:00]     ⚠️  STALE (exceeded timeout)
[2026-04-16 04:10:00]   Task fix-dogfood-week4: age 29605450m (timeout 120m)
[2026-04-16 04:10:00]     ⚠️  STALE (exceeded timeout)
[2026-04-16 04:10:00]   Task test-opt-parallel-logger: age 29605450m (timeout 120m)
[2026-04-16 04:10:00]     ⚠️  STALE (exceeded timeout)
[2026-04-16 04:10:00]   Task test-opt-parallel-error: age 29605450m (timeout 120m)
[2026-04-16 04:10:00]     ⚠️  STALE (exceeded timeout)
[2026-04-16 04:10:01]   Task audit-all-work: age 29605450m (timeout 120m)
[2026-04-16 04:10:01]     ⚠️  STALE (exceeded timeout)
[2026-04-16 04:10:01]   Task workqueue-automation: age 29605450m (timeout 120m)
[2026-04-16 04:10:01]     ⚠️  STALE (exceeded timeout)
[2026-04-16 04:10:01]   Task test-opt-analytics-opus: age 29605450m (timeout 120m)
[2026-04-16 04:10:01]     ⚠️  STALE (exceeded timeout)
[2026-04-16 04:10:01]   Task fix-trade-builder-403: age 29605450m (timeout 120m)
[2026-04-16 04:10:01]     ⚠️  STALE (exceeded timeout)
[2026-04-16 04:10:01]   Task fix-all-trade-issues: age 29605450m (timeout 120m)
[2026-04-16 04:10:01]     ⚠️  STALE (exceeded timeout)
[2026-04-16 04:10:01] Archiving 9 stale + 0 completed tasks...
[2026-04-16 04:20:00] Checking 9 active tasks...
[2026-04-16 04:20:00]   Task dogfood-qa-week4: age 29605460m (timeout 120m)
[2026-04-16 04:20:00]     ⚠️  STALE (exceeded timeout)
[2026-04-16 04:20:00]   Task fix-dogfood-week4: age 29605460m (timeout 120m)
[2026-04-16 04:20:00]     ⚠️  STALE (exceeded timeout)
[2026-04-16 04:20:00]   Task test-opt-parallel-logger: age 29605460m (timeout 120m)
[2026-04-16 04:20:00]     ⚠️  STALE (exceeded timeout)
[2026-04-16 04:20:00]   Task test-opt-parallel-error: age 29605460m (timeout 120m)
[2026-04-16 04:20:00]     ⚠️  STALE (exceeded timeout)
[2026-04-16 04:20:00]   Task audit-all-work: age 29605460m (timeout 120m)
[2026-04-16 04:20:00]     ⚠️  STALE (exceeded timeout)
[2026-04-16 04:20:00]   Task workqueue-automation: age 29605460m (timeout 120m)
[2026-04-16 04:20:00]     ⚠️  STALE (exceeded timeout)
[2026-04-16 04:20:00]   Task test-opt-analytics-opus: age 29605460m (timeout 120m)
[2026-04-16 04:20:00]     ⚠️  STALE (exceeded timeout)
[2026-04-16 04:20:00]   Task fix-trade-builder-403: age 29605460m (timeout 120m)
[2026-04-16 04:20:00]     ⚠️  STALE (exceeded timeout)
[2026-04-16 04:20:01]   Task fix-all-trade-issues: age 29605460m (timeout 120m)
[2026-04-16 04:20:01]     ⚠️  STALE (exceeded timeout)
[2026-04-16 04:20:01] Archiving 9 stale + 0 completed tasks...
[2026-04-16 04:30:00] Checking 9 active tasks...
[2026-04-16 04:30:00]   Task dogfood-qa-week4: age 29605470m (timeout 120m)
[2026-04-16 04:30:00]     ⚠️  STALE (exceeded timeout)
[2026-04-16 04:30:00]   Task fix-dogfood-week4: age 29605470m (timeout 120m)
[2026-04-16 04:30:00]     ⚠️  STALE (exceeded timeout)
[2026-04-16 04:30:00]   Task test-opt-parallel-logger: age 29605470m (timeout 120m)
[2026-04-16 04:30:00]     ⚠️  STALE (exceeded timeout)
[2026-04-16 04:30:00]   Task test-opt-parallel-error: age 29605470m (timeout 120m)
[2026-04-16 04:30:00]     ⚠️  STALE (exceeded timeout)
[2026-04-16 04:30:00]   Task audit-all-work: age 29605470m (timeout 120m)
[2026-04-16 04:30:00]     ⚠️  STALE (exceeded timeout)
[2026-04-16 04:30:00]   Task workqueue-automation: age 29605470m (timeout 120m)
[2026-04-16 04:30:00]     ⚠️  STALE (exceeded timeout)
[2026-04-16 04:30:00]   Task test-opt-analytics-opus: age 29605470m (timeout 120m)
[2026-04-16 04:30:00]     ⚠️  STALE (exceeded timeout)
[2026-04-16 04:30:01]   Task fix-trade-builder-403: age 29605470m (timeout 120m)
[2026-04-16 04:30:01]     ⚠️  STALE (exceeded timeout)
[2026-04-16 04:30:01]   Task fix-all-trade-issues: age 29605470m (timeout 120m)
[2026-04-16 04:30:01]     ⚠️  STALE (exceeded timeout)
[2026-04-16 04:30:01] Archiving 9 stale + 0 completed tasks...
[2026-04-16 04:40:00] Checking 9 active tasks...
[2026-04-16 04:40:00]   Task dogfood-qa-week4: age 29605480m (timeout 120m)
[2026-04-16 04:40:00]     ⚠️  STALE (exceeded timeout)
[2026-04-16 04:40:00]   Task fix-dogfood-week4: age 29605480m (timeout 120m)
[2026-04-16 04:40:00]     ⚠️  STALE (exceeded timeout)
[2026-04-16 04:40:00]   Task test-opt-parallel-logger: age 29605480m (timeout 120m)
[2026-04-16 04:40:00]     ⚠️  STALE (exceeded timeout)
[2026-04-16 04:40:01]   Task test-opt-parallel-error: age 29605480m (timeout 120m)
[2026-04-16 04:40:01]     ⚠️  STALE (exceeded timeout)
[2026-04-16 04:40:01]   Task audit-all-work: age 29605480m (timeout 120m)
[2026-04-16 04:40:01]     ⚠️  STALE (exceeded timeout)
[2026-04-16 04:40:01]   Task workqueue-automation: age 29605480m (timeout 120m)
[2026-04-16 04:40:01]     ⚠️  STALE (exceeded timeout)
[2026-04-16 04:40:01]   Task test-opt-analytics-opus: age 29605480m (timeout 120m)
[2026-04-16 04:40:01]     ⚠️  STALE (exceeded timeout)
[2026-04-16 04:40:01]   Task fix-trade-builder-403: age 29605480m (timeout 120m)
[2026-04-16 04:40:01]     ⚠️  STALE (exceeded timeout)
[2026-04-16 04:40:01]   Task fix-all-trade-issues: age 29605480m (timeout 120m)
[2026-04-16 04:40:01]     ⚠️  STALE (exceeded timeout)
[2026-04-16 04:40:01] Archiving 9 stale + 0 completed tasks...
[2026-04-16 04:50:00] Checking 9 active tasks...
[2026-04-16 04:50:00]   Task dogfood-qa-week4: age 29605490m (timeout 120m)
[2026-04-16 04:50:00]     ⚠️  STALE (exceeded timeout)
[2026-04-16 04:50:00]   Task fix-dogfood-week4: age 29605490m (timeout 120m)
[2026-04-16 04:50:00]     ⚠️  STALE (exceeded timeout)
[2026-04-16 04:50:00]   Task test-opt-parallel-logger: age 29605490m (timeout 120m)
[2026-04-16 04:50:00]     ⚠️  STALE (exceeded timeout)
[2026-04-16 04:50:01]   Task test-opt-parallel-error: age 29605490m (timeout 120m)
[2026-04-16 04:50:01]     ⚠️  STALE (exceeded timeout)
[2026-04-16 04:50:01]   Task audit-all-work: age 29605490m (timeout 120m)
[2026-04-16 04:50:01]     ⚠️  STALE (exceeded timeout)
[2026-04-16 04:50:01]   Task workqueue-automation: age 29605490m (timeout 120m)
[2026-04-16 04:50:01]     ⚠️  STALE (exceeded timeout)
[2026-04-16 04:50:01]   Task test-opt-analytics-opus: age 29605490m (timeout 120m)
[2026-04-16 04:50:01]     ⚠️  STALE (exceeded timeout)
[2026-04-16 04:50:01]   Task fix-trade-builder-403: age 29605490m (timeout 120m)
[2026-04-16 04:50:01]     ⚠️  STALE (exceeded timeout)
[2026-04-16 04:50:01]   Task fix-all-trade-issues: age 29605490m (timeout 120m)
[2026-04-16 04:50:01]     ⚠️  STALE (exceeded timeout)
[2026-04-16 04:50:01] Archiving 9 stale + 0 completed tasks...
[2026-04-16 05:00:00] Checking 9 active tasks...
[2026-04-16 05:00:00]   Task dogfood-qa-week4: age 29605500m (timeout 120m)
[2026-04-16 05:00:00]     ⚠️  STALE (exceeded timeout)
[2026-04-16 05:00:00]   Task fix-dogfood-week4: age 29605500m (timeout 120m)
[2026-04-16 05:00:00]     ⚠️  STALE (exceeded timeout)
[2026-04-16 05:00:00]   Task test-opt-parallel-logger: age 29605500m (timeout 120m)
[2026-04-16 05:00:01]     ⚠️  STALE (exceeded timeout)
[2026-04-16 05:00:01]   Task test-opt-parallel-error: age 29605500m (timeout 120m)
[2026-04-16 05:00:01]     ⚠️  STALE (exceeded timeout)
[2026-04-16 05:00:01]   Task audit-all-work: age 29605500m (timeout 120m)
[2026-04-16 05:00:01]     ⚠️  STALE (exceeded timeout)
[2026-04-16 05:00:01]   Task workqueue-automation: age 29605500m (timeout 120m)
[2026-04-16 05:00:01]     ⚠️  STALE (exceeded timeout)
[2026-04-16 05:00:01]   Task test-opt-analytics-opus: age 29605500m (timeout 120m)
[2026-04-16 05:00:01]     ⚠️  STALE (exceeded timeout)
[2026-04-16 05:00:01]   Task fix-trade-builder-403: age 29605500m (timeout 120m)
[2026-04-16 05:00:01]     ⚠️  STALE (exceeded timeout)
[2026-04-16 05:00:01]   Task fix-all-trade-issues: age 29605500m (timeout 120m)
[2026-04-16 05:00:01]     ⚠️  STALE (exceeded timeout)
[2026-04-16 05:00:01] Archiving 9 stale + 0 completed tasks...
[2026-04-16 05:10:00] Checking 9 active tasks...
[2026-04-16 05:10:00]   Task dogfood-qa-week4: age 29605510m (timeout 120m)
[2026-04-16 05:10:00]     ⚠️  STALE (exceeded timeout)
[2026-04-16 05:10:00]   Task fix-dogfood-week4: age 29605510m (timeout 120m)
[2026-04-16 05:10:00]     ⚠️  STALE (exceeded timeout)
[2026-04-16 05:10:00]   Task test-opt-parallel-logger: age 29605510m (timeout 120m)
[2026-04-16 05:10:00]     ⚠️  STALE (exceeded timeout)
[2026-04-16 05:10:01]   Task test-opt-parallel-error: age 29605510m (timeout 120m)
[2026-04-16 05:10:01]     ⚠️  STALE (exceeded timeout)
[2026-04-16 05:10:01]   Task audit-all-work: age 29605510m (timeout 120m)
[2026-04-16 05:10:01]     ⚠️  STALE (exceeded timeout)
[2026-04-16 05:10:01]   Task workqueue-automation: age 29605510m (timeout 120m)
[2026-04-16 05:10:01]     ⚠️  STALE (exceeded timeout)
[2026-04-16 05:10:01]   Task test-opt-analytics-opus: age 29605510m (timeout 120m)
[2026-04-16 05:10:01]     ⚠️  STALE (exceeded timeout)
[2026-04-16 05:10:01]   Task fix-trade-builder-403: age 29605510m (timeout 120m)
[2026-04-16 05:10:01]     ⚠️  STALE (exceeded timeout)
[2026-04-16 05:10:01]   Task fix-all-trade-issues: age 29605510m (timeout 120m)
[2026-04-16 05:10:01]     ⚠️  STALE (exceeded timeout)
[2026-04-16 05:10:01] Archiving 9 stale + 0 completed tasks...
[2026-04-16 05:20:00] Checking 9 active tasks...
[2026-04-16 05:20:00]   Task dogfood-qa-week4: age 29605520m (timeout 120m)
[2026-04-16 05:20:00]     ⚠️  STALE (exceeded timeout)
[2026-04-16 05:20:00]   Task fix-dogfood-week4: age 29605520m (timeout 120m)
[2026-04-16 05:20:00]     ⚠️  STALE (exceeded timeout)
[2026-04-16 05:20:00]   Task test-opt-parallel-logger: age 29605520m (timeout 120m)
[2026-04-16 05:20:00]     ⚠️  STALE (exceeded timeout)
[2026-04-16 05:20:01]   Task test-opt-parallel-error: age 29605520m (timeout 120m)
[2026-04-16 05:20:01]     ⚠️  STALE (exceeded timeout)
[2026-04-16 05:20:01]   Task audit-all-work: age 29605520m (timeout 120m)
[2026-04-16 05:20:01]     ⚠️  STALE (exceeded timeout)
[2026-04-16 05:20:01]   Task workqueue-automation: age 29605520m (timeout 120m)
[2026-04-16 05:20:01]     ⚠️  STALE (exceeded timeout)
[2026-04-16 05:20:01]   Task test-opt-analytics-opus: age 29605520m (timeout 120m)
[2026-04-16 05:20:01]     ⚠️  STALE (exceeded timeout)
[2026-04-16 05:20:01]   Task fix-trade-builder-403: age 29605520m (timeout 120m)
[2026-04-16 05:20:01]     ⚠️  STALE (exceeded timeout)
[2026-04-16 05:20:01]   Task fix-all-trade-issues: age 29605520m (timeout 120m)
[2026-04-16 05:20:01]     ⚠️  STALE (exceeded timeout)
[2026-04-16 05:20:01] Archiving 9 stale + 0 completed tasks...
[2026-04-16 05:30:00] Checking 9 active tasks...
[2026-04-16 05:30:00]   Task dogfood-qa-week4: age 29605530m (timeout 120m)
[2026-04-16 05:30:00]     ⚠️  STALE (exceeded timeout)
[2026-04-16 05:30:00]   Task fix-dogfood-week4: age 29605530m (timeout 120m)
[2026-04-16 05:30:00]     ⚠️  STALE (exceeded timeout)
[2026-04-16 05:30:00]   Task test-opt-parallel-logger: age 29605530m (timeout 120m)
[2026-04-16 05:30:00]     ⚠️  STALE (exceeded timeout)
[2026-04-16 05:30:00]   Task test-opt-parallel-error: age 29605530m (timeout 120m)
[2026-04-16 05:30:00]     ⚠️  STALE (exceeded timeout)
[2026-04-16 05:30:00]   Task audit-all-work: age 29605530m (timeout 120m)
[2026-04-16 05:30:00]     ⚠️  STALE (exceeded timeout)
[2026-04-16 05:30:00]   Task workqueue-automation: age 29605530m (timeout 120m)
[2026-04-16 05:30:01]     ⚠️  STALE (exceeded timeout)
[2026-04-16 05:30:01]   Task test-opt-analytics-opus: age 29605530m (timeout 120m)
[2026-04-16 05:30:01]     ⚠️  STALE (exceeded timeout)
[2026-04-16 05:30:01]   Task fix-trade-builder-403: age 29605530m (timeout 120m)
[2026-04-16 05:30:01]     ⚠️  STALE (exceeded timeout)
[2026-04-16 05:30:01]   Task fix-all-trade-issues: age 29605530m (timeout 120m)
[2026-04-16 05:30:01]     ⚠️  STALE (exceeded timeout)
[2026-04-16 05:30:01] Archiving 9 stale + 0 completed tasks...
[2026-04-16 05:40:00] Checking 9 active tasks...
[2026-04-16 05:40:00]   Task dogfood-qa-week4: age 29605540m (timeout 120m)
[2026-04-16 05:40:00]     ⚠️  STALE (exceeded timeout)
[2026-04-16 05:40:00]   Task fix-dogfood-week4: age 29605540m (timeout 120m)
[2026-04-16 05:40:00]     ⚠️  STALE (exceeded timeout)
[2026-04-16 05:40:01]   Task test-opt-parallel-logger: age 29605540m (timeout 120m)
[2026-04-16 05:40:01]     ⚠️  STALE (exceeded timeout)
[2026-04-16 05:40:01]   Task test-opt-parallel-error: age 29605540m (timeout 120m)
[2026-04-16 05:40:01]     ⚠️  STALE (exceeded timeout)
[2026-04-16 05:40:01]   Task audit-all-work: age 29605540m (timeout 120m)
[2026-04-16 05:40:01]     ⚠️  STALE (exceeded timeout)
[2026-04-16 05:40:01]   Task workqueue-automation: age 29605540m (timeout 120m)
[2026-04-16 05:40:01]     ⚠️  STALE (exceeded timeout)
[2026-04-16 05:40:01]   Task test-opt-analytics-opus: age 29605540m (timeout 120m)
[2026-04-16 05:40:01]     ⚠️  STALE (exceeded timeout)
[2026-04-16 05:40:01]   Task fix-trade-builder-403: age 29605540m (timeout 120m)
[2026-04-16 05:40:01]     ⚠️  STALE (exceeded timeout)
[2026-04-16 05:40:01]   Task fix-all-trade-issues: age 29605540m (timeout 120m)
[2026-04-16 05:40:01]     ⚠️  STALE (exceeded timeout)
[2026-04-16 05:40:01] Archiving 9 stale + 0 completed tasks...
[2026-04-16 05:50:00] Checking 9 active tasks...
[2026-04-16 05:50:00]   Task dogfood-qa-week4: age 29605550m (timeout 120m)
[2026-04-16 05:50:00]     ⚠️  STALE (exceeded timeout)
[2026-04-16 05:50:01]   Task fix-dogfood-week4: age 29605550m (timeout 120m)
[2026-04-16 05:50:01]     ⚠️  STALE (exceeded timeout)
[2026-04-16 05:50:01]   Task test-opt-parallel-logger: age 29605550m (timeout 120m)
[2026-04-16 05:50:01]     ⚠️  STALE (exceeded timeout)
[2026-04-16 05:50:01]   Task test-opt-parallel-error: age 29605550m (timeout 120m)
[2026-04-16 05:50:01]     ⚠️  STALE (exceeded timeout)
[2026-04-16 05:50:01]   Task audit-all-work: age 29605550m (timeout 120m)
[2026-04-16 05:50:01]     ⚠️  STALE (exceeded timeout)
[2026-04-16 05:50:01]   Task workqueue-automation: age 29605550m (timeout 120m)
[2026-04-16 05:50:01]     ⚠️  STALE (exceeded timeout)
[2026-04-16 05:50:01]   Task test-opt-analytics-opus: age 29605550m (timeout 120m)
[2026-04-16 05:50:01]     ⚠️  STALE (exceeded timeout)
[2026-04-16 05:50:01]   Task fix-trade-builder-403: age 29605550m (timeout 120m)
[2026-04-16 05:50:01]     ⚠️  STALE (exceeded timeout)
[2026-04-16 05:50:01]   Task fix-all-trade-issues: age 29605550m (timeout 120m)
[2026-04-16 05:50:01]     ⚠️  STALE (exceeded timeout)
[2026-04-16 05:50:01] Archiving 9 stale + 0 completed tasks...
[2026-04-16 06:00:00] Checking 9 active tasks...
[2026-04-16 06:00:00]   Task dogfood-qa-week4: age 29605560m (timeout 120m)
[2026-04-16 06:00:00]     ⚠️  STALE (exceeded timeout)
[2026-04-16 06:00:01]   Task fix-dogfood-week4: age 29605560m (timeout 120m)
[2026-04-16 06:00:01]     ⚠️  STALE (exceeded timeout)
[2026-04-16 06:00:01]   Task test-opt-parallel-logger: age 29605560m (timeout 120m)
[2026-04-16 06:00:01]     ⚠️  STALE (exceeded timeout)
[2026-04-16 06:00:01]   Task test-opt-parallel-error: age 29605560m (timeout 120m)
[2026-04-16 06:00:01]     ⚠️  STALE (exceeded timeout)
[2026-04-16 06:00:01]   Task audit-all-work: age 29605560m (timeout 120m)
[2026-04-16 06:00:01]     ⚠️  STALE (exceeded timeout)
[2026-04-16 06:00:01]   Task workqueue-automation: age 29605560m (timeout 120m)
[2026-04-16 06:00:01]     ⚠️  STALE (exceeded timeout)
[2026-04-16 06:00:01]   Task test-opt-analytics-opus: age 29605560m (timeout 120m)
[2026-04-16 06:00:01]     ⚠️  STALE (exceeded timeout)
[2026-04-16 06:00:01]   Task fix-trade-builder-403: age 29605560m (timeout 120m)
[2026-04-16 06:00:01]     ⚠️  STALE (exceeded timeout)
[2026-04-16 06:00:01]   Task fix-all-trade-issues: age 29605560m (timeout 120m)
[2026-04-16 06:00:01]     ⚠️  STALE (exceeded timeout)
[2026-04-16 06:00:01] Archiving 9 stale + 0 completed tasks...
[2026-04-16 06:10:01] Checking 9 active tasks...
[2026-04-16 06:10:01]   Task dogfood-qa-week4: age 29605570m (timeout 120m)
[2026-04-16 06:10:01]     ⚠️  STALE (exceeded timeout)
[2026-04-16 06:10:01]   Task fix-dogfood-week4: age 29605570m (timeout 120m)
[2026-04-16 06:10:01]     ⚠️  STALE (exceeded timeout)
[2026-04-16 06:10:01]   Task test-opt-parallel-logger: age 29605570m (timeout 120m)
[2026-04-16 06:10:01]     ⚠️  STALE (exceeded timeout)
[2026-04-16 06:10:01]   Task test-opt-parallel-error: age 29605570m (timeout 120m)
[2026-04-16 06:10:01]     ⚠️  STALE (exceeded timeout)
[2026-04-16 06:10:01]   Task audit-all-work: age 29605570m (timeout 120m)
[2026-04-16 06:10:01]     ⚠️  STALE (exceeded timeout)
[2026-04-16 06:10:01]   Task workqueue-automation: age 29605570m (timeout 120m)
[2026-04-16 06:10:01]     ⚠️  STALE (exceeded timeout)
[2026-04-16 06:10:01]   Task test-opt-analytics-opus: age 29605570m (timeout 120m)
[2026-04-16 06:10:01]     ⚠️  STALE (exceeded timeout)
[2026-04-16 06:10:01]   Task fix-trade-builder-403: age 29605570m (timeout 120m)
[2026-04-16 06:10:01]     ⚠️  STALE (exceeded timeout)
[2026-04-16 06:10:01]   Task fix-all-trade-issues: age 29605570m (timeout 120m)
[2026-04-16 06:10:01]     ⚠️  STALE (exceeded timeout)
[2026-04-16 06:10:01] Archiving 9 stale + 0 completed tasks...
[2026-04-16 06:20:01] Checking 9 active tasks...
[2026-04-16 06:20:01]   Task dogfood-qa-week4: age 29605580m (timeout 120m)
[2026-04-16 06:20:01]     ⚠️  STALE (exceeded timeout)
[2026-04-16 06:20:01]   Task fix-dogfood-week4: age 29605580m (timeout 120m)
[2026-04-16 06:20:01]     ⚠️  STALE (exceeded timeout)
[2026-04-16 06:20:01]   Task test-opt-parallel-logger: age 29605580m (timeout 120m)
[2026-04-16 06:20:01]     ⚠️  STALE (exceeded timeout)
[2026-04-16 06:20:01]   Task test-opt-parallel-error: age 29605580m (timeout 120m)
[2026-04-16 06:20:01]     ⚠️  STALE (exceeded timeout)
[2026-04-16 06:20:01]   Task audit-all-work: age 29605580m (timeout 120m)
[2026-04-16 06:20:01]     ⚠️  STALE (exceeded timeout)
[2026-04-16 06:20:01]   Task workqueue-automation: age 29605580m (timeout 120m)
[2026-04-16 06:20:01]     ⚠️  STALE (exceeded timeout)
[2026-04-16 06:20:01]   Task test-opt-analytics-opus: age 29605580m (timeout 120m)
[2026-04-16 06:20:01]     ⚠️  STALE (exceeded timeout)
[2026-04-16 06:20:01]   Task fix-trade-builder-403: age 29605580m (timeout 120m)
[2026-04-16 06:20:01]     ⚠️  STALE (exceeded timeout)
[2026-04-16 06:20:01]   Task fix-all-trade-issues: age 29605580m (timeout 120m)
[2026-04-16 06:20:01]     ⚠️  STALE (exceeded timeout)
[2026-04-16 06:20:01] Archiving 9 stale + 0 completed tasks...
[2026-04-16 06:30:01] Checking 9 active tasks...
[2026-04-16 06:30:01]   Task dogfood-qa-week4: age 29605590m (timeout 120m)
[2026-04-16 06:30:01]     ⚠️  STALE (exceeded timeout)
[2026-04-16 06:30:01]   Task fix-dogfood-week4: age 29605590m (timeout 120m)
[2026-04-16 06:30:01]     ⚠️  STALE (exceeded timeout)
[2026-04-16 06:30:01]   Task test-opt-parallel-logger: age 29605590m (timeout 120m)
[2026-04-16 06:30:01]     ⚠️  STALE (exceeded timeout)
[2026-04-16 06:30:01]   Task test-opt-parallel-error: age 29605590m (timeout 120m)
[2026-04-16 06:30:01]     ⚠️  STALE (exceeded timeout)
[2026-04-16 06:30:01]   Task audit-all-work: age 29605590m (timeout 120m)
[2026-04-16 06:30:01]     ⚠️  STALE (exceeded timeout)
[2026-04-16 06:30:01]   Task workqueue-automation: age 29605590m (timeout 120m)
[2026-04-16 06:30:01]     ⚠️  STALE (exceeded timeout)
[2026-04-16 06:30:01]   Task test-opt-analytics-opus: age 29605590m (timeout 120m)
[2026-04-16 06:30:01]     ⚠️  STALE (exceeded timeout)
[2026-04-16 06:30:01]   Task fix-trade-builder-403: age 29605590m (timeout 120m)
[2026-04-16 06:30:01]     ⚠️  STALE (exceeded timeout)
[2026-04-16 06:30:01]   Task fix-all-trade-issues: age 29605590m (timeout 120m)
[2026-04-16 06:30:01]     ⚠️  STALE (exceeded timeout)
[2026-04-16 06:30:01] Archiving 9 stale + 0 completed tasks...
[2026-04-16 06:40:00] Checking 9 active tasks...
[2026-04-16 06:40:01]   Task dogfood-qa-week4: age 29605600m (timeout 120m)
[2026-04-16 06:40:01]     ⚠️  STALE (exceeded timeout)
[2026-04-16 06:40:01]   Task fix-dogfood-week4: age 29605600m (timeout 120m)
[2026-04-16 06:40:01]     ⚠️  STALE (exceeded timeout)
[2026-04-16 06:40:01]   Task test-opt-parallel-logger: age 29605600m (timeout 120m)
[2026-04-16 06:40:01]     ⚠️  STALE (exceeded timeout)
[2026-04-16 06:40:01]   Task test-opt-parallel-error: age 29605600m (timeout 120m)
[2026-04-16 06:40:01]     ⚠️  STALE (exceeded timeout)
[2026-04-16 06:40:01]   Task audit-all-work: age 29605600m (timeout 120m)
[2026-04-16 06:40:01]     ⚠️  STALE (exceeded timeout)
[2026-04-16 06:40:01]   Task workqueue-automation: age 29605600m (timeout 120m)
[2026-04-16 06:40:01]     ⚠️  STALE (exceeded timeout)
[2026-04-16 06:40:01]   Task test-opt-analytics-opus: age 29605600m (timeout 120m)
[2026-04-16 06:40:01]     ⚠️  STALE (exceeded timeout)
[2026-04-16 06:40:01]   Task fix-trade-builder-403: age 29605600m (timeout 120m)
[2026-04-16 06:40:01]     ⚠️  STALE (exceeded timeout)
[2026-04-16 06:40:01]   Task fix-all-trade-issues: age 29605600m (timeout 120m)
[2026-04-16 06:40:01]     ⚠️  STALE (exceeded timeout)
[2026-04-16 06:40:01] Archiving 9 stale + 0 completed tasks...
[2026-04-16 06:50:00] Checking 9 active tasks...
[2026-04-16 06:50:00]   Task dogfood-qa-week4: age 29605610m (timeout 120m)
[2026-04-16 06:50:00]     ⚠️  STALE (exceeded timeout)
[2026-04-16 06:50:00]   Task fix-dogfood-week4: age 29605610m (timeout 120m)
[2026-04-16 06:50:00]     ⚠️  STALE (exceeded timeout)
[2026-04-16 06:50:00]   Task test-opt-parallel-logger: age 29605610m (timeout 120m)
[2026-04-16 06:50:00]     ⚠️  STALE (exceeded timeout)
[2026-04-16 06:50:01]   Task test-opt-parallel-error: age 29605610m (timeout 120m)
[2026-04-16 06:50:01]     ⚠️  STALE (exceeded timeout)
[2026-04-16 06:50:01]   Task audit-all-work: age 29605610m (timeout 120m)
[2026-04-16 06:50:01]     ⚠️  STALE (exceeded timeout)
[2026-04-16 06:50:01]   Task workqueue-automation: age 29605610m (timeout 120m)
[2026-04-16 06:50:01]     ⚠️  STALE (exceeded timeout)
[2026-04-16 06:50:01]   Task test-opt-analytics-opus: age 29605610m (timeout 120m)
[2026-04-16 06:50:01]     ⚠️  STALE (exceeded timeout)
[2026-04-16 06:50:01]   Task fix-trade-builder-403: age 29605610m (timeout 120m)
[2026-04-16 06:50:01]     ⚠️  STALE (exceeded timeout)
[2026-04-16 06:50:01]   Task fix-all-trade-issues: age 29605610m (timeout 120m)
[2026-04-16 06:50:01]     ⚠️  STALE (exceeded timeout)
[2026-04-16 06:50:01] Archiving 9 stale + 0 completed tasks...
[2026-04-16 07:00:00] Checking 9 active tasks...
[2026-04-16 07:00:00]   Task dogfood-qa-week4: age 29605620m (timeout 120m)
[2026-04-16 07:00:00]     ⚠️  STALE (exceeded timeout)
[2026-04-16 07:00:00]   Task fix-dogfood-week4: age 29605620m (timeout 120m)
[2026-04-16 07:00:00]     ⚠️  STALE (exceeded timeout)
[2026-04-16 07:00:01]   Task test-opt-parallel-logger: age 29605620m (timeout 120m)
[2026-04-16 07:00:01]     ⚠️  STALE (exceeded timeout)
[2026-04-16 07:00:01]   Task test-opt-parallel-error: age 29605620m (timeout 120m)
[2026-04-16 07:00:01]     ⚠️  STALE (exceeded timeout)
[2026-04-16 07:00:01]   Task audit-all-work: age 29605620m (timeout 120m)
[2026-04-16 07:00:01]     ⚠️  STALE (exceeded timeout)
[2026-04-16 07:00:01]   Task workqueue-automation: age 29605620m (timeout 120m)
[2026-04-16 07:00:01]     ⚠️  STALE (exceeded timeout)
[2026-04-16 07:00:01]   Task test-opt-analytics-opus: age 29605620m (timeout 120m)
[2026-04-16 07:00:01]     ⚠️  STALE (exceeded timeout)
[2026-04-16 07:00:01]   Task fix-trade-builder-403: age 29605620m (timeout 120m)
[2026-04-16 07:00:01]     ⚠️  STALE (exceeded timeout)
[2026-04-16 07:00:01]   Task fix-all-trade-issues: age 29605620m (timeout 120m)
[2026-04-16 07:00:01]     ⚠️  STALE (exceeded timeout)
[2026-04-16 07:00:01] Archiving 9 stale + 0 completed tasks...
[2026-04-16 07:10:01] Checking 9 active tasks...
[2026-04-16 07:10:01]   Task dogfood-qa-week4: age 29605630m (timeout 120m)
[2026-04-16 07:10:01]     ⚠️  STALE (exceeded timeout)
[2026-04-16 07:10:01]   Task fix-dogfood-week4: age 29605630m (timeout 120m)
[2026-04-16 07:10:01]     ⚠️  STALE (exceeded timeout)
[2026-04-16 07:10:01]   Task test-opt-parallel-logger: age 29605630m (timeout 120m)
[2026-04-16 07:10:01]     ⚠️  STALE (exceeded timeout)
[2026-04-16 07:10:01]   Task test-opt-parallel-error: age 29605630m (timeout 120m)
[2026-04-16 07:10:01]     ⚠️  STALE (exceeded timeout)
[2026-04-16 07:10:01]   Task audit-all-work: age 29605630m (timeout 120m)
[2026-04-16 07:10:01]     ⚠️  STALE (exceeded timeout)
[2026-04-16 07:10:01]   Task workqueue-automation: age 29605630m (timeout 120m)
[2026-04-16 07:10:01]     ⚠️  STALE (exceeded timeout)
[2026-04-16 07:10:01]   Task test-opt-analytics-opus: age 29605630m (timeout 120m)
[2026-04-16 07:10:01]     ⚠️  STALE (exceeded timeout)
[2026-04-16 07:10:01]   Task fix-trade-builder-403: age 29605630m (timeout 120m)
[2026-04-16 07:10:01]     ⚠️  STALE (exceeded timeout)
[2026-04-16 07:10:01]   Task fix-all-trade-issues: age 29605630m (timeout 120m)
[2026-04-16 07:10:01]     ⚠️  STALE (exceeded timeout)
[2026-04-16 07:10:01] Archiving 9 stale + 0 completed tasks...
[2026-04-16 07:20:00] Checking 9 active tasks...
[2026-04-16 07:20:00]   Task dogfood-qa-week4: age 29605640m (timeout 120m)
[2026-04-16 07:20:00]     ⚠️  STALE (exceeded timeout)
[2026-04-16 07:20:00]   Task fix-dogfood-week4: age 29605640m (timeout 120m)
[2026-04-16 07:20:00]     ⚠️  STALE (exceeded timeout)
[2026-04-16 07:20:01]   Task test-opt-parallel-logger: age 29605640m (timeout 120m)
[2026-04-16 07:20:01]     ⚠️  STALE (exceeded timeout)
[2026-04-16 07:20:01]   Task test-opt-parallel-error: age 29605640m (timeout 120m)
[2026-04-16 07:20:01]     ⚠️  STALE (exceeded timeout)
[2026-04-16 07:20:01]   Task audit-all-work: age 29605640m (timeout 120m)
[2026-04-16 07:20:01]     ⚠️  STALE (exceeded timeout)
[2026-04-16 07:20:01]   Task workqueue-automation: age 29605640m (timeout 120m)
[2026-04-16 07:20:01]     ⚠️  STALE (exceeded timeout)
[2026-04-16 07:20:01]   Task test-opt-analytics-opus: age 29605640m (timeout 120m)
[2026-04-16 07:20:01]     ⚠️  STALE (exceeded timeout)
[2026-04-16 07:20:01]   Task fix-trade-builder-403: age 29605640m (timeout 120m)
[2026-04-16 07:20:01]     ⚠️  STALE (exceeded timeout)
[2026-04-16 07:20:01]   Task fix-all-trade-issues: age 29605640m (timeout 120m)
[2026-04-16 07:20:01]     ⚠️  STALE (exceeded timeout)
[2026-04-16 07:20:01] Archiving 9 stale + 0 completed tasks...
[2026-04-16 07:30:00] Checking 9 active tasks...
[2026-04-16 07:30:00]   Task dogfood-qa-week4: age 29605650m (timeout 120m)
[2026-04-16 07:30:00]     ⚠️  STALE (exceeded timeout)
[2026-04-16 07:30:00]   Task fix-dogfood-week4: age 29605650m (timeout 120m)
[2026-04-16 07:30:00]     ⚠️  STALE (exceeded timeout)
[2026-04-16 07:30:00]   Task test-opt-parallel-logger: age 29605650m (timeout 120m)
[2026-04-16 07:30:00]     ⚠️  STALE (exceeded timeout)
[2026-04-16 07:30:00]   Task test-opt-parallel-error: age 29605650m (timeout 120m)
[2026-04-16 07:30:00]     ⚠️  STALE (exceeded timeout)
[2026-04-16 07:30:00]   Task audit-all-work: age 29605650m (timeout 120m)
[2026-04-16 07:30:00]     ⚠️  STALE (exceeded timeout)
[2026-04-16 07:30:00]   Task workqueue-automation: age 29605650m (timeout 120m)
[2026-04-16 07:30:00]     ⚠️  STALE (exceeded timeout)
[2026-04-16 07:30:01]   Task test-opt-analytics-opus: age 29605650m (timeout 120m)
[2026-04-16 07:30:01]     ⚠️  STALE (exceeded timeout)
[2026-04-16 07:30:01]   Task fix-trade-builder-403: age 29605650m (timeout 120m)
[2026-04-16 07:30:01]     ⚠️  STALE (exceeded timeout)
[2026-04-16 07:30:01]   Task fix-all-trade-issues: age 29605650m (timeout 120m)
[2026-04-16 07:30:01]     ⚠️  STALE (exceeded timeout)
[2026-04-16 07:30:01] Archiving 9 stale + 0 completed tasks...
[2026-04-16 07:40:00] Checking 9 active tasks...
[2026-04-16 07:40:00]   Task dogfood-qa-week4: age 29605660m (timeout 120m)
[2026-04-16 07:40:00]     ⚠️  STALE (exceeded timeout)
[2026-04-16 07:40:00]   Task fix-dogfood-week4: age 29605660m (timeout 120m)
[2026-04-16 07:40:00]     ⚠️  STALE (exceeded timeout)
[2026-04-16 07:40:00]   Task test-opt-parallel-logger: age 29605660m (timeout 120m)
[2026-04-16 07:40:00]     ⚠️  STALE (exceeded timeout)
[2026-04-16 07:40:00]   Task test-opt-parallel-error: age 29605660m (timeout 120m)
[2026-04-16 07:40:00]     ⚠️  STALE (exceeded timeout)
[2026-04-16 07:40:00]   Task audit-all-work: age 29605660m (timeout 120m)
[2026-04-16 07:40:00]     ⚠️  STALE (exceeded timeout)
[2026-04-16 07:40:00]   Task workqueue-automation: age 29605660m (timeout 120m)
[2026-04-16 07:40:00]     ⚠️  STALE (exceeded timeout)
[2026-04-16 07:40:00]   Task test-opt-analytics-opus: age 29605660m (timeout 120m)
[2026-04-16 07:40:00]     ⚠️  STALE (exceeded timeout)
[2026-04-16 07:40:00]   Task fix-trade-builder-403: age 29605660m (timeout 120m)
[2026-04-16 07:40:00]     ⚠️  STALE (exceeded timeout)
[2026-04-16 07:40:00]   Task fix-all-trade-issues: age 29605660m (timeout 120m)
[2026-04-16 07:40:00]     ⚠️  STALE (exceeded timeout)
[2026-04-16 07:40:00] Archiving 9 stale + 0 completed tasks...
[2026-04-16 07:50:01] Checking 9 active tasks...
[2026-04-16 07:50:01]   Task dogfood-qa-week4: age 29605670m (timeout 120m)
[2026-04-16 07:50:01]     ⚠️  STALE (exceeded timeout)
[2026-04-16 07:50:01]   Task fix-dogfood-week4: age 29605670m (timeout 120m)
[2026-04-16 07:50:01]     ⚠️  STALE (exceeded timeout)
[2026-04-16 07:50:01]   Task test-opt-parallel-logger: age 29605670m (timeout 120m)
[2026-04-16 07:50:01]     ⚠️  STALE (exceeded timeout)
[2026-04-16 07:50:01]   Task test-opt-parallel-error: age 29605670m (timeout 120m)
[2026-04-16 07:50:01]     ⚠️  STALE (exceeded timeout)
[2026-04-16 07:50:01]   Task audit-all-work: age 29605670m (timeout 120m)
[2026-04-16 07:50:01]     ⚠️  STALE (exceeded timeout)
[2026-04-16 07:50:01]   Task workqueue-automation: age 29605670m (timeout 120m)
[2026-04-16 07:50:01]     ⚠️  STALE (exceeded timeout)
[2026-04-16 07:50:01]   Task test-opt-analytics-opus: age 29605670m (timeout 120m)
[2026-04-16 07:50:01]     ⚠️  STALE (exceeded timeout)
[2026-04-16 07:50:01]   Task fix-trade-builder-403: age 29605670m (timeout 120m)
[2026-04-16 07:50:01]     ⚠️  STALE (exceeded timeout)
[2026-04-16 07:50:01]   Task fix-all-trade-issues: age 29605670m (timeout 120m)
[2026-04-16 07:50:01]     ⚠️  STALE (exceeded timeout)
[2026-04-16 07:50:01] Archiving 9 stale + 0 completed tasks...
[2026-04-16 08:00:01] Checking 9 active tasks...
[2026-04-16 08:00:01]   Task dogfood-qa-week4: age 29605680m (timeout 120m)
[2026-04-16 08:00:01]     ⚠️  STALE (exceeded timeout)
[2026-04-16 08:00:01]   Task fix-dogfood-week4: age 29605680m (timeout 120m)
[2026-04-16 08:00:01]     ⚠️  STALE (exceeded timeout)
[2026-04-16 08:00:01]   Task test-opt-parallel-logger: age 29605680m (timeout 120m)
[2026-04-16 08:00:01]     ⚠️  STALE (exceeded timeout)
[2026-04-16 08:00:01]   Task test-opt-parallel-error: age 29605680m (timeout 120m)
[2026-04-16 08:00:01]     ⚠️  STALE (exceeded timeout)
[2026-04-16 08:00:01]   Task audit-all-work: age 29605680m (timeout 120m)
[2026-04-16 08:00:01]     ⚠️  STALE (exceeded timeout)
[2026-04-16 08:00:01]   Task workqueue-automation: age 29605680m (timeout 120m)
[2026-04-16 08:00:01]     ⚠️  STALE (exceeded timeout)
[2026-04-16 08:00:01]   Task test-opt-analytics-opus: age 29605680m (timeout 120m)
[2026-04-16 08:00:01]     ⚠️  STALE (exceeded timeout)
[2026-04-16 08:00:01]   Task fix-trade-builder-403: age 29605680m (timeout 120m)
[2026-04-16 08:00:01]     ⚠️  STALE (exceeded timeout)
[2026-04-16 08:00:01]   Task fix-all-trade-issues: age 29605680m (timeout 120m)
[2026-04-16 08:00:01]     ⚠️  STALE (exceeded timeout)
[2026-04-16 08:00:01] Archiving 9 stale + 0 completed tasks...
[2026-04-16 08:10:00] Checking 9 active tasks...
[2026-04-16 08:10:00]   Task dogfood-qa-week4: age 29605690m (timeout 120m)
[2026-04-16 08:10:00]     ⚠️  STALE (exceeded timeout)
[2026-04-16 08:10:00]   Task fix-dogfood-week4: age 29605690m (timeout 120m)
[2026-04-16 08:10:00]     ⚠️  STALE (exceeded timeout)
[2026-04-16 08:10:00]   Task test-opt-parallel-logger: age 29605690m (timeout 120m)
[2026-04-16 08:10:00]     ⚠️  STALE (exceeded timeout)
[2026-04-16 08:10:00]   Task test-opt-parallel-error: age 29605690m (timeout 120m)
[2026-04-16 08:10:00]     ⚠️  STALE (exceeded timeout)
[2026-04-16 08:10:00]   Task audit-all-work: age 29605690m (timeout 120m)
[2026-04-16 08:10:00]     ⚠️  STALE (exceeded timeout)
[2026-04-16 08:10:00]   Task workqueue-automation: age 29605690m (timeout 120m)
[2026-04-16 08:10:00]     ⚠️  STALE (exceeded timeout)
[2026-04-16 08:10:00]   Task test-opt-analytics-opus: age 29605690m (timeout 120m)
[2026-04-16 08:10:00]     ⚠️  STALE (exceeded timeout)
[2026-04-16 08:10:00]   Task fix-trade-builder-403: age 29605690m (timeout 120m)
[2026-04-16 08:10:00]     ⚠️  STALE (exceeded timeout)
[2026-04-16 08:10:00]   Task fix-all-trade-issues: age 29605690m (timeout 120m)
[2026-04-16 08:10:00]     ⚠️  STALE (exceeded timeout)
[2026-04-16 08:10:00] Archiving 9 stale + 0 completed tasks...
[2026-04-16 08:20:00] Checking 9 active tasks...
[2026-04-16 08:20:00]   Task dogfood-qa-week4: age 29605700m (timeout 120m)
[2026-04-16 08:20:00]     ⚠️  STALE (exceeded timeout)
[2026-04-16 08:20:00]   Task fix-dogfood-week4: age 29605700m (timeout 120m)
[2026-04-16 08:20:00]     ⚠️  STALE (exceeded timeout)
[2026-04-16 08:20:00]   Task test-opt-parallel-logger: age 29605700m (timeout 120m)
[2026-04-16 08:20:00]     ⚠️  STALE (exceeded timeout)
[2026-04-16 08:20:00]   Task test-opt-parallel-error: age 29605700m (timeout 120m)
[2026-04-16 08:20:00]     ⚠️  STALE (exceeded timeout)
[2026-04-16 08:20:00]   Task audit-all-work: age 29605700m (timeout 120m)
[2026-04-16 08:20:00]     ⚠️  STALE (exceeded timeout)
[2026-04-16 08:20:00]   Task workqueue-automation: age 29605700m (timeout 120m)
[2026-04-16 08:20:00]     ⚠️  STALE (exceeded timeout)
[2026-04-16 08:20:00]   Task test-opt-analytics-opus: age 29605700m (timeout 120m)
[2026-04-16 08:20:00]     ⚠️  STALE (exceeded timeout)
[2026-04-16 08:20:00]   Task fix-trade-builder-403: age 29605700m (timeout 120m)
[2026-04-16 08:20:00]     ⚠️  STALE (exceeded timeout)
[2026-04-16 08:20:00]   Task fix-all-trade-issues: age 29605700m (timeout 120m)
[2026-04-16 08:20:00]     ⚠️  STALE (exceeded timeout)
[2026-04-16 08:20:00] Archiving 9 stale + 0 completed tasks...
[2026-04-16 08:30:00] Checking 9 active tasks...
[2026-04-16 08:30:01]   Task dogfood-qa-week4: age 29605710m (timeout 120m)
[2026-04-16 08:30:01]     ⚠️  STALE (exceeded timeout)
[2026-04-16 08:30:01]   Task fix-dogfood-week4: age 29605710m (timeout 120m)
[2026-04-16 08:30:01]     ⚠️  STALE (exceeded timeout)
[2026-04-16 08:30:01]   Task test-opt-parallel-logger: age 29605710m (timeout 120m)
[2026-04-16 08:30:01]     ⚠️  STALE (exceeded timeout)
[2026-04-16 08:30:01]   Task test-opt-parallel-error: age 29605710m (timeout 120m)
[2026-04-16 08:30:01]     ⚠️  STALE (exceeded timeout)
[2026-04-16 08:30:01]   Task audit-all-work: age 29605710m (timeout 120m)
[2026-04-16 08:30:01]     ⚠️  STALE (exceeded timeout)
[2026-04-16 08:30:01]   Task workqueue-automation: age 29605710m (timeout 120m)
[2026-04-16 08:30:01]     ⚠️  STALE (exceeded timeout)
[2026-04-16 08:30:01]   Task test-opt-analytics-opus: age 29605710m (timeout 120m)
[2026-04-16 08:30:01]     ⚠️  STALE (exceeded timeout)
[2026-04-16 08:30:01]   Task fix-trade-builder-403: age 29605710m (timeout 120m)
[2026-04-16 08:30:01]     ⚠️  STALE (exceeded timeout)
[2026-04-16 08:30:01]   Task fix-all-trade-issues: age 29605710m (timeout 120m)
[2026-04-16 08:30:01]     ⚠️  STALE (exceeded timeout)
[2026-04-16 08:30:01] Archiving 9 stale + 0 completed tasks...
[2026-04-16 08:40:00] Checking 9 active tasks...
[2026-04-16 08:40:00]   Task dogfood-qa-week4: age 29605720m (timeout 120m)
[2026-04-16 08:40:00]     ⚠️  STALE (exceeded timeout)
[2026-04-16 08:40:00]   Task fix-dogfood-week4: age 29605720m (timeout 120m)
[2026-04-16 08:40:00]     ⚠️  STALE (exceeded timeout)
[2026-04-16 08:40:00]   Task test-opt-parallel-logger: age 29605720m (timeout 120m)
[2026-04-16 08:40:00]     ⚠️  STALE (exceeded timeout)
[2026-04-16 08:40:00]   Task test-opt-parallel-error: age 29605720m (timeout 120m)
[2026-04-16 08:40:00]     ⚠️  STALE (exceeded timeout)
[2026-04-16 08:40:00]   Task audit-all-work: age 29605720m (timeout 120m)
[2026-04-16 08:40:00]     ⚠️  STALE (exceeded timeout)
[2026-04-16 08:40:00]   Task workqueue-automation: age 29605720m (timeout 120m)
[2026-04-16 08:40:00]     ⚠️  STALE (exceeded timeout)
[2026-04-16 08:40:00]   Task test-opt-analytics-opus: age 29605720m (timeout 120m)
[2026-04-16 08:40:00]     ⚠️  STALE (exceeded timeout)
[2026-04-16 08:40:00]   Task fix-trade-builder-403: age 29605720m (timeout 120m)
[2026-04-16 08:40:00]     ⚠️  STALE (exceeded timeout)
[2026-04-16 08:40:00]   Task fix-all-trade-issues: age 29605720m (timeout 120m)
[2026-04-16 08:40:00]     ⚠️  STALE (exceeded timeout)
[2026-04-16 08:40:00] Archiving 9 stale + 0 completed tasks...
[2026-04-16 08:50:01] Checking 9 active tasks...
[2026-04-16 08:50:01]   Task dogfood-qa-week4: age 29605730m (timeout 120m)
[2026-04-16 08:50:01]     ⚠️  STALE (exceeded timeout)
[2026-04-16 08:50:01]   Task fix-dogfood-week4: age 29605730m (timeout 120m)
[2026-04-16 08:50:01]     ⚠️  STALE (exceeded timeout)
[2026-04-16 08:50:01]   Task test-opt-parallel-logger: age 29605730m (timeout 120m)
[2026-04-16 08:50:01]     ⚠️  STALE (exceeded timeout)
[2026-04-16 08:50:01]   Task test-opt-parallel-error: age 29605730m (timeout 120m)
[2026-04-16 08:50:01]     ⚠️  STALE (exceeded timeout)
[2026-04-16 08:50:01]   Task audit-all-work: age 29605730m (timeout 120m)
[2026-04-16 08:50:01]     ⚠️  STALE (exceeded timeout)
[2026-04-16 08:50:01]   Task workqueue-automation: age 29605730m (timeout 120m)
[2026-04-16 08:50:01]     ⚠️  STALE (exceeded timeout)
[2026-04-16 08:50:01]   Task test-opt-analytics-opus: age 29605730m (timeout 120m)
[2026-04-16 08:50:01]     ⚠️  STALE (exceeded timeout)
[2026-04-16 08:50:01]   Task fix-trade-builder-403: age 29605730m (timeout 120m)
[2026-04-16 08:50:01]     ⚠️  STALE (exceeded timeout)
[2026-04-16 08:50:01]   Task fix-all-trade-issues: age 29605730m (timeout 120m)
[2026-04-16 08:50:01]     ⚠️  STALE (exceeded timeout)
[2026-04-16 08:50:01] Archiving 9 stale + 0 completed tasks...
[2026-04-16 09:00:01] Checking 9 active tasks...
[2026-04-16 09:00:01]   Task dogfood-qa-week4: age 29605740m (timeout 120m)
[2026-04-16 09:00:01]     ⚠️  STALE (exceeded timeout)
[2026-04-16 09:00:01]   Task fix-dogfood-week4: age 29605740m (timeout 120m)
[2026-04-16 09:00:01]     ⚠️  STALE (exceeded timeout)
[2026-04-16 09:00:01]   Task test-opt-parallel-logger: age 29605740m (timeout 120m)
[2026-04-16 09:00:01]     ⚠️  STALE (exceeded timeout)
[2026-04-16 09:00:01]   Task test-opt-parallel-error: age 29605740m (timeout 120m)
[2026-04-16 09:00:01]     ⚠️  STALE (exceeded timeout)
[2026-04-16 09:00:01]   Task audit-all-work: age 29605740m (timeout 120m)
[2026-04-16 09:00:01]     ⚠️  STALE (exceeded timeout)
[2026-04-16 09:00:01]   Task workqueue-automation: age 29605740m (timeout 120m)
[2026-04-16 09:00:01]     ⚠️  STALE (exceeded timeout)
[2026-04-16 09:00:01]   Task test-opt-analytics-opus: age 29605740m (timeout 120m)
[2026-04-16 09:00:01]     ⚠️  STALE (exceeded timeout)
[2026-04-16 09:00:01]   Task fix-trade-builder-403: age 29605740m (timeout 120m)
[2026-04-16 09:00:01]     ⚠️  STALE (exceeded timeout)
[2026-04-16 09:00:01]   Task fix-all-trade-issues: age 29605740m (timeout 120m)
[2026-04-16 09:00:01]     ⚠️  STALE (exceeded timeout)
[2026-04-16 09:00:01] Archiving 9 stale + 0 completed tasks...
[2026-04-16 09:10:00] Checking 9 active tasks...
[2026-04-16 09:10:00]   Task dogfood-qa-week4: age 29605750m (timeout 120m)
[2026-04-16 09:10:00]     ⚠️  STALE (exceeded timeout)
[2026-04-16 09:10:00]   Task fix-dogfood-week4: age 29605750m (timeout 120m)
[2026-04-16 09:10:00]     ⚠️  STALE (exceeded timeout)
[2026-04-16 09:10:00]   Task test-opt-parallel-logger: age 29605750m (timeout 120m)
[2026-04-16 09:10:00]     ⚠️  STALE (exceeded timeout)
[2026-04-16 09:10:00]   Task test-opt-parallel-error: age 29605750m (timeout 120m)
[2026-04-16 09:10:00]     ⚠️  STALE (exceeded timeout)
[2026-04-16 09:10:00]   Task audit-all-work: age 29605750m (timeout 120m)
[2026-04-16 09:10:00]     ⚠️  STALE (exceeded timeout)
[2026-04-16 09:10:00]   Task workqueue-automation: age 29605750m (timeout 120m)
[2026-04-16 09:10:00]     ⚠️  STALE (exceeded timeout)
[2026-04-16 09:10:01]   Task test-opt-analytics-opus: age 29605750m (timeout 120m)
[2026-04-16 09:10:01]     ⚠️  STALE (exceeded timeout)
[2026-04-16 09:10:01]   Task fix-trade-builder-403: age 29605750m (timeout 120m)
[2026-04-16 09:10:01]     ⚠️  STALE (exceeded timeout)
[2026-04-16 09:10:01]   Task fix-all-trade-issues: age 29605750m (timeout 120m)
[2026-04-16 09:10:01]     ⚠️  STALE (exceeded timeout)
[2026-04-16 09:10:01] Archiving 9 stale + 0 completed tasks...
[2026-04-16 09:20:00] Checking 9 active tasks...
[2026-04-16 09:20:00]   Task dogfood-qa-week4: age 29605760m (timeout 120m)
[2026-04-16 09:20:00]     ⚠️  STALE (exceeded timeout)
[2026-04-16 09:20:00]   Task fix-dogfood-week4: age 29605760m (timeout 120m)
[2026-04-16 09:20:00]     ⚠️  STALE (exceeded timeout)
[2026-04-16 09:20:00]   Task test-opt-parallel-logger: age 29605760m (timeout 120m)
[2026-04-16 09:20:00]     ⚠️  STALE (exceeded timeout)
[2026-04-16 09:20:00]   Task test-opt-parallel-error: age 29605760m (timeout 120m)
[2026-04-16 09:20:00]     ⚠️  STALE (exceeded timeout)
[2026-04-16 09:20:00]   Task audit-all-work: age 29605760m (timeout 120m)
[2026-04-16 09:20:00]     ⚠️  STALE (exceeded timeout)
[2026-04-16 09:20:00]   Task workqueue-automation: age 29605760m (timeout 120m)
[2026-04-16 09:20:00]     ⚠️  STALE (exceeded timeout)
[2026-04-16 09:20:00]   Task test-opt-analytics-opus: age 29605760m (timeout 120m)
[2026-04-16 09:20:00]     ⚠️  STALE (exceeded timeout)
[2026-04-16 09:20:00]   Task fix-trade-builder-403: age 29605760m (timeout 120m)
[2026-04-16 09:20:00]     ⚠️  STALE (exceeded timeout)
[2026-04-16 09:20:01]   Task fix-all-trade-issues: age 29605760m (timeout 120m)
[2026-04-16 09:20:01]     ⚠️  STALE (exceeded timeout)
[2026-04-16 09:20:01] Archiving 9 stale + 0 completed tasks...
[2026-04-16 09:30:00] Checking 9 active tasks...
[2026-04-16 09:30:00]   Task dogfood-qa-week4: age 29605770m (timeout 120m)
[2026-04-16 09:30:00]     ⚠️  STALE (exceeded timeout)
[2026-04-16 09:30:00]   Task fix-dogfood-week4: age 29605770m (timeout 120m)
[2026-04-16 09:30:00]     ⚠️  STALE (exceeded timeout)
[2026-04-16 09:30:00]   Task test-opt-parallel-logger: age 29605770m (timeout 120m)
[2026-04-16 09:30:00]     ⚠️  STALE (exceeded timeout)
[2026-04-16 09:30:00]   Task test-opt-parallel-error: age 29605770m (timeout 120m)
[2026-04-16 09:30:00]     ⚠️  STALE (exceeded timeout)
[2026-04-16 09:30:00]   Task audit-all-work: age 29605770m (timeout 120m)
[2026-04-16 09:30:00]     ⚠️  STALE (exceeded timeout)
[2026-04-16 09:30:00]   Task workqueue-automation: age 29605770m (timeout 120m)
[2026-04-16 09:30:00]     ⚠️  STALE (exceeded timeout)
[2026-04-16 09:30:00]   Task test-opt-analytics-opus: age 29605770m (timeout 120m)
[2026-04-16 09:30:00]     ⚠️  STALE (exceeded timeout)
[2026-04-16 09:30:00]   Task fix-trade-builder-403: age 29605770m (timeout 120m)
[2026-04-16 09:30:00]     ⚠️  STALE (exceeded timeout)
[2026-04-16 09:30:01]   Task fix-all-trade-issues: age 29605770m (timeout 120m)
[2026-04-16 09:30:01]     ⚠️  STALE (exceeded timeout)
[2026-04-16 09:30:01] Archiving 9 stale + 0 completed tasks...
[2026-04-16 09:40:01] Checking 9 active tasks...
[2026-04-16 09:40:01]   Task dogfood-qa-week4: age 29605780m (timeout 120m)
[2026-04-16 09:40:01]     ⚠️  STALE (exceeded timeout)
[2026-04-16 09:40:01]   Task fix-dogfood-week4: age 29605780m (timeout 120m)
[2026-04-16 09:40:01]     ⚠️  STALE (exceeded timeout)
[2026-04-16 09:40:01]   Task test-opt-parallel-logger: age 29605780m (timeout 120m)
[2026-04-16 09:40:01]     ⚠️  STALE (exceeded timeout)
[2026-04-16 09:40:01]   Task test-opt-parallel-error: age 29605780m (timeout 120m)
[2026-04-16 09:40:01]     ⚠️  STALE (exceeded timeout)
[2026-04-16 09:40:01]   Task audit-all-work: age 29605780m (timeout 120m)
[2026-04-16 09:40:01]     ⚠️  STALE (exceeded timeout)
[2026-04-16 09:40:01]   Task workqueue-automation: age 29605780m (timeout 120m)
[2026-04-16 09:40:01]     ⚠️  STALE (exceeded timeout)
[2026-04-16 09:40:01]   Task test-opt-analytics-opus: age 29605780m (timeout 120m)
[2026-04-16 09:40:01]     ⚠️  STALE (exceeded timeout)
[2026-04-16 09:40:01]   Task fix-trade-builder-403: age 29605780m (timeout 120m)
[2026-04-16 09:40:01]     ⚠️  STALE (exceeded timeout)
[2026-04-16 09:40:01]   Task fix-all-trade-issues: age 29605780m (timeout 120m)
[2026-04-16 09:40:01]     ⚠️  STALE (exceeded timeout)
[2026-04-16 09:40:01] Archiving 9 stale + 0 completed tasks...
[2026-04-16 09:50:00] Checking 9 active tasks...
[2026-04-16 09:50:00]   Task dogfood-qa-week4: age 29605790m (timeout 120m)
[2026-04-16 09:50:00]     ⚠️  STALE (exceeded timeout)
[2026-04-16 09:50:00]   Task fix-dogfood-week4: age 29605790m (timeout 120m)
[2026-04-16 09:50:00]     ⚠️  STALE (exceeded timeout)
[2026-04-16 09:50:00]   Task test-opt-parallel-logger: age 29605790m (timeout 120m)
[2026-04-16 09:50:00]     ⚠️  STALE (exceeded timeout)
[2026-04-16 09:50:00]   Task test-opt-parallel-error: age 29605790m (timeout 120m)
[2026-04-16 09:50:00]     ⚠️  STALE (exceeded timeout)
[2026-04-16 09:50:00]   Task audit-all-work: age 29605790m (timeout 120m)
[2026-04-16 09:50:00]     ⚠️  STALE (exceeded timeout)
[2026-04-16 09:50:00]   Task workqueue-automation: age 29605790m (timeout 120m)
[2026-04-16 09:50:00]     ⚠️  STALE (exceeded timeout)
[2026-04-16 09:50:00]   Task test-opt-analytics-opus: age 29605790m (timeout 120m)
[2026-04-16 09:50:00]     ⚠️  STALE (exceeded timeout)
[2026-04-16 09:50:00]   Task fix-trade-builder-403: age 29605790m (timeout 120m)
[2026-04-16 09:50:00]     ⚠️  STALE (exceeded timeout)
[2026-04-16 09:50:01]   Task fix-all-trade-issues: age 29605790m (timeout 120m)
[2026-04-16 09:50:01]     ⚠️  STALE (exceeded timeout)
[2026-04-16 09:50:01] Archiving 9 stale + 0 completed tasks...
[2026-04-16 10:00:00] Checking 9 active tasks...
[2026-04-16 10:00:00]   Task dogfood-qa-week4: age 29605800m (timeout 120m)
[2026-04-16 10:00:00]     ⚠️  STALE (exceeded timeout)
[2026-04-16 10:00:00]   Task fix-dogfood-week4: age 29605800m (timeout 120m)
[2026-04-16 10:00:00]     ⚠️  STALE (exceeded timeout)
[2026-04-16 10:00:00]   Task test-opt-parallel-logger: age 29605800m (timeout 120m)
[2026-04-16 10:00:00]     ⚠️  STALE (exceeded timeout)
[2026-04-16 10:00:00]   Task test-opt-parallel-error: age 29605800m (timeout 120m)
[2026-04-16 10:00:00]     ⚠️  STALE (exceeded timeout)
[2026-04-16 10:00:00]   Task audit-all-work: age 29605800m (timeout 120m)
[2026-04-16 10:00:00]     ⚠️  STALE (exceeded timeout)
[2026-04-16 10:00:00]   Task workqueue-automation: age 29605800m (timeout 120m)
[2026-04-16 10:00:00]     ⚠️  STALE (exceeded timeout)
[2026-04-16 10:00:00]   Task test-opt-analytics-opus: age 29605800m (timeout 120m)
[2026-04-16 10:00:00]     ⚠️  STALE (exceeded timeout)
[2026-04-16 10:00:00]   Task fix-trade-builder-403: age 29605800m (timeout 120m)
[2026-04-16 10:00:00]     ⚠️  STALE (exceeded timeout)
[2026-04-16 10:00:00]   Task fix-all-trade-issues: age 29605800m (timeout 120m)
[2026-04-16 10:00:00]     ⚠️  STALE (exceeded timeout)
[2026-04-16 10:00:00] Archiving 9 stale + 0 completed tasks...
[2026-04-16 10:10:00] Checking 9 active tasks...
[2026-04-16 10:10:00]   Task dogfood-qa-week4: age 29605810m (timeout 120m)
[2026-04-16 10:10:00]     ⚠️  STALE (exceeded timeout)
[2026-04-16 10:10:00]   Task fix-dogfood-week4: age 29605810m (timeout 120m)
[2026-04-16 10:10:00]     ⚠️  STALE (exceeded timeout)
[2026-04-16 10:10:00]   Task test-opt-parallel-logger: age 29605810m (timeout 120m)
[2026-04-16 10:10:00]     ⚠️  STALE (exceeded timeout)
[2026-04-16 10:10:00]   Task test-opt-parallel-error: age 29605810m (timeout 120m)
[2026-04-16 10:10:00]     ⚠️  STALE (exceeded timeout)
[2026-04-16 10:10:00]   Task audit-all-work: age 29605810m (timeout 120m)
[2026-04-16 10:10:00]     ⚠️  STALE (exceeded timeout)
[2026-04-16 10:10:00]   Task workqueue-automation: age 29605810m (timeout 120m)
[2026-04-16 10:10:00]     ⚠️  STALE (exceeded timeout)
[2026-04-16 10:10:00]   Task test-opt-analytics-opus: age 29605810m (timeout 120m)
[2026-04-16 10:10:00]     ⚠️  STALE (exceeded timeout)
[2026-04-16 10:10:00]   Task fix-trade-builder-403: age 29605810m (timeout 120m)
[2026-04-16 10:10:00]     ⚠️  STALE (exceeded timeout)
[2026-04-16 10:10:00]   Task fix-all-trade-issues: age 29605810m (timeout 120m)
[2026-04-16 10:10:00]     ⚠️  STALE (exceeded timeout)
[2026-04-16 10:10:00] Archiving 9 stale + 0 completed tasks...
[2026-04-16 10:20:00] Checking 9 active tasks...
[2026-04-16 10:20:00]   Task dogfood-qa-week4: age 29605820m (timeout 120m)
[2026-04-16 10:20:00]     ⚠️  STALE (exceeded timeout)
[2026-04-16 10:20:00]   Task fix-dogfood-week4: age 29605820m (timeout 120m)
[2026-04-16 10:20:00]     ⚠️  STALE (exceeded timeout)
[2026-04-16 10:20:00]   Task test-opt-parallel-logger: age 29605820m (timeout 120m)
[2026-04-16 10:20:00]     ⚠️  STALE (exceeded timeout)
[2026-04-16 10:20:00]   Task test-opt-parallel-error: age 29605820m (timeout 120m)
[2026-04-16 10:20:00]     ⚠️  STALE (exceeded timeout)
[2026-04-16 10:20:00]   Task audit-all-work: age 29605820m (timeout 120m)
[2026-04-16 10:20:00]     ⚠️  STALE (exceeded timeout)
[2026-04-16 10:20:00]   Task workqueue-automation: age 29605820m (timeout 120m)
[2026-04-16 10:20:00]     ⚠️  STALE (exceeded timeout)
[2026-04-16 10:20:00]   Task test-opt-analytics-opus: age 29605820m (timeout 120m)
[2026-04-16 10:20:00]     ⚠️  STALE (exceeded timeout)
[2026-04-16 10:20:01]   Task fix-trade-builder-403: age 29605820m (timeout 120m)
[2026-04-16 10:20:01]     ⚠️  STALE (exceeded timeout)
[2026-04-16 10:20:01]   Task fix-all-trade-issues: age 29605820m (timeout 120m)
[2026-04-16 10:20:01]     ⚠️  STALE (exceeded timeout)
[2026-04-16 10:20:01] Archiving 9 stale + 0 completed tasks...
[2026-04-16 10:30:00] Checking 9 active tasks...
[2026-04-16 10:30:00]   Task dogfood-qa-week4: age 29605830m (timeout 120m)
[2026-04-16 10:30:00]     ⚠️  STALE (exceeded timeout)
[2026-04-16 10:30:00]   Task fix-dogfood-week4: age 29605830m (timeout 120m)
[2026-04-16 10:30:00]     ⚠️  STALE (exceeded timeout)
[2026-04-16 10:30:00]   Task test-opt-parallel-logger: age 29605830m (timeout 120m)
[2026-04-16 10:30:00]     ⚠️  STALE (exceeded timeout)
[2026-04-16 10:30:00]   Task test-opt-parallel-error: age 29605830m (timeout 120m)
[2026-04-16 10:30:00]     ⚠️  STALE (exceeded timeout)
[2026-04-16 10:30:00]   Task audit-all-work: age 29605830m (timeout 120m)
[2026-04-16 10:30:00]     ⚠️  STALE (exceeded timeout)
[2026-04-16 10:30:00]   Task workqueue-automation: age 29605830m (timeout 120m)
[2026-04-16 10:30:00]     ⚠️  STALE (exceeded timeout)
[2026-04-16 10:30:00]   Task test-opt-analytics-opus: age 29605830m (timeout 120m)
[2026-04-16 10:30:00]     ⚠️  STALE (exceeded timeout)
[2026-04-16 10:30:01]   Task fix-trade-builder-403: age 29605830m (timeout 120m)
[2026-04-16 10:30:01]     ⚠️  STALE (exceeded timeout)
[2026-04-16 10:30:01]   Task fix-all-trade-issues: age 29605830m (timeout 120m)
[2026-04-16 10:30:01]     ⚠️  STALE (exceeded timeout)
[2026-04-16 10:30:01] Archiving 9 stale + 0 completed tasks...
[2026-04-16 10:40:00] Checking 9 active tasks...
[2026-04-16 10:40:00]   Task dogfood-qa-week4: age 29605840m (timeout 120m)
[2026-04-16 10:40:00]     ⚠️  STALE (exceeded timeout)
[2026-04-16 10:40:00]   Task fix-dogfood-week4: age 29605840m (timeout 120m)
[2026-04-16 10:40:00]     ⚠️  STALE (exceeded timeout)
[2026-04-16 10:40:00]   Task test-opt-parallel-logger: age 29605840m (timeout 120m)
[2026-04-16 10:40:00]     ⚠️  STALE (exceeded timeout)
[2026-04-16 10:40:01]   Task test-opt-parallel-error: age 29605840m (timeout 120m)
[2026-04-16 10:40:01]     ⚠️  STALE (exceeded timeout)
[2026-04-16 10:40:01]   Task audit-all-work: age 29605840m (timeout 120m)
[2026-04-16 10:40:01]     ⚠️  STALE (exceeded timeout)
[2026-04-16 10:40:01]   Task workqueue-automation: age 29605840m (timeout 120m)
[2026-04-16 10:40:01]     ⚠️  STALE (exceeded timeout)
[2026-04-16 10:40:01]   Task test-opt-analytics-opus: age 29605840m (timeout 120m)
[2026-04-16 10:40:01]     ⚠️  STALE (exceeded timeout)
[2026-04-16 10:40:01]   Task fix-trade-builder-403: age 29605840m (timeout 120m)
[2026-04-16 10:40:01]     ⚠️  STALE (exceeded timeout)
[2026-04-16 10:40:01]   Task fix-all-trade-issues: age 29605840m (timeout 120m)
[2026-04-16 10:40:01]     ⚠️  STALE (exceeded timeout)
[2026-04-16 10:40:01] Archiving 9 stale + 0 completed tasks...
[2026-04-16 10:50:01] Checking 9 active tasks...
[2026-04-16 10:50:01]   Task dogfood-qa-week4: age 29605850m (timeout 120m)
[2026-04-16 10:50:01]     ⚠️  STALE (exceeded timeout)
[2026-04-16 10:50:01]   Task fix-dogfood-week4: age 29605850m (timeout 120m)
[2026-04-16 10:50:01]     ⚠️  STALE (exceeded timeout)
[2026-04-16 10:50:01]   Task test-opt-parallel-logger: age 29605850m (timeout 120m)
[2026-04-16 10:50:01]     ⚠️  STALE (exceeded timeout)
[2026-04-16 10:50:01]   Task test-opt-parallel-error: age 29605850m (timeout 120m)
[2026-04-16 10:50:01]     ⚠️  STALE (exceeded timeout)
[2026-04-16 10:50:01]   Task audit-all-work: age 29605850m (timeout 120m)
[2026-04-16 10:50:01]     ⚠️  STALE (exceeded timeout)
[2026-04-16 10:50:01]   Task workqueue-automation: age 29605850m (timeout 120m)
[2026-04-16 10:50:01]     ⚠️  STALE (exceeded timeout)
[2026-04-16 10:50:01]   Task test-opt-analytics-opus: age 29605850m (timeout 120m)
[2026-04-16 10:50:01]     ⚠️  STALE (exceeded timeout)
[2026-04-16 10:50:01]   Task fix-trade-builder-403: age 29605850m (timeout 120m)
[2026-04-16 10:50:01]     ⚠️  STALE (exceeded timeout)
[2026-04-16 10:50:01]   Task fix-all-trade-issues: age 29605850m (timeout 120m)
[2026-04-16 10:50:01]     ⚠️  STALE (exceeded timeout)
[2026-04-16 10:50:01] Archiving 9 stale + 0 completed tasks...
[2026-04-16 11:00:00] Checking 9 active tasks...
[2026-04-16 11:00:01]   Task dogfood-qa-week4: age 29605860m (timeout 120m)
[2026-04-16 11:00:01]     ⚠️  STALE (exceeded timeout)
[2026-04-16 11:00:01]   Task fix-dogfood-week4: age 29605860m (timeout 120m)
[2026-04-16 11:00:01]     ⚠️  STALE (exceeded timeout)
[2026-04-16 11:00:01]   Task test-opt-parallel-logger: age 29605860m (timeout 120m)
[2026-04-16 11:00:01]     ⚠️  STALE (exceeded timeout)
[2026-04-16 11:00:01]   Task test-opt-parallel-error: age 29605860m (timeout 120m)
[2026-04-16 11:00:01]     ⚠️  STALE (exceeded timeout)
[2026-04-16 11:00:01]   Task audit-all-work: age 29605860m (timeout 120m)
[2026-04-16 11:00:01]     ⚠️  STALE (exceeded timeout)
[2026-04-16 11:00:01]   Task workqueue-automation: age 29605860m (timeout 120m)
[2026-04-16 11:00:01]     ⚠️  STALE (exceeded timeout)
[2026-04-16 11:00:01]   Task test-opt-analytics-opus: age 29605860m (timeout 120m)
[2026-04-16 11:00:01]     ⚠️  STALE (exceeded timeout)
[2026-04-16 11:00:01]   Task fix-trade-builder-403: age 29605860m (timeout 120m)
[2026-04-16 11:00:01]     ⚠️  STALE (exceeded timeout)
[2026-04-16 11:00:01]   Task fix-all-trade-issues: age 29605860m (timeout 120m)
[2026-04-16 11:00:01]     ⚠️  STALE (exceeded timeout)
[2026-04-16 11:00:01] Archiving 9 stale + 0 completed tasks...
[2026-04-16 11:10:00] Checking 9 active tasks...
[2026-04-16 11:10:00]   Task dogfood-qa-week4: age 29605870m (timeout 120m)
[2026-04-16 11:10:00]     ⚠️  STALE (exceeded timeout)
[2026-04-16 11:10:00]   Task fix-dogfood-week4: age 29605870m (timeout 120m)
[2026-04-16 11:10:00]     ⚠️  STALE (exceeded timeout)
[2026-04-16 11:10:00]   Task test-opt-parallel-logger: age 29605870m (timeout 120m)
[2026-04-16 11:10:00]     ⚠️  STALE (exceeded timeout)
[2026-04-16 11:10:00]   Task test-opt-parallel-error: age 29605870m (timeout 120m)
[2026-04-16 11:10:00]     ⚠️  STALE (exceeded timeout)
[2026-04-16 11:10:00]   Task audit-all-work: age 29605870m (timeout 120m)
[2026-04-16 11:10:00]     ⚠️  STALE (exceeded timeout)
[2026-04-16 11:10:00]   Task workqueue-automation: age 29605870m (timeout 120m)
[2026-04-16 11:10:00]     ⚠️  STALE (exceeded timeout)
[2026-04-16 11:10:00]   Task test-opt-analytics-opus: age 29605870m (timeout 120m)
[2026-04-16 11:10:00]     ⚠️  STALE (exceeded timeout)
[2026-04-16 11:10:00]   Task fix-trade-builder-403: age 29605870m (timeout 120m)
[2026-04-16 11:10:00]     ⚠️  STALE (exceeded timeout)
[2026-04-16 11:10:00]   Task fix-all-trade-issues: age 29605870m (timeout 120m)
[2026-04-16 11:10:00]     ⚠️  STALE (exceeded timeout)
[2026-04-16 11:10:00] Archiving 9 stale + 0 completed tasks...
[2026-04-16 11:20:00] Checking 9 active tasks...
[2026-04-16 11:20:00]   Task dogfood-qa-week4: age 29605880m (timeout 120m)
[2026-04-16 11:20:00]     ⚠️  STALE (exceeded timeout)
[2026-04-16 11:20:00]   Task fix-dogfood-week4: age 29605880m (timeout 120m)
[2026-04-16 11:20:00]     ⚠️  STALE (exceeded timeout)
[2026-04-16 11:20:00]   Task test-opt-parallel-logger: age 29605880m (timeout 120m)
[2026-04-16 11:20:00]     ⚠️  STALE (exceeded timeout)
[2026-04-16 11:20:00]   Task test-opt-parallel-error: age 29605880m (timeout 120m)
[2026-04-16 11:20:00]     ⚠️  STALE (exceeded timeout)
[2026-04-16 11:20:00]   Task audit-all-work: age 29605880m (timeout 120m)
[2026-04-16 11:20:00]     ⚠️  STALE (exceeded timeout)
[2026-04-16 11:20:00]   Task workqueue-automation: age 29605880m (timeout 120m)
[2026-04-16 11:20:00]     ⚠️  STALE (exceeded timeout)
[2026-04-16 11:20:00]   Task test-opt-analytics-opus: age 29605880m (timeout 120m)
[2026-04-16 11:20:00]     ⚠️  STALE (exceeded timeout)
[2026-04-16 11:20:00]   Task fix-trade-builder-403: age 29605880m (timeout 120m)
[2026-04-16 11:20:00]     ⚠️  STALE (exceeded timeout)
[2026-04-16 11:20:00]   Task fix-all-trade-issues: age 29605880m (timeout 120m)
[2026-04-16 11:20:00]     ⚠️  STALE (exceeded timeout)
[2026-04-16 11:20:00] Archiving 9 stale + 0 completed tasks...
[2026-04-16 11:30:00] Checking 9 active tasks...
[2026-04-16 11:30:00]   Task dogfood-qa-week4: age 29605890m (timeout 120m)
[2026-04-16 11:30:00]     ⚠️  STALE (exceeded timeout)
[2026-04-16 11:30:00]   Task fix-dogfood-week4: age 29605890m (timeout 120m)
[2026-04-16 11:30:00]     ⚠️  STALE (exceeded timeout)
[2026-04-16 11:30:00]   Task test-opt-parallel-logger: age 29605890m (timeout 120m)
[2026-04-16 11:30:00]     ⚠️  STALE (exceeded timeout)
[2026-04-16 11:30:00]   Task test-opt-parallel-error: age 29605890m (timeout 120m)
[2026-04-16 11:30:00]     ⚠️  STALE (exceeded timeout)
[2026-04-16 11:30:00]   Task audit-all-work: age 29605890m (timeout 120m)
[2026-04-16 11:30:00]     ⚠️  STALE (exceeded timeout)
[2026-04-16 11:30:00]   Task workqueue-automation: age 29605890m (timeout 120m)
[2026-04-16 11:30:00]     ⚠️  STALE (exceeded timeout)
[2026-04-16 11:30:00]   Task test-opt-analytics-opus: age 29605890m (timeout 120m)
[2026-04-16 11:30:00]     ⚠️  STALE (exceeded timeout)
[2026-04-16 11:30:00]   Task fix-trade-builder-403: age 29605890m (timeout 120m)
[2026-04-16 11:30:00]     ⚠️  STALE (exceeded timeout)
[2026-04-16 11:30:00]   Task fix-all-trade-issues: age 29605890m (timeout 120m)
[2026-04-16 11:30:00]     ⚠️  STALE (exceeded timeout)
[2026-04-16 11:30:00] Archiving 9 stale + 0 completed tasks...
[2026-04-16 11:40:00] Checking 9 active tasks...
[2026-04-16 11:40:00]   Task dogfood-qa-week4: age 29605900m (timeout 120m)
[2026-04-16 11:40:00]     ⚠️  STALE (exceeded timeout)
[2026-04-16 11:40:00]   Task fix-dogfood-week4: age 29605900m (timeout 120m)
[2026-04-16 11:40:00]     ⚠️  STALE (exceeded timeout)
[2026-04-16 11:40:00]   Task test-opt-parallel-logger: age 29605900m (timeout 120m)
[2026-04-16 11:40:00]     ⚠️  STALE (exceeded timeout)
[2026-04-16 11:40:00]   Task test-opt-parallel-error: age 29605900m (timeout 120m)
[2026-04-16 11:40:00]     ⚠️  STALE (exceeded timeout)
[2026-04-16 11:40:00]   Task audit-all-work: age 29605900m (timeout 120m)
[2026-04-16 11:40:00]     ⚠️  STALE (exceeded timeout)
[2026-04-16 11:40:00]   Task workqueue-automation: age 29605900m (timeout 120m)
[2026-04-16 11:40:00]     ⚠️  STALE (exceeded timeout)
[2026-04-16 11:40:00]   Task test-opt-analytics-opus: age 29605900m (timeout 120m)
[2026-04-16 11:40:00]     ⚠️  STALE (exceeded timeout)
[2026-04-16 11:40:00]   Task fix-trade-builder-403: age 29605900m (timeout 120m)
[2026-04-16 11:40:00]     ⚠️  STALE (exceeded timeout)
[2026-04-16 11:40:00]   Task fix-all-trade-issues: age 29605900m (timeout 120m)
[2026-04-16 11:40:00]     ⚠️  STALE (exceeded timeout)
[2026-04-16 11:40:00] Archiving 9 stale + 0 completed tasks...
[2026-04-16 11:50:01] Checking 9 active tasks...
[2026-04-16 11:50:01]   Task dogfood-qa-week4: age 29605910m (timeout 120m)
[2026-04-16 11:50:01]     ⚠️  STALE (exceeded timeout)
[2026-04-16 11:50:01]   Task fix-dogfood-week4: age 29605910m (timeout 120m)
[2026-04-16 11:50:01]     ⚠️  STALE (exceeded timeout)
[2026-04-16 11:50:01]   Task test-opt-parallel-logger: age 29605910m (timeout 120m)
[2026-04-16 11:50:01]     ⚠️  STALE (exceeded timeout)
[2026-04-16 11:50:01]   Task test-opt-parallel-error: age 29605910m (timeout 120m)
[2026-04-16 11:50:01]     ⚠️  STALE (exceeded timeout)
[2026-04-16 11:50:01]   Task audit-all-work: age 29605910m (timeout 120m)
[2026-04-16 11:50:01]     ⚠️  STALE (exceeded timeout)
[2026-04-16 11:50:01]   Task workqueue-automation: age 29605910m (timeout 120m)
[2026-04-16 11:50:01]     ⚠️  STALE (exceeded timeout)
[2026-04-16 11:50:01]   Task test-opt-analytics-opus: age 29605910m (timeout 120m)
[2026-04-16 11:50:01]     ⚠️  STALE (exceeded timeout)
[2026-04-16 11:50:01]   Task fix-trade-builder-403: age 29605910m (timeout 120m)
[2026-04-16 11:50:01]     ⚠️  STALE (exceeded timeout)
[2026-04-16 11:50:01]   Task fix-all-trade-issues: age 29605910m (timeout 120m)
[2026-04-16 11:50:01]     ⚠️  STALE (exceeded timeout)
[2026-04-16 11:50:01] Archiving 9 stale + 0 completed tasks...
[2026-04-16 12:00:01] Checking 9 active tasks...
[2026-04-16 12:00:01]   Task dogfood-qa-week4: age 29605920m (timeout 120m)
[2026-04-16 12:00:01]     ⚠️  STALE (exceeded timeout)
[2026-04-16 12:00:01]   Task fix-dogfood-week4: age 29605920m (timeout 120m)
[2026-04-16 12:00:01]     ⚠️  STALE (exceeded timeout)
[2026-04-16 12:00:01]   Task test-opt-parallel-logger: age 29605920m (timeout 120m)
[2026-04-16 12:00:01]     ⚠️  STALE (exceeded timeout)
[2026-04-16 12:00:01]   Task test-opt-parallel-error: age 29605920m (timeout 120m)
[2026-04-16 12:00:01]     ⚠️  STALE (exceeded timeout)
[2026-04-16 12:00:01]   Task audit-all-work: age 29605920m (timeout 120m)
[2026-04-16 12:00:01]     ⚠️  STALE (exceeded timeout)
[2026-04-16 12:00:01]   Task workqueue-automation: age 29605920m (timeout 120m)
[2026-04-16 12:00:01]     ⚠️  STALE (exceeded timeout)
[2026-04-16 12:00:01]   Task test-opt-analytics-opus: age 29605920m (timeout 120m)
[2026-04-16 12:00:01]     ⚠️  STALE (exceeded timeout)
[2026-04-16 12:00:01]   Task fix-trade-builder-403: age 29605920m (timeout 120m)
[2026-04-16 12:00:01]     ⚠️  STALE (exceeded timeout)
[2026-04-16 12:00:01]   Task fix-all-trade-issues: age 29605920m (timeout 120m)
[2026-04-16 12:00:01]     ⚠️  STALE (exceeded timeout)
[2026-04-16 12:00:01] Archiving 9 stale + 0 completed tasks...
[2026-04-16 12:10:00] Checking 9 active tasks...
[2026-04-16 12:10:00]   Task dogfood-qa-week4: age 29605930m (timeout 120m)
[2026-04-16 12:10:00]     ⚠️  STALE (exceeded timeout)
[2026-04-16 12:10:00]   Task fix-dogfood-week4: age 29605930m (timeout 120m)
[2026-04-16 12:10:00]     ⚠️  STALE (exceeded timeout)
[2026-04-16 12:10:00]   Task test-opt-parallel-logger: age 29605930m (timeout 120m)
[2026-04-16 12:10:00]     ⚠️  STALE (exceeded timeout)
[2026-04-16 12:10:00]   Task test-opt-parallel-error: age 29605930m (timeout 120m)
[2026-04-16 12:10:00]     ⚠️  STALE (exceeded timeout)
[2026-04-16 12:10:01]   Task audit-all-work: age 29605930m (timeout 120m)
[2026-04-16 12:10:01]     ⚠️  STALE (exceeded timeout)
[2026-04-16 12:10:01]   Task workqueue-automation: age 29605930m (timeout 120m)
[2026-04-16 12:10:01]     ⚠️  STALE (exceeded timeout)
[2026-04-16 12:10:01]   Task test-opt-analytics-opus: age 29605930m (timeout 120m)
[2026-04-16 12:10:01]     ⚠️  STALE (exceeded timeout)
[2026-04-16 12:10:01]   Task fix-trade-builder-403: age 29605930m (timeout 120m)
[2026-04-16 12:10:01]     ⚠️  STALE (exceeded timeout)
[2026-04-16 12:10:01]   Task fix-all-trade-issues: age 29605930m (timeout 120m)
[2026-04-16 12:10:01]     ⚠️  STALE (exceeded timeout)
[2026-04-16 12:10:01] Archiving 9 stale + 0 completed tasks...
[2026-04-16 12:20:00] Checking 9 active tasks...
[2026-04-16 12:20:00]   Task dogfood-qa-week4: age 29605940m (timeout 120m)
[2026-04-16 12:20:00]     ⚠️  STALE (exceeded timeout)
[2026-04-16 12:20:00]   Task fix-dogfood-week4: age 29605940m (timeout 120m)
[2026-04-16 12:20:00]     ⚠️  STALE (exceeded timeout)
[2026-04-16 12:20:00]   Task test-opt-parallel-logger: age 29605940m (timeout 120m)
[2026-04-16 12:20:00]     ⚠️  STALE (exceeded timeout)
[2026-04-16 12:20:01]   Task test-opt-parallel-error: age 29605940m (timeout 120m)
[2026-04-16 12:20:01]     ⚠️  STALE (exceeded timeout)
[2026-04-16 12:20:01]   Task audit-all-work: age 29605940m (timeout 120m)
[2026-04-16 12:20:01]     ⚠️  STALE (exceeded timeout)
[2026-04-16 12:20:01]   Task workqueue-automation: age 29605940m (timeout 120m)
[2026-04-16 12:20:01]     ⚠️  STALE (exceeded timeout)
[2026-04-16 12:20:01]   Task test-opt-analytics-opus: age 29605940m (timeout 120m)
[2026-04-16 12:20:01]     ⚠️  STALE (exceeded timeout)
[2026-04-16 12:20:01]   Task fix-trade-builder-403: age 29605940m (timeout 120m)
[2026-04-16 12:20:01]     ⚠️  STALE (exceeded timeout)
[2026-04-16 12:20:01]   Task fix-all-trade-issues: age 29605940m (timeout 120m)
[2026-04-16 12:20:01]     ⚠️  STALE (exceeded timeout)
[2026-04-16 12:20:01] Archiving 9 stale + 0 completed tasks...
[2026-04-16 12:30:00] Checking 9 active tasks...
[2026-04-16 12:30:00]   Task dogfood-qa-week4: age 29605950m (timeout 120m)
[2026-04-16 12:30:00]     ⚠️  STALE (exceeded timeout)
[2026-04-16 12:30:00]   Task fix-dogfood-week4: age 29605950m (timeout 120m)
[2026-04-16 12:30:00]     ⚠️  STALE (exceeded timeout)
[2026-04-16 12:30:00]   Task test-opt-parallel-logger: age 29605950m (timeout 120m)
[2026-04-16 12:30:00]     ⚠️  STALE (exceeded timeout)
[2026-04-16 12:30:00]   Task test-opt-parallel-error: age 29605950m (timeout 120m)
[2026-04-16 12:30:00]     ⚠️  STALE (exceeded timeout)
[2026-04-16 12:30:00]   Task audit-all-work: age 29605950m (timeout 120m)
[2026-04-16 12:30:00]     ⚠️  STALE (exceeded timeout)
[2026-04-16 12:30:00]   Task workqueue-automation: age 29605950m (timeout 120m)
[2026-04-16 12:30:00]     ⚠️  STALE (exceeded timeout)
[2026-04-16 12:30:00]   Task test-opt-analytics-opus: age 29605950m (timeout 120m)
[2026-04-16 12:30:00]     ⚠️  STALE (exceeded timeout)
[2026-04-16 12:30:00]   Task fix-trade-builder-403: age 29605950m (timeout 120m)
[2026-04-16 12:30:00]     ⚠️  STALE (exceeded timeout)
[2026-04-16 12:30:00]   Task fix-all-trade-issues: age 29605950m (timeout 120m)
[2026-04-16 12:30:00]     ⚠️  STALE (exceeded timeout)
[2026-04-16 12:30:00] Archiving 9 stale + 0 completed tasks...
[2026-04-16 12:40:01] Checking 9 active tasks...
[2026-04-16 12:40:01]   Task dogfood-qa-week4: age 29605960m (timeout 120m)
[2026-04-16 12:40:01]     ⚠️  STALE (exceeded timeout)
[2026-04-16 12:40:01]   Task fix-dogfood-week4: age 29605960m (timeout 120m)
[2026-04-16 12:40:01]     ⚠️  STALE (exceeded timeout)
[2026-04-16 12:40:01]   Task test-opt-parallel-logger: age 29605960m (timeout 120m)
[2026-04-16 12:40:01]     ⚠️  STALE (exceeded timeout)
[2026-04-16 12:40:01]   Task test-opt-parallel-error: age 29605960m (timeout 120m)
[2026-04-16 12:40:01]     ⚠️  STALE (exceeded timeout)
[2026-04-16 12:40:01]   Task audit-all-work: age 29605960m (timeout 120m)
[2026-04-16 12:40:01]     ⚠️  STALE (exceeded timeout)
[2026-04-16 12:40:01]   Task workqueue-automation: age 29605960m (timeout 120m)
[2026-04-16 12:40:01]     ⚠️  STALE (exceeded timeout)
[2026-04-16 12:40:01]   Task test-opt-analytics-opus: age 29605960m (timeout 120m)
[2026-04-16 12:40:01]     ⚠️  STALE (exceeded timeout)
[2026-04-16 12:40:01]   Task fix-trade-builder-403: age 29605960m (timeout 120m)
[2026-04-16 12:40:01]     ⚠️  STALE (exceeded timeout)
[2026-04-16 12:40:01]   Task fix-all-trade-issues: age 29605960m (timeout 120m)
[2026-04-16 12:40:01]     ⚠️  STALE (exceeded timeout)
[2026-04-16 12:40:01] Archiving 9 stale + 0 completed tasks...
[2026-04-16 12:50:00] Checking 9 active tasks...
[2026-04-16 12:50:01]   Task dogfood-qa-week4: age 29605970m (timeout 120m)
[2026-04-16 12:50:01]     ⚠️  STALE (exceeded timeout)
[2026-04-16 12:50:01]   Task fix-dogfood-week4: age 29605970m (timeout 120m)
[2026-04-16 12:50:01]     ⚠️  STALE (exceeded timeout)
[2026-04-16 12:50:01]   Task test-opt-parallel-logger: age 29605970m (timeout 120m)
[2026-04-16 12:50:01]     ⚠️  STALE (exceeded timeout)
[2026-04-16 12:50:01]   Task test-opt-parallel-error: age 29605970m (timeout 120m)
[2026-04-16 12:50:01]     ⚠️  STALE (exceeded timeout)
[2026-04-16 12:50:01]   Task audit-all-work: age 29605970m (timeout 120m)
[2026-04-16 12:50:01]     ⚠️  STALE (exceeded timeout)
[2026-04-16 12:50:01]   Task workqueue-automation: age 29605970m (timeout 120m)
[2026-04-16 12:50:01]     ⚠️  STALE (exceeded timeout)
[2026-04-16 12:50:01]   Task test-opt-analytics-opus: age 29605970m (timeout 120m)
[2026-04-16 12:50:01]     ⚠️  STALE (exceeded timeout)
[2026-04-16 12:50:01]   Task fix-trade-builder-403: age 29605970m (timeout 120m)
[2026-04-16 12:50:01]     ⚠️  STALE (exceeded timeout)
[2026-04-16 12:50:01]   Task fix-all-trade-issues: age 29605970m (timeout 120m)
[2026-04-16 12:50:01]     ⚠️  STALE (exceeded timeout)
[2026-04-16 12:50:01] Archiving 9 stale + 0 completed tasks...
