[2026-04-28 00:00:01] Checking 9 active tasks...
[2026-04-28 00:00:01]   Task dogfood-qa-week4: age 29622480m (timeout 120m)
[2026-04-28 00:00:01]     ⚠️  STALE (exceeded timeout)
[2026-04-28 00:00:01]   Task fix-dogfood-week4: age 29622480m (timeout 120m)
[2026-04-28 00:00:01]     ⚠️  STALE (exceeded timeout)
[2026-04-28 00:00:01]   Task test-opt-parallel-logger: age 29622480m (timeout 120m)
[2026-04-28 00:00:01]     ⚠️  STALE (exceeded timeout)
[2026-04-28 00:00:01]   Task test-opt-parallel-error: age 29622480m (timeout 120m)
[2026-04-28 00:00:01]     ⚠️  STALE (exceeded timeout)
[2026-04-28 00:00:01]   Task audit-all-work: age 29622480m (timeout 120m)
[2026-04-28 00:00:01]     ⚠️  STALE (exceeded timeout)
[2026-04-28 00:00:01]   Task workqueue-automation: age 29622480m (timeout 120m)
[2026-04-28 00:00:01]     ⚠️  STALE (exceeded timeout)
[2026-04-28 00:00:01]   Task test-opt-analytics-opus: age 29622480m (timeout 120m)
[2026-04-28 00:00:01]     ⚠️  STALE (exceeded timeout)
[2026-04-28 00:00:01]   Task fix-trade-builder-403: age 29622480m (timeout 120m)
[2026-04-28 00:00:01]     ⚠️  STALE (exceeded timeout)
[2026-04-28 00:00:01]   Task fix-all-trade-issues: age 29622480m (timeout 120m)
[2026-04-28 00:00:01]     ⚠️  STALE (exceeded timeout)
[2026-04-28 00:00:01] Archiving 9 stale + 0 completed tasks...
[2026-04-28 00:10:00] Checking 9 active tasks...
[2026-04-28 00:10:00]   Task dogfood-qa-week4: age 29622490m (timeout 120m)
[2026-04-28 00:10:00]     ⚠️  STALE (exceeded timeout)
[2026-04-28 00:10:00]   Task fix-dogfood-week4: age 29622490m (timeout 120m)
[2026-04-28 00:10:00]     ⚠️  STALE (exceeded timeout)
[2026-04-28 00:10:00]   Task test-opt-parallel-logger: age 29622490m (timeout 120m)
[2026-04-28 00:10:00]     ⚠️  STALE (exceeded timeout)
[2026-04-28 00:10:00]   Task test-opt-parallel-error: age 29622490m (timeout 120m)
[2026-04-28 00:10:00]     ⚠️  STALE (exceeded timeout)
[2026-04-28 00:10:00]   Task audit-all-work: age 29622490m (timeout 120m)
[2026-04-28 00:10:00]     ⚠️  STALE (exceeded timeout)
[2026-04-28 00:10:00]   Task workqueue-automation: age 29622490m (timeout 120m)
[2026-04-28 00:10:00]     ⚠️  STALE (exceeded timeout)
[2026-04-28 00:10:00]   Task test-opt-analytics-opus: age 29622490m (timeout 120m)
[2026-04-28 00:10:00]     ⚠️  STALE (exceeded timeout)
[2026-04-28 00:10:00]   Task fix-trade-builder-403: age 29622490m (timeout 120m)
[2026-04-28 00:10:00]     ⚠️  STALE (exceeded timeout)
[2026-04-28 00:10:00]   Task fix-all-trade-issues: age 29622490m (timeout 120m)
[2026-04-28 00:10:00]     ⚠️  STALE (exceeded timeout)
[2026-04-28 00:10:00] Archiving 9 stale + 0 completed tasks...
[2026-04-28 00:20:00] Checking 9 active tasks...
[2026-04-28 00:20:00]   Task dogfood-qa-week4: age 29622500m (timeout 120m)
[2026-04-28 00:20:00]     ⚠️  STALE (exceeded timeout)
[2026-04-28 00:20:00]   Task fix-dogfood-week4: age 29622500m (timeout 120m)
[2026-04-28 00:20:00]     ⚠️  STALE (exceeded timeout)
[2026-04-28 00:20:00]   Task test-opt-parallel-logger: age 29622500m (timeout 120m)
[2026-04-28 00:20:00]     ⚠️  STALE (exceeded timeout)
[2026-04-28 00:20:00]   Task test-opt-parallel-error: age 29622500m (timeout 120m)
[2026-04-28 00:20:00]     ⚠️  STALE (exceeded timeout)
[2026-04-28 00:20:00]   Task audit-all-work: age 29622500m (timeout 120m)
[2026-04-28 00:20:00]     ⚠️  STALE (exceeded timeout)
[2026-04-28 00:20:01]   Task workqueue-automation: age 29622500m (timeout 120m)
[2026-04-28 00:20:01]     ⚠️  STALE (exceeded timeout)
[2026-04-28 00:20:01]   Task test-opt-analytics-opus: age 29622500m (timeout 120m)
[2026-04-28 00:20:01]     ⚠️  STALE (exceeded timeout)
[2026-04-28 00:20:01]   Task fix-trade-builder-403: age 29622500m (timeout 120m)
[2026-04-28 00:20:01]     ⚠️  STALE (exceeded timeout)
[2026-04-28 00:20:01]   Task fix-all-trade-issues: age 29622500m (timeout 120m)
[2026-04-28 00:20:01]     ⚠️  STALE (exceeded timeout)
[2026-04-28 00:20:01] Archiving 9 stale + 0 completed tasks...
[2026-04-28 00:30:00] Checking 9 active tasks...
[2026-04-28 00:30:00]   Task dogfood-qa-week4: age 29622510m (timeout 120m)
[2026-04-28 00:30:01]     ⚠️  STALE (exceeded timeout)
[2026-04-28 00:30:01]   Task fix-dogfood-week4: age 29622510m (timeout 120m)
[2026-04-28 00:30:01]     ⚠️  STALE (exceeded timeout)
[2026-04-28 00:30:01]   Task test-opt-parallel-logger: age 29622510m (timeout 120m)
[2026-04-28 00:30:01]     ⚠️  STALE (exceeded timeout)
[2026-04-28 00:30:01]   Task test-opt-parallel-error: age 29622510m (timeout 120m)
[2026-04-28 00:30:01]     ⚠️  STALE (exceeded timeout)
[2026-04-28 00:30:01]   Task audit-all-work: age 29622510m (timeout 120m)
[2026-04-28 00:30:01]     ⚠️  STALE (exceeded timeout)
[2026-04-28 00:30:01]   Task workqueue-automation: age 29622510m (timeout 120m)
[2026-04-28 00:30:01]     ⚠️  STALE (exceeded timeout)
[2026-04-28 00:30:01]   Task test-opt-analytics-opus: age 29622510m (timeout 120m)
[2026-04-28 00:30:01]     ⚠️  STALE (exceeded timeout)
[2026-04-28 00:30:01]   Task fix-trade-builder-403: age 29622510m (timeout 120m)
[2026-04-28 00:30:01]     ⚠️  STALE (exceeded timeout)
[2026-04-28 00:30:01]   Task fix-all-trade-issues: age 29622510m (timeout 120m)
[2026-04-28 00:30:01]     ⚠️  STALE (exceeded timeout)
[2026-04-28 00:30:01] Archiving 9 stale + 0 completed tasks...
[2026-04-28 00:40:00] Checking 9 active tasks...
[2026-04-28 00:40:00]   Task dogfood-qa-week4: age 29622520m (timeout 120m)
[2026-04-28 00:40:00]     ⚠️  STALE (exceeded timeout)
[2026-04-28 00:40:00]   Task fix-dogfood-week4: age 29622520m (timeout 120m)
[2026-04-28 00:40:00]     ⚠️  STALE (exceeded timeout)
[2026-04-28 00:40:00]   Task test-opt-parallel-logger: age 29622520m (timeout 120m)
[2026-04-28 00:40:00]     ⚠️  STALE (exceeded timeout)
[2026-04-28 00:40:00]   Task test-opt-parallel-error: age 29622520m (timeout 120m)
[2026-04-28 00:40:00]     ⚠️  STALE (exceeded timeout)
[2026-04-28 00:40:00]   Task audit-all-work: age 29622520m (timeout 120m)
[2026-04-28 00:40:00]     ⚠️  STALE (exceeded timeout)
[2026-04-28 00:40:00]   Task workqueue-automation: age 29622520m (timeout 120m)
[2026-04-28 00:40:00]     ⚠️  STALE (exceeded timeout)
[2026-04-28 00:40:00]   Task test-opt-analytics-opus: age 29622520m (timeout 120m)
[2026-04-28 00:40:00]     ⚠️  STALE (exceeded timeout)
[2026-04-28 00:40:00]   Task fix-trade-builder-403: age 29622520m (timeout 120m)
[2026-04-28 00:40:00]     ⚠️  STALE (exceeded timeout)
[2026-04-28 00:40:00]   Task fix-all-trade-issues: age 29622520m (timeout 120m)
[2026-04-28 00:40:00]     ⚠️  STALE (exceeded timeout)
[2026-04-28 00:40:00] Archiving 9 stale + 0 completed tasks...
[2026-04-28 00:50:00] Checking 9 active tasks...
[2026-04-28 00:50:00]   Task dogfood-qa-week4: age 29622530m (timeout 120m)
[2026-04-28 00:50:00]     ⚠️  STALE (exceeded timeout)
[2026-04-28 00:50:00]   Task fix-dogfood-week4: age 29622530m (timeout 120m)
[2026-04-28 00:50:00]     ⚠️  STALE (exceeded timeout)
[2026-04-28 00:50:00]   Task test-opt-parallel-logger: age 29622530m (timeout 120m)
[2026-04-28 00:50:00]     ⚠️  STALE (exceeded timeout)
[2026-04-28 00:50:00]   Task test-opt-parallel-error: age 29622530m (timeout 120m)
[2026-04-28 00:50:00]     ⚠️  STALE (exceeded timeout)
[2026-04-28 00:50:00]   Task audit-all-work: age 29622530m (timeout 120m)
[2026-04-28 00:50:00]     ⚠️  STALE (exceeded timeout)
[2026-04-28 00:50:00]   Task workqueue-automation: age 29622530m (timeout 120m)
[2026-04-28 00:50:00]     ⚠️  STALE (exceeded timeout)
[2026-04-28 00:50:00]   Task test-opt-analytics-opus: age 29622530m (timeout 120m)
[2026-04-28 00:50:00]     ⚠️  STALE (exceeded timeout)
[2026-04-28 00:50:01]   Task fix-trade-builder-403: age 29622530m (timeout 120m)
[2026-04-28 00:50:01]     ⚠️  STALE (exceeded timeout)
[2026-04-28 00:50:01]   Task fix-all-trade-issues: age 29622530m (timeout 120m)
[2026-04-28 00:50:01]     ⚠️  STALE (exceeded timeout)
[2026-04-28 00:50:01] Archiving 9 stale + 0 completed tasks...
[2026-04-28 01:00:00] Checking 9 active tasks...
[2026-04-28 01:00:00]   Task dogfood-qa-week4: age 29622540m (timeout 120m)
[2026-04-28 01:00:00]     ⚠️  STALE (exceeded timeout)
[2026-04-28 01:00:00]   Task fix-dogfood-week4: age 29622540m (timeout 120m)
[2026-04-28 01:00:00]     ⚠️  STALE (exceeded timeout)
[2026-04-28 01:00:00]   Task test-opt-parallel-logger: age 29622540m (timeout 120m)
[2026-04-28 01:00:00]     ⚠️  STALE (exceeded timeout)
[2026-04-28 01:00:00]   Task test-opt-parallel-error: age 29622540m (timeout 120m)
[2026-04-28 01:00:00]     ⚠️  STALE (exceeded timeout)
[2026-04-28 01:00:00]   Task audit-all-work: age 29622540m (timeout 120m)
[2026-04-28 01:00:00]     ⚠️  STALE (exceeded timeout)
[2026-04-28 01:00:00]   Task workqueue-automation: age 29622540m (timeout 120m)
[2026-04-28 01:00:00]     ⚠️  STALE (exceeded timeout)
[2026-04-28 01:00:00]   Task test-opt-analytics-opus: age 29622540m (timeout 120m)
[2026-04-28 01:00:00]     ⚠️  STALE (exceeded timeout)
[2026-04-28 01:00:01]   Task fix-trade-builder-403: age 29622540m (timeout 120m)
[2026-04-28 01:00:01]     ⚠️  STALE (exceeded timeout)
[2026-04-28 01:00:01]   Task fix-all-trade-issues: age 29622540m (timeout 120m)
[2026-04-28 01:00:01]     ⚠️  STALE (exceeded timeout)
[2026-04-28 01:00:01] Archiving 9 stale + 0 completed tasks...
[2026-04-28 01:10:00] Checking 9 active tasks...
[2026-04-28 01:10:00]   Task dogfood-qa-week4: age 29622550m (timeout 120m)
[2026-04-28 01:10:00]     ⚠️  STALE (exceeded timeout)
[2026-04-28 01:10:01]   Task fix-dogfood-week4: age 29622550m (timeout 120m)
[2026-04-28 01:10:01]     ⚠️  STALE (exceeded timeout)
[2026-04-28 01:10:01]   Task test-opt-parallel-logger: age 29622550m (timeout 120m)
[2026-04-28 01:10:01]     ⚠️  STALE (exceeded timeout)
[2026-04-28 01:10:01]   Task test-opt-parallel-error: age 29622550m (timeout 120m)
[2026-04-28 01:10:01]     ⚠️  STALE (exceeded timeout)
[2026-04-28 01:10:01]   Task audit-all-work: age 29622550m (timeout 120m)
[2026-04-28 01:10:01]     ⚠️  STALE (exceeded timeout)
[2026-04-28 01:10:01]   Task workqueue-automation: age 29622550m (timeout 120m)
[2026-04-28 01:10:01]     ⚠️  STALE (exceeded timeout)
[2026-04-28 01:10:01]   Task test-opt-analytics-opus: age 29622550m (timeout 120m)
[2026-04-28 01:10:01]     ⚠️  STALE (exceeded timeout)
[2026-04-28 01:10:01]   Task fix-trade-builder-403: age 29622550m (timeout 120m)
[2026-04-28 01:10:01]     ⚠️  STALE (exceeded timeout)
[2026-04-28 01:10:01]   Task fix-all-trade-issues: age 29622550m (timeout 120m)
[2026-04-28 01:10:01]     ⚠️  STALE (exceeded timeout)
[2026-04-28 01:10:01] Archiving 9 stale + 0 completed tasks...
[2026-04-28 01:20:00] Checking 9 active tasks...
[2026-04-28 01:20:00]   Task dogfood-qa-week4: age 29622560m (timeout 120m)
[2026-04-28 01:20:00]     ⚠️  STALE (exceeded timeout)
[2026-04-28 01:20:00]   Task fix-dogfood-week4: age 29622560m (timeout 120m)
[2026-04-28 01:20:00]     ⚠️  STALE (exceeded timeout)
[2026-04-28 01:20:00]   Task test-opt-parallel-logger: age 29622560m (timeout 120m)
[2026-04-28 01:20:00]     ⚠️  STALE (exceeded timeout)
[2026-04-28 01:20:00]   Task test-opt-parallel-error: age 29622560m (timeout 120m)
[2026-04-28 01:20:00]     ⚠️  STALE (exceeded timeout)
[2026-04-28 01:20:00]   Task audit-all-work: age 29622560m (timeout 120m)
[2026-04-28 01:20:00]     ⚠️  STALE (exceeded timeout)
[2026-04-28 01:20:00]   Task workqueue-automation: age 29622560m (timeout 120m)
[2026-04-28 01:20:00]     ⚠️  STALE (exceeded timeout)
[2026-04-28 01:20:00]   Task test-opt-analytics-opus: age 29622560m (timeout 120m)
[2026-04-28 01:20:00]     ⚠️  STALE (exceeded timeout)
[2026-04-28 01:20:00]   Task fix-trade-builder-403: age 29622560m (timeout 120m)
[2026-04-28 01:20:00]     ⚠️  STALE (exceeded timeout)
[2026-04-28 01:20:01]   Task fix-all-trade-issues: age 29622560m (timeout 120m)
[2026-04-28 01:20:01]     ⚠️  STALE (exceeded timeout)
[2026-04-28 01:20:01] Archiving 9 stale + 0 completed tasks...
[2026-04-28 01:30:00] Checking 9 active tasks...
[2026-04-28 01:30:01]   Task dogfood-qa-week4: age 29622570m (timeout 120m)
[2026-04-28 01:30:01]     ⚠️  STALE (exceeded timeout)
[2026-04-28 01:30:01]   Task fix-dogfood-week4: age 29622570m (timeout 120m)
[2026-04-28 01:30:01]     ⚠️  STALE (exceeded timeout)
[2026-04-28 01:30:01]   Task test-opt-parallel-logger: age 29622570m (timeout 120m)
[2026-04-28 01:30:01]     ⚠️  STALE (exceeded timeout)
[2026-04-28 01:30:01]   Task test-opt-parallel-error: age 29622570m (timeout 120m)
[2026-04-28 01:30:01]     ⚠️  STALE (exceeded timeout)
[2026-04-28 01:30:01]   Task audit-all-work: age 29622570m (timeout 120m)
[2026-04-28 01:30:01]     ⚠️  STALE (exceeded timeout)
[2026-04-28 01:30:01]   Task workqueue-automation: age 29622570m (timeout 120m)
[2026-04-28 01:30:01]     ⚠️  STALE (exceeded timeout)
[2026-04-28 01:30:01]   Task test-opt-analytics-opus: age 29622570m (timeout 120m)
[2026-04-28 01:30:01]     ⚠️  STALE (exceeded timeout)
[2026-04-28 01:30:01]   Task fix-trade-builder-403: age 29622570m (timeout 120m)
[2026-04-28 01:30:01]     ⚠️  STALE (exceeded timeout)
[2026-04-28 01:30:01]   Task fix-all-trade-issues: age 29622570m (timeout 120m)
[2026-04-28 01:30:01]     ⚠️  STALE (exceeded timeout)
[2026-04-28 01:30:01] Archiving 9 stale + 0 completed tasks...
[2026-04-28 01:40:01] Checking 9 active tasks...
[2026-04-28 01:40:01]   Task dogfood-qa-week4: age 29622580m (timeout 120m)
[2026-04-28 01:40:01]     ⚠️  STALE (exceeded timeout)
[2026-04-28 01:40:01]   Task fix-dogfood-week4: age 29622580m (timeout 120m)
[2026-04-28 01:40:01]     ⚠️  STALE (exceeded timeout)
[2026-04-28 01:40:01]   Task test-opt-parallel-logger: age 29622580m (timeout 120m)
[2026-04-28 01:40:01]     ⚠️  STALE (exceeded timeout)
[2026-04-28 01:40:01]   Task test-opt-parallel-error: age 29622580m (timeout 120m)
[2026-04-28 01:40:01]     ⚠️  STALE (exceeded timeout)
[2026-04-28 01:40:01]   Task audit-all-work: age 29622580m (timeout 120m)
[2026-04-28 01:40:01]     ⚠️  STALE (exceeded timeout)
[2026-04-28 01:40:01]   Task workqueue-automation: age 29622580m (timeout 120m)
[2026-04-28 01:40:01]     ⚠️  STALE (exceeded timeout)
[2026-04-28 01:40:01]   Task test-opt-analytics-opus: age 29622580m (timeout 120m)
[2026-04-28 01:40:01]     ⚠️  STALE (exceeded timeout)
[2026-04-28 01:40:01]   Task fix-trade-builder-403: age 29622580m (timeout 120m)
[2026-04-28 01:40:01]     ⚠️  STALE (exceeded timeout)
[2026-04-28 01:40:01]   Task fix-all-trade-issues: age 29622580m (timeout 120m)
[2026-04-28 01:40:01]     ⚠️  STALE (exceeded timeout)
[2026-04-28 01:40:01] Archiving 9 stale + 0 completed tasks...
[2026-04-28 01:50:00] Checking 9 active tasks...
[2026-04-28 01:50:00]   Task dogfood-qa-week4: age 29622590m (timeout 120m)
[2026-04-28 01:50:00]     ⚠️  STALE (exceeded timeout)
[2026-04-28 01:50:00]   Task fix-dogfood-week4: age 29622590m (timeout 120m)
[2026-04-28 01:50:00]     ⚠️  STALE (exceeded timeout)
[2026-04-28 01:50:00]   Task test-opt-parallel-logger: age 29622590m (timeout 120m)
[2026-04-28 01:50:00]     ⚠️  STALE (exceeded timeout)
[2026-04-28 01:50:00]   Task test-opt-parallel-error: age 29622590m (timeout 120m)
[2026-04-28 01:50:00]     ⚠️  STALE (exceeded timeout)
[2026-04-28 01:50:00]   Task audit-all-work: age 29622590m (timeout 120m)
[2026-04-28 01:50:00]     ⚠️  STALE (exceeded timeout)
[2026-04-28 01:50:00]   Task workqueue-automation: age 29622590m (timeout 120m)
[2026-04-28 01:50:00]     ⚠️  STALE (exceeded timeout)
[2026-04-28 01:50:00]   Task test-opt-analytics-opus: age 29622590m (timeout 120m)
[2026-04-28 01:50:00]     ⚠️  STALE (exceeded timeout)
[2026-04-28 01:50:00]   Task fix-trade-builder-403: age 29622590m (timeout 120m)
[2026-04-28 01:50:00]     ⚠️  STALE (exceeded timeout)
[2026-04-28 01:50:00]   Task fix-all-trade-issues: age 29622590m (timeout 120m)
[2026-04-28 01:50:00]     ⚠️  STALE (exceeded timeout)
[2026-04-28 01:50:00] Archiving 9 stale + 0 completed tasks...
[2026-04-28 02:00:00] Checking 9 active tasks...
[2026-04-28 02:00:00]   Task dogfood-qa-week4: age 29622600m (timeout 120m)
[2026-04-28 02:00:00]     ⚠️  STALE (exceeded timeout)
[2026-04-28 02:00:00]   Task fix-dogfood-week4: age 29622600m (timeout 120m)
[2026-04-28 02:00:00]     ⚠️  STALE (exceeded timeout)
[2026-04-28 02:00:00]   Task test-opt-parallel-logger: age 29622600m (timeout 120m)
[2026-04-28 02:00:00]     ⚠️  STALE (exceeded timeout)
[2026-04-28 02:00:01]   Task test-opt-parallel-error: age 29622600m (timeout 120m)
[2026-04-28 02:00:01]     ⚠️  STALE (exceeded timeout)
[2026-04-28 02:00:01]   Task audit-all-work: age 29622600m (timeout 120m)
[2026-04-28 02:00:01]     ⚠️  STALE (exceeded timeout)
[2026-04-28 02:00:01]   Task workqueue-automation: age 29622600m (timeout 120m)
[2026-04-28 02:00:01]     ⚠️  STALE (exceeded timeout)
[2026-04-28 02:00:01]   Task test-opt-analytics-opus: age 29622600m (timeout 120m)
[2026-04-28 02:00:01]     ⚠️  STALE (exceeded timeout)
[2026-04-28 02:00:01]   Task fix-trade-builder-403: age 29622600m (timeout 120m)
[2026-04-28 02:00:01]     ⚠️  STALE (exceeded timeout)
[2026-04-28 02:00:01]   Task fix-all-trade-issues: age 29622600m (timeout 120m)
[2026-04-28 02:00:01]     ⚠️  STALE (exceeded timeout)
[2026-04-28 02:00:01] Archiving 9 stale + 0 completed tasks...
[2026-04-28 02:10:00] Checking 9 active tasks...
[2026-04-28 02:10:00]   Task dogfood-qa-week4: age 29622610m (timeout 120m)
[2026-04-28 02:10:00]     ⚠️  STALE (exceeded timeout)
[2026-04-28 02:10:00]   Task fix-dogfood-week4: age 29622610m (timeout 120m)
[2026-04-28 02:10:00]     ⚠️  STALE (exceeded timeout)
[2026-04-28 02:10:00]   Task test-opt-parallel-logger: age 29622610m (timeout 120m)
[2026-04-28 02:10:00]     ⚠️  STALE (exceeded timeout)
[2026-04-28 02:10:00]   Task test-opt-parallel-error: age 29622610m (timeout 120m)
[2026-04-28 02:10:00]     ⚠️  STALE (exceeded timeout)
[2026-04-28 02:10:00]   Task audit-all-work: age 29622610m (timeout 120m)
[2026-04-28 02:10:00]     ⚠️  STALE (exceeded timeout)
[2026-04-28 02:10:00]   Task workqueue-automation: age 29622610m (timeout 120m)
[2026-04-28 02:10:00]     ⚠️  STALE (exceeded timeout)
[2026-04-28 02:10:00]   Task test-opt-analytics-opus: age 29622610m (timeout 120m)
[2026-04-28 02:10:00]     ⚠️  STALE (exceeded timeout)
[2026-04-28 02:10:00]   Task fix-trade-builder-403: age 29622610m (timeout 120m)
[2026-04-28 02:10:00]     ⚠️  STALE (exceeded timeout)
[2026-04-28 02:10:00]   Task fix-all-trade-issues: age 29622610m (timeout 120m)
[2026-04-28 02:10:00]     ⚠️  STALE (exceeded timeout)
[2026-04-28 02:10:00] Archiving 9 stale + 0 completed tasks...
[2026-04-28 02:20:00] Checking 9 active tasks...
[2026-04-28 02:20:00]   Task dogfood-qa-week4: age 29622620m (timeout 120m)
[2026-04-28 02:20:00]     ⚠️  STALE (exceeded timeout)
[2026-04-28 02:20:00]   Task fix-dogfood-week4: age 29622620m (timeout 120m)
[2026-04-28 02:20:00]     ⚠️  STALE (exceeded timeout)
[2026-04-28 02:20:00]   Task test-opt-parallel-logger: age 29622620m (timeout 120m)
[2026-04-28 02:20:00]     ⚠️  STALE (exceeded timeout)
[2026-04-28 02:20:00]   Task test-opt-parallel-error: age 29622620m (timeout 120m)
[2026-04-28 02:20:00]     ⚠️  STALE (exceeded timeout)
[2026-04-28 02:20:00]   Task audit-all-work: age 29622620m (timeout 120m)
[2026-04-28 02:20:00]     ⚠️  STALE (exceeded timeout)
[2026-04-28 02:20:01]   Task workqueue-automation: age 29622620m (timeout 120m)
[2026-04-28 02:20:01]     ⚠️  STALE (exceeded timeout)
[2026-04-28 02:20:01]   Task test-opt-analytics-opus: age 29622620m (timeout 120m)
[2026-04-28 02:20:01]     ⚠️  STALE (exceeded timeout)
[2026-04-28 02:20:01]   Task fix-trade-builder-403: age 29622620m (timeout 120m)
[2026-04-28 02:20:01]     ⚠️  STALE (exceeded timeout)
[2026-04-28 02:20:01]   Task fix-all-trade-issues: age 29622620m (timeout 120m)
[2026-04-28 02:20:01]     ⚠️  STALE (exceeded timeout)
[2026-04-28 02:20:01] Archiving 9 stale + 0 completed tasks...
[2026-04-28 02:30:00] Checking 9 active tasks...
[2026-04-28 02:30:00]   Task dogfood-qa-week4: age 29622630m (timeout 120m)
[2026-04-28 02:30:00]     ⚠️  STALE (exceeded timeout)
[2026-04-28 02:30:00]   Task fix-dogfood-week4: age 29622630m (timeout 120m)
[2026-04-28 02:30:01]     ⚠️  STALE (exceeded timeout)
[2026-04-28 02:30:01]   Task test-opt-parallel-logger: age 29622630m (timeout 120m)
[2026-04-28 02:30:01]     ⚠️  STALE (exceeded timeout)
[2026-04-28 02:30:01]   Task test-opt-parallel-error: age 29622630m (timeout 120m)
[2026-04-28 02:30:01]     ⚠️  STALE (exceeded timeout)
[2026-04-28 02:30:01]   Task audit-all-work: age 29622630m (timeout 120m)
[2026-04-28 02:30:01]     ⚠️  STALE (exceeded timeout)
[2026-04-28 02:30:01]   Task workqueue-automation: age 29622630m (timeout 120m)
[2026-04-28 02:30:01]     ⚠️  STALE (exceeded timeout)
[2026-04-28 02:30:01]   Task test-opt-analytics-opus: age 29622630m (timeout 120m)
[2026-04-28 02:30:01]     ⚠️  STALE (exceeded timeout)
[2026-04-28 02:30:01]   Task fix-trade-builder-403: age 29622630m (timeout 120m)
[2026-04-28 02:30:01]     ⚠️  STALE (exceeded timeout)
[2026-04-28 02:30:01]   Task fix-all-trade-issues: age 29622630m (timeout 120m)
[2026-04-28 02:30:01]     ⚠️  STALE (exceeded timeout)
[2026-04-28 02:30:01] Archiving 9 stale + 0 completed tasks...
[2026-04-28 02:40:00] Checking 9 active tasks...
[2026-04-28 02:40:00]   Task dogfood-qa-week4: age 29622640m (timeout 120m)
[2026-04-28 02:40:00]     ⚠️  STALE (exceeded timeout)
[2026-04-28 02:40:00]   Task fix-dogfood-week4: age 29622640m (timeout 120m)
[2026-04-28 02:40:00]     ⚠️  STALE (exceeded timeout)
[2026-04-28 02:40:00]   Task test-opt-parallel-logger: age 29622640m (timeout 120m)
[2026-04-28 02:40:00]     ⚠️  STALE (exceeded timeout)
[2026-04-28 02:40:00]   Task test-opt-parallel-error: age 29622640m (timeout 120m)
[2026-04-28 02:40:00]     ⚠️  STALE (exceeded timeout)
[2026-04-28 02:40:00]   Task audit-all-work: age 29622640m (timeout 120m)
[2026-04-28 02:40:00]     ⚠️  STALE (exceeded timeout)
[2026-04-28 02:40:00]   Task workqueue-automation: age 29622640m (timeout 120m)
[2026-04-28 02:40:00]     ⚠️  STALE (exceeded timeout)
[2026-04-28 02:40:00]   Task test-opt-analytics-opus: age 29622640m (timeout 120m)
[2026-04-28 02:40:00]     ⚠️  STALE (exceeded timeout)
[2026-04-28 02:40:00]   Task fix-trade-builder-403: age 29622640m (timeout 120m)
[2026-04-28 02:40:00]     ⚠️  STALE (exceeded timeout)
[2026-04-28 02:40:01]   Task fix-all-trade-issues: age 29622640m (timeout 120m)
[2026-04-28 02:40:01]     ⚠️  STALE (exceeded timeout)
[2026-04-28 02:40:01] Archiving 9 stale + 0 completed tasks...
[2026-04-28 02:50:00] Checking 9 active tasks...
[2026-04-28 02:50:00]   Task dogfood-qa-week4: age 29622650m (timeout 120m)
[2026-04-28 02:50:00]     ⚠️  STALE (exceeded timeout)
[2026-04-28 02:50:00]   Task fix-dogfood-week4: age 29622650m (timeout 120m)
[2026-04-28 02:50:00]     ⚠️  STALE (exceeded timeout)
[2026-04-28 02:50:00]   Task test-opt-parallel-logger: age 29622650m (timeout 120m)
[2026-04-28 02:50:00]     ⚠️  STALE (exceeded timeout)
[2026-04-28 02:50:01]   Task test-opt-parallel-error: age 29622650m (timeout 120m)
[2026-04-28 02:50:01]     ⚠️  STALE (exceeded timeout)
[2026-04-28 02:50:01]   Task audit-all-work: age 29622650m (timeout 120m)
[2026-04-28 02:50:01]     ⚠️  STALE (exceeded timeout)
[2026-04-28 02:50:01]   Task workqueue-automation: age 29622650m (timeout 120m)
[2026-04-28 02:50:01]     ⚠️  STALE (exceeded timeout)
[2026-04-28 02:50:01]   Task test-opt-analytics-opus: age 29622650m (timeout 120m)
[2026-04-28 02:50:01]     ⚠️  STALE (exceeded timeout)
[2026-04-28 02:50:01]   Task fix-trade-builder-403: age 29622650m (timeout 120m)
[2026-04-28 02:50:01]     ⚠️  STALE (exceeded timeout)
[2026-04-28 02:50:01]   Task fix-all-trade-issues: age 29622650m (timeout 120m)
[2026-04-28 02:50:01]     ⚠️  STALE (exceeded timeout)
[2026-04-28 02:50:01] Archiving 9 stale + 0 completed tasks...
[2026-04-28 03:00:01] Checking 9 active tasks...
[2026-04-28 03:00:01]   Task dogfood-qa-week4: age 29622660m (timeout 120m)
[2026-04-28 03:00:01]     ⚠️  STALE (exceeded timeout)
[2026-04-28 03:00:01]   Task fix-dogfood-week4: age 29622660m (timeout 120m)
[2026-04-28 03:00:01]     ⚠️  STALE (exceeded timeout)
[2026-04-28 03:00:01]   Task test-opt-parallel-logger: age 29622660m (timeout 120m)
[2026-04-28 03:00:01]     ⚠️  STALE (exceeded timeout)
[2026-04-28 03:00:01]   Task test-opt-parallel-error: age 29622660m (timeout 120m)
[2026-04-28 03:00:01]     ⚠️  STALE (exceeded timeout)
[2026-04-28 03:00:01]   Task audit-all-work: age 29622660m (timeout 120m)
[2026-04-28 03:00:01]     ⚠️  STALE (exceeded timeout)
[2026-04-28 03:00:01]   Task workqueue-automation: age 29622660m (timeout 120m)
[2026-04-28 03:00:01]     ⚠️  STALE (exceeded timeout)
[2026-04-28 03:00:01]   Task test-opt-analytics-opus: age 29622660m (timeout 120m)
[2026-04-28 03:00:01]     ⚠️  STALE (exceeded timeout)
[2026-04-28 03:00:01]   Task fix-trade-builder-403: age 29622660m (timeout 120m)
[2026-04-28 03:00:01]     ⚠️  STALE (exceeded timeout)
[2026-04-28 03:00:01]   Task fix-all-trade-issues: age 29622660m (timeout 120m)
[2026-04-28 03:00:01]     ⚠️  STALE (exceeded timeout)
[2026-04-28 03:00:01] Archiving 9 stale + 0 completed tasks...
[2026-04-28 03:10:00] Checking 9 active tasks...
[2026-04-28 03:10:00]   Task dogfood-qa-week4: age 29622670m (timeout 120m)
[2026-04-28 03:10:00]     ⚠️  STALE (exceeded timeout)
[2026-04-28 03:10:00]   Task fix-dogfood-week4: age 29622670m (timeout 120m)
[2026-04-28 03:10:00]     ⚠️  STALE (exceeded timeout)
[2026-04-28 03:10:00]   Task test-opt-parallel-logger: age 29622670m (timeout 120m)
[2026-04-28 03:10:00]     ⚠️  STALE (exceeded timeout)
[2026-04-28 03:10:00]   Task test-opt-parallel-error: age 29622670m (timeout 120m)
[2026-04-28 03:10:00]     ⚠️  STALE (exceeded timeout)
[2026-04-28 03:10:00]   Task audit-all-work: age 29622670m (timeout 120m)
[2026-04-28 03:10:00]     ⚠️  STALE (exceeded timeout)
[2026-04-28 03:10:00]   Task workqueue-automation: age 29622670m (timeout 120m)
[2026-04-28 03:10:00]     ⚠️  STALE (exceeded timeout)
[2026-04-28 03:10:00]   Task test-opt-analytics-opus: age 29622670m (timeout 120m)
[2026-04-28 03:10:00]     ⚠️  STALE (exceeded timeout)
[2026-04-28 03:10:00]   Task fix-trade-builder-403: age 29622670m (timeout 120m)
[2026-04-28 03:10:00]     ⚠️  STALE (exceeded timeout)
[2026-04-28 03:10:01]   Task fix-all-trade-issues: age 29622670m (timeout 120m)
[2026-04-28 03:10:01]     ⚠️  STALE (exceeded timeout)
[2026-04-28 03:10:01] Archiving 9 stale + 0 completed tasks...
[2026-04-28 03:20:00] Checking 9 active tasks...
[2026-04-28 03:20:00]   Task dogfood-qa-week4: age 29622680m (timeout 120m)
[2026-04-28 03:20:00]     ⚠️  STALE (exceeded timeout)
[2026-04-28 03:20:00]   Task fix-dogfood-week4: age 29622680m (timeout 120m)
[2026-04-28 03:20:00]     ⚠️  STALE (exceeded timeout)
[2026-04-28 03:20:00]   Task test-opt-parallel-logger: age 29622680m (timeout 120m)
[2026-04-28 03:20:00]     ⚠️  STALE (exceeded timeout)
[2026-04-28 03:20:00]   Task test-opt-parallel-error: age 29622680m (timeout 120m)
[2026-04-28 03:20:00]     ⚠️  STALE (exceeded timeout)
[2026-04-28 03:20:01]   Task audit-all-work: age 29622680m (timeout 120m)
[2026-04-28 03:20:01]     ⚠️  STALE (exceeded timeout)
[2026-04-28 03:20:01]   Task workqueue-automation: age 29622680m (timeout 120m)
[2026-04-28 03:20:01]     ⚠️  STALE (exceeded timeout)
[2026-04-28 03:20:01]   Task test-opt-analytics-opus: age 29622680m (timeout 120m)
[2026-04-28 03:20:01]     ⚠️  STALE (exceeded timeout)
[2026-04-28 03:20:01]   Task fix-trade-builder-403: age 29622680m (timeout 120m)
[2026-04-28 03:20:01]     ⚠️  STALE (exceeded timeout)
[2026-04-28 03:20:01]   Task fix-all-trade-issues: age 29622680m (timeout 120m)
[2026-04-28 03:20:01]     ⚠️  STALE (exceeded timeout)
[2026-04-28 03:20:01] Archiving 9 stale + 0 completed tasks...
[2026-04-28 03:30:01] Checking 9 active tasks...
[2026-04-28 03:30:01]   Task dogfood-qa-week4: age 29622690m (timeout 120m)
[2026-04-28 03:30:01]     ⚠️  STALE (exceeded timeout)
[2026-04-28 03:30:01]   Task fix-dogfood-week4: age 29622690m (timeout 120m)
[2026-04-28 03:30:01]     ⚠️  STALE (exceeded timeout)
[2026-04-28 03:30:01]   Task test-opt-parallel-logger: age 29622690m (timeout 120m)
[2026-04-28 03:30:01]     ⚠️  STALE (exceeded timeout)
[2026-04-28 03:30:01]   Task test-opt-parallel-error: age 29622690m (timeout 120m)
[2026-04-28 03:30:01]     ⚠️  STALE (exceeded timeout)
[2026-04-28 03:30:01]   Task audit-all-work: age 29622690m (timeout 120m)
[2026-04-28 03:30:01]     ⚠️  STALE (exceeded timeout)
[2026-04-28 03:30:01]   Task workqueue-automation: age 29622690m (timeout 120m)
[2026-04-28 03:30:01]     ⚠️  STALE (exceeded timeout)
[2026-04-28 03:30:01]   Task test-opt-analytics-opus: age 29622690m (timeout 120m)
[2026-04-28 03:30:01]     ⚠️  STALE (exceeded timeout)
[2026-04-28 03:30:01]   Task fix-trade-builder-403: age 29622690m (timeout 120m)
[2026-04-28 03:30:01]     ⚠️  STALE (exceeded timeout)
[2026-04-28 03:30:01]   Task fix-all-trade-issues: age 29622690m (timeout 120m)
[2026-04-28 03:30:01]     ⚠️  STALE (exceeded timeout)
[2026-04-28 03:30:01] Archiving 9 stale + 0 completed tasks...
[2026-04-28 03:40:00] Checking 9 active tasks...
[2026-04-28 03:40:00]   Task dogfood-qa-week4: age 29622700m (timeout 120m)
[2026-04-28 03:40:00]     ⚠️  STALE (exceeded timeout)
[2026-04-28 03:40:00]   Task fix-dogfood-week4: age 29622700m (timeout 120m)
[2026-04-28 03:40:00]     ⚠️  STALE (exceeded timeout)
[2026-04-28 03:40:00]   Task test-opt-parallel-logger: age 29622700m (timeout 120m)
[2026-04-28 03:40:00]     ⚠️  STALE (exceeded timeout)
[2026-04-28 03:40:00]   Task test-opt-parallel-error: age 29622700m (timeout 120m)
[2026-04-28 03:40:00]     ⚠️  STALE (exceeded timeout)
[2026-04-28 03:40:00]   Task audit-all-work: age 29622700m (timeout 120m)
[2026-04-28 03:40:00]     ⚠️  STALE (exceeded timeout)
[2026-04-28 03:40:00]   Task workqueue-automation: age 29622700m (timeout 120m)
[2026-04-28 03:40:00]     ⚠️  STALE (exceeded timeout)
[2026-04-28 03:40:01]   Task test-opt-analytics-opus: age 29622700m (timeout 120m)
[2026-04-28 03:40:01]     ⚠️  STALE (exceeded timeout)
[2026-04-28 03:40:01]   Task fix-trade-builder-403: age 29622700m (timeout 120m)
[2026-04-28 03:40:01]     ⚠️  STALE (exceeded timeout)
[2026-04-28 03:40:01]   Task fix-all-trade-issues: age 29622700m (timeout 120m)
[2026-04-28 03:40:01]     ⚠️  STALE (exceeded timeout)
[2026-04-28 03:40:01] Archiving 9 stale + 0 completed tasks...
[2026-04-28 03:50:00] Checking 9 active tasks...
[2026-04-28 03:50:00]   Task dogfood-qa-week4: age 29622710m (timeout 120m)
[2026-04-28 03:50:00]     ⚠️  STALE (exceeded timeout)
[2026-04-28 03:50:00]   Task fix-dogfood-week4: age 29622710m (timeout 120m)
[2026-04-28 03:50:00]     ⚠️  STALE (exceeded timeout)
[2026-04-28 03:50:01]   Task test-opt-parallel-logger: age 29622710m (timeout 120m)
[2026-04-28 03:50:01]     ⚠️  STALE (exceeded timeout)
[2026-04-28 03:50:01]   Task test-opt-parallel-error: age 29622710m (timeout 120m)
[2026-04-28 03:50:01]     ⚠️  STALE (exceeded timeout)
[2026-04-28 03:50:01]   Task audit-all-work: age 29622710m (timeout 120m)
[2026-04-28 03:50:01]     ⚠️  STALE (exceeded timeout)
[2026-04-28 03:50:01]   Task workqueue-automation: age 29622710m (timeout 120m)
[2026-04-28 03:50:01]     ⚠️  STALE (exceeded timeout)
[2026-04-28 03:50:01]   Task test-opt-analytics-opus: age 29622710m (timeout 120m)
[2026-04-28 03:50:01]     ⚠️  STALE (exceeded timeout)
[2026-04-28 03:50:01]   Task fix-trade-builder-403: age 29622710m (timeout 120m)
[2026-04-28 03:50:01]     ⚠️  STALE (exceeded timeout)
[2026-04-28 03:50:01]   Task fix-all-trade-issues: age 29622710m (timeout 120m)
[2026-04-28 03:50:01]     ⚠️  STALE (exceeded timeout)
[2026-04-28 03:50:01] Archiving 9 stale + 0 completed tasks...
[2026-04-28 04:00:00] Checking 9 active tasks...
[2026-04-28 04:00:00]   Task dogfood-qa-week4: age 29622720m (timeout 120m)
[2026-04-28 04:00:00]     ⚠️  STALE (exceeded timeout)
[2026-04-28 04:00:00]   Task fix-dogfood-week4: age 29622720m (timeout 120m)
[2026-04-28 04:00:00]     ⚠️  STALE (exceeded timeout)
[2026-04-28 04:00:00]   Task test-opt-parallel-logger: age 29622720m (timeout 120m)
[2026-04-28 04:00:00]     ⚠️  STALE (exceeded timeout)
[2026-04-28 04:00:00]   Task test-opt-parallel-error: age 29622720m (timeout 120m)
[2026-04-28 04:00:00]     ⚠️  STALE (exceeded timeout)
[2026-04-28 04:00:00]   Task audit-all-work: age 29622720m (timeout 120m)
[2026-04-28 04:00:00]     ⚠️  STALE (exceeded timeout)
[2026-04-28 04:00:00]   Task workqueue-automation: age 29622720m (timeout 120m)
[2026-04-28 04:00:00]     ⚠️  STALE (exceeded timeout)
[2026-04-28 04:00:00]   Task test-opt-analytics-opus: age 29622720m (timeout 120m)
[2026-04-28 04:00:00]     ⚠️  STALE (exceeded timeout)
[2026-04-28 04:00:01]   Task fix-trade-builder-403: age 29622720m (timeout 120m)
[2026-04-28 04:00:01]     ⚠️  STALE (exceeded timeout)
[2026-04-28 04:00:01]   Task fix-all-trade-issues: age 29622720m (timeout 120m)
[2026-04-28 04:00:01]     ⚠️  STALE (exceeded timeout)
[2026-04-28 04:00:01] Archiving 9 stale + 0 completed tasks...
[2026-04-28 04:10:00] Checking 9 active tasks...
[2026-04-28 04:10:00]   Task dogfood-qa-week4: age 29622730m (timeout 120m)
[2026-04-28 04:10:00]     ⚠️  STALE (exceeded timeout)
[2026-04-28 04:10:01]   Task fix-dogfood-week4: age 29622730m (timeout 120m)
[2026-04-28 04:10:01]     ⚠️  STALE (exceeded timeout)
[2026-04-28 04:10:01]   Task test-opt-parallel-logger: age 29622730m (timeout 120m)
[2026-04-28 04:10:01]     ⚠️  STALE (exceeded timeout)
[2026-04-28 04:10:01]   Task test-opt-parallel-error: age 29622730m (timeout 120m)
[2026-04-28 04:10:01]     ⚠️  STALE (exceeded timeout)
[2026-04-28 04:10:01]   Task audit-all-work: age 29622730m (timeout 120m)
[2026-04-28 04:10:01]     ⚠️  STALE (exceeded timeout)
[2026-04-28 04:10:01]   Task workqueue-automation: age 29622730m (timeout 120m)
[2026-04-28 04:10:01]     ⚠️  STALE (exceeded timeout)
[2026-04-28 04:10:01]   Task test-opt-analytics-opus: age 29622730m (timeout 120m)
[2026-04-28 04:10:01]     ⚠️  STALE (exceeded timeout)
[2026-04-28 04:10:01]   Task fix-trade-builder-403: age 29622730m (timeout 120m)
[2026-04-28 04:10:01]     ⚠️  STALE (exceeded timeout)
[2026-04-28 04:10:01]   Task fix-all-trade-issues: age 29622730m (timeout 120m)
[2026-04-28 04:10:01]     ⚠️  STALE (exceeded timeout)
[2026-04-28 04:10:01] Archiving 9 stale + 0 completed tasks...
[2026-04-28 04:20:01] Checking 9 active tasks...
[2026-04-28 04:20:01]   Task dogfood-qa-week4: age 29622740m (timeout 120m)
[2026-04-28 04:20:01]     ⚠️  STALE (exceeded timeout)
[2026-04-28 04:20:01]   Task fix-dogfood-week4: age 29622740m (timeout 120m)
[2026-04-28 04:20:01]     ⚠️  STALE (exceeded timeout)
[2026-04-28 04:20:01]   Task test-opt-parallel-logger: age 29622740m (timeout 120m)
[2026-04-28 04:20:01]     ⚠️  STALE (exceeded timeout)
[2026-04-28 04:20:01]   Task test-opt-parallel-error: age 29622740m (timeout 120m)
[2026-04-28 04:20:01]     ⚠️  STALE (exceeded timeout)
[2026-04-28 04:20:01]   Task audit-all-work: age 29622740m (timeout 120m)
[2026-04-28 04:20:01]     ⚠️  STALE (exceeded timeout)
[2026-04-28 04:20:01]   Task workqueue-automation: age 29622740m (timeout 120m)
[2026-04-28 04:20:01]     ⚠️  STALE (exceeded timeout)
[2026-04-28 04:20:01]   Task test-opt-analytics-opus: age 29622740m (timeout 120m)
[2026-04-28 04:20:01]     ⚠️  STALE (exceeded timeout)
[2026-04-28 04:20:01]   Task fix-trade-builder-403: age 29622740m (timeout 120m)
[2026-04-28 04:20:01]     ⚠️  STALE (exceeded timeout)
[2026-04-28 04:20:01]   Task fix-all-trade-issues: age 29622740m (timeout 120m)
[2026-04-28 04:20:01]     ⚠️  STALE (exceeded timeout)
[2026-04-28 04:20:01] Archiving 9 stale + 0 completed tasks...
[2026-04-28 04:30:00] Checking 9 active tasks...
[2026-04-28 04:30:00]   Task dogfood-qa-week4: age 29622750m (timeout 120m)
[2026-04-28 04:30:00]     ⚠️  STALE (exceeded timeout)
[2026-04-28 04:30:00]   Task fix-dogfood-week4: age 29622750m (timeout 120m)
[2026-04-28 04:30:00]     ⚠️  STALE (exceeded timeout)
[2026-04-28 04:30:00]   Task test-opt-parallel-logger: age 29622750m (timeout 120m)
[2026-04-28 04:30:00]     ⚠️  STALE (exceeded timeout)
[2026-04-28 04:30:00]   Task test-opt-parallel-error: age 29622750m (timeout 120m)
[2026-04-28 04:30:00]     ⚠️  STALE (exceeded timeout)
[2026-04-28 04:30:00]   Task audit-all-work: age 29622750m (timeout 120m)
[2026-04-28 04:30:00]     ⚠️  STALE (exceeded timeout)
[2026-04-28 04:30:00]   Task workqueue-automation: age 29622750m (timeout 120m)
[2026-04-28 04:30:00]     ⚠️  STALE (exceeded timeout)
[2026-04-28 04:30:00]   Task test-opt-analytics-opus: age 29622750m (timeout 120m)
[2026-04-28 04:30:00]     ⚠️  STALE (exceeded timeout)
[2026-04-28 04:30:00]   Task fix-trade-builder-403: age 29622750m (timeout 120m)
[2026-04-28 04:30:00]     ⚠️  STALE (exceeded timeout)
[2026-04-28 04:30:01]   Task fix-all-trade-issues: age 29622750m (timeout 120m)
[2026-04-28 04:30:01]     ⚠️  STALE (exceeded timeout)
[2026-04-28 04:30:01] Archiving 9 stale + 0 completed tasks...
[2026-04-28 04:40:00] Checking 9 active tasks...
[2026-04-28 04:40:00]   Task dogfood-qa-week4: age 29622760m (timeout 120m)
[2026-04-28 04:40:00]     ⚠️  STALE (exceeded timeout)
[2026-04-28 04:40:00]   Task fix-dogfood-week4: age 29622760m (timeout 120m)
[2026-04-28 04:40:00]     ⚠️  STALE (exceeded timeout)
[2026-04-28 04:40:00]   Task test-opt-parallel-logger: age 29622760m (timeout 120m)
[2026-04-28 04:40:00]     ⚠️  STALE (exceeded timeout)
[2026-04-28 04:40:00]   Task test-opt-parallel-error: age 29622760m (timeout 120m)
[2026-04-28 04:40:00]     ⚠️  STALE (exceeded timeout)
[2026-04-28 04:40:00]   Task audit-all-work: age 29622760m (timeout 120m)
[2026-04-28 04:40:00]     ⚠️  STALE (exceeded timeout)
[2026-04-28 04:40:00]   Task workqueue-automation: age 29622760m (timeout 120m)
[2026-04-28 04:40:00]     ⚠️  STALE (exceeded timeout)
[2026-04-28 04:40:00]   Task test-opt-analytics-opus: age 29622760m (timeout 120m)
[2026-04-28 04:40:00]     ⚠️  STALE (exceeded timeout)
[2026-04-28 04:40:01]   Task fix-trade-builder-403: age 29622760m (timeout 120m)
[2026-04-28 04:40:01]     ⚠️  STALE (exceeded timeout)
[2026-04-28 04:40:01]   Task fix-all-trade-issues: age 29622760m (timeout 120m)
[2026-04-28 04:40:01]     ⚠️  STALE (exceeded timeout)
[2026-04-28 04:40:01] Archiving 9 stale + 0 completed tasks...
[2026-04-28 04:50:00] Checking 9 active tasks...
[2026-04-28 04:50:00]   Task dogfood-qa-week4: age 29622770m (timeout 120m)
[2026-04-28 04:50:00]     ⚠️  STALE (exceeded timeout)
[2026-04-28 04:50:00]   Task fix-dogfood-week4: age 29622770m (timeout 120m)
[2026-04-28 04:50:00]     ⚠️  STALE (exceeded timeout)
[2026-04-28 04:50:00]   Task test-opt-parallel-logger: age 29622770m (timeout 120m)
[2026-04-28 04:50:00]     ⚠️  STALE (exceeded timeout)
[2026-04-28 04:50:01]   Task test-opt-parallel-error: age 29622770m (timeout 120m)
[2026-04-28 04:50:01]     ⚠️  STALE (exceeded timeout)
[2026-04-28 04:50:01]   Task audit-all-work: age 29622770m (timeout 120m)
[2026-04-28 04:50:01]     ⚠️  STALE (exceeded timeout)
[2026-04-28 04:50:01]   Task workqueue-automation: age 29622770m (timeout 120m)
[2026-04-28 04:50:01]     ⚠️  STALE (exceeded timeout)
[2026-04-28 04:50:01]   Task test-opt-analytics-opus: age 29622770m (timeout 120m)
[2026-04-28 04:50:01]     ⚠️  STALE (exceeded timeout)
[2026-04-28 04:50:01]   Task fix-trade-builder-403: age 29622770m (timeout 120m)
[2026-04-28 04:50:01]     ⚠️  STALE (exceeded timeout)
[2026-04-28 04:50:01]   Task fix-all-trade-issues: age 29622770m (timeout 120m)
[2026-04-28 04:50:01]     ⚠️  STALE (exceeded timeout)
[2026-04-28 04:50:01] Archiving 9 stale + 0 completed tasks...
[2026-04-28 05:00:00] Checking 9 active tasks...
[2026-04-28 05:00:00]   Task dogfood-qa-week4: age 29622780m (timeout 120m)
[2026-04-28 05:00:00]     ⚠️  STALE (exceeded timeout)
[2026-04-28 05:00:00]   Task fix-dogfood-week4: age 29622780m (timeout 120m)
[2026-04-28 05:00:00]     ⚠️  STALE (exceeded timeout)
[2026-04-28 05:00:00]   Task test-opt-parallel-logger: age 29622780m (timeout 120m)
[2026-04-28 05:00:00]     ⚠️  STALE (exceeded timeout)
[2026-04-28 05:00:00]   Task test-opt-parallel-error: age 29622780m (timeout 120m)
[2026-04-28 05:00:00]     ⚠️  STALE (exceeded timeout)
[2026-04-28 05:00:00]   Task audit-all-work: age 29622780m (timeout 120m)
[2026-04-28 05:00:00]     ⚠️  STALE (exceeded timeout)
[2026-04-28 05:00:00]   Task workqueue-automation: age 29622780m (timeout 120m)
[2026-04-28 05:00:00]     ⚠️  STALE (exceeded timeout)
[2026-04-28 05:00:00]   Task test-opt-analytics-opus: age 29622780m (timeout 120m)
[2026-04-28 05:00:00]     ⚠️  STALE (exceeded timeout)
[2026-04-28 05:00:00]   Task fix-trade-builder-403: age 29622780m (timeout 120m)
[2026-04-28 05:00:00]     ⚠️  STALE (exceeded timeout)
[2026-04-28 05:00:00]   Task fix-all-trade-issues: age 29622780m (timeout 120m)
[2026-04-28 05:00:00]     ⚠️  STALE (exceeded timeout)
[2026-04-28 05:00:00] Archiving 9 stale + 0 completed tasks...
[2026-04-28 05:10:00] Checking 9 active tasks...
[2026-04-28 05:10:00]   Task dogfood-qa-week4: age 29622790m (timeout 120m)
[2026-04-28 05:10:00]     ⚠️  STALE (exceeded timeout)
[2026-04-28 05:10:00]   Task fix-dogfood-week4: age 29622790m (timeout 120m)
[2026-04-28 05:10:00]     ⚠️  STALE (exceeded timeout)
[2026-04-28 05:10:00]   Task test-opt-parallel-logger: age 29622790m (timeout 120m)
[2026-04-28 05:10:00]     ⚠️  STALE (exceeded timeout)
[2026-04-28 05:10:00]   Task test-opt-parallel-error: age 29622790m (timeout 120m)
[2026-04-28 05:10:00]     ⚠️  STALE (exceeded timeout)
[2026-04-28 05:10:00]   Task audit-all-work: age 29622790m (timeout 120m)
[2026-04-28 05:10:00]     ⚠️  STALE (exceeded timeout)
[2026-04-28 05:10:00]   Task workqueue-automation: age 29622790m (timeout 120m)
[2026-04-28 05:10:01]     ⚠️  STALE (exceeded timeout)
[2026-04-28 05:10:01]   Task test-opt-analytics-opus: age 29622790m (timeout 120m)
[2026-04-28 05:10:01]     ⚠️  STALE (exceeded timeout)
[2026-04-28 05:10:01]   Task fix-trade-builder-403: age 29622790m (timeout 120m)
[2026-04-28 05:10:01]     ⚠️  STALE (exceeded timeout)
[2026-04-28 05:10:01]   Task fix-all-trade-issues: age 29622790m (timeout 120m)
[2026-04-28 05:10:01]     ⚠️  STALE (exceeded timeout)
[2026-04-28 05:10:01] Archiving 9 stale + 0 completed tasks...
[2026-04-28 05:20:01] Checking 9 active tasks...
[2026-04-28 05:20:01]   Task dogfood-qa-week4: age 29622800m (timeout 120m)
[2026-04-28 05:20:01]     ⚠️  STALE (exceeded timeout)
[2026-04-28 05:20:01]   Task fix-dogfood-week4: age 29622800m (timeout 120m)
[2026-04-28 05:20:01]     ⚠️  STALE (exceeded timeout)
[2026-04-28 05:20:01]   Task test-opt-parallel-logger: age 29622800m (timeout 120m)
[2026-04-28 05:20:01]     ⚠️  STALE (exceeded timeout)
[2026-04-28 05:20:01]   Task test-opt-parallel-error: age 29622800m (timeout 120m)
[2026-04-28 05:20:01]     ⚠️  STALE (exceeded timeout)
[2026-04-28 05:20:01]   Task audit-all-work: age 29622800m (timeout 120m)
[2026-04-28 05:20:01]     ⚠️  STALE (exceeded timeout)
[2026-04-28 05:20:01]   Task workqueue-automation: age 29622800m (timeout 120m)
[2026-04-28 05:20:01]     ⚠️  STALE (exceeded timeout)
[2026-04-28 05:20:01]   Task test-opt-analytics-opus: age 29622800m (timeout 120m)
[2026-04-28 05:20:01]     ⚠️  STALE (exceeded timeout)
[2026-04-28 05:20:01]   Task fix-trade-builder-403: age 29622800m (timeout 120m)
[2026-04-28 05:20:01]     ⚠️  STALE (exceeded timeout)
[2026-04-28 05:20:01]   Task fix-all-trade-issues: age 29622800m (timeout 120m)
[2026-04-28 05:20:01]     ⚠️  STALE (exceeded timeout)
[2026-04-28 05:20:01] Archiving 9 stale + 0 completed tasks...
[2026-04-28 05:30:00] Checking 9 active tasks...
[2026-04-28 05:30:00]   Task dogfood-qa-week4: age 29622810m (timeout 120m)
[2026-04-28 05:30:00]     ⚠️  STALE (exceeded timeout)
[2026-04-28 05:30:00]   Task fix-dogfood-week4: age 29622810m (timeout 120m)
[2026-04-28 05:30:00]     ⚠️  STALE (exceeded timeout)
[2026-04-28 05:30:00]   Task test-opt-parallel-logger: age 29622810m (timeout 120m)
[2026-04-28 05:30:00]     ⚠️  STALE (exceeded timeout)
[2026-04-28 05:30:00]   Task test-opt-parallel-error: age 29622810m (timeout 120m)
[2026-04-28 05:30:00]     ⚠️  STALE (exceeded timeout)
[2026-04-28 05:30:00]   Task audit-all-work: age 29622810m (timeout 120m)
[2026-04-28 05:30:00]     ⚠️  STALE (exceeded timeout)
[2026-04-28 05:30:00]   Task workqueue-automation: age 29622810m (timeout 120m)
[2026-04-28 05:30:00]     ⚠️  STALE (exceeded timeout)
[2026-04-28 05:30:00]   Task test-opt-analytics-opus: age 29622810m (timeout 120m)
[2026-04-28 05:30:00]     ⚠️  STALE (exceeded timeout)
[2026-04-28 05:30:00]   Task fix-trade-builder-403: age 29622810m (timeout 120m)
[2026-04-28 05:30:00]     ⚠️  STALE (exceeded timeout)
[2026-04-28 05:30:01]   Task fix-all-trade-issues: age 29622810m (timeout 120m)
[2026-04-28 05:30:01]     ⚠️  STALE (exceeded timeout)
[2026-04-28 05:30:01] Archiving 9 stale + 0 completed tasks...
[2026-04-28 05:40:00] Checking 9 active tasks...
[2026-04-28 05:40:00]   Task dogfood-qa-week4: age 29622820m (timeout 120m)
[2026-04-28 05:40:00]     ⚠️  STALE (exceeded timeout)
[2026-04-28 05:40:01]   Task fix-dogfood-week4: age 29622820m (timeout 120m)
[2026-04-28 05:40:01]     ⚠️  STALE (exceeded timeout)
[2026-04-28 05:40:01]   Task test-opt-parallel-logger: age 29622820m (timeout 120m)
[2026-04-28 05:40:01]     ⚠️  STALE (exceeded timeout)
[2026-04-28 05:40:01]   Task test-opt-parallel-error: age 29622820m (timeout 120m)
[2026-04-28 05:40:01]     ⚠️  STALE (exceeded timeout)
[2026-04-28 05:40:01]   Task audit-all-work: age 29622820m (timeout 120m)
[2026-04-28 05:40:01]     ⚠️  STALE (exceeded timeout)
[2026-04-28 05:40:01]   Task workqueue-automation: age 29622820m (timeout 120m)
[2026-04-28 05:40:01]     ⚠️  STALE (exceeded timeout)
[2026-04-28 05:40:01]   Task test-opt-analytics-opus: age 29622820m (timeout 120m)
[2026-04-28 05:40:01]     ⚠️  STALE (exceeded timeout)
[2026-04-28 05:40:01]   Task fix-trade-builder-403: age 29622820m (timeout 120m)
[2026-04-28 05:40:01]     ⚠️  STALE (exceeded timeout)
[2026-04-28 05:40:01]   Task fix-all-trade-issues: age 29622820m (timeout 120m)
[2026-04-28 05:40:01]     ⚠️  STALE (exceeded timeout)
[2026-04-28 05:40:01] Archiving 9 stale + 0 completed tasks...
[2026-04-28 05:50:00] Checking 9 active tasks...
[2026-04-28 05:50:00]   Task dogfood-qa-week4: age 29622830m (timeout 120m)
[2026-04-28 05:50:00]     ⚠️  STALE (exceeded timeout)
[2026-04-28 05:50:00]   Task fix-dogfood-week4: age 29622830m (timeout 120m)
[2026-04-28 05:50:00]     ⚠️  STALE (exceeded timeout)
[2026-04-28 05:50:00]   Task test-opt-parallel-logger: age 29622830m (timeout 120m)
[2026-04-28 05:50:00]     ⚠️  STALE (exceeded timeout)
[2026-04-28 05:50:00]   Task test-opt-parallel-error: age 29622830m (timeout 120m)
[2026-04-28 05:50:00]     ⚠️  STALE (exceeded timeout)
[2026-04-28 05:50:00]   Task audit-all-work: age 29622830m (timeout 120m)
[2026-04-28 05:50:00]     ⚠️  STALE (exceeded timeout)
[2026-04-28 05:50:00]   Task workqueue-automation: age 29622830m (timeout 120m)
[2026-04-28 05:50:00]     ⚠️  STALE (exceeded timeout)
[2026-04-28 05:50:00]   Task test-opt-analytics-opus: age 29622830m (timeout 120m)
[2026-04-28 05:50:00]     ⚠️  STALE (exceeded timeout)
[2026-04-28 05:50:00]   Task fix-trade-builder-403: age 29622830m (timeout 120m)
[2026-04-28 05:50:00]     ⚠️  STALE (exceeded timeout)
[2026-04-28 05:50:00]   Task fix-all-trade-issues: age 29622830m (timeout 120m)
[2026-04-28 05:50:00]     ⚠️  STALE (exceeded timeout)
[2026-04-28 05:50:00] Archiving 9 stale + 0 completed tasks...
[2026-04-28 06:00:00] Checking 9 active tasks...
[2026-04-28 06:00:00]   Task dogfood-qa-week4: age 29622840m (timeout 120m)
[2026-04-28 06:00:00]     ⚠️  STALE (exceeded timeout)
[2026-04-28 06:00:00]   Task fix-dogfood-week4: age 29622840m (timeout 120m)
[2026-04-28 06:00:00]     ⚠️  STALE (exceeded timeout)
[2026-04-28 06:00:00]   Task test-opt-parallel-logger: age 29622840m (timeout 120m)
[2026-04-28 06:00:00]     ⚠️  STALE (exceeded timeout)
[2026-04-28 06:00:00]   Task test-opt-parallel-error: age 29622840m (timeout 120m)
[2026-04-28 06:00:00]     ⚠️  STALE (exceeded timeout)
[2026-04-28 06:00:00]   Task audit-all-work: age 29622840m (timeout 120m)
[2026-04-28 06:00:00]     ⚠️  STALE (exceeded timeout)
[2026-04-28 06:00:00]   Task workqueue-automation: age 29622840m (timeout 120m)
[2026-04-28 06:00:01]     ⚠️  STALE (exceeded timeout)
[2026-04-28 06:00:01]   Task test-opt-analytics-opus: age 29622840m (timeout 120m)
[2026-04-28 06:00:01]     ⚠️  STALE (exceeded timeout)
[2026-04-28 06:00:01]   Task fix-trade-builder-403: age 29622840m (timeout 120m)
[2026-04-28 06:00:01]     ⚠️  STALE (exceeded timeout)
[2026-04-28 06:00:01]   Task fix-all-trade-issues: age 29622840m (timeout 120m)
[2026-04-28 06:00:01]     ⚠️  STALE (exceeded timeout)
[2026-04-28 06:00:01] Archiving 9 stale + 0 completed tasks...
[2026-04-28 06:10:00] Checking 9 active tasks...
[2026-04-28 06:10:00]   Task dogfood-qa-week4: age 29622850m (timeout 120m)
[2026-04-28 06:10:00]     ⚠️  STALE (exceeded timeout)
[2026-04-28 06:10:00]   Task fix-dogfood-week4: age 29622850m (timeout 120m)
[2026-04-28 06:10:00]     ⚠️  STALE (exceeded timeout)
[2026-04-28 06:10:00]   Task test-opt-parallel-logger: age 29622850m (timeout 120m)
[2026-04-28 06:10:00]     ⚠️  STALE (exceeded timeout)
[2026-04-28 06:10:00]   Task test-opt-parallel-error: age 29622850m (timeout 120m)
[2026-04-28 06:10:00]     ⚠️  STALE (exceeded timeout)
[2026-04-28 06:10:00]   Task audit-all-work: age 29622850m (timeout 120m)
[2026-04-28 06:10:00]     ⚠️  STALE (exceeded timeout)
[2026-04-28 06:10:00]   Task workqueue-automation: age 29622850m (timeout 120m)
[2026-04-28 06:10:00]     ⚠️  STALE (exceeded timeout)
[2026-04-28 06:10:01]   Task test-opt-analytics-opus: age 29622850m (timeout 120m)
[2026-04-28 06:10:01]     ⚠️  STALE (exceeded timeout)
[2026-04-28 06:10:01]   Task fix-trade-builder-403: age 29622850m (timeout 120m)
[2026-04-28 06:10:01]     ⚠️  STALE (exceeded timeout)
[2026-04-28 06:10:01]   Task fix-all-trade-issues: age 29622850m (timeout 120m)
[2026-04-28 06:10:01]     ⚠️  STALE (exceeded timeout)
[2026-04-28 06:10:01] Archiving 9 stale + 0 completed tasks...
[2026-04-28 06:20:00] Checking 9 active tasks...
[2026-04-28 06:20:00]   Task dogfood-qa-week4: age 29622860m (timeout 120m)
[2026-04-28 06:20:00]     ⚠️  STALE (exceeded timeout)
[2026-04-28 06:20:00]   Task fix-dogfood-week4: age 29622860m (timeout 120m)
[2026-04-28 06:20:00]     ⚠️  STALE (exceeded timeout)
[2026-04-28 06:20:00]   Task test-opt-parallel-logger: age 29622860m (timeout 120m)
[2026-04-28 06:20:00]     ⚠️  STALE (exceeded timeout)
[2026-04-28 06:20:00]   Task test-opt-parallel-error: age 29622860m (timeout 120m)
[2026-04-28 06:20:00]     ⚠️  STALE (exceeded timeout)
[2026-04-28 06:20:00]   Task audit-all-work: age 29622860m (timeout 120m)
[2026-04-28 06:20:00]     ⚠️  STALE (exceeded timeout)
[2026-04-28 06:20:00]   Task workqueue-automation: age 29622860m (timeout 120m)
[2026-04-28 06:20:00]     ⚠️  STALE (exceeded timeout)
[2026-04-28 06:20:00]   Task test-opt-analytics-opus: age 29622860m (timeout 120m)
[2026-04-28 06:20:00]     ⚠️  STALE (exceeded timeout)
[2026-04-28 06:20:00]   Task fix-trade-builder-403: age 29622860m (timeout 120m)
[2026-04-28 06:20:00]     ⚠️  STALE (exceeded timeout)
[2026-04-28 06:20:01]   Task fix-all-trade-issues: age 29622860m (timeout 120m)
[2026-04-28 06:20:01]     ⚠️  STALE (exceeded timeout)
[2026-04-28 06:20:01] Archiving 9 stale + 0 completed tasks...
[2026-04-28 06:30:00] Checking 9 active tasks...
[2026-04-28 06:30:00]   Task dogfood-qa-week4: age 29622870m (timeout 120m)
[2026-04-28 06:30:00]     ⚠️  STALE (exceeded timeout)
[2026-04-28 06:30:00]   Task fix-dogfood-week4: age 29622870m (timeout 120m)
[2026-04-28 06:30:00]     ⚠️  STALE (exceeded timeout)
[2026-04-28 06:30:00]   Task test-opt-parallel-logger: age 29622870m (timeout 120m)
[2026-04-28 06:30:00]     ⚠️  STALE (exceeded timeout)
[2026-04-28 06:30:00]   Task test-opt-parallel-error: age 29622870m (timeout 120m)
[2026-04-28 06:30:00]     ⚠️  STALE (exceeded timeout)
[2026-04-28 06:30:00]   Task audit-all-work: age 29622870m (timeout 120m)
[2026-04-28 06:30:00]     ⚠️  STALE (exceeded timeout)
[2026-04-28 06:30:00]   Task workqueue-automation: age 29622870m (timeout 120m)
[2026-04-28 06:30:00]     ⚠️  STALE (exceeded timeout)
[2026-04-28 06:30:01]   Task test-opt-analytics-opus: age 29622870m (timeout 120m)
[2026-04-28 06:30:01]     ⚠️  STALE (exceeded timeout)
[2026-04-28 06:30:01]   Task fix-trade-builder-403: age 29622870m (timeout 120m)
[2026-04-28 06:30:01]     ⚠️  STALE (exceeded timeout)
[2026-04-28 06:30:01]   Task fix-all-trade-issues: age 29622870m (timeout 120m)
[2026-04-28 06:30:01]     ⚠️  STALE (exceeded timeout)
[2026-04-28 06:30:01] Archiving 9 stale + 0 completed tasks...
[2026-04-28 06:40:01] Checking 9 active tasks...
[2026-04-28 06:40:01]   Task dogfood-qa-week4: age 29622880m (timeout 120m)
[2026-04-28 06:40:01]     ⚠️  STALE (exceeded timeout)
[2026-04-28 06:40:01]   Task fix-dogfood-week4: age 29622880m (timeout 120m)
[2026-04-28 06:40:01]     ⚠️  STALE (exceeded timeout)
[2026-04-28 06:40:01]   Task test-opt-parallel-logger: age 29622880m (timeout 120m)
[2026-04-28 06:40:01]     ⚠️  STALE (exceeded timeout)
[2026-04-28 06:40:01]   Task test-opt-parallel-error: age 29622880m (timeout 120m)
[2026-04-28 06:40:01]     ⚠️  STALE (exceeded timeout)
[2026-04-28 06:40:01]   Task audit-all-work: age 29622880m (timeout 120m)
[2026-04-28 06:40:01]     ⚠️  STALE (exceeded timeout)
[2026-04-28 06:40:01]   Task workqueue-automation: age 29622880m (timeout 120m)
[2026-04-28 06:40:01]     ⚠️  STALE (exceeded timeout)
[2026-04-28 06:40:01]   Task test-opt-analytics-opus: age 29622880m (timeout 120m)
[2026-04-28 06:40:01]     ⚠️  STALE (exceeded timeout)
[2026-04-28 06:40:01]   Task fix-trade-builder-403: age 29622880m (timeout 120m)
[2026-04-28 06:40:01]     ⚠️  STALE (exceeded timeout)
[2026-04-28 06:40:01]   Task fix-all-trade-issues: age 29622880m (timeout 120m)
[2026-04-28 06:40:01]     ⚠️  STALE (exceeded timeout)
[2026-04-28 06:40:01] Archiving 9 stale + 0 completed tasks...
[2026-04-28 06:50:00] Checking 9 active tasks...
[2026-04-28 06:50:00]   Task dogfood-qa-week4: age 29622890m (timeout 120m)
[2026-04-28 06:50:00]     ⚠️  STALE (exceeded timeout)
[2026-04-28 06:50:00]   Task fix-dogfood-week4: age 29622890m (timeout 120m)
[2026-04-28 06:50:00]     ⚠️  STALE (exceeded timeout)
[2026-04-28 06:50:00]   Task test-opt-parallel-logger: age 29622890m (timeout 120m)
[2026-04-28 06:50:00]     ⚠️  STALE (exceeded timeout)
[2026-04-28 06:50:00]   Task test-opt-parallel-error: age 29622890m (timeout 120m)
[2026-04-28 06:50:00]     ⚠️  STALE (exceeded timeout)
[2026-04-28 06:50:00]   Task audit-all-work: age 29622890m (timeout 120m)
[2026-04-28 06:50:00]     ⚠️  STALE (exceeded timeout)
[2026-04-28 06:50:00]   Task workqueue-automation: age 29622890m (timeout 120m)
[2026-04-28 06:50:00]     ⚠️  STALE (exceeded timeout)
[2026-04-28 06:50:00]   Task test-opt-analytics-opus: age 29622890m (timeout 120m)
[2026-04-28 06:50:00]     ⚠️  STALE (exceeded timeout)
[2026-04-28 06:50:00]   Task fix-trade-builder-403: age 29622890m (timeout 120m)
[2026-04-28 06:50:00]     ⚠️  STALE (exceeded timeout)
[2026-04-28 06:50:01]   Task fix-all-trade-issues: age 29622890m (timeout 120m)
[2026-04-28 06:50:01]     ⚠️  STALE (exceeded timeout)
[2026-04-28 06:50:01] Archiving 9 stale + 0 completed tasks...
[2026-04-28 07:00:00] Checking 9 active tasks...
[2026-04-28 07:00:00]   Task dogfood-qa-week4: age 29622900m (timeout 120m)
[2026-04-28 07:00:00]     ⚠️  STALE (exceeded timeout)
[2026-04-28 07:00:00]   Task fix-dogfood-week4: age 29622900m (timeout 120m)
[2026-04-28 07:00:00]     ⚠️  STALE (exceeded timeout)
[2026-04-28 07:00:00]   Task test-opt-parallel-logger: age 29622900m (timeout 120m)
[2026-04-28 07:00:00]     ⚠️  STALE (exceeded timeout)
[2026-04-28 07:00:01]   Task test-opt-parallel-error: age 29622900m (timeout 120m)
[2026-04-28 07:00:01]     ⚠️  STALE (exceeded timeout)
[2026-04-28 07:00:01]   Task audit-all-work: age 29622900m (timeout 120m)
[2026-04-28 07:00:01]     ⚠️  STALE (exceeded timeout)
[2026-04-28 07:00:01]   Task workqueue-automation: age 29622900m (timeout 120m)
[2026-04-28 07:00:01]     ⚠️  STALE (exceeded timeout)
[2026-04-28 07:00:01]   Task test-opt-analytics-opus: age 29622900m (timeout 120m)
[2026-04-28 07:00:01]     ⚠️  STALE (exceeded timeout)
[2026-04-28 07:00:01]   Task fix-trade-builder-403: age 29622900m (timeout 120m)
[2026-04-28 07:00:01]     ⚠️  STALE (exceeded timeout)
[2026-04-28 07:00:01]   Task fix-all-trade-issues: age 29622900m (timeout 120m)
[2026-04-28 07:00:01]     ⚠️  STALE (exceeded timeout)
[2026-04-28 07:00:01] Archiving 9 stale + 0 completed tasks...
[2026-04-28 07:10:01] Checking 9 active tasks...
[2026-04-28 07:10:01]   Task dogfood-qa-week4: age 29622910m (timeout 120m)
[2026-04-28 07:10:01]     ⚠️  STALE (exceeded timeout)
[2026-04-28 07:10:01]   Task fix-dogfood-week4: age 29622910m (timeout 120m)
[2026-04-28 07:10:01]     ⚠️  STALE (exceeded timeout)
[2026-04-28 07:10:01]   Task test-opt-parallel-logger: age 29622910m (timeout 120m)
[2026-04-28 07:10:01]     ⚠️  STALE (exceeded timeout)
[2026-04-28 07:10:01]   Task test-opt-parallel-error: age 29622910m (timeout 120m)
[2026-04-28 07:10:01]     ⚠️  STALE (exceeded timeout)
[2026-04-28 07:10:01]   Task audit-all-work: age 29622910m (timeout 120m)
[2026-04-28 07:10:01]     ⚠️  STALE (exceeded timeout)
[2026-04-28 07:10:01]   Task workqueue-automation: age 29622910m (timeout 120m)
[2026-04-28 07:10:01]     ⚠️  STALE (exceeded timeout)
[2026-04-28 07:10:01]   Task test-opt-analytics-opus: age 29622910m (timeout 120m)
[2026-04-28 07:10:01]     ⚠️  STALE (exceeded timeout)
[2026-04-28 07:10:01]   Task fix-trade-builder-403: age 29622910m (timeout 120m)
[2026-04-28 07:10:01]     ⚠️  STALE (exceeded timeout)
[2026-04-28 07:10:01]   Task fix-all-trade-issues: age 29622910m (timeout 120m)
[2026-04-28 07:10:01]     ⚠️  STALE (exceeded timeout)
[2026-04-28 07:10:01] Archiving 9 stale + 0 completed tasks...
[2026-04-28 07:20:00] Checking 9 active tasks...
[2026-04-28 07:20:00]   Task dogfood-qa-week4: age 29622920m (timeout 120m)
[2026-04-28 07:20:00]     ⚠️  STALE (exceeded timeout)
[2026-04-28 07:20:00]   Task fix-dogfood-week4: age 29622920m (timeout 120m)
[2026-04-28 07:20:00]     ⚠️  STALE (exceeded timeout)
[2026-04-28 07:20:00]   Task test-opt-parallel-logger: age 29622920m (timeout 120m)
[2026-04-28 07:20:00]     ⚠️  STALE (exceeded timeout)
[2026-04-28 07:20:00]   Task test-opt-parallel-error: age 29622920m (timeout 120m)
[2026-04-28 07:20:00]     ⚠️  STALE (exceeded timeout)
[2026-04-28 07:20:00]   Task audit-all-work: age 29622920m (timeout 120m)
[2026-04-28 07:20:00]     ⚠️  STALE (exceeded timeout)
[2026-04-28 07:20:01]   Task workqueue-automation: age 29622920m (timeout 120m)
[2026-04-28 07:20:01]     ⚠️  STALE (exceeded timeout)
[2026-04-28 07:20:01]   Task test-opt-analytics-opus: age 29622920m (timeout 120m)
[2026-04-28 07:20:01]     ⚠️  STALE (exceeded timeout)
[2026-04-28 07:20:01]   Task fix-trade-builder-403: age 29622920m (timeout 120m)
[2026-04-28 07:20:01]     ⚠️  STALE (exceeded timeout)
[2026-04-28 07:20:01]   Task fix-all-trade-issues: age 29622920m (timeout 120m)
[2026-04-28 07:20:01]     ⚠️  STALE (exceeded timeout)
[2026-04-28 07:20:01] Archiving 9 stale + 0 completed tasks...
[2026-04-28 07:30:01] Checking 9 active tasks...
[2026-04-28 07:30:01]   Task dogfood-qa-week4: age 29622930m (timeout 120m)
[2026-04-28 07:30:01]     ⚠️  STALE (exceeded timeout)
[2026-04-28 07:30:01]   Task fix-dogfood-week4: age 29622930m (timeout 120m)
[2026-04-28 07:30:01]     ⚠️  STALE (exceeded timeout)
[2026-04-28 07:30:01]   Task test-opt-parallel-logger: age 29622930m (timeout 120m)
[2026-04-28 07:30:01]     ⚠️  STALE (exceeded timeout)
[2026-04-28 07:30:01]   Task test-opt-parallel-error: age 29622930m (timeout 120m)
[2026-04-28 07:30:01]     ⚠️  STALE (exceeded timeout)
[2026-04-28 07:30:01]   Task audit-all-work: age 29622930m (timeout 120m)
[2026-04-28 07:30:01]     ⚠️  STALE (exceeded timeout)
[2026-04-28 07:30:01]   Task workqueue-automation: age 29622930m (timeout 120m)
[2026-04-28 07:30:01]     ⚠️  STALE (exceeded timeout)
[2026-04-28 07:30:01]   Task test-opt-analytics-opus: age 29622930m (timeout 120m)
[2026-04-28 07:30:01]     ⚠️  STALE (exceeded timeout)
[2026-04-28 07:30:01]   Task fix-trade-builder-403: age 29622930m (timeout 120m)
[2026-04-28 07:30:01]     ⚠️  STALE (exceeded timeout)
[2026-04-28 07:30:01]   Task fix-all-trade-issues: age 29622930m (timeout 120m)
[2026-04-28 07:30:01]     ⚠️  STALE (exceeded timeout)
[2026-04-28 07:30:01] Archiving 9 stale + 0 completed tasks...
[2026-04-28 07:40:01] Checking 9 active tasks...
[2026-04-28 07:40:01]   Task dogfood-qa-week4: age 29622940m (timeout 120m)
[2026-04-28 07:40:01]     ⚠️  STALE (exceeded timeout)
[2026-04-28 07:40:01]   Task fix-dogfood-week4: age 29622940m (timeout 120m)
[2026-04-28 07:40:01]     ⚠️  STALE (exceeded timeout)
[2026-04-28 07:40:01]   Task test-opt-parallel-logger: age 29622940m (timeout 120m)
[2026-04-28 07:40:01]     ⚠️  STALE (exceeded timeout)
[2026-04-28 07:40:01]   Task test-opt-parallel-error: age 29622940m (timeout 120m)
[2026-04-28 07:40:01]     ⚠️  STALE (exceeded timeout)
[2026-04-28 07:40:01]   Task audit-all-work: age 29622940m (timeout 120m)
[2026-04-28 07:40:01]     ⚠️  STALE (exceeded timeout)
[2026-04-28 07:40:01]   Task workqueue-automation: age 29622940m (timeout 120m)
[2026-04-28 07:40:01]     ⚠️  STALE (exceeded timeout)
[2026-04-28 07:40:01]   Task test-opt-analytics-opus: age 29622940m (timeout 120m)
[2026-04-28 07:40:01]     ⚠️  STALE (exceeded timeout)
[2026-04-28 07:40:01]   Task fix-trade-builder-403: age 29622940m (timeout 120m)
[2026-04-28 07:40:01]     ⚠️  STALE (exceeded timeout)
[2026-04-28 07:40:01]   Task fix-all-trade-issues: age 29622940m (timeout 120m)
[2026-04-28 07:40:01]     ⚠️  STALE (exceeded timeout)
[2026-04-28 07:40:01] Archiving 9 stale + 0 completed tasks...
[2026-04-28 07:50:00] Checking 9 active tasks...
[2026-04-28 07:50:00]   Task dogfood-qa-week4: age 29622950m (timeout 120m)
[2026-04-28 07:50:00]     ⚠️  STALE (exceeded timeout)
[2026-04-28 07:50:00]   Task fix-dogfood-week4: age 29622950m (timeout 120m)
[2026-04-28 07:50:00]     ⚠️  STALE (exceeded timeout)
[2026-04-28 07:50:00]   Task test-opt-parallel-logger: age 29622950m (timeout 120m)
[2026-04-28 07:50:00]     ⚠️  STALE (exceeded timeout)
[2026-04-28 07:50:00]   Task test-opt-parallel-error: age 29622950m (timeout 120m)
[2026-04-28 07:50:00]     ⚠️  STALE (exceeded timeout)
[2026-04-28 07:50:00]   Task audit-all-work: age 29622950m (timeout 120m)
[2026-04-28 07:50:00]     ⚠️  STALE (exceeded timeout)
[2026-04-28 07:50:00]   Task workqueue-automation: age 29622950m (timeout 120m)
[2026-04-28 07:50:00]     ⚠️  STALE (exceeded timeout)
[2026-04-28 07:50:00]   Task test-opt-analytics-opus: age 29622950m (timeout 120m)
[2026-04-28 07:50:00]     ⚠️  STALE (exceeded timeout)
[2026-04-28 07:50:00]   Task fix-trade-builder-403: age 29622950m (timeout 120m)
[2026-04-28 07:50:00]     ⚠️  STALE (exceeded timeout)
[2026-04-28 07:50:01]   Task fix-all-trade-issues: age 29622950m (timeout 120m)
[2026-04-28 07:50:01]     ⚠️  STALE (exceeded timeout)
[2026-04-28 07:50:01] Archiving 9 stale + 0 completed tasks...
[2026-04-28 08:00:00] Checking 9 active tasks...
[2026-04-28 08:00:00]   Task dogfood-qa-week4: age 29622960m (timeout 120m)
[2026-04-28 08:00:00]     ⚠️  STALE (exceeded timeout)
[2026-04-28 08:00:00]   Task fix-dogfood-week4: age 29622960m (timeout 120m)
[2026-04-28 08:00:00]     ⚠️  STALE (exceeded timeout)
[2026-04-28 08:00:00]   Task test-opt-parallel-logger: age 29622960m (timeout 120m)
[2026-04-28 08:00:00]     ⚠️  STALE (exceeded timeout)
[2026-04-28 08:00:00]   Task test-opt-parallel-error: age 29622960m (timeout 120m)
[2026-04-28 08:00:00]     ⚠️  STALE (exceeded timeout)
[2026-04-28 08:00:00]   Task audit-all-work: age 29622960m (timeout 120m)
[2026-04-28 08:00:00]     ⚠️  STALE (exceeded timeout)
[2026-04-28 08:00:00]   Task workqueue-automation: age 29622960m (timeout 120m)
[2026-04-28 08:00:00]     ⚠️  STALE (exceeded timeout)
[2026-04-28 08:00:00]   Task test-opt-analytics-opus: age 29622960m (timeout 120m)
[2026-04-28 08:00:00]     ⚠️  STALE (exceeded timeout)
[2026-04-28 08:00:00]   Task fix-trade-builder-403: age 29622960m (timeout 120m)
[2026-04-28 08:00:00]     ⚠️  STALE (exceeded timeout)
[2026-04-28 08:00:00]   Task fix-all-trade-issues: age 29622960m (timeout 120m)
[2026-04-28 08:00:00]     ⚠️  STALE (exceeded timeout)
[2026-04-28 08:00:00] Archiving 9 stale + 0 completed tasks...
[2026-04-28 08:10:01] Checking 9 active tasks...
[2026-04-28 08:10:01]   Task dogfood-qa-week4: age 29622970m (timeout 120m)
[2026-04-28 08:10:01]     ⚠️  STALE (exceeded timeout)
[2026-04-28 08:10:01]   Task fix-dogfood-week4: age 29622970m (timeout 120m)
[2026-04-28 08:10:01]     ⚠️  STALE (exceeded timeout)
[2026-04-28 08:10:01]   Task test-opt-parallel-logger: age 29622970m (timeout 120m)
[2026-04-28 08:10:01]     ⚠️  STALE (exceeded timeout)
[2026-04-28 08:10:01]   Task test-opt-parallel-error: age 29622970m (timeout 120m)
[2026-04-28 08:10:01]     ⚠️  STALE (exceeded timeout)
[2026-04-28 08:10:01]   Task audit-all-work: age 29622970m (timeout 120m)
[2026-04-28 08:10:01]     ⚠️  STALE (exceeded timeout)
[2026-04-28 08:10:01]   Task workqueue-automation: age 29622970m (timeout 120m)
[2026-04-28 08:10:01]     ⚠️  STALE (exceeded timeout)
[2026-04-28 08:10:01]   Task test-opt-analytics-opus: age 29622970m (timeout 120m)
[2026-04-28 08:10:01]     ⚠️  STALE (exceeded timeout)
[2026-04-28 08:10:01]   Task fix-trade-builder-403: age 29622970m (timeout 120m)
[2026-04-28 08:10:01]     ⚠️  STALE (exceeded timeout)
[2026-04-28 08:10:01]   Task fix-all-trade-issues: age 29622970m (timeout 120m)
[2026-04-28 08:10:01]     ⚠️  STALE (exceeded timeout)
[2026-04-28 08:10:01] Archiving 9 stale + 0 completed tasks...
[2026-04-28 08:20:00] Checking 9 active tasks...
[2026-04-28 08:20:00]   Task dogfood-qa-week4: age 29622980m (timeout 120m)
[2026-04-28 08:20:00]     ⚠️  STALE (exceeded timeout)
[2026-04-28 08:20:00]   Task fix-dogfood-week4: age 29622980m (timeout 120m)
[2026-04-28 08:20:00]     ⚠️  STALE (exceeded timeout)
[2026-04-28 08:20:00]   Task test-opt-parallel-logger: age 29622980m (timeout 120m)
[2026-04-28 08:20:00]     ⚠️  STALE (exceeded timeout)
[2026-04-28 08:20:00]   Task test-opt-parallel-error: age 29622980m (timeout 120m)
[2026-04-28 08:20:00]     ⚠️  STALE (exceeded timeout)
[2026-04-28 08:20:00]   Task audit-all-work: age 29622980m (timeout 120m)
[2026-04-28 08:20:00]     ⚠️  STALE (exceeded timeout)
[2026-04-28 08:20:00]   Task workqueue-automation: age 29622980m (timeout 120m)
[2026-04-28 08:20:00]     ⚠️  STALE (exceeded timeout)
[2026-04-28 08:20:00]   Task test-opt-analytics-opus: age 29622980m (timeout 120m)
[2026-04-28 08:20:00]     ⚠️  STALE (exceeded timeout)
[2026-04-28 08:20:00]   Task fix-trade-builder-403: age 29622980m (timeout 120m)
[2026-04-28 08:20:00]     ⚠️  STALE (exceeded timeout)
[2026-04-28 08:20:01]   Task fix-all-trade-issues: age 29622980m (timeout 120m)
[2026-04-28 08:20:01]     ⚠️  STALE (exceeded timeout)
[2026-04-28 08:20:01] Archiving 9 stale + 0 completed tasks...
[2026-04-28 08:30:00] Checking 9 active tasks...
[2026-04-28 08:30:01]   Task dogfood-qa-week4: age 29622990m (timeout 120m)
[2026-04-28 08:30:01]     ⚠️  STALE (exceeded timeout)
[2026-04-28 08:30:01]   Task fix-dogfood-week4: age 29622990m (timeout 120m)
[2026-04-28 08:30:01]     ⚠️  STALE (exceeded timeout)
[2026-04-28 08:30:01]   Task test-opt-parallel-logger: age 29622990m (timeout 120m)
[2026-04-28 08:30:01]     ⚠️  STALE (exceeded timeout)
[2026-04-28 08:30:01]   Task test-opt-parallel-error: age 29622990m (timeout 120m)
[2026-04-28 08:30:01]     ⚠️  STALE (exceeded timeout)
[2026-04-28 08:30:01]   Task audit-all-work: age 29622990m (timeout 120m)
[2026-04-28 08:30:01]     ⚠️  STALE (exceeded timeout)
[2026-04-28 08:30:01]   Task workqueue-automation: age 29622990m (timeout 120m)
[2026-04-28 08:30:01]     ⚠️  STALE (exceeded timeout)
[2026-04-28 08:30:01]   Task test-opt-analytics-opus: age 29622990m (timeout 120m)
[2026-04-28 08:30:01]     ⚠️  STALE (exceeded timeout)
[2026-04-28 08:30:01]   Task fix-trade-builder-403: age 29622990m (timeout 120m)
[2026-04-28 08:30:01]     ⚠️  STALE (exceeded timeout)
[2026-04-28 08:30:01]   Task fix-all-trade-issues: age 29622990m (timeout 120m)
[2026-04-28 08:30:01]     ⚠️  STALE (exceeded timeout)
[2026-04-28 08:30:01] Archiving 9 stale + 0 completed tasks...
[2026-04-28 08:40:00] Checking 9 active tasks...
[2026-04-28 08:40:00]   Task dogfood-qa-week4: age 29623000m (timeout 120m)
[2026-04-28 08:40:00]     ⚠️  STALE (exceeded timeout)
[2026-04-28 08:40:00]   Task fix-dogfood-week4: age 29623000m (timeout 120m)
[2026-04-28 08:40:00]     ⚠️  STALE (exceeded timeout)
[2026-04-28 08:40:00]   Task test-opt-parallel-logger: age 29623000m (timeout 120m)
[2026-04-28 08:40:00]     ⚠️  STALE (exceeded timeout)
[2026-04-28 08:40:00]   Task test-opt-parallel-error: age 29623000m (timeout 120m)
[2026-04-28 08:40:00]     ⚠️  STALE (exceeded timeout)
[2026-04-28 08:40:00]   Task audit-all-work: age 29623000m (timeout 120m)
[2026-04-28 08:40:00]     ⚠️  STALE (exceeded timeout)
[2026-04-28 08:40:00]   Task workqueue-automation: age 29623000m (timeout 120m)
[2026-04-28 08:40:00]     ⚠️  STALE (exceeded timeout)
[2026-04-28 08:40:00]   Task test-opt-analytics-opus: age 29623000m (timeout 120m)
[2026-04-28 08:40:00]     ⚠️  STALE (exceeded timeout)
[2026-04-28 08:40:00]   Task fix-trade-builder-403: age 29623000m (timeout 120m)
[2026-04-28 08:40:00]     ⚠️  STALE (exceeded timeout)
[2026-04-28 08:40:01]   Task fix-all-trade-issues: age 29623000m (timeout 120m)
[2026-04-28 08:40:01]     ⚠️  STALE (exceeded timeout)
[2026-04-28 08:40:01] Archiving 9 stale + 0 completed tasks...
[2026-04-28 08:50:00] Checking 9 active tasks...
[2026-04-28 08:50:00]   Task dogfood-qa-week4: age 29623010m (timeout 120m)
[2026-04-28 08:50:00]     ⚠️  STALE (exceeded timeout)
[2026-04-28 08:50:00]   Task fix-dogfood-week4: age 29623010m (timeout 120m)
[2026-04-28 08:50:00]     ⚠️  STALE (exceeded timeout)
[2026-04-28 08:50:00]   Task test-opt-parallel-logger: age 29623010m (timeout 120m)
[2026-04-28 08:50:00]     ⚠️  STALE (exceeded timeout)
[2026-04-28 08:50:00]   Task test-opt-parallel-error: age 29623010m (timeout 120m)
[2026-04-28 08:50:00]     ⚠️  STALE (exceeded timeout)
[2026-04-28 08:50:00]   Task audit-all-work: age 29623010m (timeout 120m)
[2026-04-28 08:50:00]     ⚠️  STALE (exceeded timeout)
[2026-04-28 08:50:00]   Task workqueue-automation: age 29623010m (timeout 120m)
[2026-04-28 08:50:00]     ⚠️  STALE (exceeded timeout)
[2026-04-28 08:50:00]   Task test-opt-analytics-opus: age 29623010m (timeout 120m)
[2026-04-28 08:50:00]     ⚠️  STALE (exceeded timeout)
[2026-04-28 08:50:01]   Task fix-trade-builder-403: age 29623010m (timeout 120m)
[2026-04-28 08:50:01]     ⚠️  STALE (exceeded timeout)
[2026-04-28 08:50:01]   Task fix-all-trade-issues: age 29623010m (timeout 120m)
[2026-04-28 08:50:01]     ⚠️  STALE (exceeded timeout)
[2026-04-28 08:50:01] Archiving 9 stale + 0 completed tasks...
[2026-04-28 09:00:00] Checking 9 active tasks...
[2026-04-28 09:00:00]   Task dogfood-qa-week4: age 29623020m (timeout 120m)
[2026-04-28 09:00:00]     ⚠️  STALE (exceeded timeout)
[2026-04-28 09:00:01]   Task fix-dogfood-week4: age 29623020m (timeout 120m)
[2026-04-28 09:00:01]     ⚠️  STALE (exceeded timeout)
[2026-04-28 09:00:01]   Task test-opt-parallel-logger: age 29623020m (timeout 120m)
[2026-04-28 09:00:01]     ⚠️  STALE (exceeded timeout)
[2026-04-28 09:00:01]   Task test-opt-parallel-error: age 29623020m (timeout 120m)
[2026-04-28 09:00:01]     ⚠️  STALE (exceeded timeout)
[2026-04-28 09:00:01]   Task audit-all-work: age 29623020m (timeout 120m)
[2026-04-28 09:00:01]     ⚠️  STALE (exceeded timeout)
[2026-04-28 09:00:01]   Task workqueue-automation: age 29623020m (timeout 120m)
[2026-04-28 09:00:01]     ⚠️  STALE (exceeded timeout)
[2026-04-28 09:00:01]   Task test-opt-analytics-opus: age 29623020m (timeout 120m)
[2026-04-28 09:00:01]     ⚠️  STALE (exceeded timeout)
[2026-04-28 09:00:01]   Task fix-trade-builder-403: age 29623020m (timeout 120m)
[2026-04-28 09:00:01]     ⚠️  STALE (exceeded timeout)
[2026-04-28 09:00:01]   Task fix-all-trade-issues: age 29623020m (timeout 120m)
[2026-04-28 09:00:01]     ⚠️  STALE (exceeded timeout)
[2026-04-28 09:00:01] Archiving 9 stale + 0 completed tasks...
[2026-04-28 09:10:00] Checking 9 active tasks...
[2026-04-28 09:10:00]   Task dogfood-qa-week4: age 29623030m (timeout 120m)
[2026-04-28 09:10:00]     ⚠️  STALE (exceeded timeout)
[2026-04-28 09:10:00]   Task fix-dogfood-week4: age 29623030m (timeout 120m)
[2026-04-28 09:10:00]     ⚠️  STALE (exceeded timeout)
[2026-04-28 09:10:00]   Task test-opt-parallel-logger: age 29623030m (timeout 120m)
[2026-04-28 09:10:00]     ⚠️  STALE (exceeded timeout)
[2026-04-28 09:10:00]   Task test-opt-parallel-error: age 29623030m (timeout 120m)
[2026-04-28 09:10:00]     ⚠️  STALE (exceeded timeout)
[2026-04-28 09:10:01]   Task audit-all-work: age 29623030m (timeout 120m)
[2026-04-28 09:10:01]     ⚠️  STALE (exceeded timeout)
[2026-04-28 09:10:01]   Task workqueue-automation: age 29623030m (timeout 120m)
[2026-04-28 09:10:01]     ⚠️  STALE (exceeded timeout)
[2026-04-28 09:10:01]   Task test-opt-analytics-opus: age 29623030m (timeout 120m)
[2026-04-28 09:10:01]     ⚠️  STALE (exceeded timeout)
[2026-04-28 09:10:01]   Task fix-trade-builder-403: age 29623030m (timeout 120m)
[2026-04-28 09:10:01]     ⚠️  STALE (exceeded timeout)
[2026-04-28 09:10:01]   Task fix-all-trade-issues: age 29623030m (timeout 120m)
[2026-04-28 09:10:01]     ⚠️  STALE (exceeded timeout)
[2026-04-28 09:10:01] Archiving 9 stale + 0 completed tasks...
[2026-04-28 09:20:00] Checking 9 active tasks...
[2026-04-28 09:20:01]   Task dogfood-qa-week4: age 29623040m (timeout 120m)
[2026-04-28 09:20:01]     ⚠️  STALE (exceeded timeout)
[2026-04-28 09:20:01]   Task fix-dogfood-week4: age 29623040m (timeout 120m)
[2026-04-28 09:20:01]     ⚠️  STALE (exceeded timeout)
[2026-04-28 09:20:01]   Task test-opt-parallel-logger: age 29623040m (timeout 120m)
[2026-04-28 09:20:01]     ⚠️  STALE (exceeded timeout)
[2026-04-28 09:20:01]   Task test-opt-parallel-error: age 29623040m (timeout 120m)
[2026-04-28 09:20:01]     ⚠️  STALE (exceeded timeout)
[2026-04-28 09:20:01]   Task audit-all-work: age 29623040m (timeout 120m)
[2026-04-28 09:20:01]     ⚠️  STALE (exceeded timeout)
[2026-04-28 09:20:01]   Task workqueue-automation: age 29623040m (timeout 120m)
[2026-04-28 09:20:01]     ⚠️  STALE (exceeded timeout)
[2026-04-28 09:20:01]   Task test-opt-analytics-opus: age 29623040m (timeout 120m)
[2026-04-28 09:20:01]     ⚠️  STALE (exceeded timeout)
[2026-04-28 09:20:01]   Task fix-trade-builder-403: age 29623040m (timeout 120m)
[2026-04-28 09:20:01]     ⚠️  STALE (exceeded timeout)
[2026-04-28 09:20:01]   Task fix-all-trade-issues: age 29623040m (timeout 120m)
[2026-04-28 09:20:01]     ⚠️  STALE (exceeded timeout)
[2026-04-28 09:20:01] Archiving 9 stale + 0 completed tasks...
[2026-04-28 09:30:00] Checking 9 active tasks...
[2026-04-28 09:30:00]   Task dogfood-qa-week4: age 29623050m (timeout 120m)
[2026-04-28 09:30:00]     ⚠️  STALE (exceeded timeout)
[2026-04-28 09:30:00]   Task fix-dogfood-week4: age 29623050m (timeout 120m)
[2026-04-28 09:30:00]     ⚠️  STALE (exceeded timeout)
[2026-04-28 09:30:00]   Task test-opt-parallel-logger: age 29623050m (timeout 120m)
[2026-04-28 09:30:00]     ⚠️  STALE (exceeded timeout)
[2026-04-28 09:30:00]   Task test-opt-parallel-error: age 29623050m (timeout 120m)
[2026-04-28 09:30:00]     ⚠️  STALE (exceeded timeout)
[2026-04-28 09:30:00]   Task audit-all-work: age 29623050m (timeout 120m)
[2026-04-28 09:30:00]     ⚠️  STALE (exceeded timeout)
[2026-04-28 09:30:00]   Task workqueue-automation: age 29623050m (timeout 120m)
[2026-04-28 09:30:00]     ⚠️  STALE (exceeded timeout)
[2026-04-28 09:30:00]   Task test-opt-analytics-opus: age 29623050m (timeout 120m)
[2026-04-28 09:30:00]     ⚠️  STALE (exceeded timeout)
[2026-04-28 09:30:00]   Task fix-trade-builder-403: age 29623050m (timeout 120m)
[2026-04-28 09:30:00]     ⚠️  STALE (exceeded timeout)
[2026-04-28 09:30:00]   Task fix-all-trade-issues: age 29623050m (timeout 120m)
[2026-04-28 09:30:00]     ⚠️  STALE (exceeded timeout)
[2026-04-28 09:30:00] Archiving 9 stale + 0 completed tasks...
[2026-04-28 09:40:00] Checking 9 active tasks...
[2026-04-28 09:40:00]   Task dogfood-qa-week4: age 29623060m (timeout 120m)
[2026-04-28 09:40:00]     ⚠️  STALE (exceeded timeout)
[2026-04-28 09:40:00]   Task fix-dogfood-week4: age 29623060m (timeout 120m)
[2026-04-28 09:40:00]     ⚠️  STALE (exceeded timeout)
[2026-04-28 09:40:00]   Task test-opt-parallel-logger: age 29623060m (timeout 120m)
[2026-04-28 09:40:00]     ⚠️  STALE (exceeded timeout)
[2026-04-28 09:40:00]   Task test-opt-parallel-error: age 29623060m (timeout 120m)
[2026-04-28 09:40:01]     ⚠️  STALE (exceeded timeout)
[2026-04-28 09:40:01]   Task audit-all-work: age 29623060m (timeout 120m)
[2026-04-28 09:40:01]     ⚠️  STALE (exceeded timeout)
[2026-04-28 09:40:01]   Task workqueue-automation: age 29623060m (timeout 120m)
[2026-04-28 09:40:01]     ⚠️  STALE (exceeded timeout)
[2026-04-28 09:40:01]   Task test-opt-analytics-opus: age 29623060m (timeout 120m)
[2026-04-28 09:40:01]     ⚠️  STALE (exceeded timeout)
[2026-04-28 09:40:01]   Task fix-trade-builder-403: age 29623060m (timeout 120m)
[2026-04-28 09:40:01]     ⚠️  STALE (exceeded timeout)
[2026-04-28 09:40:01]   Task fix-all-trade-issues: age 29623060m (timeout 120m)
[2026-04-28 09:40:01]     ⚠️  STALE (exceeded timeout)
[2026-04-28 09:40:01] Archiving 9 stale + 0 completed tasks...
[2026-04-28 09:50:01] Checking 9 active tasks...
[2026-04-28 09:50:01]   Task dogfood-qa-week4: age 29623070m (timeout 120m)
[2026-04-28 09:50:01]     ⚠️  STALE (exceeded timeout)
[2026-04-28 09:50:01]   Task fix-dogfood-week4: age 29623070m (timeout 120m)
[2026-04-28 09:50:01]     ⚠️  STALE (exceeded timeout)
[2026-04-28 09:50:01]   Task test-opt-parallel-logger: age 29623070m (timeout 120m)
[2026-04-28 09:50:01]     ⚠️  STALE (exceeded timeout)
[2026-04-28 09:50:01]   Task test-opt-parallel-error: age 29623070m (timeout 120m)
[2026-04-28 09:50:01]     ⚠️  STALE (exceeded timeout)
[2026-04-28 09:50:01]   Task audit-all-work: age 29623070m (timeout 120m)
[2026-04-28 09:50:01]     ⚠️  STALE (exceeded timeout)
[2026-04-28 09:50:01]   Task workqueue-automation: age 29623070m (timeout 120m)
[2026-04-28 09:50:01]     ⚠️  STALE (exceeded timeout)
[2026-04-28 09:50:01]   Task test-opt-analytics-opus: age 29623070m (timeout 120m)
[2026-04-28 09:50:01]     ⚠️  STALE (exceeded timeout)
[2026-04-28 09:50:01]   Task fix-trade-builder-403: age 29623070m (timeout 120m)
[2026-04-28 09:50:01]     ⚠️  STALE (exceeded timeout)
[2026-04-28 09:50:01]   Task fix-all-trade-issues: age 29623070m (timeout 120m)
[2026-04-28 09:50:01]     ⚠️  STALE (exceeded timeout)
[2026-04-28 09:50:01] Archiving 9 stale + 0 completed tasks...
[2026-04-28 10:00:00] Checking 9 active tasks...
[2026-04-28 10:00:00]   Task dogfood-qa-week4: age 29623080m (timeout 120m)
[2026-04-28 10:00:00]     ⚠️  STALE (exceeded timeout)
[2026-04-28 10:00:00]   Task fix-dogfood-week4: age 29623080m (timeout 120m)
[2026-04-28 10:00:00]     ⚠️  STALE (exceeded timeout)
[2026-04-28 10:00:00]   Task test-opt-parallel-logger: age 29623080m (timeout 120m)
[2026-04-28 10:00:00]     ⚠️  STALE (exceeded timeout)
[2026-04-28 10:00:00]   Task test-opt-parallel-error: age 29623080m (timeout 120m)
[2026-04-28 10:00:00]     ⚠️  STALE (exceeded timeout)
[2026-04-28 10:00:00]   Task audit-all-work: age 29623080m (timeout 120m)
[2026-04-28 10:00:00]     ⚠️  STALE (exceeded timeout)
[2026-04-28 10:00:00]   Task workqueue-automation: age 29623080m (timeout 120m)
[2026-04-28 10:00:00]     ⚠️  STALE (exceeded timeout)
[2026-04-28 10:00:00]   Task test-opt-analytics-opus: age 29623080m (timeout 120m)
[2026-04-28 10:00:01]     ⚠️  STALE (exceeded timeout)
[2026-04-28 10:00:01]   Task fix-trade-builder-403: age 29623080m (timeout 120m)
[2026-04-28 10:00:01]     ⚠️  STALE (exceeded timeout)
[2026-04-28 10:00:01]   Task fix-all-trade-issues: age 29623080m (timeout 120m)
[2026-04-28 10:00:01]     ⚠️  STALE (exceeded timeout)
[2026-04-28 10:00:01] Archiving 9 stale + 0 completed tasks...
[2026-04-28 10:10:00] Checking 9 active tasks...
[2026-04-28 10:10:00]   Task dogfood-qa-week4: age 29623090m (timeout 120m)
[2026-04-28 10:10:00]     ⚠️  STALE (exceeded timeout)
[2026-04-28 10:10:00]   Task fix-dogfood-week4: age 29623090m (timeout 120m)
[2026-04-28 10:10:00]     ⚠️  STALE (exceeded timeout)
[2026-04-28 10:10:00]   Task test-opt-parallel-logger: age 29623090m (timeout 120m)
[2026-04-28 10:10:00]     ⚠️  STALE (exceeded timeout)
[2026-04-28 10:10:00]   Task test-opt-parallel-error: age 29623090m (timeout 120m)
[2026-04-28 10:10:00]     ⚠️  STALE (exceeded timeout)
[2026-04-28 10:10:00]   Task audit-all-work: age 29623090m (timeout 120m)
[2026-04-28 10:10:00]     ⚠️  STALE (exceeded timeout)
[2026-04-28 10:10:00]   Task workqueue-automation: age 29623090m (timeout 120m)
[2026-04-28 10:10:00]     ⚠️  STALE (exceeded timeout)
[2026-04-28 10:10:00]   Task test-opt-analytics-opus: age 29623090m (timeout 120m)
[2026-04-28 10:10:00]     ⚠️  STALE (exceeded timeout)
[2026-04-28 10:10:00]   Task fix-trade-builder-403: age 29623090m (timeout 120m)
[2026-04-28 10:10:00]     ⚠️  STALE (exceeded timeout)
[2026-04-28 10:10:00]   Task fix-all-trade-issues: age 29623090m (timeout 120m)
[2026-04-28 10:10:00]     ⚠️  STALE (exceeded timeout)
[2026-04-28 10:10:00] Archiving 9 stale + 0 completed tasks...
[2026-04-28 10:20:00] Checking 9 active tasks...
[2026-04-28 10:20:00]   Task dogfood-qa-week4: age 29623100m (timeout 120m)
[2026-04-28 10:20:00]     ⚠️  STALE (exceeded timeout)
[2026-04-28 10:20:00]   Task fix-dogfood-week4: age 29623100m (timeout 120m)
[2026-04-28 10:20:00]     ⚠️  STALE (exceeded timeout)
[2026-04-28 10:20:00]   Task test-opt-parallel-logger: age 29623100m (timeout 120m)
[2026-04-28 10:20:00]     ⚠️  STALE (exceeded timeout)
[2026-04-28 10:20:01]   Task test-opt-parallel-error: age 29623100m (timeout 120m)
[2026-04-28 10:20:01]     ⚠️  STALE (exceeded timeout)
[2026-04-28 10:20:01]   Task audit-all-work: age 29623100m (timeout 120m)
[2026-04-28 10:20:01]     ⚠️  STALE (exceeded timeout)
[2026-04-28 10:20:01]   Task workqueue-automation: age 29623100m (timeout 120m)
[2026-04-28 10:20:01]     ⚠️  STALE (exceeded timeout)
[2026-04-28 10:20:01]   Task test-opt-analytics-opus: age 29623100m (timeout 120m)
[2026-04-28 10:20:01]     ⚠️  STALE (exceeded timeout)
[2026-04-28 10:20:01]   Task fix-trade-builder-403: age 29623100m (timeout 120m)
[2026-04-28 10:20:01]     ⚠️  STALE (exceeded timeout)
[2026-04-28 10:20:01]   Task fix-all-trade-issues: age 29623100m (timeout 120m)
[2026-04-28 10:20:01]     ⚠️  STALE (exceeded timeout)
[2026-04-28 10:20:01] Archiving 9 stale + 0 completed tasks...
[2026-04-28 10:30:00] Checking 9 active tasks...
[2026-04-28 10:30:00]   Task dogfood-qa-week4: age 29623110m (timeout 120m)
[2026-04-28 10:30:00]     ⚠️  STALE (exceeded timeout)
[2026-04-28 10:30:00]   Task fix-dogfood-week4: age 29623110m (timeout 120m)
[2026-04-28 10:30:00]     ⚠️  STALE (exceeded timeout)
[2026-04-28 10:30:00]   Task test-opt-parallel-logger: age 29623110m (timeout 120m)
[2026-04-28 10:30:00]     ⚠️  STALE (exceeded timeout)
[2026-04-28 10:30:00]   Task test-opt-parallel-error: age 29623110m (timeout 120m)
[2026-04-28 10:30:00]     ⚠️  STALE (exceeded timeout)
[2026-04-28 10:30:00]   Task audit-all-work: age 29623110m (timeout 120m)
[2026-04-28 10:30:00]     ⚠️  STALE (exceeded timeout)
[2026-04-28 10:30:00]   Task workqueue-automation: age 29623110m (timeout 120m)
[2026-04-28 10:30:00]     ⚠️  STALE (exceeded timeout)
[2026-04-28 10:30:00]   Task test-opt-analytics-opus: age 29623110m (timeout 120m)
[2026-04-28 10:30:00]     ⚠️  STALE (exceeded timeout)
[2026-04-28 10:30:00]   Task fix-trade-builder-403: age 29623110m (timeout 120m)
[2026-04-28 10:30:00]     ⚠️  STALE (exceeded timeout)
[2026-04-28 10:30:00]   Task fix-all-trade-issues: age 29623110m (timeout 120m)
[2026-04-28 10:30:00]     ⚠️  STALE (exceeded timeout)
[2026-04-28 10:30:00] Archiving 9 stale + 0 completed tasks...
[2026-04-28 10:40:00] Checking 9 active tasks...
[2026-04-28 10:40:01]   Task dogfood-qa-week4: age 29623120m (timeout 120m)
[2026-04-28 10:40:01]     ⚠️  STALE (exceeded timeout)
[2026-04-28 10:40:01]   Task fix-dogfood-week4: age 29623120m (timeout 120m)
[2026-04-28 10:40:01]     ⚠️  STALE (exceeded timeout)
[2026-04-28 10:40:01]   Task test-opt-parallel-logger: age 29623120m (timeout 120m)
[2026-04-28 10:40:01]     ⚠️  STALE (exceeded timeout)
[2026-04-28 10:40:01]   Task test-opt-parallel-error: age 29623120m (timeout 120m)
[2026-04-28 10:40:01]     ⚠️  STALE (exceeded timeout)
[2026-04-28 10:40:01]   Task audit-all-work: age 29623120m (timeout 120m)
[2026-04-28 10:40:01]     ⚠️  STALE (exceeded timeout)
[2026-04-28 10:40:01]   Task workqueue-automation: age 29623120m (timeout 120m)
[2026-04-28 10:40:01]     ⚠️  STALE (exceeded timeout)
[2026-04-28 10:40:01]   Task test-opt-analytics-opus: age 29623120m (timeout 120m)
[2026-04-28 10:40:01]     ⚠️  STALE (exceeded timeout)
[2026-04-28 10:40:01]   Task fix-trade-builder-403: age 29623120m (timeout 120m)
[2026-04-28 10:40:01]     ⚠️  STALE (exceeded timeout)
[2026-04-28 10:40:01]   Task fix-all-trade-issues: age 29623120m (timeout 120m)
[2026-04-28 10:40:01]     ⚠️  STALE (exceeded timeout)
[2026-04-28 10:40:01] Archiving 9 stale + 0 completed tasks...
[2026-04-28 10:50:00] Checking 9 active tasks...
[2026-04-28 10:50:00]   Task dogfood-qa-week4: age 29623130m (timeout 120m)
[2026-04-28 10:50:00]     ⚠️  STALE (exceeded timeout)
[2026-04-28 10:50:01]   Task fix-dogfood-week4: age 29623130m (timeout 120m)
[2026-04-28 10:50:01]     ⚠️  STALE (exceeded timeout)
[2026-04-28 10:50:01]   Task test-opt-parallel-logger: age 29623130m (timeout 120m)
[2026-04-28 10:50:01]     ⚠️  STALE (exceeded timeout)
[2026-04-28 10:50:01]   Task test-opt-parallel-error: age 29623130m (timeout 120m)
[2026-04-28 10:50:01]     ⚠️  STALE (exceeded timeout)
[2026-04-28 10:50:01]   Task audit-all-work: age 29623130m (timeout 120m)
[2026-04-28 10:50:01]     ⚠️  STALE (exceeded timeout)
[2026-04-28 10:50:01]   Task workqueue-automation: age 29623130m (timeout 120m)
[2026-04-28 10:50:01]     ⚠️  STALE (exceeded timeout)
[2026-04-28 10:50:01]   Task test-opt-analytics-opus: age 29623130m (timeout 120m)
[2026-04-28 10:50:01]     ⚠️  STALE (exceeded timeout)
[2026-04-28 10:50:01]   Task fix-trade-builder-403: age 29623130m (timeout 120m)
[2026-04-28 10:50:01]     ⚠️  STALE (exceeded timeout)
[2026-04-28 10:50:01]   Task fix-all-trade-issues: age 29623130m (timeout 120m)
[2026-04-28 10:50:01]     ⚠️  STALE (exceeded timeout)
[2026-04-28 10:50:01] Archiving 9 stale + 0 completed tasks...
[2026-04-28 11:00:01] Checking 9 active tasks...
[2026-04-28 11:00:01]   Task dogfood-qa-week4: age 29623140m (timeout 120m)
[2026-04-28 11:00:01]     ⚠️  STALE (exceeded timeout)
[2026-04-28 11:00:01]   Task fix-dogfood-week4: age 29623140m (timeout 120m)
[2026-04-28 11:00:01]     ⚠️  STALE (exceeded timeout)
[2026-04-28 11:00:01]   Task test-opt-parallel-logger: age 29623140m (timeout 120m)
[2026-04-28 11:00:01]     ⚠️  STALE (exceeded timeout)
[2026-04-28 11:00:01]   Task test-opt-parallel-error: age 29623140m (timeout 120m)
[2026-04-28 11:00:01]     ⚠️  STALE (exceeded timeout)
[2026-04-28 11:00:01]   Task audit-all-work: age 29623140m (timeout 120m)
[2026-04-28 11:00:01]     ⚠️  STALE (exceeded timeout)
[2026-04-28 11:00:01]   Task workqueue-automation: age 29623140m (timeout 120m)
[2026-04-28 11:00:01]     ⚠️  STALE (exceeded timeout)
[2026-04-28 11:00:01]   Task test-opt-analytics-opus: age 29623140m (timeout 120m)
[2026-04-28 11:00:01]     ⚠️  STALE (exceeded timeout)
[2026-04-28 11:00:01]   Task fix-trade-builder-403: age 29623140m (timeout 120m)
[2026-04-28 11:00:01]     ⚠️  STALE (exceeded timeout)
[2026-04-28 11:00:01]   Task fix-all-trade-issues: age 29623140m (timeout 120m)
[2026-04-28 11:00:01]     ⚠️  STALE (exceeded timeout)
[2026-04-28 11:00:01] Archiving 9 stale + 0 completed tasks...
[2026-04-28 11:10:00] Checking 9 active tasks...
[2026-04-28 11:10:00]   Task dogfood-qa-week4: age 29623150m (timeout 120m)
[2026-04-28 11:10:00]     ⚠️  STALE (exceeded timeout)
[2026-04-28 11:10:00]   Task fix-dogfood-week4: age 29623150m (timeout 120m)
[2026-04-28 11:10:00]     ⚠️  STALE (exceeded timeout)
[2026-04-28 11:10:00]   Task test-opt-parallel-logger: age 29623150m (timeout 120m)
[2026-04-28 11:10:00]     ⚠️  STALE (exceeded timeout)
[2026-04-28 11:10:00]   Task test-opt-parallel-error: age 29623150m (timeout 120m)
[2026-04-28 11:10:00]     ⚠️  STALE (exceeded timeout)
[2026-04-28 11:10:00]   Task audit-all-work: age 29623150m (timeout 120m)
[2026-04-28 11:10:00]     ⚠️  STALE (exceeded timeout)
[2026-04-28 11:10:00]   Task workqueue-automation: age 29623150m (timeout 120m)
[2026-04-28 11:10:00]     ⚠️  STALE (exceeded timeout)
[2026-04-28 11:10:00]   Task test-opt-analytics-opus: age 29623150m (timeout 120m)
[2026-04-28 11:10:01]     ⚠️  STALE (exceeded timeout)
[2026-04-28 11:10:01]   Task fix-trade-builder-403: age 29623150m (timeout 120m)
[2026-04-28 11:10:01]     ⚠️  STALE (exceeded timeout)
[2026-04-28 11:10:01]   Task fix-all-trade-issues: age 29623150m (timeout 120m)
[2026-04-28 11:10:01]     ⚠️  STALE (exceeded timeout)
[2026-04-28 11:10:01] Archiving 9 stale + 0 completed tasks...
[2026-04-28 11:20:01] Checking 9 active tasks...
[2026-04-28 11:20:01]   Task dogfood-qa-week4: age 29623160m (timeout 120m)
[2026-04-28 11:20:01]     ⚠️  STALE (exceeded timeout)
[2026-04-28 11:20:01]   Task fix-dogfood-week4: age 29623160m (timeout 120m)
[2026-04-28 11:20:01]     ⚠️  STALE (exceeded timeout)
[2026-04-28 11:20:01]   Task test-opt-parallel-logger: age 29623160m (timeout 120m)
[2026-04-28 11:20:01]     ⚠️  STALE (exceeded timeout)
[2026-04-28 11:20:01]   Task test-opt-parallel-error: age 29623160m (timeout 120m)
[2026-04-28 11:20:01]     ⚠️  STALE (exceeded timeout)
[2026-04-28 11:20:01]   Task audit-all-work: age 29623160m (timeout 120m)
[2026-04-28 11:20:01]     ⚠️  STALE (exceeded timeout)
[2026-04-28 11:20:01]   Task workqueue-automation: age 29623160m (timeout 120m)
[2026-04-28 11:20:01]     ⚠️  STALE (exceeded timeout)
[2026-04-28 11:20:01]   Task test-opt-analytics-opus: age 29623160m (timeout 120m)
[2026-04-28 11:20:01]     ⚠️  STALE (exceeded timeout)
[2026-04-28 11:20:01]   Task fix-trade-builder-403: age 29623160m (timeout 120m)
[2026-04-28 11:20:01]     ⚠️  STALE (exceeded timeout)
[2026-04-28 11:20:01]   Task fix-all-trade-issues: age 29623160m (timeout 120m)
[2026-04-28 11:20:01]     ⚠️  STALE (exceeded timeout)
[2026-04-28 11:20:01] Archiving 9 stale + 0 completed tasks...
[2026-04-28 11:30:00] Checking 9 active tasks...
[2026-04-28 11:30:00]   Task dogfood-qa-week4: age 29623170m (timeout 120m)
[2026-04-28 11:30:00]     ⚠️  STALE (exceeded timeout)
[2026-04-28 11:30:00]   Task fix-dogfood-week4: age 29623170m (timeout 120m)
[2026-04-28 11:30:00]     ⚠️  STALE (exceeded timeout)
[2026-04-28 11:30:00]   Task test-opt-parallel-logger: age 29623170m (timeout 120m)
[2026-04-28 11:30:00]     ⚠️  STALE (exceeded timeout)
[2026-04-28 11:30:00]   Task test-opt-parallel-error: age 29623170m (timeout 120m)
[2026-04-28 11:30:00]     ⚠️  STALE (exceeded timeout)
[2026-04-28 11:30:00]   Task audit-all-work: age 29623170m (timeout 120m)
[2026-04-28 11:30:00]     ⚠️  STALE (exceeded timeout)
[2026-04-28 11:30:00]   Task workqueue-automation: age 29623170m (timeout 120m)
[2026-04-28 11:30:00]     ⚠️  STALE (exceeded timeout)
[2026-04-28 11:30:00]   Task test-opt-analytics-opus: age 29623170m (timeout 120m)
[2026-04-28 11:30:00]     ⚠️  STALE (exceeded timeout)
[2026-04-28 11:30:00]   Task fix-trade-builder-403: age 29623170m (timeout 120m)
[2026-04-28 11:30:00]     ⚠️  STALE (exceeded timeout)
[2026-04-28 11:30:01]   Task fix-all-trade-issues: age 29623170m (timeout 120m)
[2026-04-28 11:30:01]     ⚠️  STALE (exceeded timeout)
[2026-04-28 11:30:01] Archiving 9 stale + 0 completed tasks...
[2026-04-28 11:40:00] Checking 9 active tasks...
[2026-04-28 11:40:00]   Task dogfood-qa-week4: age 29623180m (timeout 120m)
[2026-04-28 11:40:00]     ⚠️  STALE (exceeded timeout)
[2026-04-28 11:40:00]   Task fix-dogfood-week4: age 29623180m (timeout 120m)
[2026-04-28 11:40:00]     ⚠️  STALE (exceeded timeout)
[2026-04-28 11:40:01]   Task test-opt-parallel-logger: age 29623180m (timeout 120m)
[2026-04-28 11:40:01]     ⚠️  STALE (exceeded timeout)
[2026-04-28 11:40:01]   Task test-opt-parallel-error: age 29623180m (timeout 120m)
[2026-04-28 11:40:01]     ⚠️  STALE (exceeded timeout)
[2026-04-28 11:40:01]   Task audit-all-work: age 29623180m (timeout 120m)
[2026-04-28 11:40:01]     ⚠️  STALE (exceeded timeout)
[2026-04-28 11:40:01]   Task workqueue-automation: age 29623180m (timeout 120m)
[2026-04-28 11:40:01]     ⚠️  STALE (exceeded timeout)
[2026-04-28 11:40:01]   Task test-opt-analytics-opus: age 29623180m (timeout 120m)
[2026-04-28 11:40:01]     ⚠️  STALE (exceeded timeout)
[2026-04-28 11:40:01]   Task fix-trade-builder-403: age 29623180m (timeout 120m)
[2026-04-28 11:40:01]     ⚠️  STALE (exceeded timeout)
[2026-04-28 11:40:01]   Task fix-all-trade-issues: age 29623180m (timeout 120m)
[2026-04-28 11:40:01]     ⚠️  STALE (exceeded timeout)
[2026-04-28 11:40:01] Archiving 9 stale + 0 completed tasks...
[2026-04-28 11:50:01] Checking 9 active tasks...
[2026-04-28 11:50:01]   Task dogfood-qa-week4: age 29623190m (timeout 120m)
[2026-04-28 11:50:01]     ⚠️  STALE (exceeded timeout)
[2026-04-28 11:50:01]   Task fix-dogfood-week4: age 29623190m (timeout 120m)
[2026-04-28 11:50:01]     ⚠️  STALE (exceeded timeout)
[2026-04-28 11:50:01]   Task test-opt-parallel-logger: age 29623190m (timeout 120m)
[2026-04-28 11:50:01]     ⚠️  STALE (exceeded timeout)
[2026-04-28 11:50:01]   Task test-opt-parallel-error: age 29623190m (timeout 120m)
[2026-04-28 11:50:01]     ⚠️  STALE (exceeded timeout)
[2026-04-28 11:50:01]   Task audit-all-work: age 29623190m (timeout 120m)
[2026-04-28 11:50:01]     ⚠️  STALE (exceeded timeout)
[2026-04-28 11:50:01]   Task workqueue-automation: age 29623190m (timeout 120m)
[2026-04-28 11:50:01]     ⚠️  STALE (exceeded timeout)
[2026-04-28 11:50:01]   Task test-opt-analytics-opus: age 29623190m (timeout 120m)
[2026-04-28 11:50:01]     ⚠️  STALE (exceeded timeout)
[2026-04-28 11:50:01]   Task fix-trade-builder-403: age 29623190m (timeout 120m)
[2026-04-28 11:50:01]     ⚠️  STALE (exceeded timeout)
[2026-04-28 11:50:01]   Task fix-all-trade-issues: age 29623190m (timeout 120m)
[2026-04-28 11:50:01]     ⚠️  STALE (exceeded timeout)
[2026-04-28 11:50:01] Archiving 9 stale + 0 completed tasks...
[2026-04-28 12:00:00] Checking 9 active tasks...
[2026-04-28 12:00:00]   Task dogfood-qa-week4: age 29623200m (timeout 120m)
[2026-04-28 12:00:00]     ⚠️  STALE (exceeded timeout)
[2026-04-28 12:00:00]   Task fix-dogfood-week4: age 29623200m (timeout 120m)
[2026-04-28 12:00:00]     ⚠️  STALE (exceeded timeout)
[2026-04-28 12:00:00]   Task test-opt-parallel-logger: age 29623200m (timeout 120m)
[2026-04-28 12:00:00]     ⚠️  STALE (exceeded timeout)
[2026-04-28 12:00:00]   Task test-opt-parallel-error: age 29623200m (timeout 120m)
[2026-04-28 12:00:00]     ⚠️  STALE (exceeded timeout)
[2026-04-28 12:00:00]   Task audit-all-work: age 29623200m (timeout 120m)
[2026-04-28 12:00:00]     ⚠️  STALE (exceeded timeout)
[2026-04-28 12:00:00]   Task workqueue-automation: age 29623200m (timeout 120m)
[2026-04-28 12:00:00]     ⚠️  STALE (exceeded timeout)
[2026-04-28 12:00:00]   Task test-opt-analytics-opus: age 29623200m (timeout 120m)
[2026-04-28 12:00:00]     ⚠️  STALE (exceeded timeout)
[2026-04-28 12:00:00]   Task fix-trade-builder-403: age 29623200m (timeout 120m)
[2026-04-28 12:00:00]     ⚠️  STALE (exceeded timeout)
[2026-04-28 12:00:00]   Task fix-all-trade-issues: age 29623200m (timeout 120m)
[2026-04-28 12:00:00]     ⚠️  STALE (exceeded timeout)
[2026-04-28 12:00:00] Archiving 9 stale + 0 completed tasks...
[2026-04-28 12:10:00] Checking 9 active tasks...
[2026-04-28 12:10:00]   Task dogfood-qa-week4: age 29623210m (timeout 120m)
[2026-04-28 12:10:00]     ⚠️  STALE (exceeded timeout)
[2026-04-28 12:10:00]   Task fix-dogfood-week4: age 29623210m (timeout 120m)
[2026-04-28 12:10:00]     ⚠️  STALE (exceeded timeout)
[2026-04-28 12:10:01]   Task test-opt-parallel-logger: age 29623210m (timeout 120m)
[2026-04-28 12:10:01]     ⚠️  STALE (exceeded timeout)
[2026-04-28 12:10:01]   Task test-opt-parallel-error: age 29623210m (timeout 120m)
[2026-04-28 12:10:01]     ⚠️  STALE (exceeded timeout)
[2026-04-28 12:10:01]   Task audit-all-work: age 29623210m (timeout 120m)
[2026-04-28 12:10:01]     ⚠️  STALE (exceeded timeout)
[2026-04-28 12:10:01]   Task workqueue-automation: age 29623210m (timeout 120m)
[2026-04-28 12:10:01]     ⚠️  STALE (exceeded timeout)
[2026-04-28 12:10:01]   Task test-opt-analytics-opus: age 29623210m (timeout 120m)
[2026-04-28 12:10:01]     ⚠️  STALE (exceeded timeout)
[2026-04-28 12:10:01]   Task fix-trade-builder-403: age 29623210m (timeout 120m)
[2026-04-28 12:10:01]     ⚠️  STALE (exceeded timeout)
[2026-04-28 12:10:01]   Task fix-all-trade-issues: age 29623210m (timeout 120m)
[2026-04-28 12:10:01]     ⚠️  STALE (exceeded timeout)
[2026-04-28 12:10:01] Archiving 9 stale + 0 completed tasks...
[2026-04-28 12:20:00] Checking 9 active tasks...
[2026-04-28 12:20:00]   Task dogfood-qa-week4: age 29623220m (timeout 120m)
[2026-04-28 12:20:00]     ⚠️  STALE (exceeded timeout)
[2026-04-28 12:20:00]   Task fix-dogfood-week4: age 29623220m (timeout 120m)
[2026-04-28 12:20:00]     ⚠️  STALE (exceeded timeout)
[2026-04-28 12:20:00]   Task test-opt-parallel-logger: age 29623220m (timeout 120m)
[2026-04-28 12:20:00]     ⚠️  STALE (exceeded timeout)
[2026-04-28 12:20:00]   Task test-opt-parallel-error: age 29623220m (timeout 120m)
[2026-04-28 12:20:00]     ⚠️  STALE (exceeded timeout)
[2026-04-28 12:20:00]   Task audit-all-work: age 29623220m (timeout 120m)
[2026-04-28 12:20:00]     ⚠️  STALE (exceeded timeout)
[2026-04-28 12:20:00]   Task workqueue-automation: age 29623220m (timeout 120m)
[2026-04-28 12:20:00]     ⚠️  STALE (exceeded timeout)
[2026-04-28 12:20:00]   Task test-opt-analytics-opus: age 29623220m (timeout 120m)
[2026-04-28 12:20:00]     ⚠️  STALE (exceeded timeout)
[2026-04-28 12:20:00]   Task fix-trade-builder-403: age 29623220m (timeout 120m)
[2026-04-28 12:20:00]     ⚠️  STALE (exceeded timeout)
[2026-04-28 12:20:00]   Task fix-all-trade-issues: age 29623220m (timeout 120m)
[2026-04-28 12:20:00]     ⚠️  STALE (exceeded timeout)
[2026-04-28 12:20:00] Archiving 9 stale + 0 completed tasks...
[2026-04-28 12:30:00] Checking 9 active tasks...
[2026-04-28 12:30:00]   Task dogfood-qa-week4: age 29623230m (timeout 120m)
[2026-04-28 12:30:00]     ⚠️  STALE (exceeded timeout)
[2026-04-28 12:30:00]   Task fix-dogfood-week4: age 29623230m (timeout 120m)
[2026-04-28 12:30:00]     ⚠️  STALE (exceeded timeout)
[2026-04-28 12:30:00]   Task test-opt-parallel-logger: age 29623230m (timeout 120m)
[2026-04-28 12:30:00]     ⚠️  STALE (exceeded timeout)
[2026-04-28 12:30:00]   Task test-opt-parallel-error: age 29623230m (timeout 120m)
[2026-04-28 12:30:00]     ⚠️  STALE (exceeded timeout)
[2026-04-28 12:30:00]   Task audit-all-work: age 29623230m (timeout 120m)
[2026-04-28 12:30:00]     ⚠️  STALE (exceeded timeout)
[2026-04-28 12:30:00]   Task workqueue-automation: age 29623230m (timeout 120m)
[2026-04-28 12:30:00]     ⚠️  STALE (exceeded timeout)
[2026-04-28 12:30:00]   Task test-opt-analytics-opus: age 29623230m (timeout 120m)
[2026-04-28 12:30:00]     ⚠️  STALE (exceeded timeout)
[2026-04-28 12:30:01]   Task fix-trade-builder-403: age 29623230m (timeout 120m)
[2026-04-28 12:30:01]     ⚠️  STALE (exceeded timeout)
[2026-04-28 12:30:01]   Task fix-all-trade-issues: age 29623230m (timeout 120m)
[2026-04-28 12:30:01]     ⚠️  STALE (exceeded timeout)
[2026-04-28 12:30:01] Archiving 9 stale + 0 completed tasks...
[2026-04-28 12:40:00] Checking 9 active tasks...
[2026-04-28 12:40:00]   Task dogfood-qa-week4: age 29623240m (timeout 120m)
[2026-04-28 12:40:00]     ⚠️  STALE (exceeded timeout)
[2026-04-28 12:40:00]   Task fix-dogfood-week4: age 29623240m (timeout 120m)
[2026-04-28 12:40:00]     ⚠️  STALE (exceeded timeout)
[2026-04-28 12:40:00]   Task test-opt-parallel-logger: age 29623240m (timeout 120m)
[2026-04-28 12:40:00]     ⚠️  STALE (exceeded timeout)
[2026-04-28 12:40:01]   Task test-opt-parallel-error: age 29623240m (timeout 120m)
[2026-04-28 12:40:01]     ⚠️  STALE (exceeded timeout)
[2026-04-28 12:40:01]   Task audit-all-work: age 29623240m (timeout 120m)
[2026-04-28 12:40:01]     ⚠️  STALE (exceeded timeout)
[2026-04-28 12:40:01]   Task workqueue-automation: age 29623240m (timeout 120m)
[2026-04-28 12:40:01]     ⚠️  STALE (exceeded timeout)
[2026-04-28 12:40:01]   Task test-opt-analytics-opus: age 29623240m (timeout 120m)
[2026-04-28 12:40:01]     ⚠️  STALE (exceeded timeout)
[2026-04-28 12:40:01]   Task fix-trade-builder-403: age 29623240m (timeout 120m)
[2026-04-28 12:40:01]     ⚠️  STALE (exceeded timeout)
[2026-04-28 12:40:01]   Task fix-all-trade-issues: age 29623240m (timeout 120m)
[2026-04-28 12:40:01]     ⚠️  STALE (exceeded timeout)
[2026-04-28 12:40:01] Archiving 9 stale + 0 completed tasks...
[2026-04-28 12:50:00] Checking 9 active tasks...
[2026-04-28 12:50:00]   Task dogfood-qa-week4: age 29623250m (timeout 120m)
[2026-04-28 12:50:00]     ⚠️  STALE (exceeded timeout)
[2026-04-28 12:50:00]   Task fix-dogfood-week4: age 29623250m (timeout 120m)
[2026-04-28 12:50:00]     ⚠️  STALE (exceeded timeout)
[2026-04-28 12:50:00]   Task test-opt-parallel-logger: age 29623250m (timeout 120m)
[2026-04-28 12:50:00]     ⚠️  STALE (exceeded timeout)
[2026-04-28 12:50:00]   Task test-opt-parallel-error: age 29623250m (timeout 120m)
[2026-04-28 12:50:00]     ⚠️  STALE (exceeded timeout)
[2026-04-28 12:50:00]   Task audit-all-work: age 29623250m (timeout 120m)
[2026-04-28 12:50:00]     ⚠️  STALE (exceeded timeout)
[2026-04-28 12:50:00]   Task workqueue-automation: age 29623250m (timeout 120m)
[2026-04-28 12:50:00]     ⚠️  STALE (exceeded timeout)
[2026-04-28 12:50:00]   Task test-opt-analytics-opus: age 29623250m (timeout 120m)
[2026-04-28 12:50:00]     ⚠️  STALE (exceeded timeout)
[2026-04-28 12:50:00]   Task fix-trade-builder-403: age 29623250m (timeout 120m)
[2026-04-28 12:50:00]     ⚠️  STALE (exceeded timeout)
[2026-04-28 12:50:01]   Task fix-all-trade-issues: age 29623250m (timeout 120m)
[2026-04-28 12:50:01]     ⚠️  STALE (exceeded timeout)
[2026-04-28 12:50:01] Archiving 9 stale + 0 completed tasks...
[2026-04-28 13:00:00] Checking 9 active tasks...
[2026-04-28 13:00:00]   Task dogfood-qa-week4: age 29623260m (timeout 120m)
[2026-04-28 13:00:00]     ⚠️  STALE (exceeded timeout)
[2026-04-28 13:00:00]   Task fix-dogfood-week4: age 29623260m (timeout 120m)
[2026-04-28 13:00:00]     ⚠️  STALE (exceeded timeout)
[2026-04-28 13:00:00]   Task test-opt-parallel-logger: age 29623260m (timeout 120m)
[2026-04-28 13:00:00]     ⚠️  STALE (exceeded timeout)
[2026-04-28 13:00:01]   Task test-opt-parallel-error: age 29623260m (timeout 120m)
[2026-04-28 13:00:01]     ⚠️  STALE (exceeded timeout)
[2026-04-28 13:00:01]   Task audit-all-work: age 29623260m (timeout 120m)
[2026-04-28 13:00:01]     ⚠️  STALE (exceeded timeout)
[2026-04-28 13:00:01]   Task workqueue-automation: age 29623260m (timeout 120m)
[2026-04-28 13:00:01]     ⚠️  STALE (exceeded timeout)
[2026-04-28 13:00:01]   Task test-opt-analytics-opus: age 29623260m (timeout 120m)
[2026-04-28 13:00:01]     ⚠️  STALE (exceeded timeout)
[2026-04-28 13:00:01]   Task fix-trade-builder-403: age 29623260m (timeout 120m)
[2026-04-28 13:00:01]     ⚠️  STALE (exceeded timeout)
[2026-04-28 13:00:01]   Task fix-all-trade-issues: age 29623260m (timeout 120m)
[2026-04-28 13:00:01]     ⚠️  STALE (exceeded timeout)
[2026-04-28 13:00:01] Archiving 9 stale + 0 completed tasks...
[2026-04-28 13:10:00] Checking 9 active tasks...
[2026-04-28 13:10:00]   Task dogfood-qa-week4: age 29623270m (timeout 120m)
[2026-04-28 13:10:00]     ⚠️  STALE (exceeded timeout)
[2026-04-28 13:10:00]   Task fix-dogfood-week4: age 29623270m (timeout 120m)
[2026-04-28 13:10:00]     ⚠️  STALE (exceeded timeout)
[2026-04-28 13:10:00]   Task test-opt-parallel-logger: age 29623270m (timeout 120m)
[2026-04-28 13:10:00]     ⚠️  STALE (exceeded timeout)
[2026-04-28 13:10:00]   Task test-opt-parallel-error: age 29623270m (timeout 120m)
[2026-04-28 13:10:00]     ⚠️  STALE (exceeded timeout)
[2026-04-28 13:10:00]   Task audit-all-work: age 29623270m (timeout 120m)
[2026-04-28 13:10:00]     ⚠️  STALE (exceeded timeout)
[2026-04-28 13:10:00]   Task workqueue-automation: age 29623270m (timeout 120m)
[2026-04-28 13:10:00]     ⚠️  STALE (exceeded timeout)
[2026-04-28 13:10:00]   Task test-opt-analytics-opus: age 29623270m (timeout 120m)
[2026-04-28 13:10:00]     ⚠️  STALE (exceeded timeout)
[2026-04-28 13:10:00]   Task fix-trade-builder-403: age 29623270m (timeout 120m)
[2026-04-28 13:10:00]     ⚠️  STALE (exceeded timeout)
[2026-04-28 13:10:00]   Task fix-all-trade-issues: age 29623270m (timeout 120m)
[2026-04-28 13:10:00]     ⚠️  STALE (exceeded timeout)
[2026-04-28 13:10:00] Archiving 9 stale + 0 completed tasks...
[2026-04-28 13:20:01] Checking 9 active tasks...
[2026-04-28 13:20:01]   Task dogfood-qa-week4: age 29623280m (timeout 120m)
[2026-04-28 13:20:01]     ⚠️  STALE (exceeded timeout)
[2026-04-28 13:20:01]   Task fix-dogfood-week4: age 29623280m (timeout 120m)
[2026-04-28 13:20:01]     ⚠️  STALE (exceeded timeout)
[2026-04-28 13:20:01]   Task test-opt-parallel-logger: age 29623280m (timeout 120m)
[2026-04-28 13:20:01]     ⚠️  STALE (exceeded timeout)
[2026-04-28 13:20:01]   Task test-opt-parallel-error: age 29623280m (timeout 120m)
[2026-04-28 13:20:01]     ⚠️  STALE (exceeded timeout)
[2026-04-28 13:20:01]   Task audit-all-work: age 29623280m (timeout 120m)
[2026-04-28 13:20:01]     ⚠️  STALE (exceeded timeout)
[2026-04-28 13:20:01]   Task workqueue-automation: age 29623280m (timeout 120m)
[2026-04-28 13:20:01]     ⚠️  STALE (exceeded timeout)
[2026-04-28 13:20:01]   Task test-opt-analytics-opus: age 29623280m (timeout 120m)
[2026-04-28 13:20:01]     ⚠️  STALE (exceeded timeout)
[2026-04-28 13:20:01]   Task fix-trade-builder-403: age 29623280m (timeout 120m)
[2026-04-28 13:20:01]     ⚠️  STALE (exceeded timeout)
[2026-04-28 13:20:01]   Task fix-all-trade-issues: age 29623280m (timeout 120m)
[2026-04-28 13:20:01]     ⚠️  STALE (exceeded timeout)
[2026-04-28 13:20:01] Archiving 9 stale + 0 completed tasks...
[2026-04-28 13:30:00] Checking 9 active tasks...
[2026-04-28 13:30:00]   Task dogfood-qa-week4: age 29623290m (timeout 120m)
[2026-04-28 13:30:00]     ⚠️  STALE (exceeded timeout)
[2026-04-28 13:30:00]   Task fix-dogfood-week4: age 29623290m (timeout 120m)
[2026-04-28 13:30:00]     ⚠️  STALE (exceeded timeout)
[2026-04-28 13:30:00]   Task test-opt-parallel-logger: age 29623290m (timeout 120m)
[2026-04-28 13:30:00]     ⚠️  STALE (exceeded timeout)
[2026-04-28 13:30:00]   Task test-opt-parallel-error: age 29623290m (timeout 120m)
[2026-04-28 13:30:00]     ⚠️  STALE (exceeded timeout)
[2026-04-28 13:30:00]   Task audit-all-work: age 29623290m (timeout 120m)
[2026-04-28 13:30:00]     ⚠️  STALE (exceeded timeout)
[2026-04-28 13:30:00]   Task workqueue-automation: age 29623290m (timeout 120m)
[2026-04-28 13:30:00]     ⚠️  STALE (exceeded timeout)
[2026-04-28 13:30:00]   Task test-opt-analytics-opus: age 29623290m (timeout 120m)
[2026-04-28 13:30:00]     ⚠️  STALE (exceeded timeout)
[2026-04-28 13:30:00]   Task fix-trade-builder-403: age 29623290m (timeout 120m)
[2026-04-28 13:30:00]     ⚠️  STALE (exceeded timeout)
[2026-04-28 13:30:01]   Task fix-all-trade-issues: age 29623290m (timeout 120m)
[2026-04-28 13:30:01]     ⚠️  STALE (exceeded timeout)
[2026-04-28 13:30:01] Archiving 9 stale + 0 completed tasks...
[2026-04-28 13:40:00] Checking 9 active tasks...
[2026-04-28 13:40:00]   Task dogfood-qa-week4: age 29623300m (timeout 120m)
[2026-04-28 13:40:00]     ⚠️  STALE (exceeded timeout)
[2026-04-28 13:40:01]   Task fix-dogfood-week4: age 29623300m (timeout 120m)
[2026-04-28 13:40:01]     ⚠️  STALE (exceeded timeout)
[2026-04-28 13:40:01]   Task test-opt-parallel-logger: age 29623300m (timeout 120m)
[2026-04-28 13:40:01]     ⚠️  STALE (exceeded timeout)
[2026-04-28 13:40:01]   Task test-opt-parallel-error: age 29623300m (timeout 120m)
[2026-04-28 13:40:01]     ⚠️  STALE (exceeded timeout)
[2026-04-28 13:40:01]   Task audit-all-work: age 29623300m (timeout 120m)
[2026-04-28 13:40:01]     ⚠️  STALE (exceeded timeout)
[2026-04-28 13:40:01]   Task workqueue-automation: age 29623300m (timeout 120m)
[2026-04-28 13:40:01]     ⚠️  STALE (exceeded timeout)
[2026-04-28 13:40:01]   Task test-opt-analytics-opus: age 29623300m (timeout 120m)
[2026-04-28 13:40:01]     ⚠️  STALE (exceeded timeout)
[2026-04-28 13:40:01]   Task fix-trade-builder-403: age 29623300m (timeout 120m)
[2026-04-28 13:40:01]     ⚠️  STALE (exceeded timeout)
[2026-04-28 13:40:01]   Task fix-all-trade-issues: age 29623300m (timeout 120m)
[2026-04-28 13:40:01]     ⚠️  STALE (exceeded timeout)
[2026-04-28 13:40:01] Archiving 9 stale + 0 completed tasks...
[2026-04-28 13:50:01] Checking 9 active tasks...
[2026-04-28 13:50:01]   Task dogfood-qa-week4: age 29623310m (timeout 120m)
[2026-04-28 13:50:01]     ⚠️  STALE (exceeded timeout)
[2026-04-28 13:50:01]   Task fix-dogfood-week4: age 29623310m (timeout 120m)
[2026-04-28 13:50:01]     ⚠️  STALE (exceeded timeout)
[2026-04-28 13:50:01]   Task test-opt-parallel-logger: age 29623310m (timeout 120m)
[2026-04-28 13:50:01]     ⚠️  STALE (exceeded timeout)
[2026-04-28 13:50:01]   Task test-opt-parallel-error: age 29623310m (timeout 120m)
[2026-04-28 13:50:01]     ⚠️  STALE (exceeded timeout)
[2026-04-28 13:50:01]   Task audit-all-work: age 29623310m (timeout 120m)
[2026-04-28 13:50:01]     ⚠️  STALE (exceeded timeout)
[2026-04-28 13:50:01]   Task workqueue-automation: age 29623310m (timeout 120m)
[2026-04-28 13:50:01]     ⚠️  STALE (exceeded timeout)
[2026-04-28 13:50:01]   Task test-opt-analytics-opus: age 29623310m (timeout 120m)
[2026-04-28 13:50:01]     ⚠️  STALE (exceeded timeout)
[2026-04-28 13:50:01]   Task fix-trade-builder-403: age 29623310m (timeout 120m)
[2026-04-28 13:50:01]     ⚠️  STALE (exceeded timeout)
[2026-04-28 13:50:01]   Task fix-all-trade-issues: age 29623310m (timeout 120m)
[2026-04-28 13:50:01]     ⚠️  STALE (exceeded timeout)
[2026-04-28 13:50:01] Archiving 9 stale + 0 completed tasks...
[2026-04-28 14:00:00] Checking 9 active tasks...
[2026-04-28 14:00:00]   Task dogfood-qa-week4: age 29623320m (timeout 120m)
[2026-04-28 14:00:00]     ⚠️  STALE (exceeded timeout)
[2026-04-28 14:00:00]   Task fix-dogfood-week4: age 29623320m (timeout 120m)
[2026-04-28 14:00:00]     ⚠️  STALE (exceeded timeout)
[2026-04-28 14:00:00]   Task test-opt-parallel-logger: age 29623320m (timeout 120m)
[2026-04-28 14:00:00]     ⚠️  STALE (exceeded timeout)
[2026-04-28 14:00:00]   Task test-opt-parallel-error: age 29623320m (timeout 120m)
[2026-04-28 14:00:00]     ⚠️  STALE (exceeded timeout)
[2026-04-28 14:00:00]   Task audit-all-work: age 29623320m (timeout 120m)
[2026-04-28 14:00:00]     ⚠️  STALE (exceeded timeout)
[2026-04-28 14:00:00]   Task workqueue-automation: age 29623320m (timeout 120m)
[2026-04-28 14:00:00]     ⚠️  STALE (exceeded timeout)
[2026-04-28 14:00:00]   Task test-opt-analytics-opus: age 29623320m (timeout 120m)
[2026-04-28 14:00:00]     ⚠️  STALE (exceeded timeout)
[2026-04-28 14:00:00]   Task fix-trade-builder-403: age 29623320m (timeout 120m)
[2026-04-28 14:00:00]     ⚠️  STALE (exceeded timeout)
[2026-04-28 14:00:01]   Task fix-all-trade-issues: age 29623320m (timeout 120m)
[2026-04-28 14:00:01]     ⚠️  STALE (exceeded timeout)
[2026-04-28 14:00:01] Archiving 9 stale + 0 completed tasks...
[2026-04-28 14:10:00] Checking 9 active tasks...
[2026-04-28 14:10:00]   Task dogfood-qa-week4: age 29623330m (timeout 120m)
[2026-04-28 14:10:00]     ⚠️  STALE (exceeded timeout)
[2026-04-28 14:10:01]   Task fix-dogfood-week4: age 29623330m (timeout 120m)
[2026-04-28 14:10:01]     ⚠️  STALE (exceeded timeout)
[2026-04-28 14:10:01]   Task test-opt-parallel-logger: age 29623330m (timeout 120m)
[2026-04-28 14:10:01]     ⚠️  STALE (exceeded timeout)
[2026-04-28 14:10:01]   Task test-opt-parallel-error: age 29623330m (timeout 120m)
[2026-04-28 14:10:01]     ⚠️  STALE (exceeded timeout)
[2026-04-28 14:10:01]   Task audit-all-work: age 29623330m (timeout 120m)
[2026-04-28 14:10:01]     ⚠️  STALE (exceeded timeout)
[2026-04-28 14:10:01]   Task workqueue-automation: age 29623330m (timeout 120m)
[2026-04-28 14:10:01]     ⚠️  STALE (exceeded timeout)
[2026-04-28 14:10:01]   Task test-opt-analytics-opus: age 29623330m (timeout 120m)
[2026-04-28 14:10:01]     ⚠️  STALE (exceeded timeout)
[2026-04-28 14:10:01]   Task fix-trade-builder-403: age 29623330m (timeout 120m)
[2026-04-28 14:10:01]     ⚠️  STALE (exceeded timeout)
[2026-04-28 14:10:01]   Task fix-all-trade-issues: age 29623330m (timeout 120m)
[2026-04-28 14:10:01]     ⚠️  STALE (exceeded timeout)
[2026-04-28 14:10:01] Archiving 9 stale + 0 completed tasks...
[2026-04-28 14:20:00] Checking 9 active tasks...
[2026-04-28 14:20:00]   Task dogfood-qa-week4: age 29623340m (timeout 120m)
[2026-04-28 14:20:00]     ⚠️  STALE (exceeded timeout)
[2026-04-28 14:20:00]   Task fix-dogfood-week4: age 29623340m (timeout 120m)
[2026-04-28 14:20:00]     ⚠️  STALE (exceeded timeout)
[2026-04-28 14:20:00]   Task test-opt-parallel-logger: age 29623340m (timeout 120m)
[2026-04-28 14:20:00]     ⚠️  STALE (exceeded timeout)
[2026-04-28 14:20:00]   Task test-opt-parallel-error: age 29623340m (timeout 120m)
[2026-04-28 14:20:00]     ⚠️  STALE (exceeded timeout)
[2026-04-28 14:20:00]   Task audit-all-work: age 29623340m (timeout 120m)
[2026-04-28 14:20:00]     ⚠️  STALE (exceeded timeout)
[2026-04-28 14:20:00]   Task workqueue-automation: age 29623340m (timeout 120m)
[2026-04-28 14:20:00]     ⚠️  STALE (exceeded timeout)
[2026-04-28 14:20:01]   Task test-opt-analytics-opus: age 29623340m (timeout 120m)
[2026-04-28 14:20:01]     ⚠️  STALE (exceeded timeout)
[2026-04-28 14:20:01]   Task fix-trade-builder-403: age 29623340m (timeout 120m)
[2026-04-28 14:20:01]     ⚠️  STALE (exceeded timeout)
[2026-04-28 14:20:01]   Task fix-all-trade-issues: age 29623340m (timeout 120m)
[2026-04-28 14:20:01]     ⚠️  STALE (exceeded timeout)
[2026-04-28 14:20:01] Archiving 9 stale + 0 completed tasks...
[2026-04-28 14:30:00] Checking 9 active tasks...
[2026-04-28 14:30:00]   Task dogfood-qa-week4: age 29623350m (timeout 120m)
[2026-04-28 14:30:00]     ⚠️  STALE (exceeded timeout)
[2026-04-28 14:30:00]   Task fix-dogfood-week4: age 29623350m (timeout 120m)
[2026-04-28 14:30:00]     ⚠️  STALE (exceeded timeout)
[2026-04-28 14:30:01]   Task test-opt-parallel-logger: age 29623350m (timeout 120m)
[2026-04-28 14:30:01]     ⚠️  STALE (exceeded timeout)
[2026-04-28 14:30:01]   Task test-opt-parallel-error: age 29623350m (timeout 120m)
[2026-04-28 14:30:01]     ⚠️  STALE (exceeded timeout)
[2026-04-28 14:30:01]   Task audit-all-work: age 29623350m (timeout 120m)
[2026-04-28 14:30:01]     ⚠️  STALE (exceeded timeout)
[2026-04-28 14:30:01]   Task workqueue-automation: age 29623350m (timeout 120m)
[2026-04-28 14:30:01]     ⚠️  STALE (exceeded timeout)
[2026-04-28 14:30:01]   Task test-opt-analytics-opus: age 29623350m (timeout 120m)
[2026-04-28 14:30:01]     ⚠️  STALE (exceeded timeout)
[2026-04-28 14:30:01]   Task fix-trade-builder-403: age 29623350m (timeout 120m)
[2026-04-28 14:30:01]     ⚠️  STALE (exceeded timeout)
[2026-04-28 14:30:01]   Task fix-all-trade-issues: age 29623350m (timeout 120m)
[2026-04-28 14:30:01]     ⚠️  STALE (exceeded timeout)
[2026-04-28 14:30:01] Archiving 9 stale + 0 completed tasks...
[2026-04-28 14:40:01] Checking 9 active tasks...
[2026-04-28 14:40:01]   Task dogfood-qa-week4: age 29623360m (timeout 120m)
[2026-04-28 14:40:01]     ⚠️  STALE (exceeded timeout)
[2026-04-28 14:40:01]   Task fix-dogfood-week4: age 29623360m (timeout 120m)
[2026-04-28 14:40:01]     ⚠️  STALE (exceeded timeout)
[2026-04-28 14:40:01]   Task test-opt-parallel-logger: age 29623360m (timeout 120m)
[2026-04-28 14:40:01]     ⚠️  STALE (exceeded timeout)
[2026-04-28 14:40:01]   Task test-opt-parallel-error: age 29623360m (timeout 120m)
[2026-04-28 14:40:01]     ⚠️  STALE (exceeded timeout)
[2026-04-28 14:40:01]   Task audit-all-work: age 29623360m (timeout 120m)
[2026-04-28 14:40:01]     ⚠️  STALE (exceeded timeout)
[2026-04-28 14:40:01]   Task workqueue-automation: age 29623360m (timeout 120m)
[2026-04-28 14:40:01]     ⚠️  STALE (exceeded timeout)
[2026-04-28 14:40:01]   Task test-opt-analytics-opus: age 29623360m (timeout 120m)
[2026-04-28 14:40:01]     ⚠️  STALE (exceeded timeout)
[2026-04-28 14:40:01]   Task fix-trade-builder-403: age 29623360m (timeout 120m)
[2026-04-28 14:40:01]     ⚠️  STALE (exceeded timeout)
[2026-04-28 14:40:01]   Task fix-all-trade-issues: age 29623360m (timeout 120m)
[2026-04-28 14:40:01]     ⚠️  STALE (exceeded timeout)
[2026-04-28 14:40:01] Archiving 9 stale + 0 completed tasks...
[2026-04-28 14:50:00] Checking 9 active tasks...
[2026-04-28 14:50:00]   Task dogfood-qa-week4: age 29623370m (timeout 120m)
[2026-04-28 14:50:00]     ⚠️  STALE (exceeded timeout)
[2026-04-28 14:50:00]   Task fix-dogfood-week4: age 29623370m (timeout 120m)
[2026-04-28 14:50:00]     ⚠️  STALE (exceeded timeout)
[2026-04-28 14:50:00]   Task test-opt-parallel-logger: age 29623370m (timeout 120m)
[2026-04-28 14:50:00]     ⚠️  STALE (exceeded timeout)
[2026-04-28 14:50:00]   Task test-opt-parallel-error: age 29623370m (timeout 120m)
[2026-04-28 14:50:00]     ⚠️  STALE (exceeded timeout)
[2026-04-28 14:50:00]   Task audit-all-work: age 29623370m (timeout 120m)
[2026-04-28 14:50:00]     ⚠️  STALE (exceeded timeout)
[2026-04-28 14:50:00]   Task workqueue-automation: age 29623370m (timeout 120m)
[2026-04-28 14:50:00]     ⚠️  STALE (exceeded timeout)
[2026-04-28 14:50:00]   Task test-opt-analytics-opus: age 29623370m (timeout 120m)
[2026-04-28 14:50:00]     ⚠️  STALE (exceeded timeout)
[2026-04-28 14:50:00]   Task fix-trade-builder-403: age 29623370m (timeout 120m)
[2026-04-28 14:50:00]     ⚠️  STALE (exceeded timeout)
[2026-04-28 14:50:00]   Task fix-all-trade-issues: age 29623370m (timeout 120m)
[2026-04-28 14:50:00]     ⚠️  STALE (exceeded timeout)
[2026-04-28 14:50:00] Archiving 9 stale + 0 completed tasks...
[2026-04-28 15:00:00] Checking 9 active tasks...
[2026-04-28 15:00:00]   Task dogfood-qa-week4: age 29623380m (timeout 120m)
[2026-04-28 15:00:00]     ⚠️  STALE (exceeded timeout)
[2026-04-28 15:00:00]   Task fix-dogfood-week4: age 29623380m (timeout 120m)
[2026-04-28 15:00:00]     ⚠️  STALE (exceeded timeout)
[2026-04-28 15:00:00]   Task test-opt-parallel-logger: age 29623380m (timeout 120m)
[2026-04-28 15:00:00]     ⚠️  STALE (exceeded timeout)
[2026-04-28 15:00:00]   Task test-opt-parallel-error: age 29623380m (timeout 120m)
[2026-04-28 15:00:00]     ⚠️  STALE (exceeded timeout)
[2026-04-28 15:00:00]   Task audit-all-work: age 29623380m (timeout 120m)
[2026-04-28 15:00:00]     ⚠️  STALE (exceeded timeout)
[2026-04-28 15:00:00]   Task workqueue-automation: age 29623380m (timeout 120m)
[2026-04-28 15:00:00]     ⚠️  STALE (exceeded timeout)
[2026-04-28 15:00:00]   Task test-opt-analytics-opus: age 29623380m (timeout 120m)
[2026-04-28 15:00:00]     ⚠️  STALE (exceeded timeout)
[2026-04-28 15:00:00]   Task fix-trade-builder-403: age 29623380m (timeout 120m)
[2026-04-28 15:00:00]     ⚠️  STALE (exceeded timeout)
[2026-04-28 15:00:00]   Task fix-all-trade-issues: age 29623380m (timeout 120m)
[2026-04-28 15:00:00]     ⚠️  STALE (exceeded timeout)
[2026-04-28 15:00:00] Archiving 9 stale + 0 completed tasks...
[2026-04-28 15:10:00] Checking 9 active tasks...
[2026-04-28 15:10:00]   Task dogfood-qa-week4: age 29623390m (timeout 120m)
[2026-04-28 15:10:00]     ⚠️  STALE (exceeded timeout)
[2026-04-28 15:10:00]   Task fix-dogfood-week4: age 29623390m (timeout 120m)
[2026-04-28 15:10:00]     ⚠️  STALE (exceeded timeout)
[2026-04-28 15:10:00]   Task test-opt-parallel-logger: age 29623390m (timeout 120m)
[2026-04-28 15:10:00]     ⚠️  STALE (exceeded timeout)
[2026-04-28 15:10:00]   Task test-opt-parallel-error: age 29623390m (timeout 120m)
[2026-04-28 15:10:00]     ⚠️  STALE (exceeded timeout)
[2026-04-28 15:10:00]   Task audit-all-work: age 29623390m (timeout 120m)
[2026-04-28 15:10:00]     ⚠️  STALE (exceeded timeout)
[2026-04-28 15:10:00]   Task workqueue-automation: age 29623390m (timeout 120m)
[2026-04-28 15:10:00]     ⚠️  STALE (exceeded timeout)
[2026-04-28 15:10:01]   Task test-opt-analytics-opus: age 29623390m (timeout 120m)
[2026-04-28 15:10:01]     ⚠️  STALE (exceeded timeout)
[2026-04-28 15:10:01]   Task fix-trade-builder-403: age 29623390m (timeout 120m)
[2026-04-28 15:10:01]     ⚠️  STALE (exceeded timeout)
[2026-04-28 15:10:01]   Task fix-all-trade-issues: age 29623390m (timeout 120m)
[2026-04-28 15:10:01]     ⚠️  STALE (exceeded timeout)
[2026-04-28 15:10:01] Archiving 9 stale + 0 completed tasks...
[2026-04-28 15:20:00] Checking 9 active tasks...
[2026-04-28 15:20:00]   Task dogfood-qa-week4: age 29623400m (timeout 120m)
[2026-04-28 15:20:00]     ⚠️  STALE (exceeded timeout)
[2026-04-28 15:20:00]   Task fix-dogfood-week4: age 29623400m (timeout 120m)
[2026-04-28 15:20:00]     ⚠️  STALE (exceeded timeout)
[2026-04-28 15:20:00]   Task test-opt-parallel-logger: age 29623400m (timeout 120m)
[2026-04-28 15:20:00]     ⚠️  STALE (exceeded timeout)
[2026-04-28 15:20:00]   Task test-opt-parallel-error: age 29623400m (timeout 120m)
[2026-04-28 15:20:00]     ⚠️  STALE (exceeded timeout)
[2026-04-28 15:20:00]   Task audit-all-work: age 29623400m (timeout 120m)
[2026-04-28 15:20:00]     ⚠️  STALE (exceeded timeout)
[2026-04-28 15:20:00]   Task workqueue-automation: age 29623400m (timeout 120m)
[2026-04-28 15:20:00]     ⚠️  STALE (exceeded timeout)
[2026-04-28 15:20:00]   Task test-opt-analytics-opus: age 29623400m (timeout 120m)
[2026-04-28 15:20:00]     ⚠️  STALE (exceeded timeout)
[2026-04-28 15:20:00]   Task fix-trade-builder-403: age 29623400m (timeout 120m)
[2026-04-28 15:20:00]     ⚠️  STALE (exceeded timeout)
[2026-04-28 15:20:00]   Task fix-all-trade-issues: age 29623400m (timeout 120m)
[2026-04-28 15:20:00]     ⚠️  STALE (exceeded timeout)
[2026-04-28 15:20:00] Archiving 9 stale + 0 completed tasks...
[2026-04-28 15:30:00] Checking 9 active tasks...
[2026-04-28 15:30:00]   Task dogfood-qa-week4: age 29623410m (timeout 120m)
[2026-04-28 15:30:00]     ⚠️  STALE (exceeded timeout)
[2026-04-28 15:30:00]   Task fix-dogfood-week4: age 29623410m (timeout 120m)
[2026-04-28 15:30:00]     ⚠️  STALE (exceeded timeout)
[2026-04-28 15:30:00]   Task test-opt-parallel-logger: age 29623410m (timeout 120m)
[2026-04-28 15:30:00]     ⚠️  STALE (exceeded timeout)
[2026-04-28 15:30:00]   Task test-opt-parallel-error: age 29623410m (timeout 120m)
[2026-04-28 15:30:01]     ⚠️  STALE (exceeded timeout)
[2026-04-28 15:30:01]   Task audit-all-work: age 29623410m (timeout 120m)
[2026-04-28 15:30:01]     ⚠️  STALE (exceeded timeout)
[2026-04-28 15:30:01]   Task workqueue-automation: age 29623410m (timeout 120m)
[2026-04-28 15:30:01]     ⚠️  STALE (exceeded timeout)
[2026-04-28 15:30:01]   Task test-opt-analytics-opus: age 29623410m (timeout 120m)
[2026-04-28 15:30:01]     ⚠️  STALE (exceeded timeout)
[2026-04-28 15:30:01]   Task fix-trade-builder-403: age 29623410m (timeout 120m)
[2026-04-28 15:30:01]     ⚠️  STALE (exceeded timeout)
[2026-04-28 15:30:01]   Task fix-all-trade-issues: age 29623410m (timeout 120m)
[2026-04-28 15:30:01]     ⚠️  STALE (exceeded timeout)
[2026-04-28 15:30:01] Archiving 9 stale + 0 completed tasks...
[2026-04-28 15:40:00] Checking 9 active tasks...
[2026-04-28 15:40:01]   Task dogfood-qa-week4: age 29623420m (timeout 120m)
[2026-04-28 15:40:01]     ⚠️  STALE (exceeded timeout)
[2026-04-28 15:40:01]   Task fix-dogfood-week4: age 29623420m (timeout 120m)
[2026-04-28 15:40:01]     ⚠️  STALE (exceeded timeout)
[2026-04-28 15:40:01]   Task test-opt-parallel-logger: age 29623420m (timeout 120m)
[2026-04-28 15:40:01]     ⚠️  STALE (exceeded timeout)
[2026-04-28 15:40:01]   Task test-opt-parallel-error: age 29623420m (timeout 120m)
[2026-04-28 15:40:01]     ⚠️  STALE (exceeded timeout)
[2026-04-28 15:40:01]   Task audit-all-work: age 29623420m (timeout 120m)
[2026-04-28 15:40:01]     ⚠️  STALE (exceeded timeout)
[2026-04-28 15:40:01]   Task workqueue-automation: age 29623420m (timeout 120m)
[2026-04-28 15:40:01]     ⚠️  STALE (exceeded timeout)
[2026-04-28 15:40:01]   Task test-opt-analytics-opus: age 29623420m (timeout 120m)
[2026-04-28 15:40:01]     ⚠️  STALE (exceeded timeout)
[2026-04-28 15:40:01]   Task fix-trade-builder-403: age 29623420m (timeout 120m)
[2026-04-28 15:40:01]     ⚠️  STALE (exceeded timeout)
[2026-04-28 15:40:01]   Task fix-all-trade-issues: age 29623420m (timeout 120m)
[2026-04-28 15:40:01]     ⚠️  STALE (exceeded timeout)
[2026-04-28 15:40:01] Archiving 9 stale + 0 completed tasks...
[2026-04-28 15:50:01] Checking 9 active tasks...
[2026-04-28 15:50:01]   Task dogfood-qa-week4: age 29623430m (timeout 120m)
[2026-04-28 15:50:01]     ⚠️  STALE (exceeded timeout)
[2026-04-28 15:50:01]   Task fix-dogfood-week4: age 29623430m (timeout 120m)
[2026-04-28 15:50:01]     ⚠️  STALE (exceeded timeout)
[2026-04-28 15:50:01]   Task test-opt-parallel-logger: age 29623430m (timeout 120m)
[2026-04-28 15:50:01]     ⚠️  STALE (exceeded timeout)
[2026-04-28 15:50:01]   Task test-opt-parallel-error: age 29623430m (timeout 120m)
[2026-04-28 15:50:01]     ⚠️  STALE (exceeded timeout)
[2026-04-28 15:50:01]   Task audit-all-work: age 29623430m (timeout 120m)
[2026-04-28 15:50:01]     ⚠️  STALE (exceeded timeout)
[2026-04-28 15:50:01]   Task workqueue-automation: age 29623430m (timeout 120m)
[2026-04-28 15:50:01]     ⚠️  STALE (exceeded timeout)
[2026-04-28 15:50:01]   Task test-opt-analytics-opus: age 29623430m (timeout 120m)
[2026-04-28 15:50:01]     ⚠️  STALE (exceeded timeout)
[2026-04-28 15:50:01]   Task fix-trade-builder-403: age 29623430m (timeout 120m)
[2026-04-28 15:50:01]     ⚠️  STALE (exceeded timeout)
[2026-04-28 15:50:01]   Task fix-all-trade-issues: age 29623430m (timeout 120m)
[2026-04-28 15:50:01]     ⚠️  STALE (exceeded timeout)
[2026-04-28 15:50:01] Archiving 9 stale + 0 completed tasks...
[2026-04-28 16:00:00] Checking 9 active tasks...
[2026-04-28 16:00:00]   Task dogfood-qa-week4: age 29623440m (timeout 120m)
[2026-04-28 16:00:00]     ⚠️  STALE (exceeded timeout)
[2026-04-28 16:00:00]   Task fix-dogfood-week4: age 29623440m (timeout 120m)
[2026-04-28 16:00:00]     ⚠️  STALE (exceeded timeout)
[2026-04-28 16:00:00]   Task test-opt-parallel-logger: age 29623440m (timeout 120m)
[2026-04-28 16:00:00]     ⚠️  STALE (exceeded timeout)
[2026-04-28 16:00:00]   Task test-opt-parallel-error: age 29623440m (timeout 120m)
[2026-04-28 16:00:00]     ⚠️  STALE (exceeded timeout)
[2026-04-28 16:00:00]   Task audit-all-work: age 29623440m (timeout 120m)
[2026-04-28 16:00:00]     ⚠️  STALE (exceeded timeout)
[2026-04-28 16:00:00]   Task workqueue-automation: age 29623440m (timeout 120m)
[2026-04-28 16:00:00]     ⚠️  STALE (exceeded timeout)
[2026-04-28 16:00:00]   Task test-opt-analytics-opus: age 29623440m (timeout 120m)
[2026-04-28 16:00:00]     ⚠️  STALE (exceeded timeout)
[2026-04-28 16:00:00]   Task fix-trade-builder-403: age 29623440m (timeout 120m)
[2026-04-28 16:00:00]     ⚠️  STALE (exceeded timeout)
[2026-04-28 16:00:00]   Task fix-all-trade-issues: age 29623440m (timeout 120m)
[2026-04-28 16:00:00]     ⚠️  STALE (exceeded timeout)
[2026-04-28 16:00:00] Archiving 9 stale + 0 completed tasks...
[2026-04-28 16:10:00] Checking 9 active tasks...
[2026-04-28 16:10:00]   Task dogfood-qa-week4: age 29623450m (timeout 120m)
[2026-04-28 16:10:00]     ⚠️  STALE (exceeded timeout)
[2026-04-28 16:10:00]   Task fix-dogfood-week4: age 29623450m (timeout 120m)
[2026-04-28 16:10:00]     ⚠️  STALE (exceeded timeout)
[2026-04-28 16:10:00]   Task test-opt-parallel-logger: age 29623450m (timeout 120m)
[2026-04-28 16:10:00]     ⚠️  STALE (exceeded timeout)
[2026-04-28 16:10:00]   Task test-opt-parallel-error: age 29623450m (timeout 120m)
[2026-04-28 16:10:00]     ⚠️  STALE (exceeded timeout)
[2026-04-28 16:10:00]   Task audit-all-work: age 29623450m (timeout 120m)
[2026-04-28 16:10:00]     ⚠️  STALE (exceeded timeout)
[2026-04-28 16:10:00]   Task workqueue-automation: age 29623450m (timeout 120m)
[2026-04-28 16:10:00]     ⚠️  STALE (exceeded timeout)
[2026-04-28 16:10:00]   Task test-opt-analytics-opus: age 29623450m (timeout 120m)
[2026-04-28 16:10:00]     ⚠️  STALE (exceeded timeout)
[2026-04-28 16:10:01]   Task fix-trade-builder-403: age 29623450m (timeout 120m)
[2026-04-28 16:10:01]     ⚠️  STALE (exceeded timeout)
[2026-04-28 16:10:01]   Task fix-all-trade-issues: age 29623450m (timeout 120m)
[2026-04-28 16:10:01]     ⚠️  STALE (exceeded timeout)
[2026-04-28 16:10:01] Archiving 9 stale + 0 completed tasks...
[2026-04-28 16:20:00] Checking 9 active tasks...
[2026-04-28 16:20:00]   Task dogfood-qa-week4: age 29623460m (timeout 120m)
[2026-04-28 16:20:00]     ⚠️  STALE (exceeded timeout)
[2026-04-28 16:20:00]   Task fix-dogfood-week4: age 29623460m (timeout 120m)
[2026-04-28 16:20:00]     ⚠️  STALE (exceeded timeout)
[2026-04-28 16:20:00]   Task test-opt-parallel-logger: age 29623460m (timeout 120m)
[2026-04-28 16:20:00]     ⚠️  STALE (exceeded timeout)
[2026-04-28 16:20:00]   Task test-opt-parallel-error: age 29623460m (timeout 120m)
[2026-04-28 16:20:00]     ⚠️  STALE (exceeded timeout)
[2026-04-28 16:20:00]   Task audit-all-work: age 29623460m (timeout 120m)
[2026-04-28 16:20:00]     ⚠️  STALE (exceeded timeout)
[2026-04-28 16:20:00]   Task workqueue-automation: age 29623460m (timeout 120m)
[2026-04-28 16:20:00]     ⚠️  STALE (exceeded timeout)
[2026-04-28 16:20:00]   Task test-opt-analytics-opus: age 29623460m (timeout 120m)
[2026-04-28 16:20:00]     ⚠️  STALE (exceeded timeout)
[2026-04-28 16:20:00]   Task fix-trade-builder-403: age 29623460m (timeout 120m)
[2026-04-28 16:20:00]     ⚠️  STALE (exceeded timeout)
[2026-04-28 16:20:00]   Task fix-all-trade-issues: age 29623460m (timeout 120m)
[2026-04-28 16:20:00]     ⚠️  STALE (exceeded timeout)
[2026-04-28 16:20:00] Archiving 9 stale + 0 completed tasks...
[2026-04-28 16:30:00] Checking 9 active tasks...
[2026-04-28 16:30:00]   Task dogfood-qa-week4: age 29623470m (timeout 120m)
[2026-04-28 16:30:00]     ⚠️  STALE (exceeded timeout)
[2026-04-28 16:30:00]   Task fix-dogfood-week4: age 29623470m (timeout 120m)
[2026-04-28 16:30:00]     ⚠️  STALE (exceeded timeout)
[2026-04-28 16:30:00]   Task test-opt-parallel-logger: age 29623470m (timeout 120m)
[2026-04-28 16:30:00]     ⚠️  STALE (exceeded timeout)
[2026-04-28 16:30:00]   Task test-opt-parallel-error: age 29623470m (timeout 120m)
[2026-04-28 16:30:00]     ⚠️  STALE (exceeded timeout)
[2026-04-28 16:30:00]   Task audit-all-work: age 29623470m (timeout 120m)
[2026-04-28 16:30:00]     ⚠️  STALE (exceeded timeout)
[2026-04-28 16:30:00]   Task workqueue-automation: age 29623470m (timeout 120m)
[2026-04-28 16:30:00]     ⚠️  STALE (exceeded timeout)
[2026-04-28 16:30:01]   Task test-opt-analytics-opus: age 29623470m (timeout 120m)
[2026-04-28 16:30:01]     ⚠️  STALE (exceeded timeout)
[2026-04-28 16:30:01]   Task fix-trade-builder-403: age 29623470m (timeout 120m)
[2026-04-28 16:30:01]     ⚠️  STALE (exceeded timeout)
[2026-04-28 16:30:01]   Task fix-all-trade-issues: age 29623470m (timeout 120m)
[2026-04-28 16:30:01]     ⚠️  STALE (exceeded timeout)
[2026-04-28 16:30:01] Archiving 9 stale + 0 completed tasks...
[2026-04-28 16:40:00] Checking 9 active tasks...
[2026-04-28 16:40:00]   Task dogfood-qa-week4: age 29623480m (timeout 120m)
[2026-04-28 16:40:00]     ⚠️  STALE (exceeded timeout)
[2026-04-28 16:40:00]   Task fix-dogfood-week4: age 29623480m (timeout 120m)
[2026-04-28 16:40:00]     ⚠️  STALE (exceeded timeout)
[2026-04-28 16:40:00]   Task test-opt-parallel-logger: age 29623480m (timeout 120m)
[2026-04-28 16:40:00]     ⚠️  STALE (exceeded timeout)
[2026-04-28 16:40:01]   Task test-opt-parallel-error: age 29623480m (timeout 120m)
[2026-04-28 16:40:01]     ⚠️  STALE (exceeded timeout)
[2026-04-28 16:40:01]   Task audit-all-work: age 29623480m (timeout 120m)
[2026-04-28 16:40:01]     ⚠️  STALE (exceeded timeout)
[2026-04-28 16:40:01]   Task workqueue-automation: age 29623480m (timeout 120m)
[2026-04-28 16:40:01]     ⚠️  STALE (exceeded timeout)
[2026-04-28 16:40:01]   Task test-opt-analytics-opus: age 29623480m (timeout 120m)
[2026-04-28 16:40:01]     ⚠️  STALE (exceeded timeout)
[2026-04-28 16:40:01]   Task fix-trade-builder-403: age 29623480m (timeout 120m)
[2026-04-28 16:40:01]     ⚠️  STALE (exceeded timeout)
[2026-04-28 16:40:01]   Task fix-all-trade-issues: age 29623480m (timeout 120m)
[2026-04-28 16:40:01]     ⚠️  STALE (exceeded timeout)
[2026-04-28 16:40:01] Archiving 9 stale + 0 completed tasks...
[2026-04-28 16:50:00] Checking 9 active tasks...
[2026-04-28 16:50:00]   Task dogfood-qa-week4: age 29623490m (timeout 120m)
[2026-04-28 16:50:00]     ⚠️  STALE (exceeded timeout)
[2026-04-28 16:50:00]   Task fix-dogfood-week4: age 29623490m (timeout 120m)
[2026-04-28 16:50:00]     ⚠️  STALE (exceeded timeout)
[2026-04-28 16:50:00]   Task test-opt-parallel-logger: age 29623490m (timeout 120m)
[2026-04-28 16:50:00]     ⚠️  STALE (exceeded timeout)
[2026-04-28 16:50:00]   Task test-opt-parallel-error: age 29623490m (timeout 120m)
[2026-04-28 16:50:00]     ⚠️  STALE (exceeded timeout)
[2026-04-28 16:50:00]   Task audit-all-work: age 29623490m (timeout 120m)
[2026-04-28 16:50:00]     ⚠️  STALE (exceeded timeout)
[2026-04-28 16:50:00]   Task workqueue-automation: age 29623490m (timeout 120m)
[2026-04-28 16:50:00]     ⚠️  STALE (exceeded timeout)
[2026-04-28 16:50:00]   Task test-opt-analytics-opus: age 29623490m (timeout 120m)
[2026-04-28 16:50:00]     ⚠️  STALE (exceeded timeout)
[2026-04-28 16:50:00]   Task fix-trade-builder-403: age 29623490m (timeout 120m)
[2026-04-28 16:50:00]     ⚠️  STALE (exceeded timeout)
[2026-04-28 16:50:01]   Task fix-all-trade-issues: age 29623490m (timeout 120m)
[2026-04-28 16:50:01]     ⚠️  STALE (exceeded timeout)
[2026-04-28 16:50:01] Archiving 9 stale + 0 completed tasks...
[2026-04-28 17:00:00] Checking 9 active tasks...
[2026-04-28 17:00:00]   Task dogfood-qa-week4: age 29623500m (timeout 120m)
[2026-04-28 17:00:00]     ⚠️  STALE (exceeded timeout)
[2026-04-28 17:00:00]   Task fix-dogfood-week4: age 29623500m (timeout 120m)
[2026-04-28 17:00:00]     ⚠️  STALE (exceeded timeout)
[2026-04-28 17:00:00]   Task test-opt-parallel-logger: age 29623500m (timeout 120m)
[2026-04-28 17:00:00]     ⚠️  STALE (exceeded timeout)
[2026-04-28 17:00:01]   Task test-opt-parallel-error: age 29623500m (timeout 120m)
[2026-04-28 17:00:01]     ⚠️  STALE (exceeded timeout)
[2026-04-28 17:00:01]   Task audit-all-work: age 29623500m (timeout 120m)
[2026-04-28 17:00:01]     ⚠️  STALE (exceeded timeout)
[2026-04-28 17:00:01]   Task workqueue-automation: age 29623500m (timeout 120m)
[2026-04-28 17:00:01]     ⚠️  STALE (exceeded timeout)
[2026-04-28 17:00:01]   Task test-opt-analytics-opus: age 29623500m (timeout 120m)
[2026-04-28 17:00:01]     ⚠️  STALE (exceeded timeout)
[2026-04-28 17:00:01]   Task fix-trade-builder-403: age 29623500m (timeout 120m)
[2026-04-28 17:00:01]     ⚠️  STALE (exceeded timeout)
[2026-04-28 17:00:01]   Task fix-all-trade-issues: age 29623500m (timeout 120m)
[2026-04-28 17:00:01]     ⚠️  STALE (exceeded timeout)
[2026-04-28 17:00:01] Archiving 9 stale + 0 completed tasks...
[2026-04-28 17:10:00] Checking 9 active tasks...
[2026-04-28 17:10:00]   Task dogfood-qa-week4: age 29623510m (timeout 120m)
[2026-04-28 17:10:00]     ⚠️  STALE (exceeded timeout)
[2026-04-28 17:10:00]   Task fix-dogfood-week4: age 29623510m (timeout 120m)
[2026-04-28 17:10:00]     ⚠️  STALE (exceeded timeout)
[2026-04-28 17:10:00]   Task test-opt-parallel-logger: age 29623510m (timeout 120m)
[2026-04-28 17:10:00]     ⚠️  STALE (exceeded timeout)
[2026-04-28 17:10:01]   Task test-opt-parallel-error: age 29623510m (timeout 120m)
[2026-04-28 17:10:01]     ⚠️  STALE (exceeded timeout)
[2026-04-28 17:10:01]   Task audit-all-work: age 29623510m (timeout 120m)
[2026-04-28 17:10:01]     ⚠️  STALE (exceeded timeout)
[2026-04-28 17:10:01]   Task workqueue-automation: age 29623510m (timeout 120m)
[2026-04-28 17:10:01]     ⚠️  STALE (exceeded timeout)
[2026-04-28 17:10:01]   Task test-opt-analytics-opus: age 29623510m (timeout 120m)
[2026-04-28 17:10:01]     ⚠️  STALE (exceeded timeout)
[2026-04-28 17:10:01]   Task fix-trade-builder-403: age 29623510m (timeout 120m)
[2026-04-28 17:10:01]     ⚠️  STALE (exceeded timeout)
[2026-04-28 17:10:01]   Task fix-all-trade-issues: age 29623510m (timeout 120m)
[2026-04-28 17:10:01]     ⚠️  STALE (exceeded timeout)
[2026-04-28 17:10:01] Archiving 9 stale + 0 completed tasks...
[2026-04-28 17:20:01] Checking 9 active tasks...
[2026-04-28 17:20:01]   Task dogfood-qa-week4: age 29623520m (timeout 120m)
[2026-04-28 17:20:01]     ⚠️  STALE (exceeded timeout)
[2026-04-28 17:20:01]   Task fix-dogfood-week4: age 29623520m (timeout 120m)
[2026-04-28 17:20:01]     ⚠️  STALE (exceeded timeout)
[2026-04-28 17:20:01]   Task test-opt-parallel-logger: age 29623520m (timeout 120m)
[2026-04-28 17:20:01]     ⚠️  STALE (exceeded timeout)
[2026-04-28 17:20:01]   Task test-opt-parallel-error: age 29623520m (timeout 120m)
[2026-04-28 17:20:01]     ⚠️  STALE (exceeded timeout)
[2026-04-28 17:20:01]   Task audit-all-work: age 29623520m (timeout 120m)
[2026-04-28 17:20:01]     ⚠️  STALE (exceeded timeout)
[2026-04-28 17:20:01]   Task workqueue-automation: age 29623520m (timeout 120m)
[2026-04-28 17:20:01]     ⚠️  STALE (exceeded timeout)
[2026-04-28 17:20:01]   Task test-opt-analytics-opus: age 29623520m (timeout 120m)
[2026-04-28 17:20:01]     ⚠️  STALE (exceeded timeout)
[2026-04-28 17:20:01]   Task fix-trade-builder-403: age 29623520m (timeout 120m)
[2026-04-28 17:20:01]     ⚠️  STALE (exceeded timeout)
[2026-04-28 17:20:01]   Task fix-all-trade-issues: age 29623520m (timeout 120m)
[2026-04-28 17:20:01]     ⚠️  STALE (exceeded timeout)
[2026-04-28 17:20:01] Archiving 9 stale + 0 completed tasks...
[2026-04-28 17:30:00] Checking 9 active tasks...
[2026-04-28 17:30:00]   Task dogfood-qa-week4: age 29623530m (timeout 120m)
[2026-04-28 17:30:00]     ⚠️  STALE (exceeded timeout)
[2026-04-28 17:30:00]   Task fix-dogfood-week4: age 29623530m (timeout 120m)
[2026-04-28 17:30:00]     ⚠️  STALE (exceeded timeout)
[2026-04-28 17:30:00]   Task test-opt-parallel-logger: age 29623530m (timeout 120m)
[2026-04-28 17:30:00]     ⚠️  STALE (exceeded timeout)
[2026-04-28 17:30:00]   Task test-opt-parallel-error: age 29623530m (timeout 120m)
[2026-04-28 17:30:00]     ⚠️  STALE (exceeded timeout)
[2026-04-28 17:30:00]   Task audit-all-work: age 29623530m (timeout 120m)
[2026-04-28 17:30:00]     ⚠️  STALE (exceeded timeout)
[2026-04-28 17:30:00]   Task workqueue-automation: age 29623530m (timeout 120m)
[2026-04-28 17:30:00]     ⚠️  STALE (exceeded timeout)
[2026-04-28 17:30:00]   Task test-opt-analytics-opus: age 29623530m (timeout 120m)
[2026-04-28 17:30:00]     ⚠️  STALE (exceeded timeout)
[2026-04-28 17:30:00]   Task fix-trade-builder-403: age 29623530m (timeout 120m)
[2026-04-28 17:30:00]     ⚠️  STALE (exceeded timeout)
[2026-04-28 17:30:01]   Task fix-all-trade-issues: age 29623530m (timeout 120m)
[2026-04-28 17:30:01]     ⚠️  STALE (exceeded timeout)
[2026-04-28 17:30:01] Archiving 9 stale + 0 completed tasks...
[2026-04-28 17:40:00] Checking 9 active tasks...
[2026-04-28 17:40:00]   Task dogfood-qa-week4: age 29623540m (timeout 120m)
[2026-04-28 17:40:00]     ⚠️  STALE (exceeded timeout)
[2026-04-28 17:40:00]   Task fix-dogfood-week4: age 29623540m (timeout 120m)
[2026-04-28 17:40:00]     ⚠️  STALE (exceeded timeout)
[2026-04-28 17:40:00]   Task test-opt-parallel-logger: age 29623540m (timeout 120m)
[2026-04-28 17:40:00]     ⚠️  STALE (exceeded timeout)
[2026-04-28 17:40:00]   Task test-opt-parallel-error: age 29623540m (timeout 120m)
[2026-04-28 17:40:00]     ⚠️  STALE (exceeded timeout)
[2026-04-28 17:40:00]   Task audit-all-work: age 29623540m (timeout 120m)
[2026-04-28 17:40:00]     ⚠️  STALE (exceeded timeout)
[2026-04-28 17:40:01]   Task workqueue-automation: age 29623540m (timeout 120m)
[2026-04-28 17:40:01]     ⚠️  STALE (exceeded timeout)
[2026-04-28 17:40:01]   Task test-opt-analytics-opus: age 29623540m (timeout 120m)
[2026-04-28 17:40:01]     ⚠️  STALE (exceeded timeout)
[2026-04-28 17:40:01]   Task fix-trade-builder-403: age 29623540m (timeout 120m)
[2026-04-28 17:40:01]     ⚠️  STALE (exceeded timeout)
[2026-04-28 17:40:01]   Task fix-all-trade-issues: age 29623540m (timeout 120m)
[2026-04-28 17:40:01]     ⚠️  STALE (exceeded timeout)
[2026-04-28 17:40:01] Archiving 9 stale + 0 completed tasks...
[2026-04-28 17:50:00] Checking 9 active tasks...
[2026-04-28 17:50:00]   Task dogfood-qa-week4: age 29623550m (timeout 120m)
[2026-04-28 17:50:00]     ⚠️  STALE (exceeded timeout)
[2026-04-28 17:50:01]   Task fix-dogfood-week4: age 29623550m (timeout 120m)
[2026-04-28 17:50:01]     ⚠️  STALE (exceeded timeout)
[2026-04-28 17:50:01]   Task test-opt-parallel-logger: age 29623550m (timeout 120m)
[2026-04-28 17:50:01]     ⚠️  STALE (exceeded timeout)
[2026-04-28 17:50:01]   Task test-opt-parallel-error: age 29623550m (timeout 120m)
[2026-04-28 17:50:01]     ⚠️  STALE (exceeded timeout)
[2026-04-28 17:50:01]   Task audit-all-work: age 29623550m (timeout 120m)
[2026-04-28 17:50:01]     ⚠️  STALE (exceeded timeout)
[2026-04-28 17:50:01]   Task workqueue-automation: age 29623550m (timeout 120m)
[2026-04-28 17:50:01]     ⚠️  STALE (exceeded timeout)
[2026-04-28 17:50:01]   Task test-opt-analytics-opus: age 29623550m (timeout 120m)
[2026-04-28 17:50:01]     ⚠️  STALE (exceeded timeout)
[2026-04-28 17:50:01]   Task fix-trade-builder-403: age 29623550m (timeout 120m)
[2026-04-28 17:50:01]     ⚠️  STALE (exceeded timeout)
[2026-04-28 17:50:01]   Task fix-all-trade-issues: age 29623550m (timeout 120m)
[2026-04-28 17:50:01]     ⚠️  STALE (exceeded timeout)
[2026-04-28 17:50:01] Archiving 9 stale + 0 completed tasks...
[2026-04-28 18:00:01] Checking 9 active tasks...
[2026-04-28 18:00:01]   Task dogfood-qa-week4: age 29623560m (timeout 120m)
[2026-04-28 18:00:01]     ⚠️  STALE (exceeded timeout)
[2026-04-28 18:00:01]   Task fix-dogfood-week4: age 29623560m (timeout 120m)
[2026-04-28 18:00:01]     ⚠️  STALE (exceeded timeout)
[2026-04-28 18:00:01]   Task test-opt-parallel-logger: age 29623560m (timeout 120m)
[2026-04-28 18:00:01]     ⚠️  STALE (exceeded timeout)
[2026-04-28 18:00:01]   Task test-opt-parallel-error: age 29623560m (timeout 120m)
[2026-04-28 18:00:01]     ⚠️  STALE (exceeded timeout)
[2026-04-28 18:00:01]   Task audit-all-work: age 29623560m (timeout 120m)
[2026-04-28 18:00:01]     ⚠️  STALE (exceeded timeout)
[2026-04-28 18:00:01]   Task workqueue-automation: age 29623560m (timeout 120m)
[2026-04-28 18:00:01]     ⚠️  STALE (exceeded timeout)
[2026-04-28 18:00:01]   Task test-opt-analytics-opus: age 29623560m (timeout 120m)
[2026-04-28 18:00:01]     ⚠️  STALE (exceeded timeout)
[2026-04-28 18:00:01]   Task fix-trade-builder-403: age 29623560m (timeout 120m)
[2026-04-28 18:00:01]     ⚠️  STALE (exceeded timeout)
[2026-04-28 18:00:01]   Task fix-all-trade-issues: age 29623560m (timeout 120m)
[2026-04-28 18:00:01]     ⚠️  STALE (exceeded timeout)
[2026-04-28 18:00:01] Archiving 9 stale + 0 completed tasks...
[2026-04-28 18:10:00] Checking 9 active tasks...
[2026-04-28 18:10:00]   Task dogfood-qa-week4: age 29623570m (timeout 120m)
[2026-04-28 18:10:00]     ⚠️  STALE (exceeded timeout)
[2026-04-28 18:10:00]   Task fix-dogfood-week4: age 29623570m (timeout 120m)
[2026-04-28 18:10:00]     ⚠️  STALE (exceeded timeout)
[2026-04-28 18:10:00]   Task test-opt-parallel-logger: age 29623570m (timeout 120m)
[2026-04-28 18:10:00]     ⚠️  STALE (exceeded timeout)
[2026-04-28 18:10:00]   Task test-opt-parallel-error: age 29623570m (timeout 120m)
[2026-04-28 18:10:00]     ⚠️  STALE (exceeded timeout)
[2026-04-28 18:10:00]   Task audit-all-work: age 29623570m (timeout 120m)
[2026-04-28 18:10:00]     ⚠️  STALE (exceeded timeout)
[2026-04-28 18:10:00]   Task workqueue-automation: age 29623570m (timeout 120m)
[2026-04-28 18:10:00]     ⚠️  STALE (exceeded timeout)
[2026-04-28 18:10:01]   Task test-opt-analytics-opus: age 29623570m (timeout 120m)
[2026-04-28 18:10:01]     ⚠️  STALE (exceeded timeout)
[2026-04-28 18:10:01]   Task fix-trade-builder-403: age 29623570m (timeout 120m)
[2026-04-28 18:10:01]     ⚠️  STALE (exceeded timeout)
[2026-04-28 18:10:01]   Task fix-all-trade-issues: age 29623570m (timeout 120m)
[2026-04-28 18:10:01]     ⚠️  STALE (exceeded timeout)
[2026-04-28 18:10:01] Archiving 9 stale + 0 completed tasks...
[2026-04-28 18:20:00] Checking 9 active tasks...
[2026-04-28 18:20:01]   Task dogfood-qa-week4: age 29623580m (timeout 120m)
[2026-04-28 18:20:01]     ⚠️  STALE (exceeded timeout)
[2026-04-28 18:20:01]   Task fix-dogfood-week4: age 29623580m (timeout 120m)
[2026-04-28 18:20:01]     ⚠️  STALE (exceeded timeout)
[2026-04-28 18:20:01]   Task test-opt-parallel-logger: age 29623580m (timeout 120m)
[2026-04-28 18:20:01]     ⚠️  STALE (exceeded timeout)
[2026-04-28 18:20:01]   Task test-opt-parallel-error: age 29623580m (timeout 120m)
[2026-04-28 18:20:01]     ⚠️  STALE (exceeded timeout)
[2026-04-28 18:20:01]   Task audit-all-work: age 29623580m (timeout 120m)
[2026-04-28 18:20:01]     ⚠️  STALE (exceeded timeout)
[2026-04-28 18:20:01]   Task workqueue-automation: age 29623580m (timeout 120m)
[2026-04-28 18:20:01]     ⚠️  STALE (exceeded timeout)
[2026-04-28 18:20:01]   Task test-opt-analytics-opus: age 29623580m (timeout 120m)
[2026-04-28 18:20:01]     ⚠️  STALE (exceeded timeout)
[2026-04-28 18:20:01]   Task fix-trade-builder-403: age 29623580m (timeout 120m)
[2026-04-28 18:20:01]     ⚠️  STALE (exceeded timeout)
[2026-04-28 18:20:01]   Task fix-all-trade-issues: age 29623580m (timeout 120m)
[2026-04-28 18:20:01]     ⚠️  STALE (exceeded timeout)
[2026-04-28 18:20:01] Archiving 9 stale + 0 completed tasks...
[2026-04-28 18:30:00] Checking 9 active tasks...
[2026-04-28 18:30:00]   Task dogfood-qa-week4: age 29623590m (timeout 120m)
[2026-04-28 18:30:00]     ⚠️  STALE (exceeded timeout)
[2026-04-28 18:30:00]   Task fix-dogfood-week4: age 29623590m (timeout 120m)
[2026-04-28 18:30:00]     ⚠️  STALE (exceeded timeout)
[2026-04-28 18:30:01]   Task test-opt-parallel-logger: age 29623590m (timeout 120m)
[2026-04-28 18:30:01]     ⚠️  STALE (exceeded timeout)
[2026-04-28 18:30:01]   Task test-opt-parallel-error: age 29623590m (timeout 120m)
[2026-04-28 18:30:01]     ⚠️  STALE (exceeded timeout)
[2026-04-28 18:30:01]   Task audit-all-work: age 29623590m (timeout 120m)
[2026-04-28 18:30:01]     ⚠️  STALE (exceeded timeout)
[2026-04-28 18:30:01]   Task workqueue-automation: age 29623590m (timeout 120m)
[2026-04-28 18:30:01]     ⚠️  STALE (exceeded timeout)
[2026-04-28 18:30:01]   Task test-opt-analytics-opus: age 29623590m (timeout 120m)
[2026-04-28 18:30:01]     ⚠️  STALE (exceeded timeout)
[2026-04-28 18:30:01]   Task fix-trade-builder-403: age 29623590m (timeout 120m)
[2026-04-28 18:30:01]     ⚠️  STALE (exceeded timeout)
[2026-04-28 18:30:01]   Task fix-all-trade-issues: age 29623590m (timeout 120m)
[2026-04-28 18:30:01]     ⚠️  STALE (exceeded timeout)
[2026-04-28 18:30:01] Archiving 9 stale + 0 completed tasks...
[2026-04-28 18:40:00] Checking 9 active tasks...
[2026-04-28 18:40:00]   Task dogfood-qa-week4: age 29623600m (timeout 120m)
[2026-04-28 18:40:00]     ⚠️  STALE (exceeded timeout)
[2026-04-28 18:40:00]   Task fix-dogfood-week4: age 29623600m (timeout 120m)
[2026-04-28 18:40:00]     ⚠️  STALE (exceeded timeout)
[2026-04-28 18:40:00]   Task test-opt-parallel-logger: age 29623600m (timeout 120m)
[2026-04-28 18:40:00]     ⚠️  STALE (exceeded timeout)
[2026-04-28 18:40:00]   Task test-opt-parallel-error: age 29623600m (timeout 120m)
[2026-04-28 18:40:00]     ⚠️  STALE (exceeded timeout)
[2026-04-28 18:40:00]   Task audit-all-work: age 29623600m (timeout 120m)
[2026-04-28 18:40:01]     ⚠️  STALE (exceeded timeout)
[2026-04-28 18:40:01]   Task workqueue-automation: age 29623600m (timeout 120m)
[2026-04-28 18:40:01]     ⚠️  STALE (exceeded timeout)
[2026-04-28 18:40:01]   Task test-opt-analytics-opus: age 29623600m (timeout 120m)
[2026-04-28 18:40:01]     ⚠️  STALE (exceeded timeout)
[2026-04-28 18:40:01]   Task fix-trade-builder-403: age 29623600m (timeout 120m)
[2026-04-28 18:40:01]     ⚠️  STALE (exceeded timeout)
[2026-04-28 18:40:01]   Task fix-all-trade-issues: age 29623600m (timeout 120m)
[2026-04-28 18:40:01]     ⚠️  STALE (exceeded timeout)
[2026-04-28 18:40:01] Archiving 9 stale + 0 completed tasks...
[2026-04-28 18:50:01] Checking 9 active tasks...
[2026-04-28 18:50:01]   Task dogfood-qa-week4: age 29623610m (timeout 120m)
[2026-04-28 18:50:01]     ⚠️  STALE (exceeded timeout)
[2026-04-28 18:50:01]   Task fix-dogfood-week4: age 29623610m (timeout 120m)
[2026-04-28 18:50:01]     ⚠️  STALE (exceeded timeout)
[2026-04-28 18:50:01]   Task test-opt-parallel-logger: age 29623610m (timeout 120m)
[2026-04-28 18:50:01]     ⚠️  STALE (exceeded timeout)
[2026-04-28 18:50:01]   Task test-opt-parallel-error: age 29623610m (timeout 120m)
[2026-04-28 18:50:01]     ⚠️  STALE (exceeded timeout)
[2026-04-28 18:50:01]   Task audit-all-work: age 29623610m (timeout 120m)
[2026-04-28 18:50:01]     ⚠️  STALE (exceeded timeout)
[2026-04-28 18:50:01]   Task workqueue-automation: age 29623610m (timeout 120m)
[2026-04-28 18:50:01]     ⚠️  STALE (exceeded timeout)
[2026-04-28 18:50:01]   Task test-opt-analytics-opus: age 29623610m (timeout 120m)
[2026-04-28 18:50:01]     ⚠️  STALE (exceeded timeout)
[2026-04-28 18:50:01]   Task fix-trade-builder-403: age 29623610m (timeout 120m)
[2026-04-28 18:50:01]     ⚠️  STALE (exceeded timeout)
[2026-04-28 18:50:01]   Task fix-all-trade-issues: age 29623610m (timeout 120m)
[2026-04-28 18:50:01]     ⚠️  STALE (exceeded timeout)
[2026-04-28 18:50:01] Archiving 9 stale + 0 completed tasks...
[2026-04-28 19:00:00] Checking 9 active tasks...
[2026-04-28 19:00:00]   Task dogfood-qa-week4: age 29623620m (timeout 120m)
[2026-04-28 19:00:00]     ⚠️  STALE (exceeded timeout)
[2026-04-28 19:00:00]   Task fix-dogfood-week4: age 29623620m (timeout 120m)
[2026-04-28 19:00:00]     ⚠️  STALE (exceeded timeout)
[2026-04-28 19:00:00]   Task test-opt-parallel-logger: age 29623620m (timeout 120m)
[2026-04-28 19:00:00]     ⚠️  STALE (exceeded timeout)
[2026-04-28 19:00:01]   Task test-opt-parallel-error: age 29623620m (timeout 120m)
[2026-04-28 19:00:01]     ⚠️  STALE (exceeded timeout)
[2026-04-28 19:00:01]   Task audit-all-work: age 29623620m (timeout 120m)
[2026-04-28 19:00:01]     ⚠️  STALE (exceeded timeout)
[2026-04-28 19:00:01]   Task workqueue-automation: age 29623620m (timeout 120m)
[2026-04-28 19:00:01]     ⚠️  STALE (exceeded timeout)
[2026-04-28 19:00:01]   Task test-opt-analytics-opus: age 29623620m (timeout 120m)
[2026-04-28 19:00:01]     ⚠️  STALE (exceeded timeout)
[2026-04-28 19:00:01]   Task fix-trade-builder-403: age 29623620m (timeout 120m)
[2026-04-28 19:00:01]     ⚠️  STALE (exceeded timeout)
[2026-04-28 19:00:01]   Task fix-all-trade-issues: age 29623620m (timeout 120m)
[2026-04-28 19:00:01]     ⚠️  STALE (exceeded timeout)
[2026-04-28 19:00:01] Archiving 9 stale + 0 completed tasks...
[2026-04-28 19:10:00] Checking 9 active tasks...
[2026-04-28 19:10:00]   Task dogfood-qa-week4: age 29623630m (timeout 120m)
[2026-04-28 19:10:00]     ⚠️  STALE (exceeded timeout)
[2026-04-28 19:10:00]   Task fix-dogfood-week4: age 29623630m (timeout 120m)
[2026-04-28 19:10:00]     ⚠️  STALE (exceeded timeout)
[2026-04-28 19:10:00]   Task test-opt-parallel-logger: age 29623630m (timeout 120m)
[2026-04-28 19:10:00]     ⚠️  STALE (exceeded timeout)
[2026-04-28 19:10:00]   Task test-opt-parallel-error: age 29623630m (timeout 120m)
[2026-04-28 19:10:00]     ⚠️  STALE (exceeded timeout)
[2026-04-28 19:10:00]   Task audit-all-work: age 29623630m (timeout 120m)
[2026-04-28 19:10:00]     ⚠️  STALE (exceeded timeout)
[2026-04-28 19:10:00]   Task workqueue-automation: age 29623630m (timeout 120m)
[2026-04-28 19:10:00]     ⚠️  STALE (exceeded timeout)
[2026-04-28 19:10:00]   Task test-opt-analytics-opus: age 29623630m (timeout 120m)
[2026-04-28 19:10:00]     ⚠️  STALE (exceeded timeout)
[2026-04-28 19:10:00]   Task fix-trade-builder-403: age 29623630m (timeout 120m)
[2026-04-28 19:10:00]     ⚠️  STALE (exceeded timeout)
[2026-04-28 19:10:00]   Task fix-all-trade-issues: age 29623630m (timeout 120m)
[2026-04-28 19:10:00]     ⚠️  STALE (exceeded timeout)
[2026-04-28 19:10:00] Archiving 9 stale + 0 completed tasks...
[2026-04-28 19:20:00] Checking 9 active tasks...
[2026-04-28 19:20:00]   Task dogfood-qa-week4: age 29623640m (timeout 120m)
[2026-04-28 19:20:00]     ⚠️  STALE (exceeded timeout)
[2026-04-28 19:20:00]   Task fix-dogfood-week4: age 29623640m (timeout 120m)
[2026-04-28 19:20:00]     ⚠️  STALE (exceeded timeout)
[2026-04-28 19:20:00]   Task test-opt-parallel-logger: age 29623640m (timeout 120m)
[2026-04-28 19:20:00]     ⚠️  STALE (exceeded timeout)
[2026-04-28 19:20:00]   Task test-opt-parallel-error: age 29623640m (timeout 120m)
[2026-04-28 19:20:00]     ⚠️  STALE (exceeded timeout)
[2026-04-28 19:20:00]   Task audit-all-work: age 29623640m (timeout 120m)
[2026-04-28 19:20:00]     ⚠️  STALE (exceeded timeout)
[2026-04-28 19:20:00]   Task workqueue-automation: age 29623640m (timeout 120m)
[2026-04-28 19:20:00]     ⚠️  STALE (exceeded timeout)
[2026-04-28 19:20:00]   Task test-opt-analytics-opus: age 29623640m (timeout 120m)
[2026-04-28 19:20:00]     ⚠️  STALE (exceeded timeout)
[2026-04-28 19:20:01]   Task fix-trade-builder-403: age 29623640m (timeout 120m)
[2026-04-28 19:20:01]     ⚠️  STALE (exceeded timeout)
[2026-04-28 19:20:01]   Task fix-all-trade-issues: age 29623640m (timeout 120m)
[2026-04-28 19:20:01]     ⚠️  STALE (exceeded timeout)
[2026-04-28 19:20:01] Archiving 9 stale + 0 completed tasks...
[2026-04-28 19:30:00] Checking 9 active tasks...
[2026-04-28 19:30:00]   Task dogfood-qa-week4: age 29623650m (timeout 120m)
[2026-04-28 19:30:00]     ⚠️  STALE (exceeded timeout)
[2026-04-28 19:30:00]   Task fix-dogfood-week4: age 29623650m (timeout 120m)
[2026-04-28 19:30:00]     ⚠️  STALE (exceeded timeout)
[2026-04-28 19:30:00]   Task test-opt-parallel-logger: age 29623650m (timeout 120m)
[2026-04-28 19:30:00]     ⚠️  STALE (exceeded timeout)
[2026-04-28 19:30:00]   Task test-opt-parallel-error: age 29623650m (timeout 120m)
[2026-04-28 19:30:00]     ⚠️  STALE (exceeded timeout)
[2026-04-28 19:30:00]   Task audit-all-work: age 29623650m (timeout 120m)
[2026-04-28 19:30:00]     ⚠️  STALE (exceeded timeout)
[2026-04-28 19:30:00]   Task workqueue-automation: age 29623650m (timeout 120m)
[2026-04-28 19:30:00]     ⚠️  STALE (exceeded timeout)
[2026-04-28 19:30:00]   Task test-opt-analytics-opus: age 29623650m (timeout 120m)
[2026-04-28 19:30:00]     ⚠️  STALE (exceeded timeout)
[2026-04-28 19:30:00]   Task fix-trade-builder-403: age 29623650m (timeout 120m)
[2026-04-28 19:30:00]     ⚠️  STALE (exceeded timeout)
[2026-04-28 19:30:01]   Task fix-all-trade-issues: age 29623650m (timeout 120m)
[2026-04-28 19:30:01]     ⚠️  STALE (exceeded timeout)
[2026-04-28 19:30:01] Archiving 9 stale + 0 completed tasks...
[2026-04-28 19:40:00] Checking 9 active tasks...
[2026-04-28 19:40:00]   Task dogfood-qa-week4: age 29623660m (timeout 120m)
[2026-04-28 19:40:00]     ⚠️  STALE (exceeded timeout)
[2026-04-28 19:40:00]   Task fix-dogfood-week4: age 29623660m (timeout 120m)
[2026-04-28 19:40:00]     ⚠️  STALE (exceeded timeout)
[2026-04-28 19:40:00]   Task test-opt-parallel-logger: age 29623660m (timeout 120m)
[2026-04-28 19:40:00]     ⚠️  STALE (exceeded timeout)
[2026-04-28 19:40:00]   Task test-opt-parallel-error: age 29623660m (timeout 120m)
[2026-04-28 19:40:00]     ⚠️  STALE (exceeded timeout)
[2026-04-28 19:40:00]   Task audit-all-work: age 29623660m (timeout 120m)
[2026-04-28 19:40:00]     ⚠️  STALE (exceeded timeout)
[2026-04-28 19:40:00]   Task workqueue-automation: age 29623660m (timeout 120m)
[2026-04-28 19:40:00]     ⚠️  STALE (exceeded timeout)
[2026-04-28 19:40:00]   Task test-opt-analytics-opus: age 29623660m (timeout 120m)
[2026-04-28 19:40:00]     ⚠️  STALE (exceeded timeout)
[2026-04-28 19:40:00]   Task fix-trade-builder-403: age 29623660m (timeout 120m)
[2026-04-28 19:40:00]     ⚠️  STALE (exceeded timeout)
[2026-04-28 19:40:00]   Task fix-all-trade-issues: age 29623660m (timeout 120m)
[2026-04-28 19:40:00]     ⚠️  STALE (exceeded timeout)
[2026-04-28 19:40:00] Archiving 9 stale + 0 completed tasks...
[2026-04-28 19:50:00] Checking 9 active tasks...
[2026-04-28 19:50:00]   Task dogfood-qa-week4: age 29623670m (timeout 120m)
[2026-04-28 19:50:00]     ⚠️  STALE (exceeded timeout)
[2026-04-28 19:50:00]   Task fix-dogfood-week4: age 29623670m (timeout 120m)
[2026-04-28 19:50:00]     ⚠️  STALE (exceeded timeout)
[2026-04-28 19:50:00]   Task test-opt-parallel-logger: age 29623670m (timeout 120m)
[2026-04-28 19:50:00]     ⚠️  STALE (exceeded timeout)
[2026-04-28 19:50:00]   Task test-opt-parallel-error: age 29623670m (timeout 120m)
[2026-04-28 19:50:00]     ⚠️  STALE (exceeded timeout)
[2026-04-28 19:50:00]   Task audit-all-work: age 29623670m (timeout 120m)
[2026-04-28 19:50:00]     ⚠️  STALE (exceeded timeout)
[2026-04-28 19:50:00]   Task workqueue-automation: age 29623670m (timeout 120m)
[2026-04-28 19:50:00]     ⚠️  STALE (exceeded timeout)
[2026-04-28 19:50:00]   Task test-opt-analytics-opus: age 29623670m (timeout 120m)
[2026-04-28 19:50:00]     ⚠️  STALE (exceeded timeout)
[2026-04-28 19:50:00]   Task fix-trade-builder-403: age 29623670m (timeout 120m)
[2026-04-28 19:50:01]     ⚠️  STALE (exceeded timeout)
[2026-04-28 19:50:01]   Task fix-all-trade-issues: age 29623670m (timeout 120m)
[2026-04-28 19:50:01]     ⚠️  STALE (exceeded timeout)
[2026-04-28 19:50:01] Archiving 9 stale + 0 completed tasks...
