[2026-03-28 00:00:00] Checking 9 active tasks...
[2026-03-28 00:00:00]   Task dogfood-qa-week4: age 29577840m (timeout 120m)
[2026-03-28 00:00:00]     ⚠️  STALE (exceeded timeout)
[2026-03-28 00:00:00]   Task fix-dogfood-week4: age 29577840m (timeout 120m)
[2026-03-28 00:00:00]     ⚠️  STALE (exceeded timeout)
[2026-03-28 00:00:00]   Task test-opt-parallel-logger: age 29577840m (timeout 120m)
[2026-03-28 00:00:00]     ⚠️  STALE (exceeded timeout)
[2026-03-28 00:00:00]   Task test-opt-parallel-error: age 29577840m (timeout 120m)
[2026-03-28 00:00:00]     ⚠️  STALE (exceeded timeout)
[2026-03-28 00:00:01]   Task audit-all-work: age 29577840m (timeout 120m)
[2026-03-28 00:00:01]     ⚠️  STALE (exceeded timeout)
[2026-03-28 00:00:01]   Task workqueue-automation: age 29577840m (timeout 120m)
[2026-03-28 00:00:01]     ⚠️  STALE (exceeded timeout)
[2026-03-28 00:00:01]   Task test-opt-analytics-opus: age 29577840m (timeout 120m)
[2026-03-28 00:00:01]     ⚠️  STALE (exceeded timeout)
[2026-03-28 00:00:01]   Task fix-trade-builder-403: age 29577840m (timeout 120m)
[2026-03-28 00:00:01]     ⚠️  STALE (exceeded timeout)
[2026-03-28 00:00:01]   Task fix-all-trade-issues: age 29577840m (timeout 120m)
[2026-03-28 00:00:01]     ⚠️  STALE (exceeded timeout)
[2026-03-28 00:00:01] Archiving 9 stale + 0 completed tasks...
[2026-03-28 00:10:00] Checking 9 active tasks...
[2026-03-28 00:10:00]   Task dogfood-qa-week4: age 29577850m (timeout 120m)
[2026-03-28 00:10:00]     ⚠️  STALE (exceeded timeout)
[2026-03-28 00:10:00]   Task fix-dogfood-week4: age 29577850m (timeout 120m)
[2026-03-28 00:10:00]     ⚠️  STALE (exceeded timeout)
[2026-03-28 00:10:00]   Task test-opt-parallel-logger: age 29577850m (timeout 120m)
[2026-03-28 00:10:00]     ⚠️  STALE (exceeded timeout)
[2026-03-28 00:10:00]   Task test-opt-parallel-error: age 29577850m (timeout 120m)
[2026-03-28 00:10:00]     ⚠️  STALE (exceeded timeout)
[2026-03-28 00:10:00]   Task audit-all-work: age 29577850m (timeout 120m)
[2026-03-28 00:10:00]     ⚠️  STALE (exceeded timeout)
[2026-03-28 00:10:00]   Task workqueue-automation: age 29577850m (timeout 120m)
[2026-03-28 00:10:00]     ⚠️  STALE (exceeded timeout)
[2026-03-28 00:10:00]   Task test-opt-analytics-opus: age 29577850m (timeout 120m)
[2026-03-28 00:10:00]     ⚠️  STALE (exceeded timeout)
[2026-03-28 00:10:00]   Task fix-trade-builder-403: age 29577850m (timeout 120m)
[2026-03-28 00:10:00]     ⚠️  STALE (exceeded timeout)
[2026-03-28 00:10:00]   Task fix-all-trade-issues: age 29577850m (timeout 120m)
[2026-03-28 00:10:00]     ⚠️  STALE (exceeded timeout)
[2026-03-28 00:10:00] Archiving 9 stale + 0 completed tasks...
[2026-03-28 00:20:00] Checking 9 active tasks...
[2026-03-28 00:20:00]   Task dogfood-qa-week4: age 29577860m (timeout 120m)
[2026-03-28 00:20:00]     ⚠️  STALE (exceeded timeout)
[2026-03-28 00:20:00]   Task fix-dogfood-week4: age 29577860m (timeout 120m)
[2026-03-28 00:20:00]     ⚠️  STALE (exceeded timeout)
[2026-03-28 00:20:00]   Task test-opt-parallel-logger: age 29577860m (timeout 120m)
[2026-03-28 00:20:00]     ⚠️  STALE (exceeded timeout)
[2026-03-28 00:20:00]   Task test-opt-parallel-error: age 29577860m (timeout 120m)
[2026-03-28 00:20:00]     ⚠️  STALE (exceeded timeout)
[2026-03-28 00:20:01]   Task audit-all-work: age 29577860m (timeout 120m)
[2026-03-28 00:20:01]     ⚠️  STALE (exceeded timeout)
[2026-03-28 00:20:01]   Task workqueue-automation: age 29577860m (timeout 120m)
[2026-03-28 00:20:01]     ⚠️  STALE (exceeded timeout)
[2026-03-28 00:20:01]   Task test-opt-analytics-opus: age 29577860m (timeout 120m)
[2026-03-28 00:20:01]     ⚠️  STALE (exceeded timeout)
[2026-03-28 00:20:01]   Task fix-trade-builder-403: age 29577860m (timeout 120m)
[2026-03-28 00:20:01]     ⚠️  STALE (exceeded timeout)
[2026-03-28 00:20:01]   Task fix-all-trade-issues: age 29577860m (timeout 120m)
[2026-03-28 00:20:01]     ⚠️  STALE (exceeded timeout)
[2026-03-28 00:20:01] Archiving 9 stale + 0 completed tasks...
[2026-03-28 00:30:00] Checking 9 active tasks...
[2026-03-28 00:30:00]   Task dogfood-qa-week4: age 29577870m (timeout 120m)
[2026-03-28 00:30:00]     ⚠️  STALE (exceeded timeout)
[2026-03-28 00:30:00]   Task fix-dogfood-week4: age 29577870m (timeout 120m)
[2026-03-28 00:30:00]     ⚠️  STALE (exceeded timeout)
[2026-03-28 00:30:00]   Task test-opt-parallel-logger: age 29577870m (timeout 120m)
[2026-03-28 00:30:00]     ⚠️  STALE (exceeded timeout)
[2026-03-28 00:30:00]   Task test-opt-parallel-error: age 29577870m (timeout 120m)
[2026-03-28 00:30:00]     ⚠️  STALE (exceeded timeout)
[2026-03-28 00:30:00]   Task audit-all-work: age 29577870m (timeout 120m)
[2026-03-28 00:30:00]     ⚠️  STALE (exceeded timeout)
[2026-03-28 00:30:00]   Task workqueue-automation: age 29577870m (timeout 120m)
[2026-03-28 00:30:00]     ⚠️  STALE (exceeded timeout)
[2026-03-28 00:30:00]   Task test-opt-analytics-opus: age 29577870m (timeout 120m)
[2026-03-28 00:30:00]     ⚠️  STALE (exceeded timeout)
[2026-03-28 00:30:00]   Task fix-trade-builder-403: age 29577870m (timeout 120m)
[2026-03-28 00:30:00]     ⚠️  STALE (exceeded timeout)
[2026-03-28 00:30:00]   Task fix-all-trade-issues: age 29577870m (timeout 120m)
[2026-03-28 00:30:00]     ⚠️  STALE (exceeded timeout)
[2026-03-28 00:30:00] Archiving 9 stale + 0 completed tasks...
[2026-03-28 00:40:00] Checking 9 active tasks...
[2026-03-28 00:40:00]   Task dogfood-qa-week4: age 29577880m (timeout 120m)
[2026-03-28 00:40:00]     ⚠️  STALE (exceeded timeout)
[2026-03-28 00:40:00]   Task fix-dogfood-week4: age 29577880m (timeout 120m)
[2026-03-28 00:40:01]     ⚠️  STALE (exceeded timeout)
[2026-03-28 00:40:01]   Task test-opt-parallel-logger: age 29577880m (timeout 120m)
[2026-03-28 00:40:01]     ⚠️  STALE (exceeded timeout)
[2026-03-28 00:40:01]   Task test-opt-parallel-error: age 29577880m (timeout 120m)
[2026-03-28 00:40:01]     ⚠️  STALE (exceeded timeout)
[2026-03-28 00:40:01]   Task audit-all-work: age 29577880m (timeout 120m)
[2026-03-28 00:40:01]     ⚠️  STALE (exceeded timeout)
[2026-03-28 00:40:01]   Task workqueue-automation: age 29577880m (timeout 120m)
[2026-03-28 00:40:01]     ⚠️  STALE (exceeded timeout)
[2026-03-28 00:40:01]   Task test-opt-analytics-opus: age 29577880m (timeout 120m)
[2026-03-28 00:40:01]     ⚠️  STALE (exceeded timeout)
[2026-03-28 00:40:01]   Task fix-trade-builder-403: age 29577880m (timeout 120m)
[2026-03-28 00:40:01]     ⚠️  STALE (exceeded timeout)
[2026-03-28 00:40:01]   Task fix-all-trade-issues: age 29577880m (timeout 120m)
[2026-03-28 00:40:01]     ⚠️  STALE (exceeded timeout)
[2026-03-28 00:40:01] Archiving 9 stale + 0 completed tasks...
[2026-03-28 00:50:00] Checking 9 active tasks...
[2026-03-28 00:50:00]   Task dogfood-qa-week4: age 29577890m (timeout 120m)
[2026-03-28 00:50:00]     ⚠️  STALE (exceeded timeout)
[2026-03-28 00:50:00]   Task fix-dogfood-week4: age 29577890m (timeout 120m)
[2026-03-28 00:50:00]     ⚠️  STALE (exceeded timeout)
[2026-03-28 00:50:00]   Task test-opt-parallel-logger: age 29577890m (timeout 120m)
[2026-03-28 00:50:01]     ⚠️  STALE (exceeded timeout)
[2026-03-28 00:50:01]   Task test-opt-parallel-error: age 29577890m (timeout 120m)
[2026-03-28 00:50:01]     ⚠️  STALE (exceeded timeout)
[2026-03-28 00:50:01]   Task audit-all-work: age 29577890m (timeout 120m)
[2026-03-28 00:50:01]     ⚠️  STALE (exceeded timeout)
[2026-03-28 00:50:01]   Task workqueue-automation: age 29577890m (timeout 120m)
[2026-03-28 00:50:01]     ⚠️  STALE (exceeded timeout)
[2026-03-28 00:50:01]   Task test-opt-analytics-opus: age 29577890m (timeout 120m)
[2026-03-28 00:50:01]     ⚠️  STALE (exceeded timeout)
[2026-03-28 00:50:01]   Task fix-trade-builder-403: age 29577890m (timeout 120m)
[2026-03-28 00:50:01]     ⚠️  STALE (exceeded timeout)
[2026-03-28 00:50:01]   Task fix-all-trade-issues: age 29577890m (timeout 120m)
[2026-03-28 00:50:01]     ⚠️  STALE (exceeded timeout)
[2026-03-28 00:50:01] Archiving 9 stale + 0 completed tasks...
[2026-03-28 01:00:00] Checking 9 active tasks...
[2026-03-28 01:00:00]   Task dogfood-qa-week4: age 29577900m (timeout 120m)
[2026-03-28 01:00:00]     ⚠️  STALE (exceeded timeout)
[2026-03-28 01:00:00]   Task fix-dogfood-week4: age 29577900m (timeout 120m)
[2026-03-28 01:00:00]     ⚠️  STALE (exceeded timeout)
[2026-03-28 01:00:00]   Task test-opt-parallel-logger: age 29577900m (timeout 120m)
[2026-03-28 01:00:00]     ⚠️  STALE (exceeded timeout)
[2026-03-28 01:00:00]   Task test-opt-parallel-error: age 29577900m (timeout 120m)
[2026-03-28 01:00:00]     ⚠️  STALE (exceeded timeout)
[2026-03-28 01:00:01]   Task audit-all-work: age 29577900m (timeout 120m)
[2026-03-28 01:00:01]     ⚠️  STALE (exceeded timeout)
[2026-03-28 01:00:01]   Task workqueue-automation: age 29577900m (timeout 120m)
[2026-03-28 01:00:01]     ⚠️  STALE (exceeded timeout)
[2026-03-28 01:00:01]   Task test-opt-analytics-opus: age 29577900m (timeout 120m)
[2026-03-28 01:00:01]     ⚠️  STALE (exceeded timeout)
[2026-03-28 01:00:01]   Task fix-trade-builder-403: age 29577900m (timeout 120m)
[2026-03-28 01:00:01]     ⚠️  STALE (exceeded timeout)
[2026-03-28 01:00:01]   Task fix-all-trade-issues: age 29577900m (timeout 120m)
[2026-03-28 01:00:01]     ⚠️  STALE (exceeded timeout)
[2026-03-28 01:00:01] Archiving 9 stale + 0 completed tasks...
[2026-03-28 01:10:00] Checking 9 active tasks...
[2026-03-28 01:10:00]   Task dogfood-qa-week4: age 29577910m (timeout 120m)
[2026-03-28 01:10:00]     ⚠️  STALE (exceeded timeout)
[2026-03-28 01:10:00]   Task fix-dogfood-week4: age 29577910m (timeout 120m)
[2026-03-28 01:10:00]     ⚠️  STALE (exceeded timeout)
[2026-03-28 01:10:00]   Task test-opt-parallel-logger: age 29577910m (timeout 120m)
[2026-03-28 01:10:00]     ⚠️  STALE (exceeded timeout)
[2026-03-28 01:10:00]   Task test-opt-parallel-error: age 29577910m (timeout 120m)
[2026-03-28 01:10:00]     ⚠️  STALE (exceeded timeout)
[2026-03-28 01:10:00]   Task audit-all-work: age 29577910m (timeout 120m)
[2026-03-28 01:10:00]     ⚠️  STALE (exceeded timeout)
[2026-03-28 01:10:01]   Task workqueue-automation: age 29577910m (timeout 120m)
[2026-03-28 01:10:01]     ⚠️  STALE (exceeded timeout)
[2026-03-28 01:10:01]   Task test-opt-analytics-opus: age 29577910m (timeout 120m)
[2026-03-28 01:10:01]     ⚠️  STALE (exceeded timeout)
[2026-03-28 01:10:01]   Task fix-trade-builder-403: age 29577910m (timeout 120m)
[2026-03-28 01:10:01]     ⚠️  STALE (exceeded timeout)
[2026-03-28 01:10:01]   Task fix-all-trade-issues: age 29577910m (timeout 120m)
[2026-03-28 01:10:01]     ⚠️  STALE (exceeded timeout)
[2026-03-28 01:10:01] Archiving 9 stale + 0 completed tasks...
[2026-03-28 01:20:01] Checking 9 active tasks...
[2026-03-28 01:20:01]   Task dogfood-qa-week4: age 29577920m (timeout 120m)
[2026-03-28 01:20:01]     ⚠️  STALE (exceeded timeout)
[2026-03-28 01:20:01]   Task fix-dogfood-week4: age 29577920m (timeout 120m)
[2026-03-28 01:20:01]     ⚠️  STALE (exceeded timeout)
[2026-03-28 01:20:01]   Task test-opt-parallel-logger: age 29577920m (timeout 120m)
[2026-03-28 01:20:01]     ⚠️  STALE (exceeded timeout)
[2026-03-28 01:20:01]   Task test-opt-parallel-error: age 29577920m (timeout 120m)
[2026-03-28 01:20:01]     ⚠️  STALE (exceeded timeout)
[2026-03-28 01:20:01]   Task audit-all-work: age 29577920m (timeout 120m)
[2026-03-28 01:20:01]     ⚠️  STALE (exceeded timeout)
[2026-03-28 01:20:01]   Task workqueue-automation: age 29577920m (timeout 120m)
[2026-03-28 01:20:01]     ⚠️  STALE (exceeded timeout)
[2026-03-28 01:20:01]   Task test-opt-analytics-opus: age 29577920m (timeout 120m)
[2026-03-28 01:20:01]     ⚠️  STALE (exceeded timeout)
[2026-03-28 01:20:01]   Task fix-trade-builder-403: age 29577920m (timeout 120m)
[2026-03-28 01:20:01]     ⚠️  STALE (exceeded timeout)
[2026-03-28 01:20:01]   Task fix-all-trade-issues: age 29577920m (timeout 120m)
[2026-03-28 01:20:01]     ⚠️  STALE (exceeded timeout)
[2026-03-28 01:20:01] Archiving 9 stale + 0 completed tasks...
[2026-03-28 01:30:00] Checking 9 active tasks...
[2026-03-28 01:30:00]   Task dogfood-qa-week4: age 29577930m (timeout 120m)
[2026-03-28 01:30:00]     ⚠️  STALE (exceeded timeout)
[2026-03-28 01:30:00]   Task fix-dogfood-week4: age 29577930m (timeout 120m)
[2026-03-28 01:30:00]     ⚠️  STALE (exceeded timeout)
[2026-03-28 01:30:01]   Task test-opt-parallel-logger: age 29577930m (timeout 120m)
[2026-03-28 01:30:01]     ⚠️  STALE (exceeded timeout)
[2026-03-28 01:30:01]   Task test-opt-parallel-error: age 29577930m (timeout 120m)
[2026-03-28 01:30:01]     ⚠️  STALE (exceeded timeout)
[2026-03-28 01:30:01]   Task audit-all-work: age 29577930m (timeout 120m)
[2026-03-28 01:30:01]     ⚠️  STALE (exceeded timeout)
[2026-03-28 01:30:01]   Task workqueue-automation: age 29577930m (timeout 120m)
[2026-03-28 01:30:01]     ⚠️  STALE (exceeded timeout)
[2026-03-28 01:30:01]   Task test-opt-analytics-opus: age 29577930m (timeout 120m)
[2026-03-28 01:30:01]     ⚠️  STALE (exceeded timeout)
[2026-03-28 01:30:01]   Task fix-trade-builder-403: age 29577930m (timeout 120m)
[2026-03-28 01:30:01]     ⚠️  STALE (exceeded timeout)
[2026-03-28 01:30:01]   Task fix-all-trade-issues: age 29577930m (timeout 120m)
[2026-03-28 01:30:01]     ⚠️  STALE (exceeded timeout)
[2026-03-28 01:30:01] Archiving 9 stale + 0 completed tasks...
[2026-03-28 01:40:00] Checking 9 active tasks...
[2026-03-28 01:40:00]   Task dogfood-qa-week4: age 29577940m (timeout 120m)
[2026-03-28 01:40:00]     ⚠️  STALE (exceeded timeout)
[2026-03-28 01:40:00]   Task fix-dogfood-week4: age 29577940m (timeout 120m)
[2026-03-28 01:40:00]     ⚠️  STALE (exceeded timeout)
[2026-03-28 01:40:00]   Task test-opt-parallel-logger: age 29577940m (timeout 120m)
[2026-03-28 01:40:00]     ⚠️  STALE (exceeded timeout)
[2026-03-28 01:40:00]   Task test-opt-parallel-error: age 29577940m (timeout 120m)
[2026-03-28 01:40:00]     ⚠️  STALE (exceeded timeout)
[2026-03-28 01:40:00]   Task audit-all-work: age 29577940m (timeout 120m)
[2026-03-28 01:40:00]     ⚠️  STALE (exceeded timeout)
[2026-03-28 01:40:00]   Task workqueue-automation: age 29577940m (timeout 120m)
[2026-03-28 01:40:00]     ⚠️  STALE (exceeded timeout)
[2026-03-28 01:40:00]   Task test-opt-analytics-opus: age 29577940m (timeout 120m)
[2026-03-28 01:40:00]     ⚠️  STALE (exceeded timeout)
[2026-03-28 01:40:00]   Task fix-trade-builder-403: age 29577940m (timeout 120m)
[2026-03-28 01:40:00]     ⚠️  STALE (exceeded timeout)
[2026-03-28 01:40:00]   Task fix-all-trade-issues: age 29577940m (timeout 120m)
[2026-03-28 01:40:00]     ⚠️  STALE (exceeded timeout)
[2026-03-28 01:40:00] Archiving 9 stale + 0 completed tasks...
[2026-03-28 01:50:00] Checking 9 active tasks...
[2026-03-28 01:50:01]   Task dogfood-qa-week4: age 29577950m (timeout 120m)
[2026-03-28 01:50:01]     ⚠️  STALE (exceeded timeout)
[2026-03-28 01:50:01]   Task fix-dogfood-week4: age 29577950m (timeout 120m)
[2026-03-28 01:50:01]     ⚠️  STALE (exceeded timeout)
[2026-03-28 01:50:01]   Task test-opt-parallel-logger: age 29577950m (timeout 120m)
[2026-03-28 01:50:01]     ⚠️  STALE (exceeded timeout)
[2026-03-28 01:50:01]   Task test-opt-parallel-error: age 29577950m (timeout 120m)
[2026-03-28 01:50:01]     ⚠️  STALE (exceeded timeout)
[2026-03-28 01:50:01]   Task audit-all-work: age 29577950m (timeout 120m)
[2026-03-28 01:50:01]     ⚠️  STALE (exceeded timeout)
[2026-03-28 01:50:01]   Task workqueue-automation: age 29577950m (timeout 120m)
[2026-03-28 01:50:01]     ⚠️  STALE (exceeded timeout)
[2026-03-28 01:50:01]   Task test-opt-analytics-opus: age 29577950m (timeout 120m)
[2026-03-28 01:50:01]     ⚠️  STALE (exceeded timeout)
[2026-03-28 01:50:01]   Task fix-trade-builder-403: age 29577950m (timeout 120m)
[2026-03-28 01:50:01]     ⚠️  STALE (exceeded timeout)
[2026-03-28 01:50:01]   Task fix-all-trade-issues: age 29577950m (timeout 120m)
[2026-03-28 01:50:01]     ⚠️  STALE (exceeded timeout)
[2026-03-28 01:50:01] Archiving 9 stale + 0 completed tasks...
[2026-03-28 02:00:00] Checking 9 active tasks...
[2026-03-28 02:00:00]   Task dogfood-qa-week4: age 29577960m (timeout 120m)
[2026-03-28 02:00:00]     ⚠️  STALE (exceeded timeout)
[2026-03-28 02:00:00]   Task fix-dogfood-week4: age 29577960m (timeout 120m)
[2026-03-28 02:00:00]     ⚠️  STALE (exceeded timeout)
[2026-03-28 02:00:00]   Task test-opt-parallel-logger: age 29577960m (timeout 120m)
[2026-03-28 02:00:00]     ⚠️  STALE (exceeded timeout)
[2026-03-28 02:00:00]   Task test-opt-parallel-error: age 29577960m (timeout 120m)
[2026-03-28 02:00:00]     ⚠️  STALE (exceeded timeout)
[2026-03-28 02:00:00]   Task audit-all-work: age 29577960m (timeout 120m)
[2026-03-28 02:00:00]     ⚠️  STALE (exceeded timeout)
[2026-03-28 02:00:00]   Task workqueue-automation: age 29577960m (timeout 120m)
[2026-03-28 02:00:00]     ⚠️  STALE (exceeded timeout)
[2026-03-28 02:00:00]   Task test-opt-analytics-opus: age 29577960m (timeout 120m)
[2026-03-28 02:00:01]     ⚠️  STALE (exceeded timeout)
[2026-03-28 02:00:01]   Task fix-trade-builder-403: age 29577960m (timeout 120m)
[2026-03-28 02:00:01]     ⚠️  STALE (exceeded timeout)
[2026-03-28 02:00:01]   Task fix-all-trade-issues: age 29577960m (timeout 120m)
[2026-03-28 02:00:01]     ⚠️  STALE (exceeded timeout)
[2026-03-28 02:00:01] Archiving 9 stale + 0 completed tasks...
[2026-03-28 02:10:00] Checking 9 active tasks...
[2026-03-28 02:10:00]   Task dogfood-qa-week4: age 29577970m (timeout 120m)
[2026-03-28 02:10:00]     ⚠️  STALE (exceeded timeout)
[2026-03-28 02:10:00]   Task fix-dogfood-week4: age 29577970m (timeout 120m)
[2026-03-28 02:10:00]     ⚠️  STALE (exceeded timeout)
[2026-03-28 02:10:00]   Task test-opt-parallel-logger: age 29577970m (timeout 120m)
[2026-03-28 02:10:00]     ⚠️  STALE (exceeded timeout)
[2026-03-28 02:10:00]   Task test-opt-parallel-error: age 29577970m (timeout 120m)
[2026-03-28 02:10:00]     ⚠️  STALE (exceeded timeout)
[2026-03-28 02:10:00]   Task audit-all-work: age 29577970m (timeout 120m)
[2026-03-28 02:10:00]     ⚠️  STALE (exceeded timeout)
[2026-03-28 02:10:00]   Task workqueue-automation: age 29577970m (timeout 120m)
[2026-03-28 02:10:00]     ⚠️  STALE (exceeded timeout)
[2026-03-28 02:10:00]   Task test-opt-analytics-opus: age 29577970m (timeout 120m)
[2026-03-28 02:10:00]     ⚠️  STALE (exceeded timeout)
[2026-03-28 02:10:00]   Task fix-trade-builder-403: age 29577970m (timeout 120m)
[2026-03-28 02:10:00]     ⚠️  STALE (exceeded timeout)
[2026-03-28 02:10:00]   Task fix-all-trade-issues: age 29577970m (timeout 120m)
[2026-03-28 02:10:00]     ⚠️  STALE (exceeded timeout)
[2026-03-28 02:10:00] Archiving 9 stale + 0 completed tasks...
[2026-03-28 02:20:00] Checking 9 active tasks...
[2026-03-28 02:20:00]   Task dogfood-qa-week4: age 29577980m (timeout 120m)
[2026-03-28 02:20:00]     ⚠️  STALE (exceeded timeout)
[2026-03-28 02:20:00]   Task fix-dogfood-week4: age 29577980m (timeout 120m)
[2026-03-28 02:20:00]     ⚠️  STALE (exceeded timeout)
[2026-03-28 02:20:00]   Task test-opt-parallel-logger: age 29577980m (timeout 120m)
[2026-03-28 02:20:00]     ⚠️  STALE (exceeded timeout)
[2026-03-28 02:20:00]   Task test-opt-parallel-error: age 29577980m (timeout 120m)
[2026-03-28 02:20:00]     ⚠️  STALE (exceeded timeout)
[2026-03-28 02:20:00]   Task audit-all-work: age 29577980m (timeout 120m)
[2026-03-28 02:20:00]     ⚠️  STALE (exceeded timeout)
[2026-03-28 02:20:00]   Task workqueue-automation: age 29577980m (timeout 120m)
[2026-03-28 02:20:00]     ⚠️  STALE (exceeded timeout)
[2026-03-28 02:20:00]   Task test-opt-analytics-opus: age 29577980m (timeout 120m)
[2026-03-28 02:20:00]     ⚠️  STALE (exceeded timeout)
[2026-03-28 02:20:00]   Task fix-trade-builder-403: age 29577980m (timeout 120m)
[2026-03-28 02:20:00]     ⚠️  STALE (exceeded timeout)
[2026-03-28 02:20:00]   Task fix-all-trade-issues: age 29577980m (timeout 120m)
[2026-03-28 02:20:00]     ⚠️  STALE (exceeded timeout)
[2026-03-28 02:20:00] Archiving 9 stale + 0 completed tasks...
[2026-03-28 02:30:00] Checking 9 active tasks...
[2026-03-28 02:30:00]   Task dogfood-qa-week4: age 29577990m (timeout 120m)
[2026-03-28 02:30:00]     ⚠️  STALE (exceeded timeout)
[2026-03-28 02:30:00]   Task fix-dogfood-week4: age 29577990m (timeout 120m)
[2026-03-28 02:30:00]     ⚠️  STALE (exceeded timeout)
[2026-03-28 02:30:00]   Task test-opt-parallel-logger: age 29577990m (timeout 120m)
[2026-03-28 02:30:00]     ⚠️  STALE (exceeded timeout)
[2026-03-28 02:30:01]   Task test-opt-parallel-error: age 29577990m (timeout 120m)
[2026-03-28 02:30:01]     ⚠️  STALE (exceeded timeout)
[2026-03-28 02:30:01]   Task audit-all-work: age 29577990m (timeout 120m)
[2026-03-28 02:30:01]     ⚠️  STALE (exceeded timeout)
[2026-03-28 02:30:01]   Task workqueue-automation: age 29577990m (timeout 120m)
[2026-03-28 02:30:01]     ⚠️  STALE (exceeded timeout)
[2026-03-28 02:30:01]   Task test-opt-analytics-opus: age 29577990m (timeout 120m)
[2026-03-28 02:30:01]     ⚠️  STALE (exceeded timeout)
[2026-03-28 02:30:01]   Task fix-trade-builder-403: age 29577990m (timeout 120m)
[2026-03-28 02:30:01]     ⚠️  STALE (exceeded timeout)
[2026-03-28 02:30:01]   Task fix-all-trade-issues: age 29577990m (timeout 120m)
[2026-03-28 02:30:01]     ⚠️  STALE (exceeded timeout)
[2026-03-28 02:30:01] Archiving 9 stale + 0 completed tasks...
[2026-03-28 02:40:00] Checking 9 active tasks...
[2026-03-28 02:40:00]   Task dogfood-qa-week4: age 29578000m (timeout 120m)
[2026-03-28 02:40:00]     ⚠️  STALE (exceeded timeout)
[2026-03-28 02:40:00]   Task fix-dogfood-week4: age 29578000m (timeout 120m)
[2026-03-28 02:40:00]     ⚠️  STALE (exceeded timeout)
[2026-03-28 02:40:00]   Task test-opt-parallel-logger: age 29578000m (timeout 120m)
[2026-03-28 02:40:00]     ⚠️  STALE (exceeded timeout)
[2026-03-28 02:40:00]   Task test-opt-parallel-error: age 29578000m (timeout 120m)
[2026-03-28 02:40:00]     ⚠️  STALE (exceeded timeout)
[2026-03-28 02:40:00]   Task audit-all-work: age 29578000m (timeout 120m)
[2026-03-28 02:40:00]     ⚠️  STALE (exceeded timeout)
[2026-03-28 02:40:00]   Task workqueue-automation: age 29578000m (timeout 120m)
[2026-03-28 02:40:00]     ⚠️  STALE (exceeded timeout)
[2026-03-28 02:40:00]   Task test-opt-analytics-opus: age 29578000m (timeout 120m)
[2026-03-28 02:40:00]     ⚠️  STALE (exceeded timeout)
[2026-03-28 02:40:00]   Task fix-trade-builder-403: age 29578000m (timeout 120m)
[2026-03-28 02:40:00]     ⚠️  STALE (exceeded timeout)
[2026-03-28 02:40:00]   Task fix-all-trade-issues: age 29578000m (timeout 120m)
[2026-03-28 02:40:00]     ⚠️  STALE (exceeded timeout)
[2026-03-28 02:40:00] Archiving 9 stale + 0 completed tasks...
[2026-03-28 02:50:00] Checking 9 active tasks...
[2026-03-28 02:50:00]   Task dogfood-qa-week4: age 29578010m (timeout 120m)
[2026-03-28 02:50:00]     ⚠️  STALE (exceeded timeout)
[2026-03-28 02:50:00]   Task fix-dogfood-week4: age 29578010m (timeout 120m)
[2026-03-28 02:50:00]     ⚠️  STALE (exceeded timeout)
[2026-03-28 02:50:00]   Task test-opt-parallel-logger: age 29578010m (timeout 120m)
[2026-03-28 02:50:00]     ⚠️  STALE (exceeded timeout)
[2026-03-28 02:50:00]   Task test-opt-parallel-error: age 29578010m (timeout 120m)
[2026-03-28 02:50:00]     ⚠️  STALE (exceeded timeout)
[2026-03-28 02:50:00]   Task audit-all-work: age 29578010m (timeout 120m)
[2026-03-28 02:50:00]     ⚠️  STALE (exceeded timeout)
[2026-03-28 02:50:00]   Task workqueue-automation: age 29578010m (timeout 120m)
[2026-03-28 02:50:00]     ⚠️  STALE (exceeded timeout)
[2026-03-28 02:50:01]   Task test-opt-analytics-opus: age 29578010m (timeout 120m)
[2026-03-28 02:50:01]     ⚠️  STALE (exceeded timeout)
[2026-03-28 02:50:01]   Task fix-trade-builder-403: age 29578010m (timeout 120m)
[2026-03-28 02:50:01]     ⚠️  STALE (exceeded timeout)
[2026-03-28 02:50:01]   Task fix-all-trade-issues: age 29578010m (timeout 120m)
[2026-03-28 02:50:01]     ⚠️  STALE (exceeded timeout)
[2026-03-28 02:50:01] Archiving 9 stale + 0 completed tasks...
[2026-03-28 03:00:00] Checking 9 active tasks...
[2026-03-28 03:00:00]   Task dogfood-qa-week4: age 29578020m (timeout 120m)
[2026-03-28 03:00:00]     ⚠️  STALE (exceeded timeout)
[2026-03-28 03:00:00]   Task fix-dogfood-week4: age 29578020m (timeout 120m)
[2026-03-28 03:00:00]     ⚠️  STALE (exceeded timeout)
[2026-03-28 03:00:00]   Task test-opt-parallel-logger: age 29578020m (timeout 120m)
[2026-03-28 03:00:00]     ⚠️  STALE (exceeded timeout)
[2026-03-28 03:00:00]   Task test-opt-parallel-error: age 29578020m (timeout 120m)
[2026-03-28 03:00:00]     ⚠️  STALE (exceeded timeout)
[2026-03-28 03:00:00]   Task audit-all-work: age 29578020m (timeout 120m)
[2026-03-28 03:00:00]     ⚠️  STALE (exceeded timeout)
[2026-03-28 03:00:00]   Task workqueue-automation: age 29578020m (timeout 120m)
[2026-03-28 03:00:00]     ⚠️  STALE (exceeded timeout)
[2026-03-28 03:00:00]   Task test-opt-analytics-opus: age 29578020m (timeout 120m)
[2026-03-28 03:00:00]     ⚠️  STALE (exceeded timeout)
[2026-03-28 03:00:00]   Task fix-trade-builder-403: age 29578020m (timeout 120m)
[2026-03-28 03:00:00]     ⚠️  STALE (exceeded timeout)
[2026-03-28 03:00:00]   Task fix-all-trade-issues: age 29578020m (timeout 120m)
[2026-03-28 03:00:00]     ⚠️  STALE (exceeded timeout)
[2026-03-28 03:00:00] Archiving 9 stale + 0 completed tasks...
[2026-03-28 03:10:01] Checking 9 active tasks...
[2026-03-28 03:10:01]   Task dogfood-qa-week4: age 29578030m (timeout 120m)
[2026-03-28 03:10:01]     ⚠️  STALE (exceeded timeout)
[2026-03-28 03:10:01]   Task fix-dogfood-week4: age 29578030m (timeout 120m)
[2026-03-28 03:10:01]     ⚠️  STALE (exceeded timeout)
[2026-03-28 03:10:01]   Task test-opt-parallel-logger: age 29578030m (timeout 120m)
[2026-03-28 03:10:01]     ⚠️  STALE (exceeded timeout)
[2026-03-28 03:10:01]   Task test-opt-parallel-error: age 29578030m (timeout 120m)
[2026-03-28 03:10:01]     ⚠️  STALE (exceeded timeout)
[2026-03-28 03:10:01]   Task audit-all-work: age 29578030m (timeout 120m)
[2026-03-28 03:10:01]     ⚠️  STALE (exceeded timeout)
[2026-03-28 03:10:01]   Task workqueue-automation: age 29578030m (timeout 120m)
[2026-03-28 03:10:01]     ⚠️  STALE (exceeded timeout)
[2026-03-28 03:10:01]   Task test-opt-analytics-opus: age 29578030m (timeout 120m)
[2026-03-28 03:10:01]     ⚠️  STALE (exceeded timeout)
[2026-03-28 03:10:01]   Task fix-trade-builder-403: age 29578030m (timeout 120m)
[2026-03-28 03:10:01]     ⚠️  STALE (exceeded timeout)
[2026-03-28 03:10:01]   Task fix-all-trade-issues: age 29578030m (timeout 120m)
[2026-03-28 03:10:01]     ⚠️  STALE (exceeded timeout)
[2026-03-28 03:10:01] Archiving 9 stale + 0 completed tasks...
[2026-03-28 03:20:00] Checking 9 active tasks...
[2026-03-28 03:20:00]   Task dogfood-qa-week4: age 29578040m (timeout 120m)
[2026-03-28 03:20:00]     ⚠️  STALE (exceeded timeout)
[2026-03-28 03:20:00]   Task fix-dogfood-week4: age 29578040m (timeout 120m)
[2026-03-28 03:20:00]     ⚠️  STALE (exceeded timeout)
[2026-03-28 03:20:00]   Task test-opt-parallel-logger: age 29578040m (timeout 120m)
[2026-03-28 03:20:00]     ⚠️  STALE (exceeded timeout)
[2026-03-28 03:20:01]   Task test-opt-parallel-error: age 29578040m (timeout 120m)
[2026-03-28 03:20:01]     ⚠️  STALE (exceeded timeout)
[2026-03-28 03:20:01]   Task audit-all-work: age 29578040m (timeout 120m)
[2026-03-28 03:20:01]     ⚠️  STALE (exceeded timeout)
[2026-03-28 03:20:01]   Task workqueue-automation: age 29578040m (timeout 120m)
[2026-03-28 03:20:01]     ⚠️  STALE (exceeded timeout)
[2026-03-28 03:20:01]   Task test-opt-analytics-opus: age 29578040m (timeout 120m)
[2026-03-28 03:20:01]     ⚠️  STALE (exceeded timeout)
[2026-03-28 03:20:01]   Task fix-trade-builder-403: age 29578040m (timeout 120m)
[2026-03-28 03:20:01]     ⚠️  STALE (exceeded timeout)
[2026-03-28 03:20:01]   Task fix-all-trade-issues: age 29578040m (timeout 120m)
[2026-03-28 03:20:01]     ⚠️  STALE (exceeded timeout)
[2026-03-28 03:20:01] Archiving 9 stale + 0 completed tasks...
[2026-03-28 03:30:00] Checking 9 active tasks...
[2026-03-28 03:30:00]   Task dogfood-qa-week4: age 29578050m (timeout 120m)
[2026-03-28 03:30:00]     ⚠️  STALE (exceeded timeout)
[2026-03-28 03:30:00]   Task fix-dogfood-week4: age 29578050m (timeout 120m)
[2026-03-28 03:30:00]     ⚠️  STALE (exceeded timeout)
[2026-03-28 03:30:00]   Task test-opt-parallel-logger: age 29578050m (timeout 120m)
[2026-03-28 03:30:00]     ⚠️  STALE (exceeded timeout)
[2026-03-28 03:30:00]   Task test-opt-parallel-error: age 29578050m (timeout 120m)
[2026-03-28 03:30:00]     ⚠️  STALE (exceeded timeout)
[2026-03-28 03:30:00]   Task audit-all-work: age 29578050m (timeout 120m)
[2026-03-28 03:30:00]     ⚠️  STALE (exceeded timeout)
[2026-03-28 03:30:01]   Task workqueue-automation: age 29578050m (timeout 120m)
[2026-03-28 03:30:01]     ⚠️  STALE (exceeded timeout)
[2026-03-28 03:30:01]   Task test-opt-analytics-opus: age 29578050m (timeout 120m)
[2026-03-28 03:30:01]     ⚠️  STALE (exceeded timeout)
[2026-03-28 03:30:01]   Task fix-trade-builder-403: age 29578050m (timeout 120m)
[2026-03-28 03:30:01]     ⚠️  STALE (exceeded timeout)
[2026-03-28 03:30:01]   Task fix-all-trade-issues: age 29578050m (timeout 120m)
[2026-03-28 03:30:01]     ⚠️  STALE (exceeded timeout)
[2026-03-28 03:30:01] Archiving 9 stale + 0 completed tasks...
[2026-03-28 03:40:01] Checking 9 active tasks...
[2026-03-28 03:40:01]   Task dogfood-qa-week4: age 29578060m (timeout 120m)
[2026-03-28 03:40:01]     ⚠️  STALE (exceeded timeout)
[2026-03-28 03:40:01]   Task fix-dogfood-week4: age 29578060m (timeout 120m)
[2026-03-28 03:40:01]     ⚠️  STALE (exceeded timeout)
[2026-03-28 03:40:01]   Task test-opt-parallel-logger: age 29578060m (timeout 120m)
[2026-03-28 03:40:01]     ⚠️  STALE (exceeded timeout)
[2026-03-28 03:40:01]   Task test-opt-parallel-error: age 29578060m (timeout 120m)
[2026-03-28 03:40:01]     ⚠️  STALE (exceeded timeout)
[2026-03-28 03:40:01]   Task audit-all-work: age 29578060m (timeout 120m)
[2026-03-28 03:40:01]     ⚠️  STALE (exceeded timeout)
[2026-03-28 03:40:01]   Task workqueue-automation: age 29578060m (timeout 120m)
[2026-03-28 03:40:01]     ⚠️  STALE (exceeded timeout)
[2026-03-28 03:40:01]   Task test-opt-analytics-opus: age 29578060m (timeout 120m)
[2026-03-28 03:40:01]     ⚠️  STALE (exceeded timeout)
[2026-03-28 03:40:01]   Task fix-trade-builder-403: age 29578060m (timeout 120m)
[2026-03-28 03:40:01]     ⚠️  STALE (exceeded timeout)
[2026-03-28 03:40:01]   Task fix-all-trade-issues: age 29578060m (timeout 120m)
[2026-03-28 03:40:01]     ⚠️  STALE (exceeded timeout)
[2026-03-28 03:40:01] Archiving 9 stale + 0 completed tasks...
[2026-03-28 03:50:01] Checking 9 active tasks...
[2026-03-28 03:50:01]   Task dogfood-qa-week4: age 29578070m (timeout 120m)
[2026-03-28 03:50:01]     ⚠️  STALE (exceeded timeout)
[2026-03-28 03:50:01]   Task fix-dogfood-week4: age 29578070m (timeout 120m)
[2026-03-28 03:50:01]     ⚠️  STALE (exceeded timeout)
[2026-03-28 03:50:01]   Task test-opt-parallel-logger: age 29578070m (timeout 120m)
[2026-03-28 03:50:01]     ⚠️  STALE (exceeded timeout)
[2026-03-28 03:50:01]   Task test-opt-parallel-error: age 29578070m (timeout 120m)
[2026-03-28 03:50:01]     ⚠️  STALE (exceeded timeout)
[2026-03-28 03:50:01]   Task audit-all-work: age 29578070m (timeout 120m)
[2026-03-28 03:50:01]     ⚠️  STALE (exceeded timeout)
[2026-03-28 03:50:01]   Task workqueue-automation: age 29578070m (timeout 120m)
[2026-03-28 03:50:01]     ⚠️  STALE (exceeded timeout)
[2026-03-28 03:50:01]   Task test-opt-analytics-opus: age 29578070m (timeout 120m)
[2026-03-28 03:50:01]     ⚠️  STALE (exceeded timeout)
[2026-03-28 03:50:01]   Task fix-trade-builder-403: age 29578070m (timeout 120m)
[2026-03-28 03:50:01]     ⚠️  STALE (exceeded timeout)
[2026-03-28 03:50:01]   Task fix-all-trade-issues: age 29578070m (timeout 120m)
[2026-03-28 03:50:01]     ⚠️  STALE (exceeded timeout)
[2026-03-28 03:50:01] Archiving 9 stale + 0 completed tasks...
[2026-03-28 04:00:00] Checking 9 active tasks...
[2026-03-28 04:00:00]   Task dogfood-qa-week4: age 29578080m (timeout 120m)
[2026-03-28 04:00:00]     ⚠️  STALE (exceeded timeout)
[2026-03-28 04:00:00]   Task fix-dogfood-week4: age 29578080m (timeout 120m)
[2026-03-28 04:00:00]     ⚠️  STALE (exceeded timeout)
[2026-03-28 04:00:00]   Task test-opt-parallel-logger: age 29578080m (timeout 120m)
[2026-03-28 04:00:00]     ⚠️  STALE (exceeded timeout)
[2026-03-28 04:00:00]   Task test-opt-parallel-error: age 29578080m (timeout 120m)
[2026-03-28 04:00:00]     ⚠️  STALE (exceeded timeout)
[2026-03-28 04:00:00]   Task audit-all-work: age 29578080m (timeout 120m)
[2026-03-28 04:00:00]     ⚠️  STALE (exceeded timeout)
[2026-03-28 04:00:00]   Task workqueue-automation: age 29578080m (timeout 120m)
[2026-03-28 04:00:00]     ⚠️  STALE (exceeded timeout)
[2026-03-28 04:00:01]   Task test-opt-analytics-opus: age 29578080m (timeout 120m)
[2026-03-28 04:00:01]     ⚠️  STALE (exceeded timeout)
[2026-03-28 04:00:01]   Task fix-trade-builder-403: age 29578080m (timeout 120m)
[2026-03-28 04:00:01]     ⚠️  STALE (exceeded timeout)
[2026-03-28 04:00:01]   Task fix-all-trade-issues: age 29578080m (timeout 120m)
[2026-03-28 04:00:01]     ⚠️  STALE (exceeded timeout)
[2026-03-28 04:00:01] Archiving 9 stale + 0 completed tasks...
[2026-03-28 04:10:00] Checking 9 active tasks...
[2026-03-28 04:10:00]   Task dogfood-qa-week4: age 29578090m (timeout 120m)
[2026-03-28 04:10:00]     ⚠️  STALE (exceeded timeout)
[2026-03-28 04:10:00]   Task fix-dogfood-week4: age 29578090m (timeout 120m)
[2026-03-28 04:10:00]     ⚠️  STALE (exceeded timeout)
[2026-03-28 04:10:00]   Task test-opt-parallel-logger: age 29578090m (timeout 120m)
[2026-03-28 04:10:00]     ⚠️  STALE (exceeded timeout)
[2026-03-28 04:10:01]   Task test-opt-parallel-error: age 29578090m (timeout 120m)
[2026-03-28 04:10:01]     ⚠️  STALE (exceeded timeout)
[2026-03-28 04:10:01]   Task audit-all-work: age 29578090m (timeout 120m)
[2026-03-28 04:10:01]     ⚠️  STALE (exceeded timeout)
[2026-03-28 04:10:01]   Task workqueue-automation: age 29578090m (timeout 120m)
[2026-03-28 04:10:01]     ⚠️  STALE (exceeded timeout)
[2026-03-28 04:10:01]   Task test-opt-analytics-opus: age 29578090m (timeout 120m)
[2026-03-28 04:10:01]     ⚠️  STALE (exceeded timeout)
[2026-03-28 04:10:01]   Task fix-trade-builder-403: age 29578090m (timeout 120m)
[2026-03-28 04:10:01]     ⚠️  STALE (exceeded timeout)
[2026-03-28 04:10:01]   Task fix-all-trade-issues: age 29578090m (timeout 120m)
[2026-03-28 04:10:01]     ⚠️  STALE (exceeded timeout)
[2026-03-28 04:10:01] Archiving 9 stale + 0 completed tasks...
[2026-03-28 04:20:00] Checking 9 active tasks...
[2026-03-28 04:20:00]   Task dogfood-qa-week4: age 29578100m (timeout 120m)
[2026-03-28 04:20:00]     ⚠️  STALE (exceeded timeout)
[2026-03-28 04:20:00]   Task fix-dogfood-week4: age 29578100m (timeout 120m)
[2026-03-28 04:20:00]     ⚠️  STALE (exceeded timeout)
[2026-03-28 04:20:00]   Task test-opt-parallel-logger: age 29578100m (timeout 120m)
[2026-03-28 04:20:00]     ⚠️  STALE (exceeded timeout)
[2026-03-28 04:20:00]   Task test-opt-parallel-error: age 29578100m (timeout 120m)
[2026-03-28 04:20:00]     ⚠️  STALE (exceeded timeout)
[2026-03-28 04:20:00]   Task audit-all-work: age 29578100m (timeout 120m)
[2026-03-28 04:20:00]     ⚠️  STALE (exceeded timeout)
[2026-03-28 04:20:00]   Task workqueue-automation: age 29578100m (timeout 120m)
[2026-03-28 04:20:00]     ⚠️  STALE (exceeded timeout)
[2026-03-28 04:20:00]   Task test-opt-analytics-opus: age 29578100m (timeout 120m)
[2026-03-28 04:20:00]     ⚠️  STALE (exceeded timeout)
[2026-03-28 04:20:00]   Task fix-trade-builder-403: age 29578100m (timeout 120m)
[2026-03-28 04:20:00]     ⚠️  STALE (exceeded timeout)
[2026-03-28 04:20:00]   Task fix-all-trade-issues: age 29578100m (timeout 120m)
[2026-03-28 04:20:00]     ⚠️  STALE (exceeded timeout)
[2026-03-28 04:20:00] Archiving 9 stale + 0 completed tasks...
[2026-03-28 04:30:00] Checking 9 active tasks...
[2026-03-28 04:30:01]   Task dogfood-qa-week4: age 29578110m (timeout 120m)
[2026-03-28 04:30:01]     ⚠️  STALE (exceeded timeout)
[2026-03-28 04:30:01]   Task fix-dogfood-week4: age 29578110m (timeout 120m)
[2026-03-28 04:30:01]     ⚠️  STALE (exceeded timeout)
[2026-03-28 04:30:01]   Task test-opt-parallel-logger: age 29578110m (timeout 120m)
[2026-03-28 04:30:01]     ⚠️  STALE (exceeded timeout)
[2026-03-28 04:30:01]   Task test-opt-parallel-error: age 29578110m (timeout 120m)
[2026-03-28 04:30:01]     ⚠️  STALE (exceeded timeout)
[2026-03-28 04:30:01]   Task audit-all-work: age 29578110m (timeout 120m)
[2026-03-28 04:30:01]     ⚠️  STALE (exceeded timeout)
[2026-03-28 04:30:01]   Task workqueue-automation: age 29578110m (timeout 120m)
[2026-03-28 04:30:01]     ⚠️  STALE (exceeded timeout)
[2026-03-28 04:30:01]   Task test-opt-analytics-opus: age 29578110m (timeout 120m)
[2026-03-28 04:30:01]     ⚠️  STALE (exceeded timeout)
[2026-03-28 04:30:01]   Task fix-trade-builder-403: age 29578110m (timeout 120m)
[2026-03-28 04:30:01]     ⚠️  STALE (exceeded timeout)
[2026-03-28 04:30:01]   Task fix-all-trade-issues: age 29578110m (timeout 120m)
[2026-03-28 04:30:01]     ⚠️  STALE (exceeded timeout)
[2026-03-28 04:30:01] Archiving 9 stale + 0 completed tasks...
[2026-03-28 04:40:00] Checking 9 active tasks...
[2026-03-28 04:40:00]   Task dogfood-qa-week4: age 29578120m (timeout 120m)
[2026-03-28 04:40:00]     ⚠️  STALE (exceeded timeout)
[2026-03-28 04:40:00]   Task fix-dogfood-week4: age 29578120m (timeout 120m)
[2026-03-28 04:40:00]     ⚠️  STALE (exceeded timeout)
[2026-03-28 04:40:00]   Task test-opt-parallel-logger: age 29578120m (timeout 120m)
[2026-03-28 04:40:00]     ⚠️  STALE (exceeded timeout)
[2026-03-28 04:40:00]   Task test-opt-parallel-error: age 29578120m (timeout 120m)
[2026-03-28 04:40:00]     ⚠️  STALE (exceeded timeout)
[2026-03-28 04:40:00]   Task audit-all-work: age 29578120m (timeout 120m)
[2026-03-28 04:40:00]     ⚠️  STALE (exceeded timeout)
[2026-03-28 04:40:00]   Task workqueue-automation: age 29578120m (timeout 120m)
[2026-03-28 04:40:00]     ⚠️  STALE (exceeded timeout)
[2026-03-28 04:40:00]   Task test-opt-analytics-opus: age 29578120m (timeout 120m)
[2026-03-28 04:40:00]     ⚠️  STALE (exceeded timeout)
[2026-03-28 04:40:01]   Task fix-trade-builder-403: age 29578120m (timeout 120m)
[2026-03-28 04:40:01]     ⚠️  STALE (exceeded timeout)
[2026-03-28 04:40:01]   Task fix-all-trade-issues: age 29578120m (timeout 120m)
[2026-03-28 04:40:01]     ⚠️  STALE (exceeded timeout)
[2026-03-28 04:40:01] Archiving 9 stale + 0 completed tasks...
[2026-03-28 04:50:00] Checking 9 active tasks...
[2026-03-28 04:50:01]   Task dogfood-qa-week4: age 29578130m (timeout 120m)
[2026-03-28 04:50:01]     ⚠️  STALE (exceeded timeout)
[2026-03-28 04:50:01]   Task fix-dogfood-week4: age 29578130m (timeout 120m)
[2026-03-28 04:50:01]     ⚠️  STALE (exceeded timeout)
[2026-03-28 04:50:01]   Task test-opt-parallel-logger: age 29578130m (timeout 120m)
[2026-03-28 04:50:01]     ⚠️  STALE (exceeded timeout)
[2026-03-28 04:50:01]   Task test-opt-parallel-error: age 29578130m (timeout 120m)
[2026-03-28 04:50:01]     ⚠️  STALE (exceeded timeout)
[2026-03-28 04:50:01]   Task audit-all-work: age 29578130m (timeout 120m)
[2026-03-28 04:50:01]     ⚠️  STALE (exceeded timeout)
[2026-03-28 04:50:01]   Task workqueue-automation: age 29578130m (timeout 120m)
[2026-03-28 04:50:01]     ⚠️  STALE (exceeded timeout)
[2026-03-28 04:50:01]   Task test-opt-analytics-opus: age 29578130m (timeout 120m)
[2026-03-28 04:50:01]     ⚠️  STALE (exceeded timeout)
[2026-03-28 04:50:01]   Task fix-trade-builder-403: age 29578130m (timeout 120m)
[2026-03-28 04:50:01]     ⚠️  STALE (exceeded timeout)
[2026-03-28 04:50:01]   Task fix-all-trade-issues: age 29578130m (timeout 120m)
[2026-03-28 04:50:01]     ⚠️  STALE (exceeded timeout)
[2026-03-28 04:50:01] Archiving 9 stale + 0 completed tasks...
[2026-03-28 05:00:00] Checking 9 active tasks...
[2026-03-28 05:00:00]   Task dogfood-qa-week4: age 29578140m (timeout 120m)
[2026-03-28 05:00:00]     ⚠️  STALE (exceeded timeout)
[2026-03-28 05:00:00]   Task fix-dogfood-week4: age 29578140m (timeout 120m)
[2026-03-28 05:00:00]     ⚠️  STALE (exceeded timeout)
[2026-03-28 05:00:01]   Task test-opt-parallel-logger: age 29578140m (timeout 120m)
[2026-03-28 05:00:01]     ⚠️  STALE (exceeded timeout)
[2026-03-28 05:00:01]   Task test-opt-parallel-error: age 29578140m (timeout 120m)
[2026-03-28 05:00:01]     ⚠️  STALE (exceeded timeout)
[2026-03-28 05:00:01]   Task audit-all-work: age 29578140m (timeout 120m)
[2026-03-28 05:00:01]     ⚠️  STALE (exceeded timeout)
[2026-03-28 05:00:01]   Task workqueue-automation: age 29578140m (timeout 120m)
[2026-03-28 05:00:01]     ⚠️  STALE (exceeded timeout)
[2026-03-28 05:00:01]   Task test-opt-analytics-opus: age 29578140m (timeout 120m)
[2026-03-28 05:00:01]     ⚠️  STALE (exceeded timeout)
[2026-03-28 05:00:01]   Task fix-trade-builder-403: age 29578140m (timeout 120m)
[2026-03-28 05:00:01]     ⚠️  STALE (exceeded timeout)
[2026-03-28 05:00:01]   Task fix-all-trade-issues: age 29578140m (timeout 120m)
[2026-03-28 05:00:01]     ⚠️  STALE (exceeded timeout)
[2026-03-28 05:00:01] Archiving 9 stale + 0 completed tasks...
[2026-03-28 05:10:00] Checking 9 active tasks...
[2026-03-28 05:10:00]   Task dogfood-qa-week4: age 29578150m (timeout 120m)
[2026-03-28 05:10:00]     ⚠️  STALE (exceeded timeout)
[2026-03-28 05:10:00]   Task fix-dogfood-week4: age 29578150m (timeout 120m)
[2026-03-28 05:10:00]     ⚠️  STALE (exceeded timeout)
[2026-03-28 05:10:00]   Task test-opt-parallel-logger: age 29578150m (timeout 120m)
[2026-03-28 05:10:00]     ⚠️  STALE (exceeded timeout)
[2026-03-28 05:10:00]   Task test-opt-parallel-error: age 29578150m (timeout 120m)
[2026-03-28 05:10:00]     ⚠️  STALE (exceeded timeout)
[2026-03-28 05:10:00]   Task audit-all-work: age 29578150m (timeout 120m)
[2026-03-28 05:10:00]     ⚠️  STALE (exceeded timeout)
[2026-03-28 05:10:00]   Task workqueue-automation: age 29578150m (timeout 120m)
[2026-03-28 05:10:00]     ⚠️  STALE (exceeded timeout)
[2026-03-28 05:10:00]   Task test-opt-analytics-opus: age 29578150m (timeout 120m)
[2026-03-28 05:10:00]     ⚠️  STALE (exceeded timeout)
[2026-03-28 05:10:01]   Task fix-trade-builder-403: age 29578150m (timeout 120m)
[2026-03-28 05:10:01]     ⚠️  STALE (exceeded timeout)
[2026-03-28 05:10:01]   Task fix-all-trade-issues: age 29578150m (timeout 120m)
[2026-03-28 05:10:01]     ⚠️  STALE (exceeded timeout)
[2026-03-28 05:10:01] Archiving 9 stale + 0 completed tasks...
[2026-03-28 05:20:01] Checking 9 active tasks...
[2026-03-28 05:20:01]   Task dogfood-qa-week4: age 29578160m (timeout 120m)
[2026-03-28 05:20:01]     ⚠️  STALE (exceeded timeout)
[2026-03-28 05:20:01]   Task fix-dogfood-week4: age 29578160m (timeout 120m)
[2026-03-28 05:20:01]     ⚠️  STALE (exceeded timeout)
[2026-03-28 05:20:01]   Task test-opt-parallel-logger: age 29578160m (timeout 120m)
[2026-03-28 05:20:01]     ⚠️  STALE (exceeded timeout)
[2026-03-28 05:20:01]   Task test-opt-parallel-error: age 29578160m (timeout 120m)
[2026-03-28 05:20:01]     ⚠️  STALE (exceeded timeout)
[2026-03-28 05:20:01]   Task audit-all-work: age 29578160m (timeout 120m)
[2026-03-28 05:20:01]     ⚠️  STALE (exceeded timeout)
[2026-03-28 05:20:01]   Task workqueue-automation: age 29578160m (timeout 120m)
[2026-03-28 05:20:01]     ⚠️  STALE (exceeded timeout)
[2026-03-28 05:20:01]   Task test-opt-analytics-opus: age 29578160m (timeout 120m)
[2026-03-28 05:20:01]     ⚠️  STALE (exceeded timeout)
[2026-03-28 05:20:01]   Task fix-trade-builder-403: age 29578160m (timeout 120m)
[2026-03-28 05:20:01]     ⚠️  STALE (exceeded timeout)
[2026-03-28 05:20:01]   Task fix-all-trade-issues: age 29578160m (timeout 120m)
[2026-03-28 05:20:01]     ⚠️  STALE (exceeded timeout)
[2026-03-28 05:20:01] Archiving 9 stale + 0 completed tasks...
[2026-03-28 05:30:01] Checking 9 active tasks...
[2026-03-28 05:30:01]   Task dogfood-qa-week4: age 29578170m (timeout 120m)
[2026-03-28 05:30:01]     ⚠️  STALE (exceeded timeout)
[2026-03-28 05:30:01]   Task fix-dogfood-week4: age 29578170m (timeout 120m)
[2026-03-28 05:30:01]     ⚠️  STALE (exceeded timeout)
[2026-03-28 05:30:01]   Task test-opt-parallel-logger: age 29578170m (timeout 120m)
[2026-03-28 05:30:01]     ⚠️  STALE (exceeded timeout)
[2026-03-28 05:30:01]   Task test-opt-parallel-error: age 29578170m (timeout 120m)
[2026-03-28 05:30:01]     ⚠️  STALE (exceeded timeout)
[2026-03-28 05:30:01]   Task audit-all-work: age 29578170m (timeout 120m)
[2026-03-28 05:30:01]     ⚠️  STALE (exceeded timeout)
[2026-03-28 05:30:01]   Task workqueue-automation: age 29578170m (timeout 120m)
[2026-03-28 05:30:01]     ⚠️  STALE (exceeded timeout)
[2026-03-28 05:30:01]   Task test-opt-analytics-opus: age 29578170m (timeout 120m)
[2026-03-28 05:30:01]     ⚠️  STALE (exceeded timeout)
[2026-03-28 05:30:01]   Task fix-trade-builder-403: age 29578170m (timeout 120m)
[2026-03-28 05:30:01]     ⚠️  STALE (exceeded timeout)
[2026-03-28 05:30:01]   Task fix-all-trade-issues: age 29578170m (timeout 120m)
[2026-03-28 05:30:01]     ⚠️  STALE (exceeded timeout)
[2026-03-28 05:30:01] Archiving 9 stale + 0 completed tasks...
[2026-03-28 05:40:00] Checking 9 active tasks...
[2026-03-28 05:40:00]   Task dogfood-qa-week4: age 29578180m (timeout 120m)
[2026-03-28 05:40:00]     ⚠️  STALE (exceeded timeout)
[2026-03-28 05:40:00]   Task fix-dogfood-week4: age 29578180m (timeout 120m)
[2026-03-28 05:40:00]     ⚠️  STALE (exceeded timeout)
[2026-03-28 05:40:00]   Task test-opt-parallel-logger: age 29578180m (timeout 120m)
[2026-03-28 05:40:00]     ⚠️  STALE (exceeded timeout)
[2026-03-28 05:40:00]   Task test-opt-parallel-error: age 29578180m (timeout 120m)
[2026-03-28 05:40:00]     ⚠️  STALE (exceeded timeout)
[2026-03-28 05:40:00]   Task audit-all-work: age 29578180m (timeout 120m)
[2026-03-28 05:40:00]     ⚠️  STALE (exceeded timeout)
[2026-03-28 05:40:00]   Task workqueue-automation: age 29578180m (timeout 120m)
[2026-03-28 05:40:00]     ⚠️  STALE (exceeded timeout)
[2026-03-28 05:40:00]   Task test-opt-analytics-opus: age 29578180m (timeout 120m)
[2026-03-28 05:40:00]     ⚠️  STALE (exceeded timeout)
[2026-03-28 05:40:01]   Task fix-trade-builder-403: age 29578180m (timeout 120m)
[2026-03-28 05:40:01]     ⚠️  STALE (exceeded timeout)
[2026-03-28 05:40:01]   Task fix-all-trade-issues: age 29578180m (timeout 120m)
[2026-03-28 05:40:01]     ⚠️  STALE (exceeded timeout)
[2026-03-28 05:40:01] Archiving 9 stale + 0 completed tasks...
[2026-03-28 05:50:00] Checking 9 active tasks...
[2026-03-28 05:50:00]   Task dogfood-qa-week4: age 29578190m (timeout 120m)
[2026-03-28 05:50:00]     ⚠️  STALE (exceeded timeout)
[2026-03-28 05:50:00]   Task fix-dogfood-week4: age 29578190m (timeout 120m)
[2026-03-28 05:50:00]     ⚠️  STALE (exceeded timeout)
[2026-03-28 05:50:00]   Task test-opt-parallel-logger: age 29578190m (timeout 120m)
[2026-03-28 05:50:00]     ⚠️  STALE (exceeded timeout)
[2026-03-28 05:50:00]   Task test-opt-parallel-error: age 29578190m (timeout 120m)
[2026-03-28 05:50:00]     ⚠️  STALE (exceeded timeout)
[2026-03-28 05:50:00]   Task audit-all-work: age 29578190m (timeout 120m)
[2026-03-28 05:50:00]     ⚠️  STALE (exceeded timeout)
[2026-03-28 05:50:00]   Task workqueue-automation: age 29578190m (timeout 120m)
[2026-03-28 05:50:00]     ⚠️  STALE (exceeded timeout)
[2026-03-28 05:50:00]   Task test-opt-analytics-opus: age 29578190m (timeout 120m)
[2026-03-28 05:50:00]     ⚠️  STALE (exceeded timeout)
[2026-03-28 05:50:00]   Task fix-trade-builder-403: age 29578190m (timeout 120m)
[2026-03-28 05:50:00]     ⚠️  STALE (exceeded timeout)
[2026-03-28 05:50:00]   Task fix-all-trade-issues: age 29578190m (timeout 120m)
[2026-03-28 05:50:00]     ⚠️  STALE (exceeded timeout)
[2026-03-28 05:50:00] Archiving 9 stale + 0 completed tasks...
[2026-03-28 06:00:01] Checking 9 active tasks...
[2026-03-28 06:00:01]   Task dogfood-qa-week4: age 29578200m (timeout 120m)
[2026-03-28 06:00:01]     ⚠️  STALE (exceeded timeout)
[2026-03-28 06:00:01]   Task fix-dogfood-week4: age 29578200m (timeout 120m)
[2026-03-28 06:00:01]     ⚠️  STALE (exceeded timeout)
[2026-03-28 06:00:01]   Task test-opt-parallel-logger: age 29578200m (timeout 120m)
[2026-03-28 06:00:01]     ⚠️  STALE (exceeded timeout)
[2026-03-28 06:00:01]   Task test-opt-parallel-error: age 29578200m (timeout 120m)
[2026-03-28 06:00:01]     ⚠️  STALE (exceeded timeout)
[2026-03-28 06:00:01]   Task audit-all-work: age 29578200m (timeout 120m)
[2026-03-28 06:00:01]     ⚠️  STALE (exceeded timeout)
[2026-03-28 06:00:01]   Task workqueue-automation: age 29578200m (timeout 120m)
[2026-03-28 06:00:01]     ⚠️  STALE (exceeded timeout)
[2026-03-28 06:00:01]   Task test-opt-analytics-opus: age 29578200m (timeout 120m)
[2026-03-28 06:00:01]     ⚠️  STALE (exceeded timeout)
[2026-03-28 06:00:01]   Task fix-trade-builder-403: age 29578200m (timeout 120m)
[2026-03-28 06:00:01]     ⚠️  STALE (exceeded timeout)
[2026-03-28 06:00:01]   Task fix-all-trade-issues: age 29578200m (timeout 120m)
[2026-03-28 06:00:01]     ⚠️  STALE (exceeded timeout)
[2026-03-28 06:00:01] Archiving 9 stale + 0 completed tasks...
[2026-03-28 06:10:00] Checking 9 active tasks...
[2026-03-28 06:10:01]   Task dogfood-qa-week4: age 29578210m (timeout 120m)
[2026-03-28 06:10:01]     ⚠️  STALE (exceeded timeout)
[2026-03-28 06:10:01]   Task fix-dogfood-week4: age 29578210m (timeout 120m)
[2026-03-28 06:10:01]     ⚠️  STALE (exceeded timeout)
[2026-03-28 06:10:01]   Task test-opt-parallel-logger: age 29578210m (timeout 120m)
[2026-03-28 06:10:01]     ⚠️  STALE (exceeded timeout)
[2026-03-28 06:10:01]   Task test-opt-parallel-error: age 29578210m (timeout 120m)
[2026-03-28 06:10:01]     ⚠️  STALE (exceeded timeout)
[2026-03-28 06:10:01]   Task audit-all-work: age 29578210m (timeout 120m)
[2026-03-28 06:10:01]     ⚠️  STALE (exceeded timeout)
[2026-03-28 06:10:01]   Task workqueue-automation: age 29578210m (timeout 120m)
[2026-03-28 06:10:01]     ⚠️  STALE (exceeded timeout)
[2026-03-28 06:10:01]   Task test-opt-analytics-opus: age 29578210m (timeout 120m)
[2026-03-28 06:10:01]     ⚠️  STALE (exceeded timeout)
[2026-03-28 06:10:01]   Task fix-trade-builder-403: age 29578210m (timeout 120m)
[2026-03-28 06:10:01]     ⚠️  STALE (exceeded timeout)
[2026-03-28 06:10:01]   Task fix-all-trade-issues: age 29578210m (timeout 120m)
[2026-03-28 06:10:01]     ⚠️  STALE (exceeded timeout)
[2026-03-28 06:10:01] Archiving 9 stale + 0 completed tasks...
[2026-03-28 06:20:00] Checking 9 active tasks...
[2026-03-28 06:20:00]   Task dogfood-qa-week4: age 29578220m (timeout 120m)
[2026-03-28 06:20:00]     ⚠️  STALE (exceeded timeout)
[2026-03-28 06:20:00]   Task fix-dogfood-week4: age 29578220m (timeout 120m)
[2026-03-28 06:20:00]     ⚠️  STALE (exceeded timeout)
[2026-03-28 06:20:00]   Task test-opt-parallel-logger: age 29578220m (timeout 120m)
[2026-03-28 06:20:00]     ⚠️  STALE (exceeded timeout)
[2026-03-28 06:20:00]   Task test-opt-parallel-error: age 29578220m (timeout 120m)
[2026-03-28 06:20:00]     ⚠️  STALE (exceeded timeout)
[2026-03-28 06:20:00]   Task audit-all-work: age 29578220m (timeout 120m)
[2026-03-28 06:20:00]     ⚠️  STALE (exceeded timeout)
[2026-03-28 06:20:00]   Task workqueue-automation: age 29578220m (timeout 120m)
[2026-03-28 06:20:00]     ⚠️  STALE (exceeded timeout)
[2026-03-28 06:20:00]   Task test-opt-analytics-opus: age 29578220m (timeout 120m)
[2026-03-28 06:20:00]     ⚠️  STALE (exceeded timeout)
[2026-03-28 06:20:00]   Task fix-trade-builder-403: age 29578220m (timeout 120m)
[2026-03-28 06:20:00]     ⚠️  STALE (exceeded timeout)
[2026-03-28 06:20:00]   Task fix-all-trade-issues: age 29578220m (timeout 120m)
[2026-03-28 06:20:00]     ⚠️  STALE (exceeded timeout)
[2026-03-28 06:20:00] Archiving 9 stale + 0 completed tasks...
[2026-03-28 06:30:00] Checking 9 active tasks...
[2026-03-28 06:30:01]   Task dogfood-qa-week4: age 29578230m (timeout 120m)
[2026-03-28 06:30:01]     ⚠️  STALE (exceeded timeout)
[2026-03-28 06:30:01]   Task fix-dogfood-week4: age 29578230m (timeout 120m)
[2026-03-28 06:30:01]     ⚠️  STALE (exceeded timeout)
[2026-03-28 06:30:01]   Task test-opt-parallel-logger: age 29578230m (timeout 120m)
[2026-03-28 06:30:01]     ⚠️  STALE (exceeded timeout)
[2026-03-28 06:30:01]   Task test-opt-parallel-error: age 29578230m (timeout 120m)
[2026-03-28 06:30:01]     ⚠️  STALE (exceeded timeout)
[2026-03-28 06:30:01]   Task audit-all-work: age 29578230m (timeout 120m)
[2026-03-28 06:30:01]     ⚠️  STALE (exceeded timeout)
[2026-03-28 06:30:01]   Task workqueue-automation: age 29578230m (timeout 120m)
[2026-03-28 06:30:01]     ⚠️  STALE (exceeded timeout)
[2026-03-28 06:30:01]   Task test-opt-analytics-opus: age 29578230m (timeout 120m)
[2026-03-28 06:30:01]     ⚠️  STALE (exceeded timeout)
[2026-03-28 06:30:01]   Task fix-trade-builder-403: age 29578230m (timeout 120m)
[2026-03-28 06:30:01]     ⚠️  STALE (exceeded timeout)
[2026-03-28 06:30:01]   Task fix-all-trade-issues: age 29578230m (timeout 120m)
[2026-03-28 06:30:01]     ⚠️  STALE (exceeded timeout)
[2026-03-28 06:30:01] Archiving 9 stale + 0 completed tasks...
[2026-03-28 06:40:00] Checking 9 active tasks...
[2026-03-28 06:40:00]   Task dogfood-qa-week4: age 29578240m (timeout 120m)
[2026-03-28 06:40:00]     ⚠️  STALE (exceeded timeout)
[2026-03-28 06:40:00]   Task fix-dogfood-week4: age 29578240m (timeout 120m)
[2026-03-28 06:40:00]     ⚠️  STALE (exceeded timeout)
[2026-03-28 06:40:00]   Task test-opt-parallel-logger: age 29578240m (timeout 120m)
[2026-03-28 06:40:00]     ⚠️  STALE (exceeded timeout)
[2026-03-28 06:40:00]   Task test-opt-parallel-error: age 29578240m (timeout 120m)
[2026-03-28 06:40:00]     ⚠️  STALE (exceeded timeout)
[2026-03-28 06:40:00]   Task audit-all-work: age 29578240m (timeout 120m)
[2026-03-28 06:40:00]     ⚠️  STALE (exceeded timeout)
[2026-03-28 06:40:00]   Task workqueue-automation: age 29578240m (timeout 120m)
[2026-03-28 06:40:00]     ⚠️  STALE (exceeded timeout)
[2026-03-28 06:40:00]   Task test-opt-analytics-opus: age 29578240m (timeout 120m)
[2026-03-28 06:40:00]     ⚠️  STALE (exceeded timeout)
[2026-03-28 06:40:00]   Task fix-trade-builder-403: age 29578240m (timeout 120m)
[2026-03-28 06:40:00]     ⚠️  STALE (exceeded timeout)
[2026-03-28 06:40:00]   Task fix-all-trade-issues: age 29578240m (timeout 120m)
[2026-03-28 06:40:00]     ⚠️  STALE (exceeded timeout)
[2026-03-28 06:40:01] Archiving 9 stale + 0 completed tasks...
[2026-03-28 06:50:00] Checking 9 active tasks...
[2026-03-28 06:50:00]   Task dogfood-qa-week4: age 29578250m (timeout 120m)
[2026-03-28 06:50:00]     ⚠️  STALE (exceeded timeout)
[2026-03-28 06:50:00]   Task fix-dogfood-week4: age 29578250m (timeout 120m)
[2026-03-28 06:50:00]     ⚠️  STALE (exceeded timeout)
[2026-03-28 06:50:00]   Task test-opt-parallel-logger: age 29578250m (timeout 120m)
[2026-03-28 06:50:00]     ⚠️  STALE (exceeded timeout)
[2026-03-28 06:50:00]   Task test-opt-parallel-error: age 29578250m (timeout 120m)
[2026-03-28 06:50:00]     ⚠️  STALE (exceeded timeout)
[2026-03-28 06:50:00]   Task audit-all-work: age 29578250m (timeout 120m)
[2026-03-28 06:50:00]     ⚠️  STALE (exceeded timeout)
[2026-03-28 06:50:00]   Task workqueue-automation: age 29578250m (timeout 120m)
[2026-03-28 06:50:00]     ⚠️  STALE (exceeded timeout)
[2026-03-28 06:50:00]   Task test-opt-analytics-opus: age 29578250m (timeout 120m)
[2026-03-28 06:50:00]     ⚠️  STALE (exceeded timeout)
[2026-03-28 06:50:00]   Task fix-trade-builder-403: age 29578250m (timeout 120m)
[2026-03-28 06:50:00]     ⚠️  STALE (exceeded timeout)
[2026-03-28 06:50:00]   Task fix-all-trade-issues: age 29578250m (timeout 120m)
[2026-03-28 06:50:00]     ⚠️  STALE (exceeded timeout)
[2026-03-28 06:50:00] Archiving 9 stale + 0 completed tasks...
[2026-03-28 07:00:01] Checking 9 active tasks...
[2026-03-28 07:00:01]   Task dogfood-qa-week4: age 29578260m (timeout 120m)
[2026-03-28 07:00:01]     ⚠️  STALE (exceeded timeout)
[2026-03-28 07:00:01]   Task fix-dogfood-week4: age 29578260m (timeout 120m)
[2026-03-28 07:00:01]     ⚠️  STALE (exceeded timeout)
[2026-03-28 07:00:01]   Task test-opt-parallel-logger: age 29578260m (timeout 120m)
[2026-03-28 07:00:01]     ⚠️  STALE (exceeded timeout)
[2026-03-28 07:00:01]   Task test-opt-parallel-error: age 29578260m (timeout 120m)
[2026-03-28 07:00:01]     ⚠️  STALE (exceeded timeout)
[2026-03-28 07:00:01]   Task audit-all-work: age 29578260m (timeout 120m)
[2026-03-28 07:00:01]     ⚠️  STALE (exceeded timeout)
[2026-03-28 07:00:01]   Task workqueue-automation: age 29578260m (timeout 120m)
[2026-03-28 07:00:01]     ⚠️  STALE (exceeded timeout)
[2026-03-28 07:00:01]   Task test-opt-analytics-opus: age 29578260m (timeout 120m)
[2026-03-28 07:00:01]     ⚠️  STALE (exceeded timeout)
[2026-03-28 07:00:01]   Task fix-trade-builder-403: age 29578260m (timeout 120m)
[2026-03-28 07:00:01]     ⚠️  STALE (exceeded timeout)
[2026-03-28 07:00:01]   Task fix-all-trade-issues: age 29578260m (timeout 120m)
[2026-03-28 07:00:01]     ⚠️  STALE (exceeded timeout)
[2026-03-28 07:00:01] Archiving 9 stale + 0 completed tasks...
[2026-03-28 07:10:00] Checking 9 active tasks...
[2026-03-28 07:10:00]   Task dogfood-qa-week4: age 29578270m (timeout 120m)
[2026-03-28 07:10:00]     ⚠️  STALE (exceeded timeout)
[2026-03-28 07:10:00]   Task fix-dogfood-week4: age 29578270m (timeout 120m)
[2026-03-28 07:10:00]     ⚠️  STALE (exceeded timeout)
[2026-03-28 07:10:00]   Task test-opt-parallel-logger: age 29578270m (timeout 120m)
[2026-03-28 07:10:00]     ⚠️  STALE (exceeded timeout)
[2026-03-28 07:10:01]   Task test-opt-parallel-error: age 29578270m (timeout 120m)
[2026-03-28 07:10:01]     ⚠️  STALE (exceeded timeout)
[2026-03-28 07:10:01]   Task audit-all-work: age 29578270m (timeout 120m)
[2026-03-28 07:10:01]     ⚠️  STALE (exceeded timeout)
[2026-03-28 07:10:01]   Task workqueue-automation: age 29578270m (timeout 120m)
[2026-03-28 07:10:01]     ⚠️  STALE (exceeded timeout)
[2026-03-28 07:10:01]   Task test-opt-analytics-opus: age 29578270m (timeout 120m)
[2026-03-28 07:10:01]     ⚠️  STALE (exceeded timeout)
[2026-03-28 07:10:01]   Task fix-trade-builder-403: age 29578270m (timeout 120m)
[2026-03-28 07:10:01]     ⚠️  STALE (exceeded timeout)
[2026-03-28 07:10:01]   Task fix-all-trade-issues: age 29578270m (timeout 120m)
[2026-03-28 07:10:01]     ⚠️  STALE (exceeded timeout)
[2026-03-28 07:10:01] Archiving 9 stale + 0 completed tasks...
[2026-03-28 07:20:00] Checking 9 active tasks...
[2026-03-28 07:20:00]   Task dogfood-qa-week4: age 29578280m (timeout 120m)
[2026-03-28 07:20:00]     ⚠️  STALE (exceeded timeout)
[2026-03-28 07:20:00]   Task fix-dogfood-week4: age 29578280m (timeout 120m)
[2026-03-28 07:20:00]     ⚠️  STALE (exceeded timeout)
[2026-03-28 07:20:00]   Task test-opt-parallel-logger: age 29578280m (timeout 120m)
[2026-03-28 07:20:00]     ⚠️  STALE (exceeded timeout)
[2026-03-28 07:20:00]   Task test-opt-parallel-error: age 29578280m (timeout 120m)
[2026-03-28 07:20:00]     ⚠️  STALE (exceeded timeout)
[2026-03-28 07:20:00]   Task audit-all-work: age 29578280m (timeout 120m)
[2026-03-28 07:20:00]     ⚠️  STALE (exceeded timeout)
[2026-03-28 07:20:00]   Task workqueue-automation: age 29578280m (timeout 120m)
[2026-03-28 07:20:00]     ⚠️  STALE (exceeded timeout)
[2026-03-28 07:20:00]   Task test-opt-analytics-opus: age 29578280m (timeout 120m)
[2026-03-28 07:20:00]     ⚠️  STALE (exceeded timeout)
[2026-03-28 07:20:00]   Task fix-trade-builder-403: age 29578280m (timeout 120m)
[2026-03-28 07:20:00]     ⚠️  STALE (exceeded timeout)
[2026-03-28 07:20:00]   Task fix-all-trade-issues: age 29578280m (timeout 120m)
[2026-03-28 07:20:00]     ⚠️  STALE (exceeded timeout)
[2026-03-28 07:20:00] Archiving 9 stale + 0 completed tasks...
[2026-03-28 07:30:00] Checking 9 active tasks...
[2026-03-28 07:30:01]   Task dogfood-qa-week4: age 29578290m (timeout 120m)
[2026-03-28 07:30:01]     ⚠️  STALE (exceeded timeout)
[2026-03-28 07:30:01]   Task fix-dogfood-week4: age 29578290m (timeout 120m)
[2026-03-28 07:30:01]     ⚠️  STALE (exceeded timeout)
[2026-03-28 07:30:01]   Task test-opt-parallel-logger: age 29578290m (timeout 120m)
[2026-03-28 07:30:01]     ⚠️  STALE (exceeded timeout)
[2026-03-28 07:30:01]   Task test-opt-parallel-error: age 29578290m (timeout 120m)
[2026-03-28 07:30:01]     ⚠️  STALE (exceeded timeout)
[2026-03-28 07:30:01]   Task audit-all-work: age 29578290m (timeout 120m)
[2026-03-28 07:30:01]     ⚠️  STALE (exceeded timeout)
[2026-03-28 07:30:01]   Task workqueue-automation: age 29578290m (timeout 120m)
[2026-03-28 07:30:01]     ⚠️  STALE (exceeded timeout)
[2026-03-28 07:30:01]   Task test-opt-analytics-opus: age 29578290m (timeout 120m)
[2026-03-28 07:30:01]     ⚠️  STALE (exceeded timeout)
[2026-03-28 07:30:01]   Task fix-trade-builder-403: age 29578290m (timeout 120m)
[2026-03-28 07:30:01]     ⚠️  STALE (exceeded timeout)
[2026-03-28 07:30:01]   Task fix-all-trade-issues: age 29578290m (timeout 120m)
[2026-03-28 07:30:01]     ⚠️  STALE (exceeded timeout)
[2026-03-28 07:30:01] Archiving 9 stale + 0 completed tasks...
[2026-03-28 07:40:00] Checking 9 active tasks...
[2026-03-28 07:40:00]   Task dogfood-qa-week4: age 29578300m (timeout 120m)
[2026-03-28 07:40:00]     ⚠️  STALE (exceeded timeout)
[2026-03-28 07:40:00]   Task fix-dogfood-week4: age 29578300m (timeout 120m)
[2026-03-28 07:40:00]     ⚠️  STALE (exceeded timeout)
[2026-03-28 07:40:00]   Task test-opt-parallel-logger: age 29578300m (timeout 120m)
[2026-03-28 07:40:00]     ⚠️  STALE (exceeded timeout)
[2026-03-28 07:40:00]   Task test-opt-parallel-error: age 29578300m (timeout 120m)
[2026-03-28 07:40:00]     ⚠️  STALE (exceeded timeout)
[2026-03-28 07:40:00]   Task audit-all-work: age 29578300m (timeout 120m)
[2026-03-28 07:40:00]     ⚠️  STALE (exceeded timeout)
[2026-03-28 07:40:00]   Task workqueue-automation: age 29578300m (timeout 120m)
[2026-03-28 07:40:00]     ⚠️  STALE (exceeded timeout)
[2026-03-28 07:40:00]   Task test-opt-analytics-opus: age 29578300m (timeout 120m)
[2026-03-28 07:40:00]     ⚠️  STALE (exceeded timeout)
[2026-03-28 07:40:00]   Task fix-trade-builder-403: age 29578300m (timeout 120m)
[2026-03-28 07:40:00]     ⚠️  STALE (exceeded timeout)
[2026-03-28 07:40:00]   Task fix-all-trade-issues: age 29578300m (timeout 120m)
[2026-03-28 07:40:00]     ⚠️  STALE (exceeded timeout)
[2026-03-28 07:40:00] Archiving 9 stale + 0 completed tasks...
[2026-03-28 07:50:00] Checking 9 active tasks...
[2026-03-28 07:50:01]   Task dogfood-qa-week4: age 29578310m (timeout 120m)
[2026-03-28 07:50:01]     ⚠️  STALE (exceeded timeout)
[2026-03-28 07:50:01]   Task fix-dogfood-week4: age 29578310m (timeout 120m)
[2026-03-28 07:50:01]     ⚠️  STALE (exceeded timeout)
[2026-03-28 07:50:01]   Task test-opt-parallel-logger: age 29578310m (timeout 120m)
[2026-03-28 07:50:01]     ⚠️  STALE (exceeded timeout)
[2026-03-28 07:50:01]   Task test-opt-parallel-error: age 29578310m (timeout 120m)
[2026-03-28 07:50:01]     ⚠️  STALE (exceeded timeout)
[2026-03-28 07:50:01]   Task audit-all-work: age 29578310m (timeout 120m)
[2026-03-28 07:50:01]     ⚠️  STALE (exceeded timeout)
[2026-03-28 07:50:01]   Task workqueue-automation: age 29578310m (timeout 120m)
[2026-03-28 07:50:01]     ⚠️  STALE (exceeded timeout)
[2026-03-28 07:50:01]   Task test-opt-analytics-opus: age 29578310m (timeout 120m)
[2026-03-28 07:50:01]     ⚠️  STALE (exceeded timeout)
[2026-03-28 07:50:01]   Task fix-trade-builder-403: age 29578310m (timeout 120m)
[2026-03-28 07:50:01]     ⚠️  STALE (exceeded timeout)
[2026-03-28 07:50:01]   Task fix-all-trade-issues: age 29578310m (timeout 120m)
[2026-03-28 07:50:01]     ⚠️  STALE (exceeded timeout)
[2026-03-28 07:50:01] Archiving 9 stale + 0 completed tasks...
[2026-03-28 08:00:00] Checking 9 active tasks...
[2026-03-28 08:00:00]   Task dogfood-qa-week4: age 29578320m (timeout 120m)
[2026-03-28 08:00:00]     ⚠️  STALE (exceeded timeout)
[2026-03-28 08:00:00]   Task fix-dogfood-week4: age 29578320m (timeout 120m)
[2026-03-28 08:00:00]     ⚠️  STALE (exceeded timeout)
[2026-03-28 08:00:00]   Task test-opt-parallel-logger: age 29578320m (timeout 120m)
[2026-03-28 08:00:00]     ⚠️  STALE (exceeded timeout)
[2026-03-28 08:00:00]   Task test-opt-parallel-error: age 29578320m (timeout 120m)
[2026-03-28 08:00:00]     ⚠️  STALE (exceeded timeout)
[2026-03-28 08:00:00]   Task audit-all-work: age 29578320m (timeout 120m)
[2026-03-28 08:00:00]     ⚠️  STALE (exceeded timeout)
[2026-03-28 08:00:00]   Task workqueue-automation: age 29578320m (timeout 120m)
[2026-03-28 08:00:00]     ⚠️  STALE (exceeded timeout)
[2026-03-28 08:00:00]   Task test-opt-analytics-opus: age 29578320m (timeout 120m)
[2026-03-28 08:00:00]     ⚠️  STALE (exceeded timeout)
[2026-03-28 08:00:00]   Task fix-trade-builder-403: age 29578320m (timeout 120m)
[2026-03-28 08:00:00]     ⚠️  STALE (exceeded timeout)
[2026-03-28 08:00:00]   Task fix-all-trade-issues: age 29578320m (timeout 120m)
[2026-03-28 08:00:00]     ⚠️  STALE (exceeded timeout)
[2026-03-28 08:00:00] Archiving 9 stale + 0 completed tasks...
[2026-03-28 08:10:00] Checking 9 active tasks...
[2026-03-28 08:10:00]   Task dogfood-qa-week4: age 29578330m (timeout 120m)
[2026-03-28 08:10:00]     ⚠️  STALE (exceeded timeout)
[2026-03-28 08:10:01]   Task fix-dogfood-week4: age 29578330m (timeout 120m)
[2026-03-28 08:10:01]     ⚠️  STALE (exceeded timeout)
[2026-03-28 08:10:01]   Task test-opt-parallel-logger: age 29578330m (timeout 120m)
[2026-03-28 08:10:01]     ⚠️  STALE (exceeded timeout)
[2026-03-28 08:10:01]   Task test-opt-parallel-error: age 29578330m (timeout 120m)
[2026-03-28 08:10:01]     ⚠️  STALE (exceeded timeout)
[2026-03-28 08:10:01]   Task audit-all-work: age 29578330m (timeout 120m)
[2026-03-28 08:10:01]     ⚠️  STALE (exceeded timeout)
[2026-03-28 08:10:01]   Task workqueue-automation: age 29578330m (timeout 120m)
[2026-03-28 08:10:01]     ⚠️  STALE (exceeded timeout)
[2026-03-28 08:10:01]   Task test-opt-analytics-opus: age 29578330m (timeout 120m)
[2026-03-28 08:10:01]     ⚠️  STALE (exceeded timeout)
[2026-03-28 08:10:01]   Task fix-trade-builder-403: age 29578330m (timeout 120m)
[2026-03-28 08:10:01]     ⚠️  STALE (exceeded timeout)
[2026-03-28 08:10:01]   Task fix-all-trade-issues: age 29578330m (timeout 120m)
[2026-03-28 08:10:01]     ⚠️  STALE (exceeded timeout)
[2026-03-28 08:10:01] Archiving 9 stale + 0 completed tasks...
[2026-03-28 08:20:00] Checking 9 active tasks...
[2026-03-28 08:20:00]   Task dogfood-qa-week4: age 29578340m (timeout 120m)
[2026-03-28 08:20:00]     ⚠️  STALE (exceeded timeout)
[2026-03-28 08:20:00]   Task fix-dogfood-week4: age 29578340m (timeout 120m)
[2026-03-28 08:20:00]     ⚠️  STALE (exceeded timeout)
[2026-03-28 08:20:00]   Task test-opt-parallel-logger: age 29578340m (timeout 120m)
[2026-03-28 08:20:00]     ⚠️  STALE (exceeded timeout)
[2026-03-28 08:20:00]   Task test-opt-parallel-error: age 29578340m (timeout 120m)
[2026-03-28 08:20:00]     ⚠️  STALE (exceeded timeout)
[2026-03-28 08:20:01]   Task audit-all-work: age 29578340m (timeout 120m)
[2026-03-28 08:20:01]     ⚠️  STALE (exceeded timeout)
[2026-03-28 08:20:01]   Task workqueue-automation: age 29578340m (timeout 120m)
[2026-03-28 08:20:01]     ⚠️  STALE (exceeded timeout)
[2026-03-28 08:20:01]   Task test-opt-analytics-opus: age 29578340m (timeout 120m)
[2026-03-28 08:20:01]     ⚠️  STALE (exceeded timeout)
[2026-03-28 08:20:01]   Task fix-trade-builder-403: age 29578340m (timeout 120m)
[2026-03-28 08:20:01]     ⚠️  STALE (exceeded timeout)
[2026-03-28 08:20:01]   Task fix-all-trade-issues: age 29578340m (timeout 120m)
[2026-03-28 08:20:01]     ⚠️  STALE (exceeded timeout)
[2026-03-28 08:20:01] Archiving 9 stale + 0 completed tasks...
[2026-03-28 08:30:00] Checking 9 active tasks...
[2026-03-28 08:30:00]   Task dogfood-qa-week4: age 29578350m (timeout 120m)
[2026-03-28 08:30:00]     ⚠️  STALE (exceeded timeout)
[2026-03-28 08:30:00]   Task fix-dogfood-week4: age 29578350m (timeout 120m)
[2026-03-28 08:30:00]     ⚠️  STALE (exceeded timeout)
[2026-03-28 08:30:00]   Task test-opt-parallel-logger: age 29578350m (timeout 120m)
[2026-03-28 08:30:00]     ⚠️  STALE (exceeded timeout)
[2026-03-28 08:30:00]   Task test-opt-parallel-error: age 29578350m (timeout 120m)
[2026-03-28 08:30:00]     ⚠️  STALE (exceeded timeout)
[2026-03-28 08:30:00]   Task audit-all-work: age 29578350m (timeout 120m)
[2026-03-28 08:30:00]     ⚠️  STALE (exceeded timeout)
[2026-03-28 08:30:00]   Task workqueue-automation: age 29578350m (timeout 120m)
[2026-03-28 08:30:00]     ⚠️  STALE (exceeded timeout)
[2026-03-28 08:30:00]   Task test-opt-analytics-opus: age 29578350m (timeout 120m)
[2026-03-28 08:30:00]     ⚠️  STALE (exceeded timeout)
[2026-03-28 08:30:00]   Task fix-trade-builder-403: age 29578350m (timeout 120m)
[2026-03-28 08:30:00]     ⚠️  STALE (exceeded timeout)
[2026-03-28 08:30:00]   Task fix-all-trade-issues: age 29578350m (timeout 120m)
[2026-03-28 08:30:00]     ⚠️  STALE (exceeded timeout)
[2026-03-28 08:30:00] Archiving 9 stale + 0 completed tasks...
[2026-03-28 08:40:00] Checking 9 active tasks...
[2026-03-28 08:40:00]   Task dogfood-qa-week4: age 29578360m (timeout 120m)
[2026-03-28 08:40:00]     ⚠️  STALE (exceeded timeout)
[2026-03-28 08:40:00]   Task fix-dogfood-week4: age 29578360m (timeout 120m)
[2026-03-28 08:40:00]     ⚠️  STALE (exceeded timeout)
[2026-03-28 08:40:01]   Task test-opt-parallel-logger: age 29578360m (timeout 120m)
[2026-03-28 08:40:01]     ⚠️  STALE (exceeded timeout)
[2026-03-28 08:40:01]   Task test-opt-parallel-error: age 29578360m (timeout 120m)
[2026-03-28 08:40:01]     ⚠️  STALE (exceeded timeout)
[2026-03-28 08:40:01]   Task audit-all-work: age 29578360m (timeout 120m)
[2026-03-28 08:40:01]     ⚠️  STALE (exceeded timeout)
[2026-03-28 08:40:01]   Task workqueue-automation: age 29578360m (timeout 120m)
[2026-03-28 08:40:01]     ⚠️  STALE (exceeded timeout)
[2026-03-28 08:40:01]   Task test-opt-analytics-opus: age 29578360m (timeout 120m)
[2026-03-28 08:40:01]     ⚠️  STALE (exceeded timeout)
[2026-03-28 08:40:01]   Task fix-trade-builder-403: age 29578360m (timeout 120m)
[2026-03-28 08:40:01]     ⚠️  STALE (exceeded timeout)
[2026-03-28 08:40:01]   Task fix-all-trade-issues: age 29578360m (timeout 120m)
[2026-03-28 08:40:01]     ⚠️  STALE (exceeded timeout)
[2026-03-28 08:40:01] Archiving 9 stale + 0 completed tasks...
[2026-03-28 08:50:00] Checking 9 active tasks...
[2026-03-28 08:50:00]   Task dogfood-qa-week4: age 29578370m (timeout 120m)
[2026-03-28 08:50:00]     ⚠️  STALE (exceeded timeout)
[2026-03-28 08:50:00]   Task fix-dogfood-week4: age 29578370m (timeout 120m)
[2026-03-28 08:50:00]     ⚠️  STALE (exceeded timeout)
[2026-03-28 08:50:00]   Task test-opt-parallel-logger: age 29578370m (timeout 120m)
[2026-03-28 08:50:00]     ⚠️  STALE (exceeded timeout)
[2026-03-28 08:50:00]   Task test-opt-parallel-error: age 29578370m (timeout 120m)
[2026-03-28 08:50:00]     ⚠️  STALE (exceeded timeout)
[2026-03-28 08:50:00]   Task audit-all-work: age 29578370m (timeout 120m)
[2026-03-28 08:50:00]     ⚠️  STALE (exceeded timeout)
[2026-03-28 08:50:00]   Task workqueue-automation: age 29578370m (timeout 120m)
[2026-03-28 08:50:00]     ⚠️  STALE (exceeded timeout)
[2026-03-28 08:50:00]   Task test-opt-analytics-opus: age 29578370m (timeout 120m)
[2026-03-28 08:50:00]     ⚠️  STALE (exceeded timeout)
[2026-03-28 08:50:00]   Task fix-trade-builder-403: age 29578370m (timeout 120m)
[2026-03-28 08:50:00]     ⚠️  STALE (exceeded timeout)
[2026-03-28 08:50:00]   Task fix-all-trade-issues: age 29578370m (timeout 120m)
[2026-03-28 08:50:00]     ⚠️  STALE (exceeded timeout)
[2026-03-28 08:50:00] Archiving 9 stale + 0 completed tasks...
[2026-03-28 09:00:00] Checking 9 active tasks...
[2026-03-28 09:00:00]   Task dogfood-qa-week4: age 29578380m (timeout 120m)
[2026-03-28 09:00:00]     ⚠️  STALE (exceeded timeout)
[2026-03-28 09:00:00]   Task fix-dogfood-week4: age 29578380m (timeout 120m)
[2026-03-28 09:00:00]     ⚠️  STALE (exceeded timeout)
[2026-03-28 09:00:00]   Task test-opt-parallel-logger: age 29578380m (timeout 120m)
[2026-03-28 09:00:00]     ⚠️  STALE (exceeded timeout)
[2026-03-28 09:00:00]   Task test-opt-parallel-error: age 29578380m (timeout 120m)
[2026-03-28 09:00:00]     ⚠️  STALE (exceeded timeout)
[2026-03-28 09:00:01]   Task audit-all-work: age 29578380m (timeout 120m)
[2026-03-28 09:00:01]     ⚠️  STALE (exceeded timeout)
[2026-03-28 09:00:01]   Task workqueue-automation: age 29578380m (timeout 120m)
[2026-03-28 09:00:01]     ⚠️  STALE (exceeded timeout)
[2026-03-28 09:00:01]   Task test-opt-analytics-opus: age 29578380m (timeout 120m)
[2026-03-28 09:00:01]     ⚠️  STALE (exceeded timeout)
[2026-03-28 09:00:01]   Task fix-trade-builder-403: age 29578380m (timeout 120m)
[2026-03-28 09:00:01]     ⚠️  STALE (exceeded timeout)
[2026-03-28 09:00:01]   Task fix-all-trade-issues: age 29578380m (timeout 120m)
[2026-03-28 09:00:01]     ⚠️  STALE (exceeded timeout)
[2026-03-28 09:00:01] Archiving 9 stale + 0 completed tasks...
[2026-03-28 09:10:00] Checking 9 active tasks...
[2026-03-28 09:10:01]   Task dogfood-qa-week4: age 29578390m (timeout 120m)
[2026-03-28 09:10:01]     ⚠️  STALE (exceeded timeout)
[2026-03-28 09:10:01]   Task fix-dogfood-week4: age 29578390m (timeout 120m)
[2026-03-28 09:10:01]     ⚠️  STALE (exceeded timeout)
[2026-03-28 09:10:01]   Task test-opt-parallel-logger: age 29578390m (timeout 120m)
[2026-03-28 09:10:01]     ⚠️  STALE (exceeded timeout)
[2026-03-28 09:10:01]   Task test-opt-parallel-error: age 29578390m (timeout 120m)
[2026-03-28 09:10:01]     ⚠️  STALE (exceeded timeout)
[2026-03-28 09:10:01]   Task audit-all-work: age 29578390m (timeout 120m)
[2026-03-28 09:10:01]     ⚠️  STALE (exceeded timeout)
[2026-03-28 09:10:01]   Task workqueue-automation: age 29578390m (timeout 120m)
[2026-03-28 09:10:01]     ⚠️  STALE (exceeded timeout)
[2026-03-28 09:10:01]   Task test-opt-analytics-opus: age 29578390m (timeout 120m)
[2026-03-28 09:10:01]     ⚠️  STALE (exceeded timeout)
[2026-03-28 09:10:01]   Task fix-trade-builder-403: age 29578390m (timeout 120m)
[2026-03-28 09:10:01]     ⚠️  STALE (exceeded timeout)
[2026-03-28 09:10:01]   Task fix-all-trade-issues: age 29578390m (timeout 120m)
[2026-03-28 09:10:01]     ⚠️  STALE (exceeded timeout)
[2026-03-28 09:10:01] Archiving 9 stale + 0 completed tasks...
[2026-03-28 09:20:00] Checking 9 active tasks...
[2026-03-28 09:20:00]   Task dogfood-qa-week4: age 29578400m (timeout 120m)
[2026-03-28 09:20:00]     ⚠️  STALE (exceeded timeout)
[2026-03-28 09:20:00]   Task fix-dogfood-week4: age 29578400m (timeout 120m)
[2026-03-28 09:20:00]     ⚠️  STALE (exceeded timeout)
[2026-03-28 09:20:00]   Task test-opt-parallel-logger: age 29578400m (timeout 120m)
[2026-03-28 09:20:00]     ⚠️  STALE (exceeded timeout)
[2026-03-28 09:20:00]   Task test-opt-parallel-error: age 29578400m (timeout 120m)
[2026-03-28 09:20:00]     ⚠️  STALE (exceeded timeout)
[2026-03-28 09:20:00]   Task audit-all-work: age 29578400m (timeout 120m)
[2026-03-28 09:20:00]     ⚠️  STALE (exceeded timeout)
[2026-03-28 09:20:00]   Task workqueue-automation: age 29578400m (timeout 120m)
[2026-03-28 09:20:00]     ⚠️  STALE (exceeded timeout)
[2026-03-28 09:20:00]   Task test-opt-analytics-opus: age 29578400m (timeout 120m)
[2026-03-28 09:20:00]     ⚠️  STALE (exceeded timeout)
[2026-03-28 09:20:00]   Task fix-trade-builder-403: age 29578400m (timeout 120m)
[2026-03-28 09:20:00]     ⚠️  STALE (exceeded timeout)
[2026-03-28 09:20:00]   Task fix-all-trade-issues: age 29578400m (timeout 120m)
[2026-03-28 09:20:00]     ⚠️  STALE (exceeded timeout)
[2026-03-28 09:20:00] Archiving 9 stale + 0 completed tasks...
[2026-03-28 09:30:00] Checking 9 active tasks...
[2026-03-28 09:30:00]   Task dogfood-qa-week4: age 29578410m (timeout 120m)
[2026-03-28 09:30:00]     ⚠️  STALE (exceeded timeout)
[2026-03-28 09:30:00]   Task fix-dogfood-week4: age 29578410m (timeout 120m)
[2026-03-28 09:30:00]     ⚠️  STALE (exceeded timeout)
[2026-03-28 09:30:00]   Task test-opt-parallel-logger: age 29578410m (timeout 120m)
[2026-03-28 09:30:00]     ⚠️  STALE (exceeded timeout)
[2026-03-28 09:30:00]   Task test-opt-parallel-error: age 29578410m (timeout 120m)
[2026-03-28 09:30:00]     ⚠️  STALE (exceeded timeout)
[2026-03-28 09:30:00]   Task audit-all-work: age 29578410m (timeout 120m)
[2026-03-28 09:30:00]     ⚠️  STALE (exceeded timeout)
[2026-03-28 09:30:00]   Task workqueue-automation: age 29578410m (timeout 120m)
[2026-03-28 09:30:00]     ⚠️  STALE (exceeded timeout)
[2026-03-28 09:30:00]   Task test-opt-analytics-opus: age 29578410m (timeout 120m)
[2026-03-28 09:30:00]     ⚠️  STALE (exceeded timeout)
[2026-03-28 09:30:00]   Task fix-trade-builder-403: age 29578410m (timeout 120m)
[2026-03-28 09:30:00]     ⚠️  STALE (exceeded timeout)
[2026-03-28 09:30:00]   Task fix-all-trade-issues: age 29578410m (timeout 120m)
[2026-03-28 09:30:00]     ⚠️  STALE (exceeded timeout)
[2026-03-28 09:30:00] Archiving 9 stale + 0 completed tasks...
[2026-03-28 09:40:00] Checking 9 active tasks...
[2026-03-28 09:40:00]   Task dogfood-qa-week4: age 29578420m (timeout 120m)
[2026-03-28 09:40:00]     ⚠️  STALE (exceeded timeout)
[2026-03-28 09:40:00]   Task fix-dogfood-week4: age 29578420m (timeout 120m)
[2026-03-28 09:40:00]     ⚠️  STALE (exceeded timeout)
[2026-03-28 09:40:00]   Task test-opt-parallel-logger: age 29578420m (timeout 120m)
[2026-03-28 09:40:00]     ⚠️  STALE (exceeded timeout)
[2026-03-28 09:40:00]   Task test-opt-parallel-error: age 29578420m (timeout 120m)
[2026-03-28 09:40:00]     ⚠️  STALE (exceeded timeout)
[2026-03-28 09:40:00]   Task audit-all-work: age 29578420m (timeout 120m)
[2026-03-28 09:40:00]     ⚠️  STALE (exceeded timeout)
[2026-03-28 09:40:00]   Task workqueue-automation: age 29578420m (timeout 120m)
[2026-03-28 09:40:01]     ⚠️  STALE (exceeded timeout)
[2026-03-28 09:40:01]   Task test-opt-analytics-opus: age 29578420m (timeout 120m)
[2026-03-28 09:40:01]     ⚠️  STALE (exceeded timeout)
[2026-03-28 09:40:01]   Task fix-trade-builder-403: age 29578420m (timeout 120m)
[2026-03-28 09:40:01]     ⚠️  STALE (exceeded timeout)
[2026-03-28 09:40:01]   Task fix-all-trade-issues: age 29578420m (timeout 120m)
[2026-03-28 09:40:01]     ⚠️  STALE (exceeded timeout)
[2026-03-28 09:40:01] Archiving 9 stale + 0 completed tasks...
[2026-03-28 09:50:00] Checking 9 active tasks...
[2026-03-28 09:50:00]   Task dogfood-qa-week4: age 29578430m (timeout 120m)
[2026-03-28 09:50:00]     ⚠️  STALE (exceeded timeout)
[2026-03-28 09:50:01]   Task fix-dogfood-week4: age 29578430m (timeout 120m)
[2026-03-28 09:50:01]     ⚠️  STALE (exceeded timeout)
[2026-03-28 09:50:01]   Task test-opt-parallel-logger: age 29578430m (timeout 120m)
[2026-03-28 09:50:01]     ⚠️  STALE (exceeded timeout)
[2026-03-28 09:50:01]   Task test-opt-parallel-error: age 29578430m (timeout 120m)
[2026-03-28 09:50:01]     ⚠️  STALE (exceeded timeout)
[2026-03-28 09:50:01]   Task audit-all-work: age 29578430m (timeout 120m)
[2026-03-28 09:50:01]     ⚠️  STALE (exceeded timeout)
[2026-03-28 09:50:01]   Task workqueue-automation: age 29578430m (timeout 120m)
[2026-03-28 09:50:01]     ⚠️  STALE (exceeded timeout)
[2026-03-28 09:50:01]   Task test-opt-analytics-opus: age 29578430m (timeout 120m)
[2026-03-28 09:50:01]     ⚠️  STALE (exceeded timeout)
[2026-03-28 09:50:01]   Task fix-trade-builder-403: age 29578430m (timeout 120m)
[2026-03-28 09:50:01]     ⚠️  STALE (exceeded timeout)
[2026-03-28 09:50:01]   Task fix-all-trade-issues: age 29578430m (timeout 120m)
[2026-03-28 09:50:01]     ⚠️  STALE (exceeded timeout)
[2026-03-28 09:50:01] Archiving 9 stale + 0 completed tasks...
[2026-03-28 10:00:00] Checking 9 active tasks...
[2026-03-28 10:00:00]   Task dogfood-qa-week4: age 29578440m (timeout 120m)
[2026-03-28 10:00:00]     ⚠️  STALE (exceeded timeout)
[2026-03-28 10:00:00]   Task fix-dogfood-week4: age 29578440m (timeout 120m)
[2026-03-28 10:00:00]     ⚠️  STALE (exceeded timeout)
[2026-03-28 10:00:00]   Task test-opt-parallel-logger: age 29578440m (timeout 120m)
[2026-03-28 10:00:00]     ⚠️  STALE (exceeded timeout)
[2026-03-28 10:00:00]   Task test-opt-parallel-error: age 29578440m (timeout 120m)
[2026-03-28 10:00:00]     ⚠️  STALE (exceeded timeout)
[2026-03-28 10:00:01]   Task audit-all-work: age 29578440m (timeout 120m)
[2026-03-28 10:00:01]     ⚠️  STALE (exceeded timeout)
[2026-03-28 10:00:01]   Task workqueue-automation: age 29578440m (timeout 120m)
[2026-03-28 10:00:01]     ⚠️  STALE (exceeded timeout)
[2026-03-28 10:00:01]   Task test-opt-analytics-opus: age 29578440m (timeout 120m)
[2026-03-28 10:00:01]     ⚠️  STALE (exceeded timeout)
[2026-03-28 10:00:01]   Task fix-trade-builder-403: age 29578440m (timeout 120m)
[2026-03-28 10:00:01]     ⚠️  STALE (exceeded timeout)
[2026-03-28 10:00:01]   Task fix-all-trade-issues: age 29578440m (timeout 120m)
[2026-03-28 10:00:01]     ⚠️  STALE (exceeded timeout)
[2026-03-28 10:00:01] Archiving 9 stale + 0 completed tasks...
[2026-03-28 10:10:00] Checking 9 active tasks...
[2026-03-28 10:10:00]   Task dogfood-qa-week4: age 29578450m (timeout 120m)
[2026-03-28 10:10:00]     ⚠️  STALE (exceeded timeout)
[2026-03-28 10:10:00]   Task fix-dogfood-week4: age 29578450m (timeout 120m)
[2026-03-28 10:10:00]     ⚠️  STALE (exceeded timeout)
[2026-03-28 10:10:00]   Task test-opt-parallel-logger: age 29578450m (timeout 120m)
[2026-03-28 10:10:00]     ⚠️  STALE (exceeded timeout)
[2026-03-28 10:10:00]   Task test-opt-parallel-error: age 29578450m (timeout 120m)
[2026-03-28 10:10:00]     ⚠️  STALE (exceeded timeout)
[2026-03-28 10:10:00]   Task audit-all-work: age 29578450m (timeout 120m)
[2026-03-28 10:10:00]     ⚠️  STALE (exceeded timeout)
[2026-03-28 10:10:00]   Task workqueue-automation: age 29578450m (timeout 120m)
[2026-03-28 10:10:00]     ⚠️  STALE (exceeded timeout)
[2026-03-28 10:10:00]   Task test-opt-analytics-opus: age 29578450m (timeout 120m)
[2026-03-28 10:10:00]     ⚠️  STALE (exceeded timeout)
[2026-03-28 10:10:00]   Task fix-trade-builder-403: age 29578450m (timeout 120m)
[2026-03-28 10:10:00]     ⚠️  STALE (exceeded timeout)
[2026-03-28 10:10:01]   Task fix-all-trade-issues: age 29578450m (timeout 120m)
[2026-03-28 10:10:01]     ⚠️  STALE (exceeded timeout)
[2026-03-28 10:10:01] Archiving 9 stale + 0 completed tasks...
[2026-03-28 10:20:00] Checking 9 active tasks...
[2026-03-28 10:20:00]   Task dogfood-qa-week4: age 29578460m (timeout 120m)
[2026-03-28 10:20:00]     ⚠️  STALE (exceeded timeout)
[2026-03-28 10:20:00]   Task fix-dogfood-week4: age 29578460m (timeout 120m)
[2026-03-28 10:20:00]     ⚠️  STALE (exceeded timeout)
[2026-03-28 10:20:00]   Task test-opt-parallel-logger: age 29578460m (timeout 120m)
[2026-03-28 10:20:00]     ⚠️  STALE (exceeded timeout)
[2026-03-28 10:20:00]   Task test-opt-parallel-error: age 29578460m (timeout 120m)
[2026-03-28 10:20:00]     ⚠️  STALE (exceeded timeout)
[2026-03-28 10:20:01]   Task audit-all-work: age 29578460m (timeout 120m)
[2026-03-28 10:20:01]     ⚠️  STALE (exceeded timeout)
[2026-03-28 10:20:01]   Task workqueue-automation: age 29578460m (timeout 120m)
[2026-03-28 10:20:01]     ⚠️  STALE (exceeded timeout)
[2026-03-28 10:20:01]   Task test-opt-analytics-opus: age 29578460m (timeout 120m)
[2026-03-28 10:20:01]     ⚠️  STALE (exceeded timeout)
[2026-03-28 10:20:01]   Task fix-trade-builder-403: age 29578460m (timeout 120m)
[2026-03-28 10:20:01]     ⚠️  STALE (exceeded timeout)
[2026-03-28 10:20:01]   Task fix-all-trade-issues: age 29578460m (timeout 120m)
[2026-03-28 10:20:01]     ⚠️  STALE (exceeded timeout)
[2026-03-28 10:20:01] Archiving 9 stale + 0 completed tasks...
[2026-03-28 10:30:00] Checking 9 active tasks...
[2026-03-28 10:30:01]   Task dogfood-qa-week4: age 29578470m (timeout 120m)
[2026-03-28 10:30:01]     ⚠️  STALE (exceeded timeout)
[2026-03-28 10:30:01]   Task fix-dogfood-week4: age 29578470m (timeout 120m)
[2026-03-28 10:30:01]     ⚠️  STALE (exceeded timeout)
[2026-03-28 10:30:01]   Task test-opt-parallel-logger: age 29578470m (timeout 120m)
[2026-03-28 10:30:01]     ⚠️  STALE (exceeded timeout)
[2026-03-28 10:30:01]   Task test-opt-parallel-error: age 29578470m (timeout 120m)
[2026-03-28 10:30:01]     ⚠️  STALE (exceeded timeout)
[2026-03-28 10:30:01]   Task audit-all-work: age 29578470m (timeout 120m)
[2026-03-28 10:30:01]     ⚠️  STALE (exceeded timeout)
[2026-03-28 10:30:01]   Task workqueue-automation: age 29578470m (timeout 120m)
[2026-03-28 10:30:01]     ⚠️  STALE (exceeded timeout)
[2026-03-28 10:30:01]   Task test-opt-analytics-opus: age 29578470m (timeout 120m)
[2026-03-28 10:30:01]     ⚠️  STALE (exceeded timeout)
[2026-03-28 10:30:01]   Task fix-trade-builder-403: age 29578470m (timeout 120m)
[2026-03-28 10:30:01]     ⚠️  STALE (exceeded timeout)
[2026-03-28 10:30:01]   Task fix-all-trade-issues: age 29578470m (timeout 120m)
[2026-03-28 10:30:01]     ⚠️  STALE (exceeded timeout)
[2026-03-28 10:30:01] Archiving 9 stale + 0 completed tasks...
[2026-03-28 10:40:01] Checking 9 active tasks...
[2026-03-28 10:40:01]   Task dogfood-qa-week4: age 29578480m (timeout 120m)
[2026-03-28 10:40:01]     ⚠️  STALE (exceeded timeout)
[2026-03-28 10:40:01]   Task fix-dogfood-week4: age 29578480m (timeout 120m)
[2026-03-28 10:40:01]     ⚠️  STALE (exceeded timeout)
[2026-03-28 10:40:01]   Task test-opt-parallel-logger: age 29578480m (timeout 120m)
[2026-03-28 10:40:01]     ⚠️  STALE (exceeded timeout)
[2026-03-28 10:40:01]   Task test-opt-parallel-error: age 29578480m (timeout 120m)
[2026-03-28 10:40:01]     ⚠️  STALE (exceeded timeout)
[2026-03-28 10:40:01]   Task audit-all-work: age 29578480m (timeout 120m)
[2026-03-28 10:40:01]     ⚠️  STALE (exceeded timeout)
[2026-03-28 10:40:01]   Task workqueue-automation: age 29578480m (timeout 120m)
[2026-03-28 10:40:01]     ⚠️  STALE (exceeded timeout)
[2026-03-28 10:40:01]   Task test-opt-analytics-opus: age 29578480m (timeout 120m)
[2026-03-28 10:40:01]     ⚠️  STALE (exceeded timeout)
[2026-03-28 10:40:01]   Task fix-trade-builder-403: age 29578480m (timeout 120m)
[2026-03-28 10:40:01]     ⚠️  STALE (exceeded timeout)
[2026-03-28 10:40:01]   Task fix-all-trade-issues: age 29578480m (timeout 120m)
[2026-03-28 10:40:01]     ⚠️  STALE (exceeded timeout)
[2026-03-28 10:40:01] Archiving 9 stale + 0 completed tasks...
[2026-03-28 10:50:01] Checking 9 active tasks...
[2026-03-28 10:50:01]   Task dogfood-qa-week4: age 29578490m (timeout 120m)
[2026-03-28 10:50:01]     ⚠️  STALE (exceeded timeout)
[2026-03-28 10:50:01]   Task fix-dogfood-week4: age 29578490m (timeout 120m)
[2026-03-28 10:50:01]     ⚠️  STALE (exceeded timeout)
[2026-03-28 10:50:01]   Task test-opt-parallel-logger: age 29578490m (timeout 120m)
[2026-03-28 10:50:01]     ⚠️  STALE (exceeded timeout)
[2026-03-28 10:50:01]   Task test-opt-parallel-error: age 29578490m (timeout 120m)
[2026-03-28 10:50:01]     ⚠️  STALE (exceeded timeout)
[2026-03-28 10:50:01]   Task audit-all-work: age 29578490m (timeout 120m)
[2026-03-28 10:50:01]     ⚠️  STALE (exceeded timeout)
[2026-03-28 10:50:01]   Task workqueue-automation: age 29578490m (timeout 120m)
[2026-03-28 10:50:01]     ⚠️  STALE (exceeded timeout)
[2026-03-28 10:50:01]   Task test-opt-analytics-opus: age 29578490m (timeout 120m)
[2026-03-28 10:50:01]     ⚠️  STALE (exceeded timeout)
[2026-03-28 10:50:01]   Task fix-trade-builder-403: age 29578490m (timeout 120m)
[2026-03-28 10:50:01]     ⚠️  STALE (exceeded timeout)
[2026-03-28 10:50:01]   Task fix-all-trade-issues: age 29578490m (timeout 120m)
[2026-03-28 10:50:01]     ⚠️  STALE (exceeded timeout)
[2026-03-28 10:50:01] Archiving 9 stale + 0 completed tasks...
[2026-03-28 11:00:01] Checking 9 active tasks...
[2026-03-28 11:00:01]   Task dogfood-qa-week4: age 29578500m (timeout 120m)
[2026-03-28 11:00:01]     ⚠️  STALE (exceeded timeout)
[2026-03-28 11:00:01]   Task fix-dogfood-week4: age 29578500m (timeout 120m)
[2026-03-28 11:00:01]     ⚠️  STALE (exceeded timeout)
[2026-03-28 11:00:01]   Task test-opt-parallel-logger: age 29578500m (timeout 120m)
[2026-03-28 11:00:01]     ⚠️  STALE (exceeded timeout)
[2026-03-28 11:00:01]   Task test-opt-parallel-error: age 29578500m (timeout 120m)
[2026-03-28 11:00:01]     ⚠️  STALE (exceeded timeout)
[2026-03-28 11:00:01]   Task audit-all-work: age 29578500m (timeout 120m)
[2026-03-28 11:00:01]     ⚠️  STALE (exceeded timeout)
[2026-03-28 11:00:01]   Task workqueue-automation: age 29578500m (timeout 120m)
[2026-03-28 11:00:01]     ⚠️  STALE (exceeded timeout)
[2026-03-28 11:00:01]   Task test-opt-analytics-opus: age 29578500m (timeout 120m)
[2026-03-28 11:00:01]     ⚠️  STALE (exceeded timeout)
[2026-03-28 11:00:01]   Task fix-trade-builder-403: age 29578500m (timeout 120m)
[2026-03-28 11:00:01]     ⚠️  STALE (exceeded timeout)
[2026-03-28 11:00:01]   Task fix-all-trade-issues: age 29578500m (timeout 120m)
[2026-03-28 11:00:01]     ⚠️  STALE (exceeded timeout)
[2026-03-28 11:00:01] Archiving 9 stale + 0 completed tasks...
[2026-03-28 11:10:00] Checking 9 active tasks...
[2026-03-28 11:10:00]   Task dogfood-qa-week4: age 29578510m (timeout 120m)
[2026-03-28 11:10:00]     ⚠️  STALE (exceeded timeout)
[2026-03-28 11:10:00]   Task fix-dogfood-week4: age 29578510m (timeout 120m)
[2026-03-28 11:10:00]     ⚠️  STALE (exceeded timeout)
[2026-03-28 11:10:00]   Task test-opt-parallel-logger: age 29578510m (timeout 120m)
[2026-03-28 11:10:00]     ⚠️  STALE (exceeded timeout)
[2026-03-28 11:10:00]   Task test-opt-parallel-error: age 29578510m (timeout 120m)
[2026-03-28 11:10:00]     ⚠️  STALE (exceeded timeout)
[2026-03-28 11:10:00]   Task audit-all-work: age 29578510m (timeout 120m)
[2026-03-28 11:10:00]     ⚠️  STALE (exceeded timeout)
[2026-03-28 11:10:00]   Task workqueue-automation: age 29578510m (timeout 120m)
[2026-03-28 11:10:00]     ⚠️  STALE (exceeded timeout)
[2026-03-28 11:10:00]   Task test-opt-analytics-opus: age 29578510m (timeout 120m)
[2026-03-28 11:10:00]     ⚠️  STALE (exceeded timeout)
[2026-03-28 11:10:00]   Task fix-trade-builder-403: age 29578510m (timeout 120m)
[2026-03-28 11:10:00]     ⚠️  STALE (exceeded timeout)
[2026-03-28 11:10:00]   Task fix-all-trade-issues: age 29578510m (timeout 120m)
[2026-03-28 11:10:00]     ⚠️  STALE (exceeded timeout)
[2026-03-28 11:10:00] Archiving 9 stale + 0 completed tasks...
[2026-03-28 11:20:00] Checking 9 active tasks...
[2026-03-28 11:20:00]   Task dogfood-qa-week4: age 29578520m (timeout 120m)
[2026-03-28 11:20:00]     ⚠️  STALE (exceeded timeout)
[2026-03-28 11:20:00]   Task fix-dogfood-week4: age 29578520m (timeout 120m)
[2026-03-28 11:20:00]     ⚠️  STALE (exceeded timeout)
[2026-03-28 11:20:00]   Task test-opt-parallel-logger: age 29578520m (timeout 120m)
[2026-03-28 11:20:00]     ⚠️  STALE (exceeded timeout)
[2026-03-28 11:20:00]   Task test-opt-parallel-error: age 29578520m (timeout 120m)
[2026-03-28 11:20:00]     ⚠️  STALE (exceeded timeout)
[2026-03-28 11:20:00]   Task audit-all-work: age 29578520m (timeout 120m)
[2026-03-28 11:20:00]     ⚠️  STALE (exceeded timeout)
[2026-03-28 11:20:00]   Task workqueue-automation: age 29578520m (timeout 120m)
[2026-03-28 11:20:00]     ⚠️  STALE (exceeded timeout)
[2026-03-28 11:20:00]   Task test-opt-analytics-opus: age 29578520m (timeout 120m)
[2026-03-28 11:20:00]     ⚠️  STALE (exceeded timeout)
[2026-03-28 11:20:00]   Task fix-trade-builder-403: age 29578520m (timeout 120m)
[2026-03-28 11:20:00]     ⚠️  STALE (exceeded timeout)
[2026-03-28 11:20:00]   Task fix-all-trade-issues: age 29578520m (timeout 120m)
[2026-03-28 11:20:00]     ⚠️  STALE (exceeded timeout)
[2026-03-28 11:20:00] Archiving 9 stale + 0 completed tasks...
[2026-03-28 11:30:00] Checking 9 active tasks...
[2026-03-28 11:30:00]   Task dogfood-qa-week4: age 29578530m (timeout 120m)
[2026-03-28 11:30:00]     ⚠️  STALE (exceeded timeout)
[2026-03-28 11:30:00]   Task fix-dogfood-week4: age 29578530m (timeout 120m)
[2026-03-28 11:30:00]     ⚠️  STALE (exceeded timeout)
[2026-03-28 11:30:00]   Task test-opt-parallel-logger: age 29578530m (timeout 120m)
[2026-03-28 11:30:00]     ⚠️  STALE (exceeded timeout)
[2026-03-28 11:30:00]   Task test-opt-parallel-error: age 29578530m (timeout 120m)
[2026-03-28 11:30:00]     ⚠️  STALE (exceeded timeout)
[2026-03-28 11:30:00]   Task audit-all-work: age 29578530m (timeout 120m)
[2026-03-28 11:30:00]     ⚠️  STALE (exceeded timeout)
[2026-03-28 11:30:00]   Task workqueue-automation: age 29578530m (timeout 120m)
[2026-03-28 11:30:00]     ⚠️  STALE (exceeded timeout)
[2026-03-28 11:30:01]   Task test-opt-analytics-opus: age 29578530m (timeout 120m)
[2026-03-28 11:30:01]     ⚠️  STALE (exceeded timeout)
[2026-03-28 11:30:01]   Task fix-trade-builder-403: age 29578530m (timeout 120m)
[2026-03-28 11:30:01]     ⚠️  STALE (exceeded timeout)
[2026-03-28 11:30:01]   Task fix-all-trade-issues: age 29578530m (timeout 120m)
[2026-03-28 11:30:01]     ⚠️  STALE (exceeded timeout)
[2026-03-28 11:30:01] Archiving 9 stale + 0 completed tasks...
[2026-03-28 11:40:00] Checking 9 active tasks...
[2026-03-28 11:40:01]   Task dogfood-qa-week4: age 29578540m (timeout 120m)
[2026-03-28 11:40:01]     ⚠️  STALE (exceeded timeout)
[2026-03-28 11:40:01]   Task fix-dogfood-week4: age 29578540m (timeout 120m)
[2026-03-28 11:40:01]     ⚠️  STALE (exceeded timeout)
[2026-03-28 11:40:01]   Task test-opt-parallel-logger: age 29578540m (timeout 120m)
[2026-03-28 11:40:01]     ⚠️  STALE (exceeded timeout)
[2026-03-28 11:40:01]   Task test-opt-parallel-error: age 29578540m (timeout 120m)
[2026-03-28 11:40:01]     ⚠️  STALE (exceeded timeout)
[2026-03-28 11:40:01]   Task audit-all-work: age 29578540m (timeout 120m)
[2026-03-28 11:40:01]     ⚠️  STALE (exceeded timeout)
[2026-03-28 11:40:01]   Task workqueue-automation: age 29578540m (timeout 120m)
[2026-03-28 11:40:01]     ⚠️  STALE (exceeded timeout)
[2026-03-28 11:40:01]   Task test-opt-analytics-opus: age 29578540m (timeout 120m)
[2026-03-28 11:40:01]     ⚠️  STALE (exceeded timeout)
[2026-03-28 11:40:01]   Task fix-trade-builder-403: age 29578540m (timeout 120m)
[2026-03-28 11:40:01]     ⚠️  STALE (exceeded timeout)
[2026-03-28 11:40:01]   Task fix-all-trade-issues: age 29578540m (timeout 120m)
[2026-03-28 11:40:01]     ⚠️  STALE (exceeded timeout)
[2026-03-28 11:40:01] Archiving 9 stale + 0 completed tasks...
[2026-03-28 11:50:00] Checking 9 active tasks...
[2026-03-28 11:50:00]   Task dogfood-qa-week4: age 29578550m (timeout 120m)
[2026-03-28 11:50:00]     ⚠️  STALE (exceeded timeout)
[2026-03-28 11:50:01]   Task fix-dogfood-week4: age 29578550m (timeout 120m)
[2026-03-28 11:50:01]     ⚠️  STALE (exceeded timeout)
[2026-03-28 11:50:01]   Task test-opt-parallel-logger: age 29578550m (timeout 120m)
[2026-03-28 11:50:01]     ⚠️  STALE (exceeded timeout)
[2026-03-28 11:50:01]   Task test-opt-parallel-error: age 29578550m (timeout 120m)
[2026-03-28 11:50:01]     ⚠️  STALE (exceeded timeout)
[2026-03-28 11:50:01]   Task audit-all-work: age 29578550m (timeout 120m)
[2026-03-28 11:50:01]     ⚠️  STALE (exceeded timeout)
[2026-03-28 11:50:01]   Task workqueue-automation: age 29578550m (timeout 120m)
[2026-03-28 11:50:01]     ⚠️  STALE (exceeded timeout)
[2026-03-28 11:50:01]   Task test-opt-analytics-opus: age 29578550m (timeout 120m)
[2026-03-28 11:50:01]     ⚠️  STALE (exceeded timeout)
[2026-03-28 11:50:01]   Task fix-trade-builder-403: age 29578550m (timeout 120m)
[2026-03-28 11:50:01]     ⚠️  STALE (exceeded timeout)
[2026-03-28 11:50:01]   Task fix-all-trade-issues: age 29578550m (timeout 120m)
[2026-03-28 11:50:01]     ⚠️  STALE (exceeded timeout)
[2026-03-28 11:50:01] Archiving 9 stale + 0 completed tasks...
[2026-03-28 12:00:00] Checking 9 active tasks...
[2026-03-28 12:00:00]   Task dogfood-qa-week4: age 29578560m (timeout 120m)
[2026-03-28 12:00:00]     ⚠️  STALE (exceeded timeout)
[2026-03-28 12:00:00]   Task fix-dogfood-week4: age 29578560m (timeout 120m)
[2026-03-28 12:00:00]     ⚠️  STALE (exceeded timeout)
[2026-03-28 12:00:00]   Task test-opt-parallel-logger: age 29578560m (timeout 120m)
[2026-03-28 12:00:00]     ⚠️  STALE (exceeded timeout)
[2026-03-28 12:00:01]   Task test-opt-parallel-error: age 29578560m (timeout 120m)
[2026-03-28 12:00:01]     ⚠️  STALE (exceeded timeout)
[2026-03-28 12:00:01]   Task audit-all-work: age 29578560m (timeout 120m)
[2026-03-28 12:00:01]     ⚠️  STALE (exceeded timeout)
[2026-03-28 12:00:01]   Task workqueue-automation: age 29578560m (timeout 120m)
[2026-03-28 12:00:01]     ⚠️  STALE (exceeded timeout)
[2026-03-28 12:00:01]   Task test-opt-analytics-opus: age 29578560m (timeout 120m)
[2026-03-28 12:00:01]     ⚠️  STALE (exceeded timeout)
[2026-03-28 12:00:01]   Task fix-trade-builder-403: age 29578560m (timeout 120m)
[2026-03-28 12:00:01]     ⚠️  STALE (exceeded timeout)
[2026-03-28 12:00:01]   Task fix-all-trade-issues: age 29578560m (timeout 120m)
[2026-03-28 12:00:01]     ⚠️  STALE (exceeded timeout)
[2026-03-28 12:00:01] Archiving 9 stale + 0 completed tasks...
[2026-03-28 12:10:00] Checking 9 active tasks...
[2026-03-28 12:10:01]   Task dogfood-qa-week4: age 29578570m (timeout 120m)
[2026-03-28 12:10:01]     ⚠️  STALE (exceeded timeout)
[2026-03-28 12:10:01]   Task fix-dogfood-week4: age 29578570m (timeout 120m)
[2026-03-28 12:10:01]     ⚠️  STALE (exceeded timeout)
[2026-03-28 12:10:01]   Task test-opt-parallel-logger: age 29578570m (timeout 120m)
[2026-03-28 12:10:01]     ⚠️  STALE (exceeded timeout)
[2026-03-28 12:10:01]   Task test-opt-parallel-error: age 29578570m (timeout 120m)
[2026-03-28 12:10:01]     ⚠️  STALE (exceeded timeout)
[2026-03-28 12:10:01]   Task audit-all-work: age 29578570m (timeout 120m)
[2026-03-28 12:10:01]     ⚠️  STALE (exceeded timeout)
[2026-03-28 12:10:01]   Task workqueue-automation: age 29578570m (timeout 120m)
[2026-03-28 12:10:01]     ⚠️  STALE (exceeded timeout)
[2026-03-28 12:10:01]   Task test-opt-analytics-opus: age 29578570m (timeout 120m)
[2026-03-28 12:10:01]     ⚠️  STALE (exceeded timeout)
[2026-03-28 12:10:01]   Task fix-trade-builder-403: age 29578570m (timeout 120m)
[2026-03-28 12:10:01]     ⚠️  STALE (exceeded timeout)
[2026-03-28 12:10:01]   Task fix-all-trade-issues: age 29578570m (timeout 120m)
[2026-03-28 12:10:01]     ⚠️  STALE (exceeded timeout)
[2026-03-28 12:10:01] Archiving 9 stale + 0 completed tasks...
[2026-03-28 12:20:01] Checking 9 active tasks...
[2026-03-28 12:20:01]   Task dogfood-qa-week4: age 29578580m (timeout 120m)
[2026-03-28 12:20:01]     ⚠️  STALE (exceeded timeout)
[2026-03-28 12:20:01]   Task fix-dogfood-week4: age 29578580m (timeout 120m)
[2026-03-28 12:20:01]     ⚠️  STALE (exceeded timeout)
[2026-03-28 12:20:01]   Task test-opt-parallel-logger: age 29578580m (timeout 120m)
[2026-03-28 12:20:01]     ⚠️  STALE (exceeded timeout)
[2026-03-28 12:20:01]   Task test-opt-parallel-error: age 29578580m (timeout 120m)
[2026-03-28 12:20:01]     ⚠️  STALE (exceeded timeout)
[2026-03-28 12:20:01]   Task audit-all-work: age 29578580m (timeout 120m)
[2026-03-28 12:20:01]     ⚠️  STALE (exceeded timeout)
[2026-03-28 12:20:01]   Task workqueue-automation: age 29578580m (timeout 120m)
[2026-03-28 12:20:01]     ⚠️  STALE (exceeded timeout)
[2026-03-28 12:20:01]   Task test-opt-analytics-opus: age 29578580m (timeout 120m)
[2026-03-28 12:20:01]     ⚠️  STALE (exceeded timeout)
[2026-03-28 12:20:01]   Task fix-trade-builder-403: age 29578580m (timeout 120m)
[2026-03-28 12:20:01]     ⚠️  STALE (exceeded timeout)
[2026-03-28 12:20:01]   Task fix-all-trade-issues: age 29578580m (timeout 120m)
[2026-03-28 12:20:01]     ⚠️  STALE (exceeded timeout)
[2026-03-28 12:20:01] Archiving 9 stale + 0 completed tasks...
[2026-03-28 12:30:00] Checking 9 active tasks...
[2026-03-28 12:30:00]   Task dogfood-qa-week4: age 29578590m (timeout 120m)
[2026-03-28 12:30:00]     ⚠️  STALE (exceeded timeout)
[2026-03-28 12:30:00]   Task fix-dogfood-week4: age 29578590m (timeout 120m)
[2026-03-28 12:30:00]     ⚠️  STALE (exceeded timeout)
[2026-03-28 12:30:00]   Task test-opt-parallel-logger: age 29578590m (timeout 120m)
[2026-03-28 12:30:00]     ⚠️  STALE (exceeded timeout)
[2026-03-28 12:30:00]   Task test-opt-parallel-error: age 29578590m (timeout 120m)
[2026-03-28 12:30:00]     ⚠️  STALE (exceeded timeout)
[2026-03-28 12:30:00]   Task audit-all-work: age 29578590m (timeout 120m)
[2026-03-28 12:30:00]     ⚠️  STALE (exceeded timeout)
[2026-03-28 12:30:00]   Task workqueue-automation: age 29578590m (timeout 120m)
[2026-03-28 12:30:00]     ⚠️  STALE (exceeded timeout)
[2026-03-28 12:30:01]   Task test-opt-analytics-opus: age 29578590m (timeout 120m)
[2026-03-28 12:30:01]     ⚠️  STALE (exceeded timeout)
[2026-03-28 12:30:01]   Task fix-trade-builder-403: age 29578590m (timeout 120m)
[2026-03-28 12:30:01]     ⚠️  STALE (exceeded timeout)
[2026-03-28 12:30:01]   Task fix-all-trade-issues: age 29578590m (timeout 120m)
[2026-03-28 12:30:01]     ⚠️  STALE (exceeded timeout)
[2026-03-28 12:30:01] Archiving 9 stale + 0 completed tasks...
[2026-03-28 12:40:00] Checking 9 active tasks...
[2026-03-28 12:40:00]   Task dogfood-qa-week4: age 29578600m (timeout 120m)
[2026-03-28 12:40:00]     ⚠️  STALE (exceeded timeout)
[2026-03-28 12:40:00]   Task fix-dogfood-week4: age 29578600m (timeout 120m)
[2026-03-28 12:40:00]     ⚠️  STALE (exceeded timeout)
[2026-03-28 12:40:00]   Task test-opt-parallel-logger: age 29578600m (timeout 120m)
[2026-03-28 12:40:00]     ⚠️  STALE (exceeded timeout)
[2026-03-28 12:40:00]   Task test-opt-parallel-error: age 29578600m (timeout 120m)
[2026-03-28 12:40:00]     ⚠️  STALE (exceeded timeout)
[2026-03-28 12:40:00]   Task audit-all-work: age 29578600m (timeout 120m)
[2026-03-28 12:40:00]     ⚠️  STALE (exceeded timeout)
[2026-03-28 12:40:01]   Task workqueue-automation: age 29578600m (timeout 120m)
[2026-03-28 12:40:01]     ⚠️  STALE (exceeded timeout)
[2026-03-28 12:40:01]   Task test-opt-analytics-opus: age 29578600m (timeout 120m)
[2026-03-28 12:40:01]     ⚠️  STALE (exceeded timeout)
[2026-03-28 12:40:01]   Task fix-trade-builder-403: age 29578600m (timeout 120m)
[2026-03-28 12:40:01]     ⚠️  STALE (exceeded timeout)
[2026-03-28 12:40:01]   Task fix-all-trade-issues: age 29578600m (timeout 120m)
[2026-03-28 12:40:01]     ⚠️  STALE (exceeded timeout)
[2026-03-28 12:40:01] Archiving 9 stale + 0 completed tasks...
[2026-03-28 12:50:00] Checking 9 active tasks...
[2026-03-28 12:50:00]   Task dogfood-qa-week4: age 29578610m (timeout 120m)
[2026-03-28 12:50:00]     ⚠️  STALE (exceeded timeout)
[2026-03-28 12:50:00]   Task fix-dogfood-week4: age 29578610m (timeout 120m)
[2026-03-28 12:50:00]     ⚠️  STALE (exceeded timeout)
[2026-03-28 12:50:00]   Task test-opt-parallel-logger: age 29578610m (timeout 120m)
[2026-03-28 12:50:00]     ⚠️  STALE (exceeded timeout)
[2026-03-28 12:50:00]   Task test-opt-parallel-error: age 29578610m (timeout 120m)
[2026-03-28 12:50:00]     ⚠️  STALE (exceeded timeout)
[2026-03-28 12:50:00]   Task audit-all-work: age 29578610m (timeout 120m)
[2026-03-28 12:50:00]     ⚠️  STALE (exceeded timeout)
[2026-03-28 12:50:00]   Task workqueue-automation: age 29578610m (timeout 120m)
[2026-03-28 12:50:00]     ⚠️  STALE (exceeded timeout)
[2026-03-28 12:50:00]   Task test-opt-analytics-opus: age 29578610m (timeout 120m)
[2026-03-28 12:50:00]     ⚠️  STALE (exceeded timeout)
[2026-03-28 12:50:01]   Task fix-trade-builder-403: age 29578610m (timeout 120m)
[2026-03-28 12:50:01]     ⚠️  STALE (exceeded timeout)
[2026-03-28 12:50:01]   Task fix-all-trade-issues: age 29578610m (timeout 120m)
[2026-03-28 12:50:01]     ⚠️  STALE (exceeded timeout)
[2026-03-28 12:50:01] Archiving 9 stale + 0 completed tasks...
[2026-03-28 13:00:00] Checking 9 active tasks...
[2026-03-28 13:00:01]   Task dogfood-qa-week4: age 29578620m (timeout 120m)
[2026-03-28 13:00:01]     ⚠️  STALE (exceeded timeout)
[2026-03-28 13:00:01]   Task fix-dogfood-week4: age 29578620m (timeout 120m)
[2026-03-28 13:00:01]     ⚠️  STALE (exceeded timeout)
[2026-03-28 13:00:01]   Task test-opt-parallel-logger: age 29578620m (timeout 120m)
[2026-03-28 13:00:01]     ⚠️  STALE (exceeded timeout)
[2026-03-28 13:00:01]   Task test-opt-parallel-error: age 29578620m (timeout 120m)
[2026-03-28 13:00:01]     ⚠️  STALE (exceeded timeout)
[2026-03-28 13:00:01]   Task audit-all-work: age 29578620m (timeout 120m)
[2026-03-28 13:00:01]     ⚠️  STALE (exceeded timeout)
[2026-03-28 13:00:01]   Task workqueue-automation: age 29578620m (timeout 120m)
[2026-03-28 13:00:01]     ⚠️  STALE (exceeded timeout)
[2026-03-28 13:00:01]   Task test-opt-analytics-opus: age 29578620m (timeout 120m)
[2026-03-28 13:00:01]     ⚠️  STALE (exceeded timeout)
[2026-03-28 13:00:01]   Task fix-trade-builder-403: age 29578620m (timeout 120m)
[2026-03-28 13:00:01]     ⚠️  STALE (exceeded timeout)
[2026-03-28 13:00:01]   Task fix-all-trade-issues: age 29578620m (timeout 120m)
[2026-03-28 13:00:01]     ⚠️  STALE (exceeded timeout)
[2026-03-28 13:00:01] Archiving 9 stale + 0 completed tasks...
[2026-03-28 13:10:00] Checking 9 active tasks...
[2026-03-28 13:10:00]   Task dogfood-qa-week4: age 29578630m (timeout 120m)
[2026-03-28 13:10:00]     ⚠️  STALE (exceeded timeout)
[2026-03-28 13:10:00]   Task fix-dogfood-week4: age 29578630m (timeout 120m)
[2026-03-28 13:10:00]     ⚠️  STALE (exceeded timeout)
[2026-03-28 13:10:00]   Task test-opt-parallel-logger: age 29578630m (timeout 120m)
[2026-03-28 13:10:00]     ⚠️  STALE (exceeded timeout)
[2026-03-28 13:10:00]   Task test-opt-parallel-error: age 29578630m (timeout 120m)
[2026-03-28 13:10:00]     ⚠️  STALE (exceeded timeout)
[2026-03-28 13:10:00]   Task audit-all-work: age 29578630m (timeout 120m)
[2026-03-28 13:10:00]     ⚠️  STALE (exceeded timeout)
[2026-03-28 13:10:00]   Task workqueue-automation: age 29578630m (timeout 120m)
[2026-03-28 13:10:00]     ⚠️  STALE (exceeded timeout)
[2026-03-28 13:10:01]   Task test-opt-analytics-opus: age 29578630m (timeout 120m)
[2026-03-28 13:10:01]     ⚠️  STALE (exceeded timeout)
[2026-03-28 13:10:01]   Task fix-trade-builder-403: age 29578630m (timeout 120m)
[2026-03-28 13:10:01]     ⚠️  STALE (exceeded timeout)
[2026-03-28 13:10:01]   Task fix-all-trade-issues: age 29578630m (timeout 120m)
[2026-03-28 13:10:01]     ⚠️  STALE (exceeded timeout)
[2026-03-28 13:10:01] Archiving 9 stale + 0 completed tasks...
[2026-03-28 13:20:00] Checking 9 active tasks...
[2026-03-28 13:20:00]   Task dogfood-qa-week4: age 29578640m (timeout 120m)
[2026-03-28 13:20:00]     ⚠️  STALE (exceeded timeout)
[2026-03-28 13:20:00]   Task fix-dogfood-week4: age 29578640m (timeout 120m)
[2026-03-28 13:20:00]     ⚠️  STALE (exceeded timeout)
[2026-03-28 13:20:00]   Task test-opt-parallel-logger: age 29578640m (timeout 120m)
[2026-03-28 13:20:00]     ⚠️  STALE (exceeded timeout)
[2026-03-28 13:20:00]   Task test-opt-parallel-error: age 29578640m (timeout 120m)
[2026-03-28 13:20:00]     ⚠️  STALE (exceeded timeout)
[2026-03-28 13:20:00]   Task audit-all-work: age 29578640m (timeout 120m)
[2026-03-28 13:20:00]     ⚠️  STALE (exceeded timeout)
[2026-03-28 13:20:00]   Task workqueue-automation: age 29578640m (timeout 120m)
[2026-03-28 13:20:00]     ⚠️  STALE (exceeded timeout)
[2026-03-28 13:20:00]   Task test-opt-analytics-opus: age 29578640m (timeout 120m)
[2026-03-28 13:20:00]     ⚠️  STALE (exceeded timeout)
[2026-03-28 13:20:00]   Task fix-trade-builder-403: age 29578640m (timeout 120m)
[2026-03-28 13:20:00]     ⚠️  STALE (exceeded timeout)
[2026-03-28 13:20:00]   Task fix-all-trade-issues: age 29578640m (timeout 120m)
[2026-03-28 13:20:00]     ⚠️  STALE (exceeded timeout)
[2026-03-28 13:20:00] Archiving 9 stale + 0 completed tasks...
[2026-03-28 13:30:00] Checking 9 active tasks...
[2026-03-28 13:30:00]   Task dogfood-qa-week4: age 29578650m (timeout 120m)
[2026-03-28 13:30:00]     ⚠️  STALE (exceeded timeout)
[2026-03-28 13:30:00]   Task fix-dogfood-week4: age 29578650m (timeout 120m)
[2026-03-28 13:30:00]     ⚠️  STALE (exceeded timeout)
[2026-03-28 13:30:00]   Task test-opt-parallel-logger: age 29578650m (timeout 120m)
[2026-03-28 13:30:00]     ⚠️  STALE (exceeded timeout)
[2026-03-28 13:30:00]   Task test-opt-parallel-error: age 29578650m (timeout 120m)
[2026-03-28 13:30:00]     ⚠️  STALE (exceeded timeout)
[2026-03-28 13:30:00]   Task audit-all-work: age 29578650m (timeout 120m)
[2026-03-28 13:30:00]     ⚠️  STALE (exceeded timeout)
[2026-03-28 13:30:01]   Task workqueue-automation: age 29578650m (timeout 120m)
[2026-03-28 13:30:01]     ⚠️  STALE (exceeded timeout)
[2026-03-28 13:30:01]   Task test-opt-analytics-opus: age 29578650m (timeout 120m)
[2026-03-28 13:30:01]     ⚠️  STALE (exceeded timeout)
[2026-03-28 13:30:01]   Task fix-trade-builder-403: age 29578650m (timeout 120m)
[2026-03-28 13:30:01]     ⚠️  STALE (exceeded timeout)
[2026-03-28 13:30:01]   Task fix-all-trade-issues: age 29578650m (timeout 120m)
[2026-03-28 13:30:01]     ⚠️  STALE (exceeded timeout)
[2026-03-28 13:30:01] Archiving 9 stale + 0 completed tasks...
[2026-03-28 13:40:00] Checking 9 active tasks...
[2026-03-28 13:40:01]   Task dogfood-qa-week4: age 29578660m (timeout 120m)
[2026-03-28 13:40:01]     ⚠️  STALE (exceeded timeout)
[2026-03-28 13:40:01]   Task fix-dogfood-week4: age 29578660m (timeout 120m)
[2026-03-28 13:40:01]     ⚠️  STALE (exceeded timeout)
[2026-03-28 13:40:01]   Task test-opt-parallel-logger: age 29578660m (timeout 120m)
[2026-03-28 13:40:01]     ⚠️  STALE (exceeded timeout)
[2026-03-28 13:40:01]   Task test-opt-parallel-error: age 29578660m (timeout 120m)
[2026-03-28 13:40:01]     ⚠️  STALE (exceeded timeout)
[2026-03-28 13:40:01]   Task audit-all-work: age 29578660m (timeout 120m)
[2026-03-28 13:40:01]     ⚠️  STALE (exceeded timeout)
[2026-03-28 13:40:01]   Task workqueue-automation: age 29578660m (timeout 120m)
[2026-03-28 13:40:01]     ⚠️  STALE (exceeded timeout)
[2026-03-28 13:40:01]   Task test-opt-analytics-opus: age 29578660m (timeout 120m)
[2026-03-28 13:40:01]     ⚠️  STALE (exceeded timeout)
[2026-03-28 13:40:01]   Task fix-trade-builder-403: age 29578660m (timeout 120m)
[2026-03-28 13:40:01]     ⚠️  STALE (exceeded timeout)
[2026-03-28 13:40:01]   Task fix-all-trade-issues: age 29578660m (timeout 120m)
[2026-03-28 13:40:01]     ⚠️  STALE (exceeded timeout)
[2026-03-28 13:40:01] Archiving 9 stale + 0 completed tasks...
[2026-03-28 13:50:01] Checking 9 active tasks...
[2026-03-28 13:50:01]   Task dogfood-qa-week4: age 29578670m (timeout 120m)
[2026-03-28 13:50:01]     ⚠️  STALE (exceeded timeout)
[2026-03-28 13:50:01]   Task fix-dogfood-week4: age 29578670m (timeout 120m)
[2026-03-28 13:50:01]     ⚠️  STALE (exceeded timeout)
[2026-03-28 13:50:01]   Task test-opt-parallel-logger: age 29578670m (timeout 120m)
[2026-03-28 13:50:01]     ⚠️  STALE (exceeded timeout)
[2026-03-28 13:50:01]   Task test-opt-parallel-error: age 29578670m (timeout 120m)
[2026-03-28 13:50:01]     ⚠️  STALE (exceeded timeout)
[2026-03-28 13:50:01]   Task audit-all-work: age 29578670m (timeout 120m)
[2026-03-28 13:50:01]     ⚠️  STALE (exceeded timeout)
[2026-03-28 13:50:01]   Task workqueue-automation: age 29578670m (timeout 120m)
[2026-03-28 13:50:01]     ⚠️  STALE (exceeded timeout)
[2026-03-28 13:50:01]   Task test-opt-analytics-opus: age 29578670m (timeout 120m)
[2026-03-28 13:50:01]     ⚠️  STALE (exceeded timeout)
[2026-03-28 13:50:01]   Task fix-trade-builder-403: age 29578670m (timeout 120m)
[2026-03-28 13:50:01]     ⚠️  STALE (exceeded timeout)
[2026-03-28 13:50:01]   Task fix-all-trade-issues: age 29578670m (timeout 120m)
[2026-03-28 13:50:01]     ⚠️  STALE (exceeded timeout)
[2026-03-28 13:50:01] Archiving 9 stale + 0 completed tasks...
[2026-03-28 14:00:00] Checking 9 active tasks...
[2026-03-28 14:00:00]   Task dogfood-qa-week4: age 29578680m (timeout 120m)
[2026-03-28 14:00:00]     ⚠️  STALE (exceeded timeout)
[2026-03-28 14:00:00]   Task fix-dogfood-week4: age 29578680m (timeout 120m)
[2026-03-28 14:00:00]     ⚠️  STALE (exceeded timeout)
[2026-03-28 14:00:00]   Task test-opt-parallel-logger: age 29578680m (timeout 120m)
[2026-03-28 14:00:00]     ⚠️  STALE (exceeded timeout)
[2026-03-28 14:00:00]   Task test-opt-parallel-error: age 29578680m (timeout 120m)
[2026-03-28 14:00:00]     ⚠️  STALE (exceeded timeout)
[2026-03-28 14:00:00]   Task audit-all-work: age 29578680m (timeout 120m)
[2026-03-28 14:00:00]     ⚠️  STALE (exceeded timeout)
[2026-03-28 14:00:00]   Task workqueue-automation: age 29578680m (timeout 120m)
[2026-03-28 14:00:00]     ⚠️  STALE (exceeded timeout)
[2026-03-28 14:00:00]   Task test-opt-analytics-opus: age 29578680m (timeout 120m)
[2026-03-28 14:00:00]     ⚠️  STALE (exceeded timeout)
[2026-03-28 14:00:00]   Task fix-trade-builder-403: age 29578680m (timeout 120m)
[2026-03-28 14:00:00]     ⚠️  STALE (exceeded timeout)
[2026-03-28 14:00:00]   Task fix-all-trade-issues: age 29578680m (timeout 120m)
[2026-03-28 14:00:00]     ⚠️  STALE (exceeded timeout)
[2026-03-28 14:00:00] Archiving 9 stale + 0 completed tasks...
[2026-03-28 14:10:00] Checking 9 active tasks...
[2026-03-28 14:10:00]   Task dogfood-qa-week4: age 29578690m (timeout 120m)
[2026-03-28 14:10:00]     ⚠️  STALE (exceeded timeout)
[2026-03-28 14:10:00]   Task fix-dogfood-week4: age 29578690m (timeout 120m)
[2026-03-28 14:10:00]     ⚠️  STALE (exceeded timeout)
[2026-03-28 14:10:00]   Task test-opt-parallel-logger: age 29578690m (timeout 120m)
[2026-03-28 14:10:00]     ⚠️  STALE (exceeded timeout)
[2026-03-28 14:10:00]   Task test-opt-parallel-error: age 29578690m (timeout 120m)
[2026-03-28 14:10:00]     ⚠️  STALE (exceeded timeout)
[2026-03-28 14:10:00]   Task audit-all-work: age 29578690m (timeout 120m)
[2026-03-28 14:10:00]     ⚠️  STALE (exceeded timeout)
[2026-03-28 14:10:01]   Task workqueue-automation: age 29578690m (timeout 120m)
[2026-03-28 14:10:01]     ⚠️  STALE (exceeded timeout)
[2026-03-28 14:10:01]   Task test-opt-analytics-opus: age 29578690m (timeout 120m)
[2026-03-28 14:10:01]     ⚠️  STALE (exceeded timeout)
[2026-03-28 14:10:01]   Task fix-trade-builder-403: age 29578690m (timeout 120m)
[2026-03-28 14:10:01]     ⚠️  STALE (exceeded timeout)
[2026-03-28 14:10:01]   Task fix-all-trade-issues: age 29578690m (timeout 120m)
[2026-03-28 14:10:01]     ⚠️  STALE (exceeded timeout)
[2026-03-28 14:10:01] Archiving 9 stale + 0 completed tasks...
[2026-03-28 14:20:00] Checking 9 active tasks...
[2026-03-28 14:20:00]   Task dogfood-qa-week4: age 29578700m (timeout 120m)
[2026-03-28 14:20:00]     ⚠️  STALE (exceeded timeout)
[2026-03-28 14:20:00]   Task fix-dogfood-week4: age 29578700m (timeout 120m)
[2026-03-28 14:20:00]     ⚠️  STALE (exceeded timeout)
[2026-03-28 14:20:00]   Task test-opt-parallel-logger: age 29578700m (timeout 120m)
[2026-03-28 14:20:00]     ⚠️  STALE (exceeded timeout)
[2026-03-28 14:20:00]   Task test-opt-parallel-error: age 29578700m (timeout 120m)
[2026-03-28 14:20:00]     ⚠️  STALE (exceeded timeout)
[2026-03-28 14:20:00]   Task audit-all-work: age 29578700m (timeout 120m)
[2026-03-28 14:20:00]     ⚠️  STALE (exceeded timeout)
[2026-03-28 14:20:01]   Task workqueue-automation: age 29578700m (timeout 120m)
[2026-03-28 14:20:01]     ⚠️  STALE (exceeded timeout)
[2026-03-28 14:20:01]   Task test-opt-analytics-opus: age 29578700m (timeout 120m)
[2026-03-28 14:20:01]     ⚠️  STALE (exceeded timeout)
[2026-03-28 14:20:01]   Task fix-trade-builder-403: age 29578700m (timeout 120m)
[2026-03-28 14:20:01]     ⚠️  STALE (exceeded timeout)
[2026-03-28 14:20:01]   Task fix-all-trade-issues: age 29578700m (timeout 120m)
[2026-03-28 14:20:01]     ⚠️  STALE (exceeded timeout)
[2026-03-28 14:20:01] Archiving 9 stale + 0 completed tasks...
[2026-03-28 14:30:00] Checking 9 active tasks...
[2026-03-28 14:30:00]   Task dogfood-qa-week4: age 29578710m (timeout 120m)
[2026-03-28 14:30:00]     ⚠️  STALE (exceeded timeout)
[2026-03-28 14:30:00]   Task fix-dogfood-week4: age 29578710m (timeout 120m)
[2026-03-28 14:30:00]     ⚠️  STALE (exceeded timeout)
[2026-03-28 14:30:00]   Task test-opt-parallel-logger: age 29578710m (timeout 120m)
[2026-03-28 14:30:00]     ⚠️  STALE (exceeded timeout)
[2026-03-28 14:30:01]   Task test-opt-parallel-error: age 29578710m (timeout 120m)
[2026-03-28 14:30:01]     ⚠️  STALE (exceeded timeout)
[2026-03-28 14:30:01]   Task audit-all-work: age 29578710m (timeout 120m)
[2026-03-28 14:30:01]     ⚠️  STALE (exceeded timeout)
[2026-03-28 14:30:01]   Task workqueue-automation: age 29578710m (timeout 120m)
[2026-03-28 14:30:01]     ⚠️  STALE (exceeded timeout)
[2026-03-28 14:30:01]   Task test-opt-analytics-opus: age 29578710m (timeout 120m)
[2026-03-28 14:30:01]     ⚠️  STALE (exceeded timeout)
[2026-03-28 14:30:01]   Task fix-trade-builder-403: age 29578710m (timeout 120m)
[2026-03-28 14:30:01]     ⚠️  STALE (exceeded timeout)
[2026-03-28 14:30:01]   Task fix-all-trade-issues: age 29578710m (timeout 120m)
[2026-03-28 14:30:01]     ⚠️  STALE (exceeded timeout)
[2026-03-28 14:30:01] Archiving 9 stale + 0 completed tasks...
[2026-03-28 14:40:00] Checking 9 active tasks...
[2026-03-28 14:40:00]   Task dogfood-qa-week4: age 29578720m (timeout 120m)
[2026-03-28 14:40:00]     ⚠️  STALE (exceeded timeout)
[2026-03-28 14:40:01]   Task fix-dogfood-week4: age 29578720m (timeout 120m)
[2026-03-28 14:40:01]     ⚠️  STALE (exceeded timeout)
[2026-03-28 14:40:01]   Task test-opt-parallel-logger: age 29578720m (timeout 120m)
[2026-03-28 14:40:01]     ⚠️  STALE (exceeded timeout)
[2026-03-28 14:40:01]   Task test-opt-parallel-error: age 29578720m (timeout 120m)
[2026-03-28 14:40:01]     ⚠️  STALE (exceeded timeout)
[2026-03-28 14:40:01]   Task audit-all-work: age 29578720m (timeout 120m)
[2026-03-28 14:40:01]     ⚠️  STALE (exceeded timeout)
[2026-03-28 14:40:01]   Task workqueue-automation: age 29578720m (timeout 120m)
[2026-03-28 14:40:01]     ⚠️  STALE (exceeded timeout)
[2026-03-28 14:40:01]   Task test-opt-analytics-opus: age 29578720m (timeout 120m)
[2026-03-28 14:40:01]     ⚠️  STALE (exceeded timeout)
[2026-03-28 14:40:01]   Task fix-trade-builder-403: age 29578720m (timeout 120m)
[2026-03-28 14:40:01]     ⚠️  STALE (exceeded timeout)
[2026-03-28 14:40:01]   Task fix-all-trade-issues: age 29578720m (timeout 120m)
[2026-03-28 14:40:01]     ⚠️  STALE (exceeded timeout)
[2026-03-28 14:40:01] Archiving 9 stale + 0 completed tasks...
[2026-03-28 14:50:00] Checking 9 active tasks...
[2026-03-28 14:50:00]   Task dogfood-qa-week4: age 29578730m (timeout 120m)
[2026-03-28 14:50:00]     ⚠️  STALE (exceeded timeout)
[2026-03-28 14:50:01]   Task fix-dogfood-week4: age 29578730m (timeout 120m)
[2026-03-28 14:50:01]     ⚠️  STALE (exceeded timeout)
[2026-03-28 14:50:01]   Task test-opt-parallel-logger: age 29578730m (timeout 120m)
[2026-03-28 14:50:01]     ⚠️  STALE (exceeded timeout)
[2026-03-28 14:50:01]   Task test-opt-parallel-error: age 29578730m (timeout 120m)
[2026-03-28 14:50:01]     ⚠️  STALE (exceeded timeout)
[2026-03-28 14:50:01]   Task audit-all-work: age 29578730m (timeout 120m)
[2026-03-28 14:50:01]     ⚠️  STALE (exceeded timeout)
[2026-03-28 14:50:01]   Task workqueue-automation: age 29578730m (timeout 120m)
[2026-03-28 14:50:01]     ⚠️  STALE (exceeded timeout)
[2026-03-28 14:50:01]   Task test-opt-analytics-opus: age 29578730m (timeout 120m)
[2026-03-28 14:50:01]     ⚠️  STALE (exceeded timeout)
[2026-03-28 14:50:01]   Task fix-trade-builder-403: age 29578730m (timeout 120m)
[2026-03-28 14:50:01]     ⚠️  STALE (exceeded timeout)
[2026-03-28 14:50:01]   Task fix-all-trade-issues: age 29578730m (timeout 120m)
[2026-03-28 14:50:01]     ⚠️  STALE (exceeded timeout)
[2026-03-28 14:50:01] Archiving 9 stale + 0 completed tasks...
[2026-03-28 15:00:00] Checking 9 active tasks...
[2026-03-28 15:00:01]   Task dogfood-qa-week4: age 29578740m (timeout 120m)
[2026-03-28 15:00:01]     ⚠️  STALE (exceeded timeout)
[2026-03-28 15:00:01]   Task fix-dogfood-week4: age 29578740m (timeout 120m)
[2026-03-28 15:00:01]     ⚠️  STALE (exceeded timeout)
[2026-03-28 15:00:01]   Task test-opt-parallel-logger: age 29578740m (timeout 120m)
[2026-03-28 15:00:01]     ⚠️  STALE (exceeded timeout)
[2026-03-28 15:00:01]   Task test-opt-parallel-error: age 29578740m (timeout 120m)
[2026-03-28 15:00:01]     ⚠️  STALE (exceeded timeout)
[2026-03-28 15:00:01]   Task audit-all-work: age 29578740m (timeout 120m)
[2026-03-28 15:00:01]     ⚠️  STALE (exceeded timeout)
[2026-03-28 15:00:01]   Task workqueue-automation: age 29578740m (timeout 120m)
[2026-03-28 15:00:01]     ⚠️  STALE (exceeded timeout)
[2026-03-28 15:00:01]   Task test-opt-analytics-opus: age 29578740m (timeout 120m)
[2026-03-28 15:00:01]     ⚠️  STALE (exceeded timeout)
[2026-03-28 15:00:01]   Task fix-trade-builder-403: age 29578740m (timeout 120m)
[2026-03-28 15:00:01]     ⚠️  STALE (exceeded timeout)
[2026-03-28 15:00:01]   Task fix-all-trade-issues: age 29578740m (timeout 120m)
[2026-03-28 15:00:01]     ⚠️  STALE (exceeded timeout)
[2026-03-28 15:00:01] Archiving 9 stale + 0 completed tasks...
[2026-03-28 15:10:01] Checking 9 active tasks...
[2026-03-28 15:10:01]   Task dogfood-qa-week4: age 29578750m (timeout 120m)
[2026-03-28 15:10:01]     ⚠️  STALE (exceeded timeout)
[2026-03-28 15:10:01]   Task fix-dogfood-week4: age 29578750m (timeout 120m)
[2026-03-28 15:10:01]     ⚠️  STALE (exceeded timeout)
[2026-03-28 15:10:01]   Task test-opt-parallel-logger: age 29578750m (timeout 120m)
[2026-03-28 15:10:01]     ⚠️  STALE (exceeded timeout)
[2026-03-28 15:10:01]   Task test-opt-parallel-error: age 29578750m (timeout 120m)
[2026-03-28 15:10:01]     ⚠️  STALE (exceeded timeout)
[2026-03-28 15:10:01]   Task audit-all-work: age 29578750m (timeout 120m)
[2026-03-28 15:10:01]     ⚠️  STALE (exceeded timeout)
[2026-03-28 15:10:01]   Task workqueue-automation: age 29578750m (timeout 120m)
[2026-03-28 15:10:01]     ⚠️  STALE (exceeded timeout)
[2026-03-28 15:10:01]   Task test-opt-analytics-opus: age 29578750m (timeout 120m)
[2026-03-28 15:10:01]     ⚠️  STALE (exceeded timeout)
[2026-03-28 15:10:01]   Task fix-trade-builder-403: age 29578750m (timeout 120m)
[2026-03-28 15:10:01]     ⚠️  STALE (exceeded timeout)
[2026-03-28 15:10:01]   Task fix-all-trade-issues: age 29578750m (timeout 120m)
[2026-03-28 15:10:01]     ⚠️  STALE (exceeded timeout)
[2026-03-28 15:10:01] Archiving 9 stale + 0 completed tasks...
[2026-03-28 15:20:00] Checking 9 active tasks...
[2026-03-28 15:20:00]   Task dogfood-qa-week4: age 29578760m (timeout 120m)
[2026-03-28 15:20:00]     ⚠️  STALE (exceeded timeout)
[2026-03-28 15:20:01]   Task fix-dogfood-week4: age 29578760m (timeout 120m)
[2026-03-28 15:20:01]     ⚠️  STALE (exceeded timeout)
[2026-03-28 15:20:01]   Task test-opt-parallel-logger: age 29578760m (timeout 120m)
[2026-03-28 15:20:01]     ⚠️  STALE (exceeded timeout)
[2026-03-28 15:20:01]   Task test-opt-parallel-error: age 29578760m (timeout 120m)
[2026-03-28 15:20:01]     ⚠️  STALE (exceeded timeout)
[2026-03-28 15:20:01]   Task audit-all-work: age 29578760m (timeout 120m)
[2026-03-28 15:20:01]     ⚠️  STALE (exceeded timeout)
[2026-03-28 15:20:01]   Task workqueue-automation: age 29578760m (timeout 120m)
[2026-03-28 15:20:01]     ⚠️  STALE (exceeded timeout)
[2026-03-28 15:20:01]   Task test-opt-analytics-opus: age 29578760m (timeout 120m)
[2026-03-28 15:20:01]     ⚠️  STALE (exceeded timeout)
[2026-03-28 15:20:01]   Task fix-trade-builder-403: age 29578760m (timeout 120m)
[2026-03-28 15:20:01]     ⚠️  STALE (exceeded timeout)
[2026-03-28 15:20:01]   Task fix-all-trade-issues: age 29578760m (timeout 120m)
[2026-03-28 15:20:01]     ⚠️  STALE (exceeded timeout)
[2026-03-28 15:20:01] Archiving 9 stale + 0 completed tasks...
[2026-03-28 15:30:00] Checking 9 active tasks...
[2026-03-28 15:30:01]   Task dogfood-qa-week4: age 29578770m (timeout 120m)
[2026-03-28 15:30:01]     ⚠️  STALE (exceeded timeout)
[2026-03-28 15:30:01]   Task fix-dogfood-week4: age 29578770m (timeout 120m)
[2026-03-28 15:30:01]     ⚠️  STALE (exceeded timeout)
[2026-03-28 15:30:01]   Task test-opt-parallel-logger: age 29578770m (timeout 120m)
[2026-03-28 15:30:01]     ⚠️  STALE (exceeded timeout)
[2026-03-28 15:30:01]   Task test-opt-parallel-error: age 29578770m (timeout 120m)
[2026-03-28 15:30:01]     ⚠️  STALE (exceeded timeout)
[2026-03-28 15:30:01]   Task audit-all-work: age 29578770m (timeout 120m)
[2026-03-28 15:30:01]     ⚠️  STALE (exceeded timeout)
[2026-03-28 15:30:01]   Task workqueue-automation: age 29578770m (timeout 120m)
[2026-03-28 15:30:01]     ⚠️  STALE (exceeded timeout)
[2026-03-28 15:30:01]   Task test-opt-analytics-opus: age 29578770m (timeout 120m)
[2026-03-28 15:30:01]     ⚠️  STALE (exceeded timeout)
[2026-03-28 15:30:01]   Task fix-trade-builder-403: age 29578770m (timeout 120m)
[2026-03-28 15:30:01]     ⚠️  STALE (exceeded timeout)
[2026-03-28 15:30:01]   Task fix-all-trade-issues: age 29578770m (timeout 120m)
[2026-03-28 15:30:01]     ⚠️  STALE (exceeded timeout)
[2026-03-28 15:30:01] Archiving 9 stale + 0 completed tasks...
[2026-03-28 15:40:00] Checking 9 active tasks...
[2026-03-28 15:40:00]   Task dogfood-qa-week4: age 29578780m (timeout 120m)
[2026-03-28 15:40:00]     ⚠️  STALE (exceeded timeout)
[2026-03-28 15:40:00]   Task fix-dogfood-week4: age 29578780m (timeout 120m)
[2026-03-28 15:40:00]     ⚠️  STALE (exceeded timeout)
[2026-03-28 15:40:00]   Task test-opt-parallel-logger: age 29578780m (timeout 120m)
[2026-03-28 15:40:00]     ⚠️  STALE (exceeded timeout)
[2026-03-28 15:40:00]   Task test-opt-parallel-error: age 29578780m (timeout 120m)
[2026-03-28 15:40:00]     ⚠️  STALE (exceeded timeout)
[2026-03-28 15:40:00]   Task audit-all-work: age 29578780m (timeout 120m)
[2026-03-28 15:40:00]     ⚠️  STALE (exceeded timeout)
[2026-03-28 15:40:00]   Task workqueue-automation: age 29578780m (timeout 120m)
[2026-03-28 15:40:00]     ⚠️  STALE (exceeded timeout)
[2026-03-28 15:40:00]   Task test-opt-analytics-opus: age 29578780m (timeout 120m)
[2026-03-28 15:40:00]     ⚠️  STALE (exceeded timeout)
[2026-03-28 15:40:00]   Task fix-trade-builder-403: age 29578780m (timeout 120m)
[2026-03-28 15:40:00]     ⚠️  STALE (exceeded timeout)
[2026-03-28 15:40:00]   Task fix-all-trade-issues: age 29578780m (timeout 120m)
[2026-03-28 15:40:00]     ⚠️  STALE (exceeded timeout)
[2026-03-28 15:40:00] Archiving 9 stale + 0 completed tasks...
[2026-03-28 15:50:00] Checking 9 active tasks...
[2026-03-28 15:50:00]   Task dogfood-qa-week4: age 29578790m (timeout 120m)
[2026-03-28 15:50:00]     ⚠️  STALE (exceeded timeout)
[2026-03-28 15:50:00]   Task fix-dogfood-week4: age 29578790m (timeout 120m)
[2026-03-28 15:50:00]     ⚠️  STALE (exceeded timeout)
[2026-03-28 15:50:00]   Task test-opt-parallel-logger: age 29578790m (timeout 120m)
[2026-03-28 15:50:00]     ⚠️  STALE (exceeded timeout)
[2026-03-28 15:50:00]   Task test-opt-parallel-error: age 29578790m (timeout 120m)
[2026-03-28 15:50:00]     ⚠️  STALE (exceeded timeout)
[2026-03-28 15:50:00]   Task audit-all-work: age 29578790m (timeout 120m)
[2026-03-28 15:50:00]     ⚠️  STALE (exceeded timeout)
[2026-03-28 15:50:00]   Task workqueue-automation: age 29578790m (timeout 120m)
[2026-03-28 15:50:00]     ⚠️  STALE (exceeded timeout)
[2026-03-28 15:50:00]   Task test-opt-analytics-opus: age 29578790m (timeout 120m)
[2026-03-28 15:50:00]     ⚠️  STALE (exceeded timeout)
[2026-03-28 15:50:00]   Task fix-trade-builder-403: age 29578790m (timeout 120m)
[2026-03-28 15:50:00]     ⚠️  STALE (exceeded timeout)
[2026-03-28 15:50:00]   Task fix-all-trade-issues: age 29578790m (timeout 120m)
[2026-03-28 15:50:00]     ⚠️  STALE (exceeded timeout)
[2026-03-28 15:50:00] Archiving 9 stale + 0 completed tasks...
[2026-03-28 16:00:00] Checking 9 active tasks...
[2026-03-28 16:00:00]   Task dogfood-qa-week4: age 29578800m (timeout 120m)
[2026-03-28 16:00:00]     ⚠️  STALE (exceeded timeout)
[2026-03-28 16:00:00]   Task fix-dogfood-week4: age 29578800m (timeout 120m)
[2026-03-28 16:00:00]     ⚠️  STALE (exceeded timeout)
[2026-03-28 16:00:00]   Task test-opt-parallel-logger: age 29578800m (timeout 120m)
[2026-03-28 16:00:00]     ⚠️  STALE (exceeded timeout)
[2026-03-28 16:00:00]   Task test-opt-parallel-error: age 29578800m (timeout 120m)
[2026-03-28 16:00:00]     ⚠️  STALE (exceeded timeout)
[2026-03-28 16:00:00]   Task audit-all-work: age 29578800m (timeout 120m)
[2026-03-28 16:00:00]     ⚠️  STALE (exceeded timeout)
[2026-03-28 16:00:00]   Task workqueue-automation: age 29578800m (timeout 120m)
[2026-03-28 16:00:00]     ⚠️  STALE (exceeded timeout)
[2026-03-28 16:00:00]   Task test-opt-analytics-opus: age 29578800m (timeout 120m)
[2026-03-28 16:00:00]     ⚠️  STALE (exceeded timeout)
[2026-03-28 16:00:00]   Task fix-trade-builder-403: age 29578800m (timeout 120m)
[2026-03-28 16:00:00]     ⚠️  STALE (exceeded timeout)
[2026-03-28 16:00:00]   Task fix-all-trade-issues: age 29578800m (timeout 120m)
[2026-03-28 16:00:00]     ⚠️  STALE (exceeded timeout)
[2026-03-28 16:00:00] Archiving 9 stale + 0 completed tasks...
[2026-03-28 16:10:00] Checking 9 active tasks...
[2026-03-28 16:10:00]   Task dogfood-qa-week4: age 29578810m (timeout 120m)
[2026-03-28 16:10:00]     ⚠️  STALE (exceeded timeout)
[2026-03-28 16:10:00]   Task fix-dogfood-week4: age 29578810m (timeout 120m)
[2026-03-28 16:10:00]     ⚠️  STALE (exceeded timeout)
[2026-03-28 16:10:00]   Task test-opt-parallel-logger: age 29578810m (timeout 120m)
[2026-03-28 16:10:00]     ⚠️  STALE (exceeded timeout)
[2026-03-28 16:10:00]   Task test-opt-parallel-error: age 29578810m (timeout 120m)
[2026-03-28 16:10:00]     ⚠️  STALE (exceeded timeout)
[2026-03-28 16:10:01]   Task audit-all-work: age 29578810m (timeout 120m)
[2026-03-28 16:10:01]     ⚠️  STALE (exceeded timeout)
[2026-03-28 16:10:01]   Task workqueue-automation: age 29578810m (timeout 120m)
[2026-03-28 16:10:01]     ⚠️  STALE (exceeded timeout)
[2026-03-28 16:10:01]   Task test-opt-analytics-opus: age 29578810m (timeout 120m)
[2026-03-28 16:10:01]     ⚠️  STALE (exceeded timeout)
[2026-03-28 16:10:01]   Task fix-trade-builder-403: age 29578810m (timeout 120m)
[2026-03-28 16:10:01]     ⚠️  STALE (exceeded timeout)
[2026-03-28 16:10:01]   Task fix-all-trade-issues: age 29578810m (timeout 120m)
[2026-03-28 16:10:01]     ⚠️  STALE (exceeded timeout)
[2026-03-28 16:10:01] Archiving 9 stale + 0 completed tasks...
[2026-03-28 16:20:00] Checking 9 active tasks...
[2026-03-28 16:20:00]   Task dogfood-qa-week4: age 29578820m (timeout 120m)
[2026-03-28 16:20:00]     ⚠️  STALE (exceeded timeout)
[2026-03-28 16:20:00]   Task fix-dogfood-week4: age 29578820m (timeout 120m)
[2026-03-28 16:20:00]     ⚠️  STALE (exceeded timeout)
[2026-03-28 16:20:00]   Task test-opt-parallel-logger: age 29578820m (timeout 120m)
[2026-03-28 16:20:00]     ⚠️  STALE (exceeded timeout)
[2026-03-28 16:20:00]   Task test-opt-parallel-error: age 29578820m (timeout 120m)
[2026-03-28 16:20:00]     ⚠️  STALE (exceeded timeout)
[2026-03-28 16:20:00]   Task audit-all-work: age 29578820m (timeout 120m)
[2026-03-28 16:20:00]     ⚠️  STALE (exceeded timeout)
[2026-03-28 16:20:01]   Task workqueue-automation: age 29578820m (timeout 120m)
[2026-03-28 16:20:01]     ⚠️  STALE (exceeded timeout)
[2026-03-28 16:20:01]   Task test-opt-analytics-opus: age 29578820m (timeout 120m)
[2026-03-28 16:20:01]     ⚠️  STALE (exceeded timeout)
[2026-03-28 16:20:01]   Task fix-trade-builder-403: age 29578820m (timeout 120m)
[2026-03-28 16:20:01]     ⚠️  STALE (exceeded timeout)
[2026-03-28 16:20:01]   Task fix-all-trade-issues: age 29578820m (timeout 120m)
[2026-03-28 16:20:01]     ⚠️  STALE (exceeded timeout)
[2026-03-28 16:20:01] Archiving 9 stale + 0 completed tasks...
[2026-03-28 16:30:00] Checking 9 active tasks...
[2026-03-28 16:30:00]   Task dogfood-qa-week4: age 29578830m (timeout 120m)
[2026-03-28 16:30:00]     ⚠️  STALE (exceeded timeout)
[2026-03-28 16:30:00]   Task fix-dogfood-week4: age 29578830m (timeout 120m)
[2026-03-28 16:30:00]     ⚠️  STALE (exceeded timeout)
[2026-03-28 16:30:00]   Task test-opt-parallel-logger: age 29578830m (timeout 120m)
[2026-03-28 16:30:00]     ⚠️  STALE (exceeded timeout)
[2026-03-28 16:30:00]   Task test-opt-parallel-error: age 29578830m (timeout 120m)
[2026-03-28 16:30:00]     ⚠️  STALE (exceeded timeout)
[2026-03-28 16:30:00]   Task audit-all-work: age 29578830m (timeout 120m)
[2026-03-28 16:30:00]     ⚠️  STALE (exceeded timeout)
[2026-03-28 16:30:00]   Task workqueue-automation: age 29578830m (timeout 120m)
[2026-03-28 16:30:00]     ⚠️  STALE (exceeded timeout)
[2026-03-28 16:30:00]   Task test-opt-analytics-opus: age 29578830m (timeout 120m)
[2026-03-28 16:30:00]     ⚠️  STALE (exceeded timeout)
[2026-03-28 16:30:00]   Task fix-trade-builder-403: age 29578830m (timeout 120m)
[2026-03-28 16:30:00]     ⚠️  STALE (exceeded timeout)
[2026-03-28 16:30:01]   Task fix-all-trade-issues: age 29578830m (timeout 120m)
[2026-03-28 16:30:01]     ⚠️  STALE (exceeded timeout)
[2026-03-28 16:30:01] Archiving 9 stale + 0 completed tasks...
[2026-03-28 16:40:00] Checking 9 active tasks...
[2026-03-28 16:40:00]   Task dogfood-qa-week4: age 29578840m (timeout 120m)
[2026-03-28 16:40:00]     ⚠️  STALE (exceeded timeout)
[2026-03-28 16:40:00]   Task fix-dogfood-week4: age 29578840m (timeout 120m)
[2026-03-28 16:40:00]     ⚠️  STALE (exceeded timeout)
[2026-03-28 16:40:00]   Task test-opt-parallel-logger: age 29578840m (timeout 120m)
[2026-03-28 16:40:00]     ⚠️  STALE (exceeded timeout)
[2026-03-28 16:40:00]   Task test-opt-parallel-error: age 29578840m (timeout 120m)
[2026-03-28 16:40:00]     ⚠️  STALE (exceeded timeout)
[2026-03-28 16:40:00]   Task audit-all-work: age 29578840m (timeout 120m)
[2026-03-28 16:40:00]     ⚠️  STALE (exceeded timeout)
[2026-03-28 16:40:00]   Task workqueue-automation: age 29578840m (timeout 120m)
[2026-03-28 16:40:00]     ⚠️  STALE (exceeded timeout)
[2026-03-28 16:40:00]   Task test-opt-analytics-opus: age 29578840m (timeout 120m)
[2026-03-28 16:40:00]     ⚠️  STALE (exceeded timeout)
[2026-03-28 16:40:00]   Task fix-trade-builder-403: age 29578840m (timeout 120m)
[2026-03-28 16:40:00]     ⚠️  STALE (exceeded timeout)
[2026-03-28 16:40:00]   Task fix-all-trade-issues: age 29578840m (timeout 120m)
[2026-03-28 16:40:00]     ⚠️  STALE (exceeded timeout)
[2026-03-28 16:40:00] Archiving 9 stale + 0 completed tasks...
[2026-03-28 16:50:00] Checking 9 active tasks...
[2026-03-28 16:50:00]   Task dogfood-qa-week4: age 29578850m (timeout 120m)
[2026-03-28 16:50:00]     ⚠️  STALE (exceeded timeout)
[2026-03-28 16:50:00]   Task fix-dogfood-week4: age 29578850m (timeout 120m)
[2026-03-28 16:50:00]     ⚠️  STALE (exceeded timeout)
[2026-03-28 16:50:00]   Task test-opt-parallel-logger: age 29578850m (timeout 120m)
[2026-03-28 16:50:00]     ⚠️  STALE (exceeded timeout)
[2026-03-28 16:50:00]   Task test-opt-parallel-error: age 29578850m (timeout 120m)
[2026-03-28 16:50:00]     ⚠️  STALE (exceeded timeout)
[2026-03-28 16:50:00]   Task audit-all-work: age 29578850m (timeout 120m)
[2026-03-28 16:50:00]     ⚠️  STALE (exceeded timeout)
[2026-03-28 16:50:00]   Task workqueue-automation: age 29578850m (timeout 120m)
[2026-03-28 16:50:00]     ⚠️  STALE (exceeded timeout)
[2026-03-28 16:50:00]   Task test-opt-analytics-opus: age 29578850m (timeout 120m)
[2026-03-28 16:50:00]     ⚠️  STALE (exceeded timeout)
[2026-03-28 16:50:00]   Task fix-trade-builder-403: age 29578850m (timeout 120m)
[2026-03-28 16:50:00]     ⚠️  STALE (exceeded timeout)
[2026-03-28 16:50:00]   Task fix-all-trade-issues: age 29578850m (timeout 120m)
[2026-03-28 16:50:00]     ⚠️  STALE (exceeded timeout)
[2026-03-28 16:50:00] Archiving 9 stale + 0 completed tasks...
[2026-03-28 17:00:00] Checking 9 active tasks...
[2026-03-28 17:00:00]   Task dogfood-qa-week4: age 29578860m (timeout 120m)
[2026-03-28 17:00:00]     ⚠️  STALE (exceeded timeout)
[2026-03-28 17:00:00]   Task fix-dogfood-week4: age 29578860m (timeout 120m)
[2026-03-28 17:00:00]     ⚠️  STALE (exceeded timeout)
[2026-03-28 17:00:00]   Task test-opt-parallel-logger: age 29578860m (timeout 120m)
[2026-03-28 17:00:00]     ⚠️  STALE (exceeded timeout)
[2026-03-28 17:00:00]   Task test-opt-parallel-error: age 29578860m (timeout 120m)
[2026-03-28 17:00:00]     ⚠️  STALE (exceeded timeout)
[2026-03-28 17:00:00]   Task audit-all-work: age 29578860m (timeout 120m)
[2026-03-28 17:00:00]     ⚠️  STALE (exceeded timeout)
[2026-03-28 17:00:00]   Task workqueue-automation: age 29578860m (timeout 120m)
[2026-03-28 17:00:00]     ⚠️  STALE (exceeded timeout)
[2026-03-28 17:00:00]   Task test-opt-analytics-opus: age 29578860m (timeout 120m)
[2026-03-28 17:00:00]     ⚠️  STALE (exceeded timeout)
[2026-03-28 17:00:00]   Task fix-trade-builder-403: age 29578860m (timeout 120m)
[2026-03-28 17:00:00]     ⚠️  STALE (exceeded timeout)
[2026-03-28 17:00:00]   Task fix-all-trade-issues: age 29578860m (timeout 120m)
[2026-03-28 17:00:00]     ⚠️  STALE (exceeded timeout)
[2026-03-28 17:00:00] Archiving 9 stale + 0 completed tasks...
[2026-03-28 17:10:00] Checking 9 active tasks...
[2026-03-28 17:10:00]   Task dogfood-qa-week4: age 29578870m (timeout 120m)
[2026-03-28 17:10:00]     ⚠️  STALE (exceeded timeout)
[2026-03-28 17:10:00]   Task fix-dogfood-week4: age 29578870m (timeout 120m)
[2026-03-28 17:10:00]     ⚠️  STALE (exceeded timeout)
[2026-03-28 17:10:00]   Task test-opt-parallel-logger: age 29578870m (timeout 120m)
[2026-03-28 17:10:00]     ⚠️  STALE (exceeded timeout)
[2026-03-28 17:10:00]   Task test-opt-parallel-error: age 29578870m (timeout 120m)
[2026-03-28 17:10:00]     ⚠️  STALE (exceeded timeout)
[2026-03-28 17:10:01]   Task audit-all-work: age 29578870m (timeout 120m)
[2026-03-28 17:10:01]     ⚠️  STALE (exceeded timeout)
[2026-03-28 17:10:01]   Task workqueue-automation: age 29578870m (timeout 120m)
[2026-03-28 17:10:01]     ⚠️  STALE (exceeded timeout)
[2026-03-28 17:10:01]   Task test-opt-analytics-opus: age 29578870m (timeout 120m)
[2026-03-28 17:10:01]     ⚠️  STALE (exceeded timeout)
[2026-03-28 17:10:01]   Task fix-trade-builder-403: age 29578870m (timeout 120m)
[2026-03-28 17:10:01]     ⚠️  STALE (exceeded timeout)
[2026-03-28 17:10:01]   Task fix-all-trade-issues: age 29578870m (timeout 120m)
[2026-03-28 17:10:01]     ⚠️  STALE (exceeded timeout)
[2026-03-28 17:10:01] Archiving 9 stale + 0 completed tasks...
[2026-03-28 17:20:00] Checking 9 active tasks...
[2026-03-28 17:20:00]   Task dogfood-qa-week4: age 29578880m (timeout 120m)
[2026-03-28 17:20:00]     ⚠️  STALE (exceeded timeout)
[2026-03-28 17:20:01]   Task fix-dogfood-week4: age 29578880m (timeout 120m)
[2026-03-28 17:20:01]     ⚠️  STALE (exceeded timeout)
[2026-03-28 17:20:01]   Task test-opt-parallel-logger: age 29578880m (timeout 120m)
[2026-03-28 17:20:01]     ⚠️  STALE (exceeded timeout)
[2026-03-28 17:20:01]   Task test-opt-parallel-error: age 29578880m (timeout 120m)
[2026-03-28 17:20:01]     ⚠️  STALE (exceeded timeout)
[2026-03-28 17:20:01]   Task audit-all-work: age 29578880m (timeout 120m)
[2026-03-28 17:20:01]     ⚠️  STALE (exceeded timeout)
[2026-03-28 17:20:01]   Task workqueue-automation: age 29578880m (timeout 120m)
[2026-03-28 17:20:01]     ⚠️  STALE (exceeded timeout)
[2026-03-28 17:20:01]   Task test-opt-analytics-opus: age 29578880m (timeout 120m)
[2026-03-28 17:20:01]     ⚠️  STALE (exceeded timeout)
[2026-03-28 17:20:01]   Task fix-trade-builder-403: age 29578880m (timeout 120m)
[2026-03-28 17:20:01]     ⚠️  STALE (exceeded timeout)
[2026-03-28 17:20:01]   Task fix-all-trade-issues: age 29578880m (timeout 120m)
[2026-03-28 17:20:01]     ⚠️  STALE (exceeded timeout)
[2026-03-28 17:20:01] Archiving 9 stale + 0 completed tasks...
[2026-03-28 17:30:00] Checking 9 active tasks...
[2026-03-28 17:30:00]   Task dogfood-qa-week4: age 29578890m (timeout 120m)
[2026-03-28 17:30:00]     ⚠️  STALE (exceeded timeout)
[2026-03-28 17:30:00]   Task fix-dogfood-week4: age 29578890m (timeout 120m)
[2026-03-28 17:30:01]     ⚠️  STALE (exceeded timeout)
[2026-03-28 17:30:01]   Task test-opt-parallel-logger: age 29578890m (timeout 120m)
[2026-03-28 17:30:01]     ⚠️  STALE (exceeded timeout)
[2026-03-28 17:30:01]   Task test-opt-parallel-error: age 29578890m (timeout 120m)
[2026-03-28 17:30:01]     ⚠️  STALE (exceeded timeout)
[2026-03-28 17:30:01]   Task audit-all-work: age 29578890m (timeout 120m)
[2026-03-28 17:30:01]     ⚠️  STALE (exceeded timeout)
[2026-03-28 17:30:01]   Task workqueue-automation: age 29578890m (timeout 120m)
[2026-03-28 17:30:01]     ⚠️  STALE (exceeded timeout)
[2026-03-28 17:30:01]   Task test-opt-analytics-opus: age 29578890m (timeout 120m)
[2026-03-28 17:30:01]     ⚠️  STALE (exceeded timeout)
[2026-03-28 17:30:01]   Task fix-trade-builder-403: age 29578890m (timeout 120m)
[2026-03-28 17:30:01]     ⚠️  STALE (exceeded timeout)
[2026-03-28 17:30:01]   Task fix-all-trade-issues: age 29578890m (timeout 120m)
[2026-03-28 17:30:01]     ⚠️  STALE (exceeded timeout)
[2026-03-28 17:30:01] Archiving 9 stale + 0 completed tasks...
[2026-03-28 17:40:00] Checking 9 active tasks...
[2026-03-28 17:40:00]   Task dogfood-qa-week4: age 29578900m (timeout 120m)
[2026-03-28 17:40:00]     ⚠️  STALE (exceeded timeout)
[2026-03-28 17:40:00]   Task fix-dogfood-week4: age 29578900m (timeout 120m)
[2026-03-28 17:40:00]     ⚠️  STALE (exceeded timeout)
[2026-03-28 17:40:00]   Task test-opt-parallel-logger: age 29578900m (timeout 120m)
[2026-03-28 17:40:00]     ⚠️  STALE (exceeded timeout)
[2026-03-28 17:40:00]   Task test-opt-parallel-error: age 29578900m (timeout 120m)
[2026-03-28 17:40:00]     ⚠️  STALE (exceeded timeout)
[2026-03-28 17:40:00]   Task audit-all-work: age 29578900m (timeout 120m)
[2026-03-28 17:40:00]     ⚠️  STALE (exceeded timeout)
[2026-03-28 17:40:00]   Task workqueue-automation: age 29578900m (timeout 120m)
[2026-03-28 17:40:00]     ⚠️  STALE (exceeded timeout)
[2026-03-28 17:40:01]   Task test-opt-analytics-opus: age 29578900m (timeout 120m)
[2026-03-28 17:40:01]     ⚠️  STALE (exceeded timeout)
[2026-03-28 17:40:01]   Task fix-trade-builder-403: age 29578900m (timeout 120m)
[2026-03-28 17:40:01]     ⚠️  STALE (exceeded timeout)
[2026-03-28 17:40:01]   Task fix-all-trade-issues: age 29578900m (timeout 120m)
[2026-03-28 17:40:01]     ⚠️  STALE (exceeded timeout)
[2026-03-28 17:40:01] Archiving 9 stale + 0 completed tasks...
[2026-03-28 17:50:00] Checking 9 active tasks...
[2026-03-28 17:50:00]   Task dogfood-qa-week4: age 29578910m (timeout 120m)
[2026-03-28 17:50:00]     ⚠️  STALE (exceeded timeout)
[2026-03-28 17:50:00]   Task fix-dogfood-week4: age 29578910m (timeout 120m)
[2026-03-28 17:50:00]     ⚠️  STALE (exceeded timeout)
[2026-03-28 17:50:00]   Task test-opt-parallel-logger: age 29578910m (timeout 120m)
[2026-03-28 17:50:00]     ⚠️  STALE (exceeded timeout)
[2026-03-28 17:50:00]   Task test-opt-parallel-error: age 29578910m (timeout 120m)
[2026-03-28 17:50:00]     ⚠️  STALE (exceeded timeout)
[2026-03-28 17:50:00]   Task audit-all-work: age 29578910m (timeout 120m)
[2026-03-28 17:50:00]     ⚠️  STALE (exceeded timeout)
[2026-03-28 17:50:00]   Task workqueue-automation: age 29578910m (timeout 120m)
[2026-03-28 17:50:00]     ⚠️  STALE (exceeded timeout)
[2026-03-28 17:50:00]   Task test-opt-analytics-opus: age 29578910m (timeout 120m)
[2026-03-28 17:50:00]     ⚠️  STALE (exceeded timeout)
[2026-03-28 17:50:00]   Task fix-trade-builder-403: age 29578910m (timeout 120m)
[2026-03-28 17:50:00]     ⚠️  STALE (exceeded timeout)
[2026-03-28 17:50:00]   Task fix-all-trade-issues: age 29578910m (timeout 120m)
[2026-03-28 17:50:00]     ⚠️  STALE (exceeded timeout)
[2026-03-28 17:50:00] Archiving 9 stale + 0 completed tasks...
[2026-03-28 18:00:00] Checking 9 active tasks...
[2026-03-28 18:00:00]   Task dogfood-qa-week4: age 29578920m (timeout 120m)
[2026-03-28 18:00:00]     ⚠️  STALE (exceeded timeout)
[2026-03-28 18:00:00]   Task fix-dogfood-week4: age 29578920m (timeout 120m)
[2026-03-28 18:00:00]     ⚠️  STALE (exceeded timeout)
[2026-03-28 18:00:00]   Task test-opt-parallel-logger: age 29578920m (timeout 120m)
[2026-03-28 18:00:00]     ⚠️  STALE (exceeded timeout)
[2026-03-28 18:00:00]   Task test-opt-parallel-error: age 29578920m (timeout 120m)
[2026-03-28 18:00:00]     ⚠️  STALE (exceeded timeout)
[2026-03-28 18:00:00]   Task audit-all-work: age 29578920m (timeout 120m)
[2026-03-28 18:00:00]     ⚠️  STALE (exceeded timeout)
[2026-03-28 18:00:00]   Task workqueue-automation: age 29578920m (timeout 120m)
[2026-03-28 18:00:00]     ⚠️  STALE (exceeded timeout)
[2026-03-28 18:00:00]   Task test-opt-analytics-opus: age 29578920m (timeout 120m)
[2026-03-28 18:00:00]     ⚠️  STALE (exceeded timeout)
[2026-03-28 18:00:00]   Task fix-trade-builder-403: age 29578920m (timeout 120m)
[2026-03-28 18:00:00]     ⚠️  STALE (exceeded timeout)
[2026-03-28 18:00:00]   Task fix-all-trade-issues: age 29578920m (timeout 120m)
[2026-03-28 18:00:00]     ⚠️  STALE (exceeded timeout)
[2026-03-28 18:00:00] Archiving 9 stale + 0 completed tasks...
[2026-03-28 18:10:00] Checking 9 active tasks...
[2026-03-28 18:10:00]   Task dogfood-qa-week4: age 29578930m (timeout 120m)
[2026-03-28 18:10:00]     ⚠️  STALE (exceeded timeout)
[2026-03-28 18:10:00]   Task fix-dogfood-week4: age 29578930m (timeout 120m)
[2026-03-28 18:10:00]     ⚠️  STALE (exceeded timeout)
[2026-03-28 18:10:00]   Task test-opt-parallel-logger: age 29578930m (timeout 120m)
[2026-03-28 18:10:00]     ⚠️  STALE (exceeded timeout)
[2026-03-28 18:10:00]   Task test-opt-parallel-error: age 29578930m (timeout 120m)
[2026-03-28 18:10:00]     ⚠️  STALE (exceeded timeout)
[2026-03-28 18:10:00]   Task audit-all-work: age 29578930m (timeout 120m)
[2026-03-28 18:10:00]     ⚠️  STALE (exceeded timeout)
[2026-03-28 18:10:00]   Task workqueue-automation: age 29578930m (timeout 120m)
[2026-03-28 18:10:00]     ⚠️  STALE (exceeded timeout)
[2026-03-28 18:10:00]   Task test-opt-analytics-opus: age 29578930m (timeout 120m)
[2026-03-28 18:10:00]     ⚠️  STALE (exceeded timeout)
[2026-03-28 18:10:00]   Task fix-trade-builder-403: age 29578930m (timeout 120m)
[2026-03-28 18:10:00]     ⚠️  STALE (exceeded timeout)
[2026-03-28 18:10:00]   Task fix-all-trade-issues: age 29578930m (timeout 120m)
[2026-03-28 18:10:00]     ⚠️  STALE (exceeded timeout)
[2026-03-28 18:10:00] Archiving 9 stale + 0 completed tasks...
[2026-03-28 18:20:00] Checking 9 active tasks...
[2026-03-28 18:20:00]   Task dogfood-qa-week4: age 29578940m (timeout 120m)
[2026-03-28 18:20:00]     ⚠️  STALE (exceeded timeout)
[2026-03-28 18:20:00]   Task fix-dogfood-week4: age 29578940m (timeout 120m)
[2026-03-28 18:20:00]     ⚠️  STALE (exceeded timeout)
[2026-03-28 18:20:00]   Task test-opt-parallel-logger: age 29578940m (timeout 120m)
[2026-03-28 18:20:00]     ⚠️  STALE (exceeded timeout)
[2026-03-28 18:20:00]   Task test-opt-parallel-error: age 29578940m (timeout 120m)
[2026-03-28 18:20:00]     ⚠️  STALE (exceeded timeout)
[2026-03-28 18:20:00]   Task audit-all-work: age 29578940m (timeout 120m)
[2026-03-28 18:20:00]     ⚠️  STALE (exceeded timeout)
[2026-03-28 18:20:00]   Task workqueue-automation: age 29578940m (timeout 120m)
[2026-03-28 18:20:00]     ⚠️  STALE (exceeded timeout)
